{"0": {"precision": 0.7580037664783428, "recall": 0.7777777777777778, "f1-score": 0.7677634716261326, "support": 1035.0}, "1": {"precision": 0.7667342799188641, "recall": 0.7462981243830207, "f1-score": 0.7563781890945472, "support": 1013.0}, "accuracy": 0.76220703125, "macro avg": {"precision": 0.7623690231986034, "recall": 0.7620379510803992, "f1-score": 0.7620708303603398, "support": 2048.0}, "weighted avg": {"precision": 0.7623221307924288, "recall": 0.76220703125, "f1-score": 0.7621319817801873, "support": 2048.0}}