{"0": {"precision": 0.722502522704339, "recall": 0.7481713688610241, "f1-score": 0.7351129363449692, "support": 957.0}, "1": {"precision": 0.771996215704825, "recall": 0.7479376718606783, "f1-score": 0.7597765363128491, "support": 1091.0}, "accuracy": 0.748046875, "macro avg": {"precision": 0.7472493692045821, "recall": 0.7480545203608512, "f1-score": 0.7474447363289092, "support": 2048.0}, "weighted avg": {"precision": 0.7488685476377034, "recall": 0.748046875, "f1-score": 0.7482516021481709, "support": 2048.0}}