{"0": {"precision": 0.7673267326732673, "recall": 0.7734530938123753, "f1-score": 0.7703777335984096, "support": 1002.0}, "1": {"precision": 0.7813102119460501, "recall": 0.7753346080305927, "f1-score": 0.7783109404990403, "support": 1046.0}, "accuracy": 0.7744140625, "macro avg": {"precision": 0.7743184723096588, "recall": 0.774393850921484, "f1-score": 0.7743443370487249, "support": 2048.0}, "weighted avg": {"precision": 0.7744686854659093, "recall": 0.7744140625, "f1-score": 0.7744295570447278, "support": 2048.0}}