{"0": {"precision": 0.0, "recall": 0.0, "f1-score": 0.0, "support": 3}, "1": {"precision": 0.25, "recall": 0.14285714285714285, "f1-score": 0.18181818181818182, "support": 7}, "2": {"precision": 0.14285714285714285, "recall": 0.0625, "f1-score": 0.08695652173913043, "support": 16}, "3": {"precision": 0.35714285714285715, "recall": 0.625, "f1-score": 0.45454545454545453, "support": 16}, "4": {"precision": 0.5185185185185185, "recall": 0.35, "f1-score": 0.417910447761194, "support": 40}, "5": {"precision": 0.48484848484848486, "recall": 0.32, "f1-score": 0.38554216867469876, "support": 50}, "6": {"precision": 0.5373134328358209, "recall": 0.5217391304347826, "f1-score": 0.5294117647058824, "support": 69}, "7": {"precision": 0.5192307692307693, "recall": 0.5934065934065934, "f1-score": 0.5538461538461539, "support": 91}, "8": {"precision": 0.5677966101694916, "recall": 0.5982142857142857, "f1-score": 0.5826086956521739, "support": 112}, "9": {"precision": 0.6878612716763006, "recall": 0.7, "f1-score": 0.6938775510204082, "support": 170}, "10": {"precision": 0.6687116564417178, "recall": 0.6526946107784432, "f1-score": 0.6606060606060606, "support": 167}, "11": {"precision": 0.6319018404907976, "recall": 0.6602564102564102, "f1-score": 0.6457680250783698, "support": 156}, "12": {"precision": 0.7035175879396985, "recall": 0.7216494845360825, "f1-score": 0.712468193384224, "support": 194}, "13": {"precision": 0.6794258373205742, "recall": 0.7244897959183674, "f1-score": 0.7012345679012346, "support": 196}, "14": {"precision": 0.7253886010362695, "recall": 0.7142857142857143, "f1-score": 0.7197943444730078, "support": 196}, "15": {"precision": 0.7208121827411168, "recall": 0.7717391304347826, "f1-score": 0.7454068241469817, "support": 184}, "16": {"precision": 0.7247191011235955, "recall": 0.6861702127659575, "f1-score": 0.7049180327868853, "support": 188}, "17": {"precision": 0.6285714285714286, "recall": 0.6626506024096386, "f1-score": 0.6451612903225806, "support": 166}, "18": {"precision": 0.6339869281045751, "recall": 0.6643835616438356, "f1-score": 0.6488294314381271, "support": 146}, "19": {"precision": 0.5462184873949579, "recall": 0.5909090909090909, "f1-score": 0.5676855895196506, "support": 110}, "20": {"precision": 0.47619047619047616, "recall": 0.47619047619047616, "f1-score": 0.47619047619047616, "support": 84}, "21": {"precision": 0.46296296296296297, "recall": 0.38461538461538464, "f1-score": 0.4201680672268908, "support": 65}, "22": {"precision": 0.4827586206896552, "recall": 0.5833333333333334, "f1-score": 0.5283018867924529, "support": 48}, "23": {"precision": 0.25925925925925924, "recall": 0.19444444444444445, "f1-score": 0.2222222222222222, "support": 36}, "24": {"precision": 0.47368421052631576, "recall": 0.34615384615384615, "f1-score": 0.39999999999999997, "support": 26}, "25": {"precision": 0.4, "recall": 0.13333333333333333, "f1-score": 0.2, "support": 15}, "26": {"precision": 0.0, "recall": 0.0, "f1-score": 0.0, "support": 5}, "27": {"precision": 0.6666666666666666, "recall": 0.5, "f1-score": 0.5714285714285715, "support": 4}, "accuracy": 0.628125, "macro avg": {"precision": 0.49822660481212333, "recall": 0.4778934494436409, "f1-score": 0.4805964472600362, "support": 2560}, "weighted avg": {"precision": 0.6215278964249676, "recall": 0.628125, "f1-score": 0.6227259515715493, "support": 2560}}