{"0": {"precision": 0.2, "recall": 0.14285714285714285, "f1-score": 0.16666666666666666, "support": 7}, "1": {"precision": 0.0, "recall": 0.0, "f1-score": 0.0, "support": 6}, "2": {"precision": 0.04, "recall": 0.06666666666666667, "f1-score": 0.05, "support": 15}, "3": {"precision": 0.03333333333333333, "recall": 0.08333333333333333, "f1-score": 0.04761904761904761, "support": 24}, "4": {"precision": 0.11428571428571428, "recall": 0.12121212121212122, "f1-score": 0.11764705882352942, "support": 33}, "5": {"precision": 0.08571428571428572, "recall": 0.11320754716981132, "f1-score": 0.0975609756097561, "support": 53}, "6": {"precision": 0.037037037037037035, "recall": 0.02631578947368421, "f1-score": 0.03076923076923077, "support": 76}, "7": {"precision": 0.11392405063291139, "recall": 0.09183673469387756, "f1-score": 0.1016949152542373, "support": 98}, "8": {"precision": 0.08759124087591241, "recall": 0.10256410256410256, "f1-score": 0.09448818897637797, "support": 117}, "9": {"precision": 0.0963855421686747, "recall": 0.058823529411764705, "f1-score": 0.07305936073059362, "support": 136}, "10": {"precision": 0.11042944785276074, "recall": 0.10465116279069768, "f1-score": 0.10746268656716419, "support": 172}, "11": {"precision": 0.14606741573033707, "recall": 0.06989247311827956, "f1-score": 0.09454545454545454, "support": 186}, "12": {"precision": 0.1, "recall": 0.06220095693779904, "f1-score": 0.07669616519174041, "support": 209}, "13": {"precision": 0.1324200913242009, "recall": 0.16292134831460675, "f1-score": 0.14609571788413098, "support": 178}, "14": {"precision": 0.10552763819095477, "recall": 0.1111111111111111, "f1-score": 0.10824742268041236, "support": 189}, "15": {"precision": 0.10909090909090909, "recall": 0.12371134020618557, "f1-score": 0.11594202898550726, "support": 194}, "16": {"precision": 0.08673469387755102, "recall": 0.09826589595375723, "f1-score": 0.0921409214092141, "support": 173}, "17": {"precision": 0.1059322033898305, "recall": 0.15723270440251572, "f1-score": 0.12658227848101264, "support": 159}, "18": {"precision": 0.0728476821192053, "recall": 0.08527131782945736, "f1-score": 0.07857142857142857, "support": 129}, "19": {"precision": 0.05223880597014925, "recall": 0.0660377358490566, "f1-score": 0.058333333333333334, "support": 106}, "20": {"precision": 0.11864406779661017, "recall": 0.09333333333333334, "f1-score": 0.10447761194029852, "support": 75}, "21": {"precision": 0.11363636363636363, "recall": 0.078125, "f1-score": 0.09259259259259257, "support": 64}, "22": {"precision": 0.04878048780487805, "recall": 0.07272727272727272, "f1-score": 0.058394160583941604, "support": 55}, "23": {"precision": 0.05, "recall": 0.0425531914893617, "f1-score": 0.04597701149425288, "support": 47}, "24": {"precision": 0.043478260869565216, "recall": 0.03225806451612903, "f1-score": 0.037037037037037035, "support": 31}, "25": {"precision": 0.0, "recall": 0.0, "f1-score": 0.0, "support": 14}, "26": {"precision": 0.16666666666666666, "recall": 0.1111111111111111, "f1-score": 0.13333333333333333, "support": 9}, "27": {"precision": 0.0, "recall": 0.0, "f1-score": 0.0, "support": 5}, "accuracy": 0.094921875, "macro avg": {"precision": 0.08467021208456611, "recall": 0.08136503525261353, "f1-score": 0.08056909389572478, "support": 2560}, "weighted avg": {"precision": 0.09805725745398829, "recall": 0.094921875, "f1-score": 0.09387966990527308, "support": 2560}}