{"0": {"precision": 0.0, "recall": 0.0, "f1-score": 0.0, "support": 1}, "1": {"precision": 0.6, "recall": 0.2727272727272727, "f1-score": 0.37499999999999994, "support": 11}, "2": {"precision": 0.2, "recall": 0.07142857142857142, "f1-score": 0.10526315789473682, "support": 14}, "3": {"precision": 0.391304347826087, "recall": 0.3, "f1-score": 0.33962264150943394, "support": 30}, "4": {"precision": 0.3902439024390244, "recall": 0.45714285714285713, "f1-score": 0.42105263157894735, "support": 35}, "5": {"precision": 0.36363636363636365, "recall": 0.2909090909090909, "f1-score": 0.3232323232323232, "support": 55}, "6": {"precision": 0.4909090909090909, "recall": 0.36486486486486486, "f1-score": 0.4186046511627907, "support": 74}, "7": {"precision": 0.38271604938271603, "recall": 0.4246575342465753, "f1-score": 0.4025974025974026, "support": 73}, "8": {"precision": 0.4672897196261682, "recall": 0.45045045045045046, "f1-score": 0.45871559633027525, "support": 111}, "9": {"precision": 0.4397590361445783, "recall": 0.5488721804511278, "f1-score": 0.4882943143812709, "support": 133}, "10": {"precision": 0.5798816568047337, "recall": 0.5536723163841808, "f1-score": 0.5664739884393064, "support": 177}, "11": {"precision": 0.5764705882352941, "recall": 0.6363636363636364, "f1-score": 0.6049382716049382, "support": 154}, "12": {"precision": 0.6521739130434783, "recall": 0.6617647058823529, "f1-score": 0.656934306569343, "support": 204}, "13": {"precision": 0.6482412060301508, "recall": 0.6615384615384615, "f1-score": 0.6548223350253808, "support": 195}, "14": {"precision": 0.6467391304347826, "recall": 0.6263157894736842, "f1-score": 0.6363636363636364, "support": 190}, "15": {"precision": 0.5541666666666667, "recall": 0.6855670103092784, "f1-score": 0.6129032258064516, "support": 194}, "16": {"precision": 0.5771428571428572, "recall": 0.554945054945055, "f1-score": 0.565826330532213, "support": 182}, "17": {"precision": 0.5886075949367089, "recall": 0.5670731707317073, "f1-score": 0.5776397515527951, "support": 164}, "18": {"precision": 0.436241610738255, "recall": 0.5038759689922481, "f1-score": 0.4676258992805755, "support": 129}, "19": {"precision": 0.3798449612403101, "recall": 0.47115384615384615, "f1-score": 0.4206008583690987, "support": 104}, "20": {"precision": 0.4358974358974359, "recall": 0.3695652173913043, "f1-score": 0.39999999999999997, "support": 92}, "21": {"precision": 0.3064516129032258, "recall": 0.27941176470588236, "f1-score": 0.29230769230769227, "support": 68}, "22": {"precision": 0.30434782608695654, "recall": 0.25925925925925924, "f1-score": 0.27999999999999997, "support": 54}, "23": {"precision": 0.35135135135135137, "recall": 0.24074074074074073, "f1-score": 0.2857142857142857, "support": 54}, "24": {"precision": 0.2727272727272727, "recall": 0.1111111111111111, "f1-score": 0.15789473684210525, "support": 27}, "25": {"precision": 0.2, "recall": 0.15, "f1-score": 0.17142857142857143, "support": 20}, "26": {"precision": 0.5, "recall": 0.1, "f1-score": 0.16666666666666669, "support": 10}, "27": {"precision": 0.5, "recall": 0.2, "f1-score": 0.28571428571428575, "support": 5}, "accuracy": 0.52109375, "macro avg": {"precision": 0.43700514979298244, "recall": 0.38619324557869855, "f1-score": 0.39772277003230444, "support": 2560}, "weighted avg": {"precision": 0.5168900322197628, "recall": 0.52109375, "f1-score": 0.5153377253513963, "support": 2560}}