{"0": {"precision": 0.0, "recall": 0.0, "f1-score": 0.0, "support": 2}, "1": {"precision": 0.3333333333333333, "recall": 0.5, "f1-score": 0.4, "support": 8}, "2": {"precision": 0.5, "recall": 0.3333333333333333, "f1-score": 0.4, "support": 15}, "3": {"precision": 0.5, "recall": 0.3333333333333333, "f1-score": 0.4, "support": 21}, "4": {"precision": 0.21739130434782608, "recall": 0.16129032258064516, "f1-score": 0.18518518518518517, "support": 31}, "5": {"precision": 0.4444444444444444, "recall": 0.16666666666666666, "f1-score": 0.24242424242424243, "support": 48}, "6": {"precision": 0.11627906976744186, "recall": 0.08771929824561403, "f1-score": 0.1, "support": 57}, "7": {"precision": 0.33070866141732286, "recall": 0.45161290322580644, "f1-score": 0.3818181818181818, "support": 93}, "8": {"precision": 0.2696629213483146, "recall": 0.1935483870967742, "f1-score": 0.22535211267605634, "support": 124}, "9": {"precision": 0.24305555555555555, "recall": 0.24822695035460993, "f1-score": 0.24561403508771928, "support": 141}, "10": {"precision": 0.2129032258064516, "recall": 0.19642857142857142, "f1-score": 0.2043343653250774, "support": 168}, "11": {"precision": 0.35668789808917195, "recall": 0.29473684210526313, "f1-score": 0.32276657060518726, "support": 190}, "12": {"precision": 0.28294573643410853, "recall": 0.40331491712707185, "f1-score": 0.3325740318906606, "support": 181}, "13": {"precision": 0.2709677419354839, "recall": 0.2413793103448276, "f1-score": 0.2553191489361702, "support": 174}, "14": {"precision": 0.4125, "recall": 0.4583333333333333, "f1-score": 0.43421052631578944, "support": 216}, "15": {"precision": 0.29133858267716534, "recall": 0.3557692307692308, "f1-score": 0.3203463203463203, "support": 208}, "16": {"precision": 0.3904761904761905, "recall": 0.47953216374269003, "f1-score": 0.4304461942257217, "support": 171}, "17": {"precision": 0.26436781609195403, "recall": 0.31724137931034485, "f1-score": 0.28840125391849536, "support": 145}, "18": {"precision": 0.21875, "recall": 0.2916666666666667, "f1-score": 0.25, "support": 120}, "19": {"precision": 0.256, "recall": 0.23529411764705882, "f1-score": 0.24521072796934867, "support": 136}, "20": {"precision": 0.3728813559322034, "recall": 0.2037037037037037, "f1-score": 0.2634730538922156, "support": 108}, "21": {"precision": 0.20754716981132076, "recall": 0.15492957746478872, "f1-score": 0.1774193548387097, "support": 71}, "22": {"precision": 0.16279069767441862, "recall": 0.1346153846153846, "f1-score": 0.14736842105263157, "support": 52}, "23": {"precision": 0.15789473684210525, "recall": 0.10714285714285714, "f1-score": 0.1276595744680851, "support": 28}, "24": {"precision": 0.1, "recall": 0.047619047619047616, "f1-score": 0.06451612903225806, "support": 21}, "25": {"precision": 0.2857142857142857, "recall": 0.1, "f1-score": 0.14814814814814817, "support": 20}, "26": {"precision": 1.0, "recall": 0.09090909090909091, "f1-score": 0.16666666666666669, "support": 11}, "accuracy": 0.29453125, "macro avg": {"precision": 0.3036533602851517, "recall": 0.24401286625061902, "f1-score": 0.2503427498082545, "support": 2560}, "weighted avg": {"precision": 0.2962143217544785, "recall": 0.29453125, "f1-score": 0.2877624855596398, "support": 2560}}