{"0": {"precision": 0.0, "recall": 0.0, "f1-score": 0.0, "support": 2}, "1": {"precision": 0.16666666666666666, "recall": 0.1111111111111111, "f1-score": 0.13333333333333333, "support": 9}, "2": {"precision": 0.5909090909090909, "recall": 0.65, "f1-score": 0.6190476190476191, "support": 20}, "3": {"precision": 0.5483870967741935, "recall": 0.5862068965517241, "f1-score": 0.5666666666666665, "support": 29}, "4": {"precision": 0.7222222222222222, "recall": 0.5416666666666666, "f1-score": 0.619047619047619, "support": 48}, "5": {"precision": 0.6065573770491803, "recall": 0.7872340425531915, "f1-score": 0.6851851851851852, "support": 47}, "6": {"precision": 0.8767123287671232, "recall": 0.7441860465116279, "f1-score": 0.8050314465408805, "support": 86}, "7": {"precision": 0.7473684210526316, "recall": 0.7634408602150538, "f1-score": 0.7553191489361704, "support": 93}, "8": {"precision": 0.7575757575757576, "recall": 0.7009345794392523, "f1-score": 0.7281553398058253, "support": 107}, "9": {"precision": 0.7655172413793103, "recall": 0.8409090909090909, "f1-score": 0.8014440433212997, "support": 132}, "10": {"precision": 0.7542857142857143, "recall": 0.7719298245614035, "f1-score": 0.7630057803468209, "support": 171}, "11": {"precision": 0.7681159420289855, "recall": 0.7210884353741497, "f1-score": 0.743859649122807, "support": 147}, "12": {"precision": 0.7819148936170213, "recall": 0.7577319587628866, "f1-score": 0.7696335078534031, "support": 194}, "13": {"precision": 0.6858407079646017, "recall": 0.8201058201058201, "f1-score": 0.746987951807229, "support": 189}, "14": {"precision": 0.7741935483870968, "recall": 0.7422680412371134, "f1-score": 0.7578947368421053, "support": 194}, "15": {"precision": 0.815028901734104, "recall": 0.7193877551020408, "f1-score": 0.7642276422764227, "support": 196}, "16": {"precision": 0.7928994082840237, "recall": 0.8121212121212121, "f1-score": 0.8023952095808383, "support": 165}, "17": {"precision": 0.7251461988304093, "recall": 0.8211920529801324, "f1-score": 0.7701863354037266, "support": 151}, "18": {"precision": 0.8109756097560976, "recall": 0.8109756097560976, "f1-score": 0.8109756097560975, "support": 164}, "19": {"precision": 0.7627118644067796, "recall": 0.7377049180327869, "f1-score": 0.7500000000000001, "support": 122}, "20": {"precision": 0.8055555555555556, "recall": 0.7341772151898734, "f1-score": 0.7682119205298013, "support": 79}, "21": {"precision": 0.8108108108108109, "recall": 0.8333333333333334, "f1-score": 0.8219178082191781, "support": 72}, "22": {"precision": 0.7307692307692307, "recall": 0.8260869565217391, "f1-score": 0.7755102040816326, "support": 46}, "23": {"precision": 0.825, "recall": 0.7333333333333333, "f1-score": 0.776470588235294, "support": 45}, "24": {"precision": 0.8181818181818182, "recall": 0.6923076923076923, "f1-score": 0.7500000000000001, "support": 26}, "25": {"precision": 0.6875, "recall": 0.7333333333333333, "f1-score": 0.7096774193548386, "support": 15}, "26": {"precision": 0.6, "recall": 0.3333333333333333, "f1-score": 0.42857142857142855, "support": 9}, "27": {"precision": 0.5, "recall": 0.5, "f1-score": 0.5, "support": 2}, "accuracy": 0.758984375, "macro avg": {"precision": 0.6868159431074438, "recall": 0.6723607185480001, "f1-score": 0.675812721209508, "support": 2560}, "weighted avg": {"precision": 0.7615927258927839, "recall": 0.758984375, "f1-score": 0.7581723409057686, "support": 2560}}