{"0": {"precision": 0.0, "recall": 0.0, "f1-score": 0.0, "support": 1}, "1": {"precision": 0.75, "recall": 0.375, "f1-score": 0.5, "support": 8}, "2": {"precision": 0.5294117647058824, "recall": 0.75, "f1-score": 0.6206896551724139, "support": 12}, "3": {"precision": 0.7272727272727273, "recall": 0.5714285714285714, "f1-score": 0.64, "support": 28}, "4": {"precision": 0.5862068965517241, "recall": 0.7727272727272727, "f1-score": 0.6666666666666667, "support": 22}, "5": {"precision": 0.8837209302325582, "recall": 0.6031746031746031, "f1-score": 0.7169811320754716, "support": 63}, "6": {"precision": 0.6666666666666666, "recall": 0.7733333333333333, "f1-score": 0.7160493827160493, "support": 75}, "7": {"precision": 0.7692307692307693, "recall": 0.7777777777777778, "f1-score": 0.7734806629834255, "support": 90}, "8": {"precision": 0.8434782608695652, "recall": 0.7637795275590551, "f1-score": 0.8016528925619835, "support": 127}, "9": {"precision": 0.734375, "recall": 0.7580645161290323, "f1-score": 0.7460317460317459, "support": 124}, "10": {"precision": 0.7468354430379747, "recall": 0.7712418300653595, "f1-score": 0.7588424437299036, "support": 153}, "11": {"precision": 0.8284023668639053, "recall": 0.7821229050279329, "f1-score": 0.8045977011494252, "support": 179}, "12": {"precision": 0.8300970873786407, "recall": 0.8300970873786407, "f1-score": 0.8300970873786409, "support": 206}, "13": {"precision": 0.7357512953367875, "recall": 0.8255813953488372, "f1-score": 0.7780821917808218, "support": 172}, "14": {"precision": 0.8701923076923077, "recall": 0.861904761904762, "f1-score": 0.8660287081339713, "support": 210}, "15": {"precision": 0.8224852071005917, "recall": 0.852760736196319, "f1-score": 0.8373493975903614, "support": 163}, "16": {"precision": 0.851063829787234, "recall": 0.8080808080808081, "f1-score": 0.8290155440414508, "support": 198}, "17": {"precision": 0.7707006369426752, "recall": 0.8287671232876712, "f1-score": 0.7986798679867987, "support": 146}, "18": {"precision": 0.8507462686567164, "recall": 0.7702702702702703, "f1-score": 0.8085106382978724, "support": 148}, "19": {"precision": 0.7520661157024794, "recall": 0.7583333333333333, "f1-score": 0.7551867219917012, "support": 120}, "20": {"precision": 0.7524752475247525, "recall": 0.8, "f1-score": 0.7755102040816327, "support": 95}, "21": {"precision": 0.7105263157894737, "recall": 0.7605633802816901, "f1-score": 0.7346938775510203, "support": 71}, "22": {"precision": 0.6545454545454545, "recall": 0.6545454545454545, "f1-score": 0.6545454545454545, "support": 55}, "23": {"precision": 0.6341463414634146, "recall": 0.5531914893617021, "f1-score": 0.5909090909090909, "support": 47}, "24": {"precision": 0.3870967741935484, "recall": 0.5217391304347826, "f1-score": 0.4444444444444444, "support": 23}, "25": {"precision": 0.6153846153846154, "recall": 0.4444444444444444, "f1-score": 0.5161290322580646, "support": 18}, "26": {"precision": 0.0, "recall": 0.0, "f1-score": 0.0, "support": 3}, "27": {"precision": 0.0, "recall": 0.0, "f1-score": 0.0, "support": 3}, "accuracy": 0.777734375, "macro avg": {"precision": 0.6536742258189452, "recall": 0.6417474911461305, "f1-score": 0.6415776622885146, "support": 2560}, "weighted avg": {"precision": 0.7814515451794186, "recall": 0.777734375, "f1-score": 0.7774632411351322, "support": 2560}}