{"0": {"precision": 0.0, "recall": 0.0, "f1-score": 0.0, "support": 5}, "1": {"precision": 0.3333333333333333, "recall": 0.2857142857142857, "f1-score": 0.30769230769230765, "support": 7}, "2": {"precision": 0.16666666666666666, "recall": 0.1111111111111111, "f1-score": 0.13333333333333333, "support": 9}, "3": {"precision": 0.5, "recall": 0.4090909090909091, "f1-score": 0.45, "support": 22}, "4": {"precision": 0.5813953488372093, "recall": 0.6410256410256411, "f1-score": 0.6097560975609757, "support": 39}, "5": {"precision": 0.6222222222222222, "recall": 0.49122807017543857, "f1-score": 0.5490196078431373, "support": 57}, "6": {"precision": 0.6421052631578947, "recall": 0.7093023255813954, "f1-score": 0.6740331491712707, "support": 86}, "7": {"precision": 0.6724137931034483, "recall": 0.7358490566037735, "f1-score": 0.7027027027027026, "support": 106}, "8": {"precision": 0.7321428571428571, "recall": 0.7192982456140351, "f1-score": 0.7256637168141592, "support": 114}, "9": {"precision": 0.7866666666666666, "recall": 0.8251748251748252, "f1-score": 0.8054607508532423, "support": 143}, "10": {"precision": 0.7682119205298014, "recall": 0.7945205479452054, "f1-score": 0.7811447811447811, "support": 146}, "11": {"precision": 0.8083832335329342, "recall": 0.7458563535911602, "f1-score": 0.7758620689655172, "support": 181}, "12": {"precision": 0.8020304568527918, "recall": 0.8186528497409327, "f1-score": 0.8102564102564102, "support": 193}, "13": {"precision": 0.821256038647343, "recall": 0.8133971291866029, "f1-score": 0.8173076923076922, "support": 209}, "14": {"precision": 0.7889447236180904, "recall": 0.839572192513369, "f1-score": 0.8134715025906736, "support": 187}, "15": {"precision": 0.8614457831325302, "recall": 0.7857142857142857, "f1-score": 0.8218390804597703, "support": 182}, "16": {"precision": 0.8011049723756906, "recall": 0.8430232558139535, "f1-score": 0.8215297450424929, "support": 172}, "17": {"precision": 0.7584269662921348, "recall": 0.823170731707317, "f1-score": 0.7894736842105262, "support": 164}, "18": {"precision": 0.7793103448275862, "recall": 0.738562091503268, "f1-score": 0.7583892617449666, "support": 153}, "19": {"precision": 0.6788990825688074, "recall": 0.74, "f1-score": 0.7081339712918661, "support": 100}, "20": {"precision": 0.6710526315789473, "recall": 0.6538461538461539, "f1-score": 0.6623376623376623, "support": 78}, "21": {"precision": 0.6626506024096386, "recall": 0.6790123456790124, "f1-score": 0.6707317073170732, "support": 81}, "22": {"precision": 0.4482758620689655, "recall": 0.29545454545454547, "f1-score": 0.35616438356164387, "support": 44}, "23": {"precision": 0.4186046511627907, "recall": 0.6206896551724138, "f1-score": 0.5, "support": 29}, "24": {"precision": 0.5517241379310345, "recall": 0.5925925925925926, "f1-score": 0.5714285714285714, "support": 27}, "25": {"precision": 0.6666666666666666, "recall": 0.2222222222222222, "f1-score": 0.3333333333333333, "support": 18}, "26": {"precision": 1.0, "recall": 0.16666666666666666, "f1-score": 0.2857142857142857, "support": 6}, "27": {"precision": 1.0, "recall": 1.0, "f1-score": 1.0, "support": 2}, "accuracy": 0.74609375, "macro avg": {"precision": 0.6544262223330733, "recall": 0.6107410031943257, "f1-score": 0.6155278502742284, "support": 2560}, "weighted avg": {"precision": 0.7448159927537015, "recall": 0.74609375, "f1-score": 0.7425729068547828, "support": 2560}}