{"0": {"precision": 0.0, "recall": 0.0, "f1-score": 0.0, "support": 0}, "1": {"precision": 0.3333333333333333, "recall": 0.14285714285714285, "f1-score": 0.2, "support": 7}, "2": {"precision": 0.3333333333333333, "recall": 0.2222222222222222, "f1-score": 0.26666666666666666, "support": 18}, "3": {"precision": 0.39285714285714285, "recall": 0.39285714285714285, "f1-score": 0.39285714285714285, "support": 28}, "4": {"precision": 0.4, "recall": 0.32653061224489793, "f1-score": 0.35955056179775274, "support": 49}, "5": {"precision": 0.45, "recall": 0.3333333333333333, "f1-score": 0.3829787234042553, "support": 54}, "6": {"precision": 0.5205479452054794, "recall": 0.4935064935064935, "f1-score": 0.5066666666666666, "support": 77}, "7": {"precision": 0.4722222222222222, "recall": 0.5543478260869565, "f1-score": 0.5099999999999999, "support": 92}, "8": {"precision": 0.59375, "recall": 0.6333333333333333, "f1-score": 0.6129032258064516, "support": 120}, "9": {"precision": 0.6187050359712231, "recall": 0.6666666666666666, "f1-score": 0.6417910447761194, "support": 129}, "10": {"precision": 0.6, "recall": 0.6118421052631579, "f1-score": 0.6058631921824104, "support": 152}, "11": {"precision": 0.6864864864864865, "recall": 0.6446700507614214, "f1-score": 0.6649214659685863, "support": 197}, "12": {"precision": 0.6761904761904762, "recall": 0.7064676616915423, "f1-score": 0.6909975669099757, "support": 201}, "13": {"precision": 0.6968085106382979, "recall": 0.6894736842105263, "f1-score": 0.6931216931216931, "support": 190}, "14": {"precision": 0.6968085106382979, "recall": 0.7197802197802198, "f1-score": 0.708108108108108, "support": 182}, "15": {"precision": 0.7172774869109948, "recall": 0.7098445595854922, "f1-score": 0.7135416666666666, "support": 193}, "16": {"precision": 0.6666666666666666, "recall": 0.7441860465116279, "f1-score": 0.7032967032967034, "support": 172}, "17": {"precision": 0.5971223021582733, "recall": 0.6148148148148148, "f1-score": 0.6058394160583942, "support": 135}, "18": {"precision": 0.6445783132530121, "recall": 0.6993464052287581, "f1-score": 0.670846394984326, "support": 153}, "19": {"precision": 0.5714285714285714, "recall": 0.5454545454545454, "f1-score": 0.5581395348837208, "support": 110}, "20": {"precision": 0.4943820224719101, "recall": 0.5, "f1-score": 0.4971751412429378, "support": 88}, "21": {"precision": 0.4444444444444444, "recall": 0.47761194029850745, "f1-score": 0.4604316546762589, "support": 67}, "22": {"precision": 0.46938775510204084, "recall": 0.42592592592592593, "f1-score": 0.4466019417475729, "support": 54}, "23": {"precision": 0.5227272727272727, "recall": 0.5, "f1-score": 0.5111111111111111, "support": 46}, "24": {"precision": 0.8333333333333334, "recall": 0.18518518518518517, "f1-score": 0.303030303030303, "support": 27}, "25": {"precision": 0.5714285714285714, "recall": 0.3333333333333333, "f1-score": 0.4210526315789474, "support": 12}, "26": {"precision": 0.0, "recall": 0.0, "f1-score": 0.0, "support": 5}, "27": {"precision": 1.0, "recall": 0.5, "f1-score": 0.6666666666666666, "support": 2}, "accuracy": 0.6140625, "macro avg": {"precision": 0.5358507048857638, "recall": 0.4776282589697588, "f1-score": 0.49264854372176553, "support": 2560}, "weighted avg": {"precision": 0.612738710101008, "recall": 0.6140625, "f1-score": 0.6100043404480655, "support": 2560}}