{"0": {"precision": 0.0, "recall": 0.0, "f1-score": 0.0, "support": 7}, "1": {"precision": 0.3333333333333333, "recall": 0.3333333333333333, "f1-score": 0.3333333333333333, "support": 9}, "2": {"precision": 0.47619047619047616, "recall": 0.5555555555555556, "f1-score": 0.5128205128205129, "support": 18}, "3": {"precision": 0.5714285714285714, "recall": 0.42857142857142855, "f1-score": 0.48979591836734687, "support": 28}, "4": {"precision": 0.6956521739130435, "recall": 0.7619047619047619, "f1-score": 0.7272727272727272, "support": 42}, "5": {"precision": 0.803921568627451, "recall": 0.7592592592592593, "f1-score": 0.780952380952381, "support": 54}, "6": {"precision": 0.7534246575342466, "recall": 0.7333333333333333, "f1-score": 0.7432432432432433, "support": 75}, "7": {"precision": 0.7723577235772358, "recall": 0.8558558558558559, "f1-score": 0.811965811965812, "support": 111}, "8": {"precision": 0.8229166666666666, "recall": 0.7117117117117117, "f1-score": 0.7632850241545894, "support": 111}, "9": {"precision": 0.7439024390243902, "recall": 0.8356164383561644, "f1-score": 0.7870967741935484, "support": 146}, "10": {"precision": 0.7651006711409396, "recall": 0.75, "f1-score": 0.7574750830564784, "support": 152}, "11": {"precision": 0.7777777777777778, "recall": 0.7736842105263158, "f1-score": 0.7757255936675462, "support": 190}, "12": {"precision": 0.788659793814433, "recall": 0.7806122448979592, "f1-score": 0.7846153846153847, "support": 196}, "13": {"precision": 0.7659574468085106, "recall": 0.8, "f1-score": 0.7826086956521738, "support": 180}, "14": {"precision": 0.8288770053475936, "recall": 0.7524271844660194, "f1-score": 0.7888040712468193, "support": 206}, "15": {"precision": 0.7052023121387283, "recall": 0.7922077922077922, "f1-score": 0.7461773700305809, "support": 154}, "16": {"precision": 0.8, "recall": 0.7096774193548387, "f1-score": 0.7521367521367521, "support": 186}, "17": {"precision": 0.7384615384615385, "recall": 0.8323699421965318, "f1-score": 0.782608695652174, "support": 173}, "18": {"precision": 0.8296296296296296, "recall": 0.7044025157232704, "f1-score": 0.7619047619047619, "support": 159}, "19": {"precision": 0.6039603960396039, "recall": 0.6703296703296703, "f1-score": 0.6354166666666666, "support": 91}, "20": {"precision": 0.6470588235294118, "recall": 0.6285714285714286, "f1-score": 0.6376811594202899, "support": 70}, "21": {"precision": 0.7160493827160493, "recall": 0.7837837837837838, "f1-score": 0.7483870967741936, "support": 74}, "22": {"precision": 0.6078431372549019, "recall": 0.6595744680851063, "f1-score": 0.6326530612244897, "support": 47}, "23": {"precision": 0.5, "recall": 0.6111111111111112, "f1-score": 0.55, "support": 36}, "24": {"precision": 0.5217391304347826, "recall": 0.42857142857142855, "f1-score": 0.47058823529411764, "support": 28}, "25": {"precision": 0.45454545454545453, "recall": 0.38461538461538464, "f1-score": 0.41666666666666663, "support": 13}, "26": {"precision": 1.0, "recall": 0.5, "f1-score": 0.6666666666666666, "support": 2}, "27": {"precision": 1.0, "recall": 0.5, "f1-score": 0.6666666666666666, "support": 2}, "accuracy": 0.744921875, "macro avg": {"precision": 0.679428218211956, "recall": 0.644181437940073, "f1-score": 0.6538052983444974, "support": 2560}, "weighted avg": {"precision": 0.7465073224888845, "recall": 0.744921875, "f1-score": 0.7436815238306247, "support": 2560}}