{"0": {"precision": 0.5, "recall": 0.5, "f1-score": 0.5, "support": 2}, "1": {"precision": 0.25, "recall": 0.16666666666666666, "f1-score": 0.2, "support": 6}, "2": {"precision": 0.47619047619047616, "recall": 0.5882352941176471, "f1-score": 0.5263157894736842, "support": 17}, "3": {"precision": 0.8, "recall": 0.6956521739130435, "f1-score": 0.7441860465116279, "support": 23}, "4": {"precision": 0.84375, "recall": 0.7297297297297297, "f1-score": 0.7826086956521738, "support": 37}, "5": {"precision": 0.796875, "recall": 0.8095238095238095, "f1-score": 0.8031496062992126, "support": 63}, "6": {"precision": 0.8243243243243243, "recall": 0.9104477611940298, "f1-score": 0.8652482269503546, "support": 67}, "7": {"precision": 0.8936170212765957, "recall": 0.9032258064516129, "f1-score": 0.8983957219251337, "support": 93}, "8": {"precision": 0.8403361344537815, "recall": 0.8130081300813008, "f1-score": 0.8264462809917354, "support": 123}, "9": {"precision": 0.8041958041958042, "recall": 0.7876712328767124, "f1-score": 0.7958477508650519, "support": 146}, "10": {"precision": 0.8051948051948052, "recall": 0.8211920529801324, "f1-score": 0.8131147540983606, "support": 151}, "11": {"precision": 0.8728323699421965, "recall": 0.867816091954023, "f1-score": 0.8703170028818443, "support": 174}, "12": {"precision": 0.8978494623655914, "recall": 0.8743455497382199, "f1-score": 0.8859416445623343, "support": 191}, "13": {"precision": 0.8522727272727273, "recall": 0.9036144578313253, "f1-score": 0.8771929824561404, "support": 166}, "14": {"precision": 0.9333333333333333, "recall": 0.8921568627450981, "f1-score": 0.9122807017543859, "support": 204}, "15": {"precision": 0.8730964467005076, "recall": 0.9347826086956522, "f1-score": 0.9028871391076114, "support": 184}, "16": {"precision": 0.9157894736842105, "recall": 0.883248730964467, "f1-score": 0.8992248062015503, "support": 197}, "17": {"precision": 0.8775510204081632, "recall": 0.8835616438356164, "f1-score": 0.8805460750853241, "support": 146}, "18": {"precision": 0.87248322147651, "recall": 0.9090909090909091, "f1-score": 0.8904109589041096, "support": 143}, "19": {"precision": 0.8738738738738738, "recall": 0.8508771929824561, "f1-score": 0.8622222222222221, "support": 114}, "20": {"precision": 0.9222222222222223, "recall": 0.83, "f1-score": 0.8736842105263158, "support": 100}, "21": {"precision": 0.8125, "recall": 0.9154929577464789, "f1-score": 0.8609271523178808, "support": 71}, "22": {"precision": 0.8571428571428571, "recall": 0.8571428571428571, "f1-score": 0.8571428571428571, "support": 56}, "23": {"precision": 0.7692307692307693, "recall": 0.8108108108108109, "f1-score": 0.7894736842105263, "support": 37}, "24": {"precision": 0.7391304347826086, "recall": 0.6296296296296297, "f1-score": 0.68, "support": 27}, "25": {"precision": 0.7142857142857143, "recall": 0.6666666666666666, "f1-score": 0.689655172413793, "support": 15}, "26": {"precision": 0.5, "recall": 0.5, "f1-score": 0.5, "support": 4}, "27": {"precision": 0.6666666666666666, "recall": 0.6666666666666666, "f1-score": 0.6666666666666666, "support": 3}, "accuracy": 0.858984375, "macro avg": {"precision": 0.7780265771079907, "recall": 0.7714734390726987, "f1-score": 0.7733530767578892, "support": 2560}, "weighted avg": {"precision": 0.8597509522131901, "recall": 0.858984375, "f1-score": 0.8586747192550345, "support": 2560}}