{"1": {"precision": 0.6666666666666666, "recall": 0.5, "f1-score": 0.5714285714285715, "support": 4}, "2": {"precision": 0.6666666666666666, "recall": 0.7, "f1-score": 0.6829268292682926, "support": 20}, "3": {"precision": 0.7105263157894737, "recall": 0.8181818181818182, "f1-score": 0.7605633802816901, "support": 33}, "4": {"precision": 0.7714285714285715, "recall": 0.6923076923076923, "f1-score": 0.7297297297297296, "support": 39}, "5": {"precision": 0.84, "recall": 0.75, "f1-score": 0.7924528301886793, "support": 56}, "6": {"precision": 0.8108108108108109, "recall": 0.9375, "f1-score": 0.8695652173913043, "support": 64}, "7": {"precision": 0.9058823529411765, "recall": 0.8461538461538461, "f1-score": 0.8749999999999999, "support": 91}, "8": {"precision": 0.8782608695652174, "recall": 0.8706896551724138, "f1-score": 0.8744588744588744, "support": 116}, "9": {"precision": 0.8843537414965986, "recall": 0.8843537414965986, "f1-score": 0.8843537414965986, "support": 147}, "10": {"precision": 0.9289940828402367, "recall": 0.8920454545454546, "f1-score": 0.9101449275362319, "support": 176}, "11": {"precision": 0.8895027624309392, "recall": 0.9415204678362573, "f1-score": 0.9147727272727273, "support": 171}, "12": {"precision": 0.9166666666666666, "recall": 0.8904761904761904, "f1-score": 0.9033816425120773, "support": 210}, "13": {"precision": 0.8853503184713376, "recall": 0.9084967320261438, "f1-score": 0.8967741935483872, "support": 153}, "14": {"precision": 0.945054945054945, "recall": 0.9347826086956522, "f1-score": 0.9398907103825138, "support": 184}, "15": {"precision": 0.9109947643979057, "recall": 0.9508196721311475, "f1-score": 0.9304812834224598, "support": 183}, "16": {"precision": 0.9195402298850575, "recall": 0.8888888888888888, "f1-score": 0.903954802259887, "support": 180}, "17": {"precision": 0.896551724137931, "recall": 0.8843537414965986, "f1-score": 0.8904109589041096, "support": 147}, "18": {"precision": 0.8986486486486487, "recall": 0.9366197183098591, "f1-score": 0.9172413793103449, "support": 142}, "19": {"precision": 0.9396551724137931, "recall": 0.872, "f1-score": 0.9045643153526971, "support": 125}, "20": {"precision": 0.8839285714285714, "recall": 0.9428571428571428, "f1-score": 0.9124423963133641, "support": 105}, "21": {"precision": 0.8953488372093024, "recall": 0.9058823529411765, "f1-score": 0.9005847953216374, "support": 85}, "22": {"precision": 0.8723404255319149, "recall": 0.8367346938775511, "f1-score": 0.8541666666666667, "support": 49}, "23": {"precision": 0.78125, "recall": 0.8064516129032258, "f1-score": 0.7936507936507936, "support": 31}, "24": {"precision": 0.8275862068965517, "recall": 0.8, "f1-score": 0.8135593220338982, "support": 30}, "25": {"precision": 0.75, "recall": 0.75, "f1-score": 0.75, "support": 12}, "26": {"precision": 0.0, "recall": 0.0, "f1-score": 0.0, "support": 3}, "27": {"precision": 0.6666666666666666, "recall": 1.0, "f1-score": 0.8, "support": 4}, "accuracy": 0.891015625, "macro avg": {"precision": 0.8126917043720611, "recall": 0.8200413344554689, "f1-score": 0.8139444477307977, "support": 2560}, "weighted avg": {"precision": 0.891288045084891, "recall": 0.891015625, "f1-score": 0.890500640719047, "support": 2560}}