{"0": {"precision": 0.0, "recall": 0.0, "f1-score": 0.0, "support": 4}, "1": {"precision": 0.2, "recall": 0.25, "f1-score": 0.22222222222222224, "support": 4}, "2": {"precision": 0.3157894736842105, "recall": 0.6, "f1-score": 0.41379310344827586, "support": 10}, "3": {"precision": 0.7272727272727273, "recall": 0.6666666666666666, "f1-score": 0.6956521739130435, "support": 36}, "4": {"precision": 0.8787878787878788, "recall": 0.7435897435897436, "f1-score": 0.8055555555555556, "support": 39}, "5": {"precision": 0.8297872340425532, "recall": 0.8666666666666667, "f1-score": 0.8478260869565217, "support": 45}, "6": {"precision": 0.9295774647887324, "recall": 0.868421052631579, "f1-score": 0.8979591836734694, "support": 76}, "7": {"precision": 0.8333333333333334, "recall": 0.9259259259259259, "f1-score": 0.8771929824561403, "support": 81}, "8": {"precision": 0.9274193548387096, "recall": 0.8846153846153846, "f1-score": 0.9055118110236221, "support": 130}, "9": {"precision": 0.891156462585034, "recall": 0.9424460431654677, "f1-score": 0.9160839160839161, "support": 139}, "10": {"precision": 0.9448275862068966, "recall": 0.9194630872483222, "f1-score": 0.9319727891156463, "support": 149}, "11": {"precision": 0.9308176100628931, "recall": 0.896969696969697, "f1-score": 0.9135802469135803, "support": 165}, "12": {"precision": 0.9108910891089109, "recall": 0.9108910891089109, "f1-score": 0.9108910891089109, "support": 202}, "13": {"precision": 0.9019607843137255, "recall": 0.9435897435897436, "f1-score": 0.9223057644110275, "support": 195}, "14": {"precision": 0.8950617283950617, "recall": 0.8430232558139535, "f1-score": 0.8682634730538922, "support": 172}, "15": {"precision": 0.8823529411764706, "recall": 0.9027777777777778, "f1-score": 0.8924485125858124, "support": 216}, "16": {"precision": 0.9162011173184358, "recall": 0.8913043478260869, "f1-score": 0.9035812672176308, "support": 184}, "17": {"precision": 0.8780487804878049, "recall": 0.935064935064935, "f1-score": 0.9056603773584906, "support": 154}, "18": {"precision": 0.891156462585034, "recall": 0.9225352112676056, "f1-score": 0.9065743944636678, "support": 142}, "19": {"precision": 0.940677966101695, "recall": 0.8740157480314961, "f1-score": 0.9061224489795918, "support": 127}, "20": {"precision": 0.9285714285714286, "recall": 0.9381443298969072, "f1-score": 0.9333333333333333, "support": 97}, "21": {"precision": 0.9117647058823529, "recall": 0.9393939393939394, "f1-score": 0.9253731343283583, "support": 66}, "22": {"precision": 0.75, "recall": 0.6774193548387096, "f1-score": 0.7118644067796611, "support": 31}, "23": {"precision": 0.8409090909090909, "recall": 0.7708333333333334, "f1-score": 0.8043478260869567, "support": 48}, "24": {"precision": 0.7142857142857143, "recall": 0.625, "f1-score": 0.6666666666666666, "support": 24}, "25": {"precision": 0.5263157894736842, "recall": 0.7692307692307693, "f1-score": 0.625, "support": 13}, "26": {"precision": 0.7272727272727273, "recall": 0.8, "f1-score": 0.761904761904762, "support": 10}, "27": {"precision": 0.0, "recall": 0.0, "f1-score": 0.0, "support": 1}, "accuracy": 0.887890625, "macro avg": {"precision": 0.7508656946958967, "recall": 0.7609995750947723, "f1-score": 0.7525602688443128, "support": 2560}, "weighted avg": {"precision": 0.8898638677210137, "recall": 0.887890625, "f1-score": 0.8879389222381413, "support": 2560}}