{"0": {"precision": 0.0, "recall": 0.0, "f1-score": 0.0, "support": 2}, "1": {"precision": 0.4, "recall": 0.4, "f1-score": 0.4000000000000001, "support": 5}, "2": {"precision": 0.6153846153846154, "recall": 0.6666666666666666, "f1-score": 0.64, "support": 12}, "3": {"precision": 0.6521739130434783, "recall": 0.625, "f1-score": 0.6382978723404256, "support": 24}, "4": {"precision": 0.7307692307692307, "recall": 0.5757575757575758, "f1-score": 0.6440677966101696, "support": 33}, "5": {"precision": 0.7021276595744681, "recall": 0.673469387755102, "f1-score": 0.6875000000000001, "support": 49}, "6": {"precision": 0.746031746031746, "recall": 0.8392857142857143, "f1-score": 0.7899159663865546, "support": 56}, "7": {"precision": 0.8041237113402062, "recall": 0.7647058823529411, "f1-score": 0.7839195979899498, "support": 102}, "8": {"precision": 0.75, "recall": 0.6637168141592921, "f1-score": 0.7042253521126761, "support": 113}, "9": {"precision": 0.7793103448275862, "recall": 0.8432835820895522, "f1-score": 0.8100358422939068, "support": 134}, "10": {"precision": 0.7604790419161677, "recall": 0.8089171974522293, "f1-score": 0.7839506172839507, "support": 157}, "11": {"precision": 0.8486842105263158, "recall": 0.7456647398843931, "f1-score": 0.7938461538461539, "support": 173}, "12": {"precision": 0.75, "recall": 0.8297872340425532, "f1-score": 0.787878787878788, "support": 188}, "13": {"precision": 0.775609756097561, "recall": 0.775609756097561, "f1-score": 0.775609756097561, "support": 205}, "14": {"precision": 0.8333333333333334, "recall": 0.7425742574257426, "f1-score": 0.7853403141361257, "support": 202}, "15": {"precision": 0.7342342342342343, "recall": 0.8190954773869347, "f1-score": 0.7743467933491688, "support": 199}, "16": {"precision": 0.727810650887574, "recall": 0.6910112359550562, "f1-score": 0.7089337175792507, "support": 178}, "17": {"precision": 0.6777777777777778, "recall": 0.7305389221556886, "f1-score": 0.7031700288184438, "support": 167}, "18": {"precision": 0.7371794871794872, "recall": 0.7098765432098766, "f1-score": 0.7232704402515724, "support": 162}, "19": {"precision": 0.75, "recall": 0.6782608695652174, "f1-score": 0.7123287671232875, "support": 115}, "20": {"precision": 0.7435897435897436, "recall": 0.8169014084507042, "f1-score": 0.778523489932886, "support": 71}, "21": {"precision": 0.6847826086956522, "recall": 0.8513513513513513, "f1-score": 0.7590361445783131, "support": 74}, "22": {"precision": 0.7543859649122807, "recall": 0.6935483870967742, "f1-score": 0.7226890756302521, "support": 62}, "23": {"precision": 0.7380952380952381, "recall": 0.7560975609756098, "f1-score": 0.746987951807229, "support": 41}, "24": {"precision": 0.23076923076923078, "recall": 0.21428571428571427, "f1-score": 0.22222222222222224, "support": 14}, "25": {"precision": 0.5454545454545454, "recall": 0.375, "f1-score": 0.4444444444444444, "support": 16}, "26": {"precision": 0.25, "recall": 0.25, "f1-score": 0.25, "support": 4}, "27": {"precision": 1.0, "recall": 0.5, "f1-score": 0.6666666666666666, "support": 2}, "accuracy": 0.74921875, "macro avg": {"precision": 0.6686466801585883, "recall": 0.6443002242286519, "f1-score": 0.6513288499778571, "support": 2560}, "weighted avg": {"precision": 0.7504175229586785, "recall": 0.74921875, "f1-score": 0.7479174565662812, "support": 2560}}