{"0": {"precision": 0.0, "recall": 0.0, "f1-score": 0.0, "support": 2}, "1": {"precision": 0.16666666666666666, "recall": 0.125, "f1-score": 0.14285714285714288, "support": 8}, "2": {"precision": 0.46153846153846156, "recall": 0.42857142857142855, "f1-score": 0.4444444444444445, "support": 14}, "3": {"precision": 0.1, "recall": 0.05263157894736842, "f1-score": 0.06896551724137931, "support": 19}, "4": {"precision": 0.25, "recall": 0.1111111111111111, "f1-score": 0.15384615384615383, "support": 36}, "5": {"precision": 0.32, "recall": 0.14545454545454545, "f1-score": 0.19999999999999998, "support": 55}, "6": {"precision": 0.36, "recall": 0.13636363636363635, "f1-score": 0.1978021978021978, "support": 66}, "7": {"precision": 0.31756756756756754, "recall": 0.4563106796116505, "f1-score": 0.37450199203187245, "support": 103}, "8": {"precision": 0.2807017543859649, "recall": 0.13114754098360656, "f1-score": 0.17877094972067037, "support": 122}, "9": {"precision": 0.19047619047619047, "recall": 0.18181818181818182, "f1-score": 0.18604651162790697, "support": 132}, "10": {"precision": 0.19909502262443438, "recall": 0.24858757062146894, "f1-score": 0.22110552763819094, "support": 177}, "11": {"precision": 0.2733333333333333, "recall": 0.22905027932960895, "f1-score": 0.2492401215805471, "support": 179}, "12": {"precision": 0.2184873949579832, "recall": 0.30057803468208094, "f1-score": 0.25304136253041365, "support": 173}, "13": {"precision": 0.33035714285714285, "recall": 0.18592964824120603, "f1-score": 0.2379421221864952, "support": 199}, "14": {"precision": 0.3333333333333333, "recall": 0.324468085106383, "f1-score": 0.32884097035040427, "support": 188}, "15": {"precision": 0.2132701421800948, "recall": 0.5421686746987951, "f1-score": 0.30612244897959184, "support": 166}, "16": {"precision": 0.2898550724637681, "recall": 0.23255813953488372, "f1-score": 0.25806451612903225, "support": 172}, "17": {"precision": 0.26732673267326734, "recall": 0.3375, "f1-score": 0.2983425414364641, "support": 160}, "18": {"precision": 0.2692307692307692, "recall": 0.2857142857142857, "f1-score": 0.2772277227722772, "support": 147}, "19": {"precision": 0.21052631578947367, "recall": 0.2, "f1-score": 0.20512820512820512, "support": 120}, "20": {"precision": 0.1375, "recall": 0.11578947368421053, "f1-score": 0.12571428571428572, "support": 95}, "21": {"precision": 0.24528301886792453, "recall": 0.18571428571428572, "f1-score": 0.2113821138211382, "support": 70}, "22": {"precision": 0.08695652173913043, "recall": 0.03571428571428571, "f1-score": 0.05063291139240506, "support": 56}, "23": {"precision": 0.29411764705882354, "recall": 0.13157894736842105, "f1-score": 0.1818181818181818, "support": 38}, "24": {"precision": 0.08333333333333333, "recall": 0.037037037037037035, "f1-score": 0.05128205128205128, "support": 27}, "25": {"precision": 0.2857142857142857, "recall": 0.08695652173913043, "f1-score": 0.13333333333333333, "support": 23}, "26": {"precision": 0.5, "recall": 0.2, "f1-score": 0.28571428571428575, "support": 10}, "27": {"precision": 1.0, "recall": 0.3333333333333333, "f1-score": 0.5, "support": 3}, "accuracy": 0.24921875, "macro avg": {"precision": 0.2744525252425696, "recall": 0.2064674037636052, "f1-score": 0.21864884326353826, "support": 2560}, "weighted avg": {"precision": 0.25722476386300513, "recall": 0.24921875, "f1-score": 0.2396514788059239, "support": 2560}}