{"1": {"precision": 0.3333333333333333, "recall": 0.4, "f1-score": 0.3636363636363636, "support": 5}, "2": {"precision": 0.46153846153846156, "recall": 0.375, "f1-score": 0.41379310344827586, "support": 16}, "3": {"precision": 0.3333333333333333, "recall": 0.27586206896551724, "f1-score": 0.3018867924528302, "support": 29}, "4": {"precision": 0.5588235294117647, "recall": 0.37254901960784315, "f1-score": 0.4470588235294118, "support": 51}, "5": {"precision": 0.375, "recall": 0.2777777777777778, "f1-score": 0.3191489361702128, "support": 54}, "6": {"precision": 0.35, "recall": 0.2, "f1-score": 0.2545454545454545, "support": 70}, "7": {"precision": 0.30158730158730157, "recall": 0.4578313253012048, "f1-score": 0.3636363636363636, "support": 83}, "8": {"precision": 0.4270833333333333, "recall": 0.3203125, "f1-score": 0.36607142857142855, "support": 128}, "9": {"precision": 0.4090909090909091, "recall": 0.40601503759398494, "f1-score": 0.4075471698113208, "support": 133}, "10": {"precision": 0.38181818181818183, "recall": 0.40384615384615385, "f1-score": 0.3925233644859813, "support": 156}, "11": {"precision": 0.44375, "recall": 0.4176470588235294, "f1-score": 0.43030303030303035, "support": 170}, "12": {"precision": 0.4331983805668016, "recall": 0.5721925133689839, "f1-score": 0.49308755760368655, "support": 187}, "13": {"precision": 0.4321608040201005, "recall": 0.4365482233502538, "f1-score": 0.4343434343434343, "support": 197}, "14": {"precision": 0.48717948717948717, "recall": 0.5277777777777778, "f1-score": 0.5066666666666667, "support": 180}, "15": {"precision": 0.41350210970464135, "recall": 0.547486033519553, "f1-score": 0.4711538461538461, "support": 179}, "16": {"precision": 0.5333333333333333, "recall": 0.5, "f1-score": 0.5161290322580646, "support": 160}, "17": {"precision": 0.43258426966292135, "recall": 0.4695121951219512, "f1-score": 0.45029239766081863, "support": 164}, "18": {"precision": 0.3735632183908046, "recall": 0.40372670807453415, "f1-score": 0.38805970149253727, "support": 161}, "19": {"precision": 0.3582089552238806, "recall": 0.3902439024390244, "f1-score": 0.3735408560311284, "support": 123}, "20": {"precision": 0.3466666666666667, "recall": 0.24528301886792453, "f1-score": 0.28729281767955805, "support": 106}, "21": {"precision": 0.2631578947368421, "recall": 0.22727272727272727, "f1-score": 0.24390243902439024, "support": 66}, "22": {"precision": 0.32432432432432434, "recall": 0.21052631578947367, "f1-score": 0.25531914893617025, "support": 57}, "23": {"precision": 0.36, "recall": 0.24324324324324326, "f1-score": 0.2903225806451613, "support": 37}, "24": {"precision": 0.2857142857142857, "recall": 0.14814814814814814, "f1-score": 0.1951219512195122, "support": 27}, "25": {"precision": 0.0, "recall": 0.0, "f1-score": 0.0, "support": 10}, "26": {"precision": 0.0, "recall": 0.0, "f1-score": 0.0, "support": 8}, "27": {"precision": 1.0, "recall": 0.3333333333333333, "f1-score": 0.5, "support": 3}, "accuracy": 0.41171875, "macro avg": {"precision": 0.3858871152952114, "recall": 0.3393383363786274, "f1-score": 0.3505697503816907, "support": 2560}, "weighted avg": {"precision": 0.4086116963703354, "recall": 0.41171875, "f1-score": 0.4052535276077083, "support": 2560}}