{"0": {"precision": 0.0, "recall": 0.0, "f1-score": 0.0, "support": 0}, "1": {"precision": 0.7777777777777778, "recall": 0.7777777777777778, "f1-score": 0.7777777777777778, "support": 9}, "2": {"precision": 0.6666666666666666, "recall": 0.625, "f1-score": 0.6451612903225806, "support": 16}, "3": {"precision": 0.7619047619047619, "recall": 0.6153846153846154, "f1-score": 0.6808510638297872, "support": 26}, "4": {"precision": 0.813953488372093, "recall": 0.8333333333333334, "f1-score": 0.8235294117647058, "support": 42}, "5": {"precision": 0.8596491228070176, "recall": 0.8305084745762712, "f1-score": 0.8448275862068966, "support": 59}, "6": {"precision": 0.8243243243243243, "recall": 0.8970588235294118, "f1-score": 0.8591549295774648, "support": 68}, "7": {"precision": 0.9263157894736842, "recall": 0.88, "f1-score": 0.9025641025641025, "support": 100}, "8": {"precision": 0.8686868686868687, "recall": 0.9148936170212766, "f1-score": 0.8911917098445595, "support": 94}, "9": {"precision": 0.8450704225352113, "recall": 0.9022556390977443, "f1-score": 0.8727272727272727, "support": 133}, "10": {"precision": 0.8176100628930818, "recall": 0.8387096774193549, "f1-score": 0.8280254777070064, "support": 155}, "11": {"precision": 0.8972972972972973, "recall": 0.8691099476439791, "f1-score": 0.8829787234042554, "support": 191}, "12": {"precision": 0.9625668449197861, "recall": 0.8910891089108911, "f1-score": 0.9254498714652957, "support": 202}, "13": {"precision": 0.9004739336492891, "recall": 0.9547738693467337, "f1-score": 0.9268292682926829, "support": 199}, "14": {"precision": 0.9139784946236559, "recall": 0.8762886597938144, "f1-score": 0.894736842105263, "support": 194}, "15": {"precision": 0.8775510204081632, "recall": 0.882051282051282, "f1-score": 0.8797953964194374, "support": 195}, "16": {"precision": 0.8641304347826086, "recall": 0.8833333333333333, "f1-score": 0.8736263736263735, "support": 180}, "17": {"precision": 0.8571428571428571, "recall": 0.868421052631579, "f1-score": 0.8627450980392157, "support": 152}, "18": {"precision": 0.8896551724137931, "recall": 0.9084507042253521, "f1-score": 0.8989547038327526, "support": 142}, "19": {"precision": 0.9065420560747663, "recall": 0.8738738738738738, "f1-score": 0.8899082568807339, "support": 111}, "20": {"precision": 0.8589743589743589, "recall": 0.8072289156626506, "f1-score": 0.8322981366459627, "support": 83}, "21": {"precision": 0.8, "recall": 0.8717948717948718, "f1-score": 0.834355828220859, "support": 78}, "22": {"precision": 0.8297872340425532, "recall": 0.7090909090909091, "f1-score": 0.764705882352941, "support": 55}, "23": {"precision": 0.7142857142857143, "recall": 0.6896551724137931, "f1-score": 0.7017543859649122, "support": 29}, "24": {"precision": 0.7272727272727273, "recall": 0.8571428571428571, "f1-score": 0.7868852459016394, "support": 28}, "25": {"precision": 0.6428571428571429, "recall": 0.6923076923076923, "f1-score": 0.6666666666666666, "support": 13}, "26": {"precision": 0.0, "recall": 0.0, "f1-score": 0.0, "support": 3}, "27": {"precision": 0.75, "recall": 1.0, "f1-score": 0.8571428571428571, "support": 3}, "accuracy": 0.869921875, "macro avg": {"precision": 0.7698026633637929, "recall": 0.7767690788701213, "f1-score": 0.771594434260143, "support": 2560}, "weighted avg": {"precision": 0.870743424173172, "recall": 0.869921875, "f1-score": 0.8695920966263262, "support": 2560}}