{"0": {"precision": 0.0, "recall": 0.0, "f1-score": 0.0, "support": 3}, "1": {"precision": 0.4444444444444444, "recall": 0.36363636363636365, "f1-score": 0.39999999999999997, "support": 11}, "2": {"precision": 0.5294117647058824, "recall": 0.5294117647058824, "f1-score": 0.5294117647058824, "support": 17}, "3": {"precision": 0.6818181818181818, "recall": 0.7142857142857143, "f1-score": 0.6976744186046512, "support": 21}, "4": {"precision": 0.8, "recall": 0.6857142857142857, "f1-score": 0.7384615384615385, "support": 35}, "5": {"precision": 0.7551020408163265, "recall": 0.7254901960784313, "f1-score": 0.74, "support": 51}, "6": {"precision": 0.7530864197530864, "recall": 0.782051282051282, "f1-score": 0.7672955974842767, "support": 78}, "7": {"precision": 0.735632183908046, "recall": 0.8, "f1-score": 0.7664670658682634, "support": 80}, "8": {"precision": 0.8333333333333334, "recall": 0.8, "f1-score": 0.816326530612245, "support": 100}, "9": {"precision": 0.7777777777777778, "recall": 0.84, "f1-score": 0.8076923076923077, "support": 125}, "10": {"precision": 0.8902439024390244, "recall": 0.7807486631016043, "f1-score": 0.8319088319088319, "support": 187}, "11": {"precision": 0.7904191616766467, "recall": 0.868421052631579, "f1-score": 0.8275862068965518, "support": 152}, "12": {"precision": 0.847953216374269, "recall": 0.838150289017341, "f1-score": 0.8430232558139535, "support": 173}, "13": {"precision": 0.8256410256410256, "recall": 0.875, "f1-score": 0.8496042216358839, "support": 184}, "14": {"precision": 0.8910891089108911, "recall": 0.8571428571428571, "f1-score": 0.8737864077669902, "support": 210}, "15": {"precision": 0.8578680203045685, "recall": 0.8622448979591837, "f1-score": 0.8600508905852418, "support": 196}, "16": {"precision": 0.8087431693989071, "recall": 0.8409090909090909, "f1-score": 0.8245125348189416, "support": 176}, "17": {"precision": 0.815028901734104, "recall": 0.7966101694915254, "f1-score": 0.8057142857142856, "support": 177}, "18": {"precision": 0.7931034482758621, "recall": 0.8333333333333334, "f1-score": 0.812720848056537, "support": 138}, "19": {"precision": 0.8867924528301887, "recall": 0.8245614035087719, "f1-score": 0.8545454545454546, "support": 114}, "20": {"precision": 0.8468468468468469, "recall": 0.8623853211009175, "f1-score": 0.8545454545454546, "support": 109}, "21": {"precision": 0.8378378378378378, "recall": 0.7948717948717948, "f1-score": 0.8157894736842105, "support": 78}, "22": {"precision": 0.7924528301886793, "recall": 0.875, "f1-score": 0.8316831683168316, "support": 48}, "23": {"precision": 0.6666666666666666, "recall": 0.5714285714285714, "f1-score": 0.6153846153846153, "support": 35}, "24": {"precision": 0.5555555555555556, "recall": 0.6666666666666666, "f1-score": 0.606060606060606, "support": 30}, "25": {"precision": 0.7368421052631579, "recall": 0.6086956521739131, "f1-score": 0.6666666666666666, "support": 23}, "26": {"precision": 0.6, "recall": 0.42857142857142855, "f1-score": 0.5, "support": 7}, "27": {"precision": 0.0, "recall": 0.0, "f1-score": 0.0, "support": 2}, "accuracy": 0.814453125, "macro avg": {"precision": 0.7054889427321898, "recall": 0.6937618142278764, "f1-score": 0.6977468623510793, "support": 2560}, "weighted avg": {"precision": 0.8153720542827703, "recall": 0.814453125, "f1-score": 0.8138843896272887, "support": 2560}}