{"0": {"precision": 0.0, "recall": 0.0, "f1-score": 0.0, "support": 3}, "1": {"precision": 0.2, "recall": 0.3333333333333333, "f1-score": 0.25, "support": 6}, "2": {"precision": 0.3, "recall": 0.3, "f1-score": 0.3, "support": 10}, "3": {"precision": 0.36, "recall": 0.32142857142857145, "f1-score": 0.33962264150943394, "support": 28}, "4": {"precision": 0.23529411764705882, "recall": 0.10256410256410256, "f1-score": 0.14285714285714282, "support": 39}, "5": {"precision": 0.3142857142857143, "recall": 0.20754716981132076, "f1-score": 0.25000000000000006, "support": 53}, "6": {"precision": 0.21052631578947367, "recall": 0.11594202898550725, "f1-score": 0.14953271028037382, "support": 69}, "7": {"precision": 0.25735294117647056, "recall": 0.35, "f1-score": 0.2966101694915254, "support": 100}, "8": {"precision": 0.10909090909090909, "recall": 0.05042016806722689, "f1-score": 0.06896551724137931, "support": 119}, "9": {"precision": 0.174496644295302, "recall": 0.21138211382113822, "f1-score": 0.19117647058823528, "support": 123}, "10": {"precision": 0.22564102564102564, "recall": 0.24444444444444444, "f1-score": 0.23466666666666666, "support": 180}, "11": {"precision": 0.21212121212121213, "recall": 0.11797752808988764, "f1-score": 0.1516245487364621, "support": 178}, "12": {"precision": 0.18565400843881857, "recall": 0.25, "f1-score": 0.21307506053268765, "support": 176}, "13": {"precision": 0.24342105263157895, "recall": 0.23125, "f1-score": 0.23717948717948723, "support": 160}, "14": {"precision": 0.32335329341317365, "recall": 0.2583732057416268, "f1-score": 0.2872340425531915, "support": 209}, "15": {"precision": 0.18414322250639387, "recall": 0.391304347826087, "f1-score": 0.25043478260869567, "support": 184}, "16": {"precision": 0.35625, "recall": 0.29381443298969073, "f1-score": 0.3220338983050847, "support": 194}, "17": {"precision": 0.2794759825327511, "recall": 0.39751552795031053, "f1-score": 0.32820512820512815, "support": 161}, "18": {"precision": 0.2426470588235294, "recall": 0.2426470588235294, "f1-score": 0.2426470588235294, "support": 136}, "19": {"precision": 0.18095238095238095, "recall": 0.14615384615384616, "f1-score": 0.16170212765957448, "support": 130}, "20": {"precision": 0.22105263157894736, "recall": 0.21875, "f1-score": 0.21989528795811517, "support": 96}, "21": {"precision": 0.16666666666666666, "recall": 0.1095890410958904, "f1-score": 0.1322314049586777, "support": 73}, "22": {"precision": 0.125, "recall": 0.07407407407407407, "f1-score": 0.09302325581395349, "support": 54}, "23": {"precision": 0.2, "recall": 0.09090909090909091, "f1-score": 0.12500000000000003, "support": 33}, "24": {"precision": 0.13333333333333333, "recall": 0.09523809523809523, "f1-score": 0.1111111111111111, "support": 21}, "25": {"precision": 0.0, "recall": 0.0, "f1-score": 0.0, "support": 13}, "26": {"precision": 0.25, "recall": 0.08333333333333333, "f1-score": 0.125, "support": 12}, "accuracy": 0.2296875, "macro avg": {"precision": 0.21076883373795335, "recall": 0.19399968572892987, "f1-score": 0.19347513011409095, "support": 2560}, "weighted avg": {"precision": 0.23025328763134456, "recall": 0.2296875, "f1-score": 0.22203264060884864, "support": 2560}}