{"0": {"precision": 0.0, "recall": 0.0, "f1-score": 0.0, "support": 3}, "1": {"precision": 0.2, "recall": 0.14285714285714285, "f1-score": 0.16666666666666666, "support": 7}, "2": {"precision": 0.3076923076923077, "recall": 0.3076923076923077, "f1-score": 0.3076923076923077, "support": 13}, "3": {"precision": 0.5833333333333334, "recall": 0.6363636363636364, "f1-score": 0.6086956521739131, "support": 22}, "4": {"precision": 0.5357142857142857, "recall": 0.5172413793103449, "f1-score": 0.5263157894736843, "support": 29}, "5": {"precision": 0.7352941176470589, "recall": 0.5208333333333334, "f1-score": 0.6097560975609756, "support": 48}, "6": {"precision": 0.6842105263157895, "recall": 0.7222222222222222, "f1-score": 0.7027027027027027, "support": 72}, "7": {"precision": 0.6764705882352942, "recall": 0.69, "f1-score": 0.6831683168316831, "support": 100}, "8": {"precision": 0.6470588235294118, "recall": 0.6, "f1-score": 0.6226415094339622, "support": 110}, "9": {"precision": 0.6686390532544378, "recall": 0.795774647887324, "f1-score": 0.7266881028938906, "support": 142}, "10": {"precision": 0.7794871794871795, "recall": 0.7835051546391752, "f1-score": 0.7814910025706941, "support": 194}, "11": {"precision": 0.8212290502793296, "recall": 0.7241379310344828, "f1-score": 0.7696335078534031, "support": 203}, "12": {"precision": 0.7553191489361702, "recall": 0.7553191489361702, "f1-score": 0.7553191489361702, "support": 188}, "13": {"precision": 0.7799043062200957, "recall": 0.7836538461538461, "f1-score": 0.7817745803357313, "support": 208}, "14": {"precision": 0.7374301675977654, "recall": 0.7719298245614035, "f1-score": 0.7542857142857141, "support": 171}, "15": {"precision": 0.7777777777777778, "recall": 0.8045977011494253, "f1-score": 0.7909604519774011, "support": 174}, "16": {"precision": 0.8214285714285714, "recall": 0.7931034482758621, "f1-score": 0.8070175438596492, "support": 203}, "17": {"precision": 0.7291666666666666, "recall": 0.7720588235294118, "f1-score": 0.75, "support": 136}, "18": {"precision": 0.8461538461538461, "recall": 0.7674418604651163, "f1-score": 0.8048780487804877, "support": 129}, "19": {"precision": 0.625, "recall": 0.7425742574257426, "f1-score": 0.6787330316742081, "support": 101}, "20": {"precision": 0.6504854368932039, "recall": 0.6633663366336634, "f1-score": 0.6568627450980392, "support": 101}, "21": {"precision": 0.7142857142857143, "recall": 0.6329113924050633, "f1-score": 0.6711409395973155, "support": 79}, "22": {"precision": 0.5689655172413793, "recall": 0.717391304347826, "f1-score": 0.6346153846153846, "support": 46}, "23": {"precision": 0.5, "recall": 0.5714285714285714, "f1-score": 0.5333333333333333, "support": 35}, "24": {"precision": 0.6190476190476191, "recall": 0.48148148148148145, "f1-score": 0.5416666666666666, "support": 27}, "25": {"precision": 0.6666666666666666, "recall": 0.2857142857142857, "f1-score": 0.4, "support": 14}, "26": {"precision": 0.0, "recall": 0.0, "f1-score": 0.0, "support": 4}, "27": {"precision": 0.5, "recall": 1.0, "f1-score": 0.6666666666666666, "support": 1}, "accuracy": 0.727734375, "macro avg": {"precision": 0.6046700251572823, "recall": 0.6065571442088513, "f1-score": 0.5975966397028804, "support": 2560}, "weighted avg": {"precision": 0.7289936492438697, "recall": 0.727734375, "f1-score": 0.7261972062548117, "support": 2560}}