{"0": {"precision": 0.0, "recall": 0.0, "f1-score": 0.0, "support": 2}, "1": {"precision": 0.6666666666666666, "recall": 0.5, "f1-score": 0.5714285714285715, "support": 8}, "2": {"precision": 0.45454545454545453, "recall": 0.5, "f1-score": 0.47619047619047616, "support": 10}, "3": {"precision": 0.72, "recall": 0.6206896551724138, "f1-score": 0.6666666666666666, "support": 29}, "4": {"precision": 0.6944444444444444, "recall": 0.5681818181818182, "f1-score": 0.625, "support": 44}, "5": {"precision": 0.6885245901639344, "recall": 0.7368421052631579, "f1-score": 0.7118644067796609, "support": 57}, "6": {"precision": 0.7380952380952381, "recall": 0.8266666666666667, "f1-score": 0.779874213836478, "support": 75}, "7": {"precision": 0.8415841584158416, "recall": 0.8252427184466019, "f1-score": 0.8333333333333333, "support": 103}, "8": {"precision": 0.8582677165354331, "recall": 0.8449612403100775, "f1-score": 0.8515625, "support": 129}, "9": {"precision": 0.8382352941176471, "recall": 0.8507462686567164, "f1-score": 0.8444444444444444, "support": 134}, "10": {"precision": 0.8717948717948718, "recall": 0.9066666666666666, "f1-score": 0.8888888888888887, "support": 150}, "11": {"precision": 0.88125, "recall": 0.844311377245509, "f1-score": 0.8623853211009174, "support": 167}, "12": {"precision": 0.8433734939759037, "recall": 0.8588957055214724, "f1-score": 0.8510638297872339, "support": 163}, "13": {"precision": 0.9141414141414141, "recall": 0.8578199052132701, "f1-score": 0.8850855745721272, "support": 211}, "14": {"precision": 0.8484848484848485, "recall": 0.9438202247191011, "f1-score": 0.8936170212765958, "support": 178}, "15": {"precision": 0.8806818181818182, "recall": 0.8611111111111112, "f1-score": 0.8707865168539326, "support": 180}, "16": {"precision": 0.8361581920903954, "recall": 0.8131868131868132, "f1-score": 0.8245125348189414, "support": 182}, "17": {"precision": 0.8148148148148148, "recall": 0.850828729281768, "f1-score": 0.8324324324324326, "support": 181}, "18": {"precision": 0.821917808219178, "recall": 0.8108108108108109, "f1-score": 0.8163265306122449, "support": 148}, "19": {"precision": 0.8, "recall": 0.8571428571428571, "f1-score": 0.8275862068965518, "support": 98}, "20": {"precision": 0.8865979381443299, "recall": 0.8431372549019608, "f1-score": 0.864321608040201, "support": 102}, "21": {"precision": 0.7605633802816901, "recall": 0.782608695652174, "f1-score": 0.7714285714285714, "support": 69}, "22": {"precision": 0.7083333333333334, "recall": 0.68, "f1-score": 0.6938775510204083, "support": 50}, "23": {"precision": 0.6388888888888888, "recall": 0.6388888888888888, "f1-score": 0.6388888888888888, "support": 36}, "24": {"precision": 0.7368421052631579, "recall": 0.56, "f1-score": 0.6363636363636364, "support": 25}, "25": {"precision": 0.4782608695652174, "recall": 0.7857142857142857, "f1-score": 0.5945945945945946, "support": 14}, "26": {"precision": 0.6, "recall": 0.2727272727272727, "f1-score": 0.37499999999999994, "support": 11}, "27": {"precision": 1.0, "recall": 0.75, "f1-score": 0.8571428571428571, "support": 4}, "accuracy": 0.827734375, "macro avg": {"precision": 0.7436595478630187, "recall": 0.7211071811243361, "f1-score": 0.7265952563356661, "support": 2560}, "weighted avg": {"precision": 0.8282174580184991, "recall": 0.827734375, "f1-score": 0.8266519791497536, "support": 2560}}