{"0": {"precision": 0.0, "recall": 0.0, "f1-score": 0.0, "support": 5}, "1": {"precision": 0.38461538461538464, "recall": 0.45454545454545453, "f1-score": 0.41666666666666663, "support": 11}, "2": {"precision": 0.3333333333333333, "recall": 0.3, "f1-score": 0.3157894736842105, "support": 20}, "3": {"precision": 0.25925925925925924, "recall": 0.25, "f1-score": 0.2545454545454545, "support": 28}, "4": {"precision": 0.24324324324324326, "recall": 0.225, "f1-score": 0.23376623376623376, "support": 40}, "5": {"precision": 0.4117647058823529, "recall": 0.2222222222222222, "f1-score": 0.28865979381443296, "support": 63}, "6": {"precision": 0.20930232558139536, "recall": 0.12857142857142856, "f1-score": 0.15929203539823006, "support": 70}, "7": {"precision": 0.3125, "recall": 0.32967032967032966, "f1-score": 0.32085561497326204, "support": 91}, "8": {"precision": 0.3, "recall": 0.23300970873786409, "f1-score": 0.26229508196721313, "support": 103}, "9": {"precision": 0.3458646616541353, "recall": 0.30666666666666664, "f1-score": 0.3250883392226148, "support": 150}, "10": {"precision": 0.2571428571428571, "recall": 0.26627218934911245, "f1-score": 0.26162790697674415, "support": 169}, "11": {"precision": 0.3475609756097561, "recall": 0.3275862068965517, "f1-score": 0.3372781065088757, "support": 174}, "12": {"precision": 0.24774774774774774, "recall": 0.3353658536585366, "f1-score": 0.2849740932642487, "support": 164}, "13": {"precision": 0.34418604651162793, "recall": 0.40217391304347827, "f1-score": 0.3709273182957394, "support": 184}, "14": {"precision": 0.3877551020408163, "recall": 0.38578680203045684, "f1-score": 0.38676844783715003, "support": 197}, "15": {"precision": 0.30526315789473685, "recall": 0.4603174603174603, "f1-score": 0.3670886075949367, "support": 189}, "16": {"precision": 0.5120481927710844, "recall": 0.4336734693877551, "f1-score": 0.46961325966850825, "support": 196}, "17": {"precision": 0.3241758241758242, "recall": 0.36645962732919257, "f1-score": 0.34402332361516036, "support": 161}, "18": {"precision": 0.2903225806451613, "recall": 0.3515625, "f1-score": 0.3180212014134276, "support": 128}, "19": {"precision": 0.2698412698412698, "recall": 0.3063063063063063, "f1-score": 0.2869198312236287, "support": 111}, "20": {"precision": 0.2982456140350877, "recall": 0.16666666666666666, "f1-score": 0.21383647798742136, "support": 102}, "21": {"precision": 0.24, "recall": 0.17391304347826086, "f1-score": 0.20168067226890754, "support": 69}, "22": {"precision": 0.2777777777777778, "recall": 0.3, "f1-score": 0.2884615384615385, "support": 50}, "23": {"precision": 0.23529411764705882, "recall": 0.08888888888888889, "f1-score": 0.12903225806451613, "support": 45}, "24": {"precision": 0.3333333333333333, "recall": 0.09523809523809523, "f1-score": 0.14814814814814814, "support": 21}, "25": {"precision": 0.2857142857142857, "recall": 0.18181818181818182, "f1-score": 0.2222222222222222, "support": 11}, "26": {"precision": 0.0, "recall": 0.0, "f1-score": 0.0, "support": 6}, "27": {"precision": 1.0, "recall": 0.5, "f1-score": 0.6666666666666666, "support": 2}, "accuracy": 0.3203125, "macro avg": {"precision": 0.3127247070163403, "recall": 0.2711326791008182, "f1-score": 0.2812231705091485, "support": 2560}, "weighted avg": {"precision": 0.3222423944725907, "recall": 0.3203125, "f1-score": 0.31561876914233833, "support": 2560}}