{"0": {"precision": 0.0, "recall": 0.0, "f1-score": 0.0, "support": 4}, "1": {"precision": 0.5, "recall": 0.36363636363636365, "f1-score": 0.4210526315789474, "support": 11}, "2": {"precision": 0.5555555555555556, "recall": 0.625, "f1-score": 0.5882352941176471, "support": 16}, "3": {"precision": 0.55, "recall": 0.4074074074074074, "f1-score": 0.46808510638297873, "support": 27}, "4": {"precision": 0.6060606060606061, "recall": 0.5128205128205128, "f1-score": 0.5555555555555556, "support": 39}, "5": {"precision": 0.6458333333333334, "recall": 0.5535714285714286, "f1-score": 0.5961538461538463, "support": 56}, "6": {"precision": 0.5641025641025641, "recall": 0.7333333333333333, "f1-score": 0.6376811594202899, "support": 60}, "7": {"precision": 0.6881720430107527, "recall": 0.7111111111111111, "f1-score": 0.6994535519125684, "support": 90}, "8": {"precision": 0.7837837837837838, "recall": 0.7073170731707317, "f1-score": 0.7435897435897435, "support": 123}, "9": {"precision": 0.7639751552795031, "recall": 0.7987012987012987, "f1-score": 0.780952380952381, "support": 154}, "10": {"precision": 0.7797619047619048, "recall": 0.8238993710691824, "f1-score": 0.8012232415902141, "support": 159}, "11": {"precision": 0.8333333333333334, "recall": 0.7954545454545454, "f1-score": 0.8139534883720929, "support": 176}, "12": {"precision": 0.8100558659217877, "recall": 0.7880434782608695, "f1-score": 0.7988980716253443, "support": 184}, "13": {"precision": 0.7586206896551724, "recall": 0.8148148148148148, "f1-score": 0.7857142857142857, "support": 189}, "14": {"precision": 0.7566137566137566, "recall": 0.7526315789473684, "f1-score": 0.7546174142480211, "support": 190}, "15": {"precision": 0.7783018867924528, "recall": 0.7932692307692307, "f1-score": 0.7857142857142857, "support": 208}, "16": {"precision": 0.7926829268292683, "recall": 0.7784431137724551, "f1-score": 0.785498489425982, "support": 167}, "17": {"precision": 0.7888198757763976, "recall": 0.7987421383647799, "f1-score": 0.7937500000000001, "support": 159}, "18": {"precision": 0.7671232876712328, "recall": 0.7619047619047619, "f1-score": 0.764505119453925, "support": 147}, "19": {"precision": 0.7024793388429752, "recall": 0.794392523364486, "f1-score": 0.7456140350877193, "support": 107}, "20": {"precision": 0.6853932584269663, "recall": 0.6777777777777778, "f1-score": 0.6815642458100559, "support": 90}, "21": {"precision": 0.6103896103896104, "recall": 0.6351351351351351, "f1-score": 0.6225165562913907, "support": 74}, "22": {"precision": 0.6595744680851063, "recall": 0.5740740740740741, "f1-score": 0.613861386138614, "support": 54}, "23": {"precision": 0.48484848484848486, "recall": 0.47058823529411764, "f1-score": 0.4776119402985075, "support": 34}, "24": {"precision": 0.4, "recall": 0.32, "f1-score": 0.35555555555555557, "support": 25}, "25": {"precision": 0.6363636363636364, "recall": 0.5, "f1-score": 0.56, "support": 14}, "26": {"precision": 1.0, "recall": 0.5, "f1-score": 0.6666666666666666, "support": 2}, "27": {"precision": 1.0, "recall": 1.0, "f1-score": 1.0, "support": 1}, "accuracy": 0.74140625, "macro avg": {"precision": 0.6750659059085066, "recall": 0.6425739038484208, "f1-score": 0.6535008589877364, "support": 2560}, "weighted avg": {"precision": 0.7399222454319444, "recall": 0.74140625, "f1-score": 0.7394649433609743, "support": 2560}}