{"0": {"precision": 0.0, "recall": 0.0, "f1-score": 0.0, "support": 4}, "1": {"precision": 0.2222222222222222, "recall": 0.4444444444444444, "f1-score": 0.2962962962962963, "support": 9}, "2": {"precision": 0.4444444444444444, "recall": 0.2, "f1-score": 0.2758620689655173, "support": 20}, "3": {"precision": 0.4166666666666667, "recall": 0.3448275862068966, "f1-score": 0.37735849056603776, "support": 29}, "4": {"precision": 0.27586206896551724, "recall": 0.23529411764705882, "f1-score": 0.253968253968254, "support": 34}, "5": {"precision": 0.3953488372093023, "recall": 0.30357142857142855, "f1-score": 0.3434343434343434, "support": 56}, "6": {"precision": 0.4418604651162791, "recall": 0.2111111111111111, "f1-score": 0.2857142857142857, "support": 90}, "7": {"precision": 0.3118279569892473, "recall": 0.3258426966292135, "f1-score": 0.31868131868131866, "support": 89}, "8": {"precision": 0.19753086419753085, "recall": 0.15384615384615385, "f1-score": 0.17297297297297298, "support": 104}, "9": {"precision": 0.23357664233576642, "recall": 0.25196850393700787, "f1-score": 0.2424242424242424, "support": 127}, "10": {"precision": 0.2663316582914573, "recall": 0.29608938547486036, "f1-score": 0.28042328042328046, "support": 179}, "11": {"precision": 0.27461139896373055, "recall": 0.36054421768707484, "f1-score": 0.3117647058823529, "support": 147}, "12": {"precision": 0.3069306930693069, "recall": 0.30097087378640774, "f1-score": 0.303921568627451, "support": 206}, "13": {"precision": 0.4009009009009009, "recall": 0.4972067039106145, "f1-score": 0.44389027431421446, "support": 179}, "14": {"precision": 0.3806818181818182, "recall": 0.3435897435897436, "f1-score": 0.36118598382749323, "support": 195}, "15": {"precision": 0.26506024096385544, "recall": 0.34196891191709844, "f1-score": 0.2986425339366515, "support": 193}, "16": {"precision": 0.39766081871345027, "recall": 0.37777777777777777, "f1-score": 0.3874643874643875, "support": 180}, "17": {"precision": 0.37, "recall": 0.47435897435897434, "f1-score": 0.41573033707865165, "support": 156}, "18": {"precision": 0.29878048780487804, "recall": 0.33793103448275863, "f1-score": 0.31715210355987056, "support": 145}, "19": {"precision": 0.3, "recall": 0.2777777777777778, "f1-score": 0.2884615384615385, "support": 108}, "20": {"precision": 0.2898550724637681, "recall": 0.2247191011235955, "f1-score": 0.2531645569620253, "support": 89}, "21": {"precision": 0.2909090909090909, "recall": 0.22535211267605634, "f1-score": 0.25396825396825395, "support": 71}, "22": {"precision": 0.23809523809523808, "recall": 0.19607843137254902, "f1-score": 0.2150537634408602, "support": 51}, "23": {"precision": 0.25, "recall": 0.07142857142857142, "f1-score": 0.11111111111111112, "support": 42}, "24": {"precision": 0.4375, "recall": 0.2692307692307692, "f1-score": 0.33333333333333337, "support": 26}, "25": {"precision": 0.3, "recall": 0.21428571428571427, "f1-score": 0.25, "support": 14}, "26": {"precision": 0.0, "recall": 0.0, "f1-score": 0.0, "support": 11}, "27": {"precision": 0.0, "recall": 0.0, "f1-score": 0.0, "support": 6}, "accuracy": 0.316015625, "macro avg": {"precision": 0.28595205666087403, "recall": 0.2600077194026307, "f1-score": 0.2639992859076694, "support": 2560}, "weighted avg": {"precision": 0.3165351838477059, "recall": 0.316015625, "f1-score": 0.3109805026007049, "support": 2560}}