{"0": {"precision": 0.0, "recall": 0.0, "f1-score": 0.0, "support": 2}, "1": {"precision": 0.3, "recall": 0.375, "f1-score": 0.33333333333333326, "support": 8}, "2": {"precision": 0.2222222222222222, "recall": 0.25, "f1-score": 0.23529411764705882, "support": 8}, "3": {"precision": 0.5909090909090909, "recall": 0.5416666666666666, "f1-score": 0.5652173913043478, "support": 24}, "4": {"precision": 0.44, "recall": 0.275, "f1-score": 0.3384615384615385, "support": 40}, "5": {"precision": 0.4411764705882353, "recall": 0.3409090909090909, "f1-score": 0.38461538461538464, "support": 44}, "6": {"precision": 0.38461538461538464, "recall": 0.2459016393442623, "f1-score": 0.3, "support": 61}, "7": {"precision": 0.40404040404040403, "recall": 0.39603960396039606, "f1-score": 0.39999999999999997, "support": 101}, "8": {"precision": 0.3392857142857143, "recall": 0.34234234234234234, "f1-score": 0.3408071748878924, "support": 111}, "9": {"precision": 0.40764331210191085, "recall": 0.48120300751879697, "f1-score": 0.4413793103448276, "support": 133}, "10": {"precision": 0.42105263157894735, "recall": 0.42857142857142855, "f1-score": 0.4247787610619469, "support": 168}, "11": {"precision": 0.4624277456647399, "recall": 0.47337278106508873, "f1-score": 0.4678362573099415, "support": 169}, "12": {"precision": 0.4603174603174603, "recall": 0.4603174603174603, "f1-score": 0.4603174603174603, "support": 189}, "13": {"precision": 0.455, "recall": 0.4690721649484536, "f1-score": 0.4619289340101523, "support": 194}, "14": {"precision": 0.5282051282051282, "recall": 0.5073891625615764, "f1-score": 0.5175879396984925, "support": 203}, "15": {"precision": 0.40875912408759124, "recall": 0.6086956521739131, "f1-score": 0.48908296943231444, "support": 184}, "16": {"precision": 0.588957055214724, "recall": 0.5, "f1-score": 0.5408450704225352, "support": 192}, "17": {"precision": 0.42162162162162165, "recall": 0.4936708860759494, "f1-score": 0.45481049562682213, "support": 158}, "18": {"precision": 0.2808988764044944, "recall": 0.36496350364963503, "f1-score": 0.31746031746031744, "support": 137}, "19": {"precision": 0.3305084745762712, "recall": 0.319672131147541, "f1-score": 0.325, "support": 122}, "20": {"precision": 0.39436619718309857, "recall": 0.2978723404255319, "f1-score": 0.3393939393939394, "support": 94}, "21": {"precision": 0.36666666666666664, "recall": 0.2716049382716049, "f1-score": 0.3120567375886525, "support": 81}, "22": {"precision": 0.25806451612903225, "recall": 0.16, "f1-score": 0.19753086419753085, "support": 50}, "23": {"precision": 0.3684210526315789, "recall": 0.18421052631578946, "f1-score": 0.24561403508771928, "support": 38}, "24": {"precision": 0.4117647058823529, "recall": 0.28, "f1-score": 0.3333333333333333, "support": 25}, "25": {"precision": 0.16666666666666666, "recall": 0.06666666666666667, "f1-score": 0.09523809523809522, "support": 15}, "26": {"precision": 0.5, "recall": 0.125, "f1-score": 0.2, "support": 8}, "27": {"precision": 0.0, "recall": 0.0, "f1-score": 0.0, "support": 1}, "accuracy": 0.423046875, "macro avg": {"precision": 0.36977109005690484, "recall": 0.3306836426047212, "f1-score": 0.3400686950276298, "support": 2560}, "weighted avg": {"precision": 0.424641258782271, "recall": 0.423046875, "f1-score": 0.4189482787110368, "support": 2560}}