{"0": {"precision": 1.0, "recall": 0.25, "f1-score": 0.4, "support": 4}, "1": {"precision": 0.4, "recall": 0.3333333333333333, "f1-score": 0.3636363636363636, "support": 6}, "2": {"precision": 0.6842105263157895, "recall": 0.7222222222222222, "f1-score": 0.7027027027027027, "support": 18}, "3": {"precision": 0.5789473684210527, "recall": 0.6875, "f1-score": 0.6285714285714286, "support": 16}, "4": {"precision": 0.7142857142857143, "recall": 0.45454545454545453, "f1-score": 0.5555555555555556, "support": 33}, "5": {"precision": 0.7457627118644068, "recall": 0.7857142857142857, "f1-score": 0.7652173913043477, "support": 56}, "6": {"precision": 0.78125, "recall": 0.819672131147541, "f1-score": 0.8, "support": 61}, "7": {"precision": 0.8191489361702128, "recall": 0.8555555555555555, "f1-score": 0.8369565217391304, "support": 90}, "8": {"precision": 0.8571428571428571, "recall": 0.8297872340425532, "f1-score": 0.8432432432432433, "support": 94}, "9": {"precision": 0.8421052631578947, "recall": 0.835820895522388, "f1-score": 0.8389513108614232, "support": 134}, "10": {"precision": 0.8292682926829268, "recall": 0.8553459119496856, "f1-score": 0.8421052631578947, "support": 159}, "11": {"precision": 0.9079754601226994, "recall": 0.8654970760233918, "f1-score": 0.8862275449101796, "support": 171}, "12": {"precision": 0.875, "recall": 0.8928571428571429, "f1-score": 0.8838383838383839, "support": 196}, "13": {"precision": 0.8638743455497382, "recall": 0.8505154639175257, "f1-score": 0.8571428571428571, "support": 194}, "14": {"precision": 0.8641304347826086, "recall": 0.8502673796791443, "f1-score": 0.8571428571428571, "support": 187}, "15": {"precision": 0.8163265306122449, "recall": 0.9090909090909091, "f1-score": 0.8602150537634408, "support": 176}, "16": {"precision": 0.8971428571428571, "recall": 0.8306878306878307, "f1-score": 0.8626373626373626, "support": 189}, "17": {"precision": 0.8562874251497006, "recall": 0.8511904761904762, "f1-score": 0.8537313432835821, "support": 168}, "18": {"precision": 0.8211920529801324, "recall": 0.8857142857142857, "f1-score": 0.852233676975945, "support": 140}, "19": {"precision": 0.8181818181818182, "recall": 0.864, "f1-score": 0.8404669260700389, "support": 125}, "20": {"precision": 0.8863636363636364, "recall": 0.7647058823529411, "f1-score": 0.8210526315789474, "support": 102}, "21": {"precision": 0.7407407407407407, "recall": 0.8571428571428571, "f1-score": 0.794701986754967, "support": 70}, "22": {"precision": 0.6833333333333333, "recall": 0.6507936507936508, "f1-score": 0.6666666666666666, "support": 63}, "23": {"precision": 0.6888888888888889, "recall": 0.6078431372549019, "f1-score": 0.6458333333333334, "support": 51}, "24": {"precision": 0.6666666666666666, "recall": 0.6666666666666666, "f1-score": 0.6666666666666666, "support": 33}, "25": {"precision": 0.35714285714285715, "recall": 0.4166666666666667, "f1-score": 0.3846153846153846, "support": 12}, "26": {"precision": 0.625, "recall": 0.5, "f1-score": 0.5555555555555556, "support": 10}, "27": {"precision": 0.5, "recall": 0.5, "f1-score": 0.5, "support": 2}, "accuracy": 0.828515625, "macro avg": {"precision": 0.7542988827749565, "recall": 0.7211834446096932, "f1-score": 0.7273452861324378, "support": 2560}, "weighted avg": {"precision": 0.8297723102873308, "recall": 0.828515625, "f1-score": 0.8275180266050775, "support": 2560}}