{"0": {"precision": 0.0, "recall": 0.0, "f1-score": 0.0, "support": 3}, "1": {"precision": 1.0, "recall": 0.3333333333333333, "f1-score": 0.5, "support": 9}, "2": {"precision": 0.38461538461538464, "recall": 0.38461538461538464, "f1-score": 0.38461538461538464, "support": 13}, "3": {"precision": 0.52, "recall": 0.5652173913043478, "f1-score": 0.5416666666666667, "support": 23}, "4": {"precision": 0.7241379310344828, "recall": 0.525, "f1-score": 0.6086956521739131, "support": 40}, "5": {"precision": 0.7037037037037037, "recall": 0.6909090909090909, "f1-score": 0.6972477064220184, "support": 55}, "6": {"precision": 0.627906976744186, "recall": 0.7605633802816901, "f1-score": 0.6878980891719745, "support": 71}, "7": {"precision": 0.6091954022988506, "recall": 0.6463414634146342, "f1-score": 0.6272189349112427, "support": 82}, "8": {"precision": 0.7719298245614035, "recall": 0.7333333333333333, "f1-score": 0.7521367521367521, "support": 120}, "9": {"precision": 0.7591240875912408, "recall": 0.7375886524822695, "f1-score": 0.7482014388489209, "support": 141}, "10": {"precision": 0.6242038216560509, "recall": 0.725925925925926, "f1-score": 0.6712328767123288, "support": 135}, "11": {"precision": 0.7621621621621621, "recall": 0.6844660194174758, "f1-score": 0.7212276214833758, "support": 206}, "12": {"precision": 0.7282608695652174, "recall": 0.7052631578947368, "f1-score": 0.7165775401069518, "support": 190}, "13": {"precision": 0.7388888888888889, "recall": 0.7388888888888889, "f1-score": 0.7388888888888889, "support": 180}, "14": {"precision": 0.8165680473372781, "recall": 0.7752808988764045, "f1-score": 0.7953890489913543, "support": 178}, "15": {"precision": 0.6681222707423581, "recall": 0.8095238095238095, "f1-score": 0.7320574162679426, "support": 189}, "16": {"precision": 0.7870967741935484, "recall": 0.7672955974842768, "f1-score": 0.7770700636942675, "support": 159}, "17": {"precision": 0.8424242424242424, "recall": 0.7595628415300546, "f1-score": 0.7988505747126436, "support": 183}, "18": {"precision": 0.734375, "recall": 0.834319526627219, "f1-score": 0.7811634349030471, "support": 169}, "19": {"precision": 0.7964601769911505, "recall": 0.782608695652174, "f1-score": 0.7894736842105263, "support": 115}, "20": {"precision": 0.7634408602150538, "recall": 0.8068181818181818, "f1-score": 0.7845303867403314, "support": 88}, "21": {"precision": 0.8235294117647058, "recall": 0.717948717948718, "f1-score": 0.767123287671233, "support": 78}, "22": {"precision": 0.6964285714285714, "recall": 0.75, "f1-score": 0.7222222222222223, "support": 52}, "23": {"precision": 0.7307692307692307, "recall": 0.5588235294117647, "f1-score": 0.6333333333333334, "support": 34}, "24": {"precision": 0.7, "recall": 0.56, "f1-score": 0.6222222222222222, "support": 25}, "25": {"precision": 0.6666666666666666, "recall": 0.7272727272727273, "f1-score": 0.6956521739130435, "support": 11}, "26": {"precision": 1.0, "recall": 0.375, "f1-score": 0.5454545454545454, "support": 8}, "27": {"precision": 0.6, "recall": 1.0, "f1-score": 0.7499999999999999, "support": 3}, "accuracy": 0.734765625, "macro avg": {"precision": 0.699286082334085, "recall": 0.6591393052838014, "f1-score": 0.6639339266598262, "support": 2560}, "weighted avg": {"precision": 0.7399318766592193, "recall": 0.734765625, "f1-score": 0.7340984029195161, "support": 2560}}