{"1": {"precision": 0.6666666666666666, "recall": 0.3333333333333333, "f1-score": 0.4444444444444444, "support": 12}, "2": {"precision": 0.2857142857142857, "recall": 0.14285714285714285, "f1-score": 0.19047619047619047, "support": 14}, "3": {"precision": 0.37142857142857144, "recall": 0.5, "f1-score": 0.42622950819672134, "support": 26}, "4": {"precision": 0.36, "recall": 0.21428571428571427, "f1-score": 0.26865671641791045, "support": 42}, "5": {"precision": 0.3958333333333333, "recall": 0.36538461538461536, "f1-score": 0.38, "support": 52}, "6": {"precision": 0.4915254237288136, "recall": 0.3670886075949367, "f1-score": 0.42028985507246386, "support": 79}, "7": {"precision": 0.37254901960784315, "recall": 0.41304347826086957, "f1-score": 0.39175257731958757, "support": 92}, "8": {"precision": 0.4074074074074074, "recall": 0.36363636363636365, "f1-score": 0.38427947598253276, "support": 121}, "9": {"precision": 0.5333333333333333, "recall": 0.6027397260273972, "f1-score": 0.5659163987138264, "support": 146}, "10": {"precision": 0.5068493150684932, "recall": 0.49333333333333335, "f1-score": 0.5, "support": 150}, "11": {"precision": 0.53125, "recall": 0.5730337078651685, "f1-score": 0.5513513513513514, "support": 178}, "12": {"precision": 0.578125, "recall": 0.6132596685082873, "f1-score": 0.5951742627345845, "support": 181}, "13": {"precision": 0.6190476190476191, "recall": 0.6220095693779905, "f1-score": 0.6205250596658712, "support": 209}, "14": {"precision": 0.6904761904761905, "recall": 0.5979381443298969, "f1-score": 0.6408839779005525, "support": 194}, "15": {"precision": 0.6141078838174274, "recall": 0.7474747474747475, "f1-score": 0.6742596810933942, "support": 198}, "16": {"precision": 0.5402298850574713, "recall": 0.5662650602409639, "f1-score": 0.5529411764705883, "support": 166}, "17": {"precision": 0.47126436781609193, "recall": 0.5256410256410257, "f1-score": 0.49696969696969695, "support": 156}, "18": {"precision": 0.3756345177664975, "recall": 0.5174825174825175, "f1-score": 0.4352941176470589, "support": 143}, "19": {"precision": 0.4036697247706422, "recall": 0.3826086956521739, "f1-score": 0.3928571428571429, "support": 115}, "20": {"precision": 0.4375, "recall": 0.3076923076923077, "f1-score": 0.3612903225806452, "support": 91}, "21": {"precision": 0.3333333333333333, "recall": 0.25, "f1-score": 0.28571428571428575, "support": 68}, "22": {"precision": 0.3333333333333333, "recall": 0.2549019607843137, "f1-score": 0.2888888888888889, "support": 51}, "23": {"precision": 0.2222222222222222, "recall": 0.1935483870967742, "f1-score": 0.20689655172413793, "support": 31}, "24": {"precision": 0.3333333333333333, "recall": 0.21052631578947367, "f1-score": 0.2580645161290323, "support": 19}, "25": {"precision": 0.125, "recall": 0.09090909090909091, "f1-score": 0.10526315789473685, "support": 11}, "26": {"precision": 1.0, "recall": 0.07142857142857142, "f1-score": 0.13333333333333333, "support": 14}, "27": {"precision": 0.0, "recall": 0.0, "f1-score": 0.0, "support": 1}, "accuracy": 0.504296875, "macro avg": {"precision": 0.44443832471344114, "recall": 0.38223785499951884, "f1-score": 0.39154639591033247, "support": 2560}, "weighted avg": {"precision": 0.5035918826556123, "recall": 0.504296875, "f1-score": 0.4980488541450815, "support": 2560}}