{"0": {"precision": 0.0, "recall": 0.0, "f1-score": 0.0, "support": 4}, "1": {"precision": 0.2857142857142857, "recall": 0.3333333333333333, "f1-score": 0.30769230769230765, "support": 6}, "2": {"precision": 0.5238095238095238, "recall": 0.7857142857142857, "f1-score": 0.6285714285714286, "support": 14}, "3": {"precision": 0.7096774193548387, "recall": 0.7857142857142857, "f1-score": 0.7457627118644068, "support": 28}, "4": {"precision": 0.9512195121951219, "recall": 0.7222222222222222, "f1-score": 0.8210526315789473, "support": 54}, "5": {"precision": 0.7719298245614035, "recall": 0.8461538461538461, "f1-score": 0.8073394495412844, "support": 52}, "6": {"precision": 0.8214285714285714, "recall": 0.8846153846153846, "f1-score": 0.8518518518518519, "support": 78}, "7": {"precision": 0.7959183673469388, "recall": 0.8666666666666667, "f1-score": 0.8297872340425533, "support": 90}, "8": {"precision": 0.912621359223301, "recall": 0.8034188034188035, "f1-score": 0.8545454545454545, "support": 117}, "9": {"precision": 0.9236111111111112, "recall": 0.9172413793103448, "f1-score": 0.9204152249134949, "support": 145}, "10": {"precision": 0.9096385542168675, "recall": 0.9320987654320988, "f1-score": 0.9207317073170733, "support": 162}, "11": {"precision": 0.9190751445086706, "recall": 0.8932584269662921, "f1-score": 0.905982905982906, "support": 178}, "12": {"precision": 0.9128205128205128, "recall": 0.9081632653061225, "f1-score": 0.9104859335038363, "support": 196}, "13": {"precision": 0.8917525773195877, "recall": 0.9301075268817204, "f1-score": 0.9105263157894736, "support": 186}, "14": {"precision": 0.9257142857142857, "recall": 0.8950276243093923, "f1-score": 0.9101123595505617, "support": 181}, "15": {"precision": 0.9130434782608695, "recall": 0.9385474860335196, "f1-score": 0.9256198347107438, "support": 179}, "16": {"precision": 0.9411764705882353, "recall": 0.9090909090909091, "f1-score": 0.9248554913294799, "support": 176}, "17": {"precision": 0.89937106918239, "recall": 0.9050632911392406, "f1-score": 0.9022082018927445, "support": 158}, "18": {"precision": 0.8676470588235294, "recall": 0.9291338582677166, "f1-score": 0.8973384030418251, "support": 127}, "19": {"precision": 0.9158878504672897, "recall": 0.8909090909090909, "f1-score": 0.9032258064516129, "support": 110}, "20": {"precision": 0.9090909090909091, "recall": 0.8602150537634409, "f1-score": 0.8839779005524862, "support": 93}, "21": {"precision": 0.8289473684210527, "recall": 0.8873239436619719, "f1-score": 0.8571428571428571, "support": 71}, "22": {"precision": 0.8166666666666667, "recall": 0.875, "f1-score": 0.8448275862068966, "support": 56}, "23": {"precision": 0.9473684210526315, "recall": 0.7659574468085106, "f1-score": 0.8470588235294116, "support": 47}, "24": {"precision": 0.7692307692307693, "recall": 0.8333333333333334, "f1-score": 0.8, "support": 24}, "25": {"precision": 0.8235294117647058, "recall": 0.7, "f1-score": 0.7567567567567567, "support": 20}, "26": {"precision": 0.625, "recall": 0.8333333333333334, "f1-score": 0.7142857142857143, "support": 6}, "27": {"precision": 1.0, "recall": 1.0, "f1-score": 1.0, "support": 2}, "accuracy": 0.887109375, "macro avg": {"precision": 0.8039960901026453, "recall": 0.8154158415137808, "f1-score": 0.8065055318802183, "support": 2560}, "weighted avg": {"precision": 0.8892901930157897, "recall": 0.887109375, "f1-score": 0.8869205345468677, "support": 2560}}