{"0": {"precision": 0.0, "recall": 0.0, "f1-score": 0.0, "support": 3}, "1": {"precision": 0.6, "recall": 0.6666666666666666, "f1-score": 0.631578947368421, "support": 9}, "2": {"precision": 0.2, "recall": 0.07142857142857142, "f1-score": 0.10526315789473682, "support": 14}, "3": {"precision": 0.45, "recall": 0.34615384615384615, "f1-score": 0.3913043478260869, "support": 26}, "4": {"precision": 0.34375, "recall": 0.36666666666666664, "f1-score": 0.3548387096774193, "support": 30}, "5": {"precision": 0.3225806451612903, "recall": 0.18181818181818182, "f1-score": 0.23255813953488375, "support": 55}, "6": {"precision": 0.3181818181818182, "recall": 0.18421052631578946, "f1-score": 0.23333333333333334, "support": 76}, "7": {"precision": 0.34057971014492755, "recall": 0.42727272727272725, "f1-score": 0.3790322580645162, "support": 110}, "8": {"precision": 0.2625, "recall": 0.19811320754716982, "f1-score": 0.22580645161290322, "support": 106}, "9": {"precision": 0.33714285714285713, "recall": 0.44360902255639095, "f1-score": 0.3831168831168831, "support": 133}, "10": {"precision": 0.40425531914893614, "recall": 0.3333333333333333, "f1-score": 0.3653846153846153, "support": 171}, "11": {"precision": 0.38860103626943004, "recall": 0.4573170731707317, "f1-score": 0.42016806722689076, "support": 164}, "12": {"precision": 0.4215686274509804, "recall": 0.44559585492227977, "f1-score": 0.43324937027707805, "support": 193}, "13": {"precision": 0.4051724137931034, "recall": 0.5136612021857924, "f1-score": 0.4530120481927711, "support": 183}, "14": {"precision": 0.4695121951219512, "recall": 0.47530864197530864, "f1-score": 0.4723926380368098, "support": 162}, "15": {"precision": 0.46875, "recall": 0.5357142857142857, "f1-score": 0.5, "support": 196}, "16": {"precision": 0.5, "recall": 0.43646408839779005, "f1-score": 0.46607669616519176, "support": 181}, "17": {"precision": 0.43434343434343436, "recall": 0.5512820512820513, "f1-score": 0.4858757062146893, "support": 156}, "18": {"precision": 0.2388888888888889, "recall": 0.31851851851851853, "f1-score": 0.27301587301587305, "support": 135}, "19": {"precision": 0.38461538461538464, "recall": 0.3284671532846715, "f1-score": 0.3543307086614173, "support": 137}, "20": {"precision": 0.2916666666666667, "recall": 0.18584070796460178, "f1-score": 0.22702702702702704, "support": 113}, "21": {"precision": 0.14545454545454545, "recall": 0.14545454545454545, "f1-score": 0.14545454545454545, "support": 55}, "22": {"precision": 0.36585365853658536, "recall": 0.26785714285714285, "f1-score": 0.3092783505154639, "support": 56}, "23": {"precision": 0.3684210526315789, "recall": 0.1794871794871795, "f1-score": 0.2413793103448276, "support": 39}, "24": {"precision": 0.23076923076923078, "recall": 0.1111111111111111, "f1-score": 0.15, "support": 27}, "25": {"precision": 0.5, "recall": 0.2857142857142857, "f1-score": 0.36363636363636365, "support": 21}, "26": {"precision": 0.0, "recall": 0.0, "f1-score": 0.0, "support": 5}, "27": {"precision": 0.0, "recall": 0.0, "f1-score": 0.0, "support": 4}, "accuracy": 0.384765625, "macro avg": {"precision": 0.32830741015434317, "recall": 0.30203809256427283, "f1-score": 0.307039769592241, "support": 2560}, "weighted avg": {"precision": 0.3805913030003459, "recall": 0.384765625, "f1-score": 0.37701155907561745, "support": 2560}}