{"0": {"precision": 0.0, "recall": 0.0, "f1-score": 0.0, "support": 1}, "1": {"precision": 0.6666666666666666, "recall": 0.4, "f1-score": 0.5, "support": 5}, "2": {"precision": 0.3333333333333333, "recall": 0.13333333333333333, "f1-score": 0.19047619047619044, "support": 15}, "3": {"precision": 0.34782608695652173, "recall": 0.3333333333333333, "f1-score": 0.3404255319148936, "support": 24}, "4": {"precision": 0.28125, "recall": 0.3103448275862069, "f1-score": 0.2950819672131148, "support": 29}, "5": {"precision": 0.36666666666666664, "recall": 0.1896551724137931, "f1-score": 0.25, "support": 58}, "6": {"precision": 0.39759036144578314, "recall": 0.4852941176470588, "f1-score": 0.43708609271523174, "support": 68}, "7": {"precision": 0.4, "recall": 0.43902439024390244, "f1-score": 0.4186046511627907, "support": 82}, "8": {"precision": 0.40540540540540543, "recall": 0.36585365853658536, "f1-score": 0.3846153846153847, "support": 123}, "9": {"precision": 0.48507462686567165, "recall": 0.43333333333333335, "f1-score": 0.4577464788732395, "support": 150}, "10": {"precision": 0.524390243902439, "recall": 0.5375, "f1-score": 0.5308641975308641, "support": 160}, "11": {"precision": 0.5459770114942529, "recall": 0.5491329479768786, "f1-score": 0.5475504322766571, "support": 173}, "12": {"precision": 0.6018518518518519, "recall": 0.6878306878306878, "f1-score": 0.6419753086419754, "support": 189}, "13": {"precision": 0.6414141414141414, "recall": 0.6512820512820513, "f1-score": 0.6463104325699746, "support": 195}, "14": {"precision": 0.6055555555555555, "recall": 0.592391304347826, "f1-score": 0.5989010989010989, "support": 184}, "15": {"precision": 0.5507246376811594, "recall": 0.6404494382022472, "f1-score": 0.5922077922077922, "support": 178}, "16": {"precision": 0.615, "recall": 0.6180904522613065, "f1-score": 0.6165413533834587, "support": 199}, "17": {"precision": 0.4939759036144578, "recall": 0.5734265734265734, "f1-score": 0.5307443365695792, "support": 143}, "18": {"precision": 0.4011627906976744, "recall": 0.46621621621621623, "f1-score": 0.43125, "support": 148}, "19": {"precision": 0.41496598639455784, "recall": 0.5083333333333333, "f1-score": 0.45692883895131087, "support": 120}, "20": {"precision": 0.49230769230769234, "recall": 0.3137254901960784, "f1-score": 0.38323353293413176, "support": 102}, "21": {"precision": 0.42857142857142855, "recall": 0.38461538461538464, "f1-score": 0.4054054054054054, "support": 78}, "22": {"precision": 0.3, "recall": 0.24489795918367346, "f1-score": 0.2696629213483146, "support": 49}, "23": {"precision": 0.15625, "recall": 0.14285714285714285, "f1-score": 0.14925373134328357, "support": 35}, "24": {"precision": 0.42857142857142855, "recall": 0.14285714285714285, "f1-score": 0.21428571428571427, "support": 21}, "25": {"precision": 0.125, "recall": 0.06666666666666667, "f1-score": 0.08695652173913045, "support": 15}, "26": {"precision": 0.0, "recall": 0.0, "f1-score": 0.0, "support": 10}, "27": {"precision": 1.0, "recall": 0.16666666666666666, "f1-score": 0.2857142857142857, "support": 6}, "accuracy": 0.504296875, "macro avg": {"precision": 0.4289118506927389, "recall": 0.3706111294409794, "f1-score": 0.38077936431335074, "support": 2560}, "weighted avg": {"precision": 0.4992496009880991, "recall": 0.504296875, "f1-score": 0.4973254121821424, "support": 2560}}