{"0": {"precision": 0.0, "recall": 0.0, "f1-score": 0.0, "support": 2}, "1": {"precision": 0.23529411764705882, "recall": 0.4, "f1-score": 0.29629629629629634, "support": 10}, "2": {"precision": 0.3333333333333333, "recall": 0.4, "f1-score": 0.3636363636363636, "support": 10}, "3": {"precision": 0.3, "recall": 0.2857142857142857, "f1-score": 0.2926829268292683, "support": 21}, "4": {"precision": 0.4444444444444444, "recall": 0.16326530612244897, "f1-score": 0.23880597014925373, "support": 49}, "5": {"precision": 0.08, "recall": 0.041666666666666664, "f1-score": 0.0547945205479452, "support": 48}, "6": {"precision": 0.37777777777777777, "recall": 0.22972972972972974, "f1-score": 0.28571428571428575, "support": 74}, "7": {"precision": 0.3020833333333333, "recall": 0.2871287128712871, "f1-score": 0.29441624365482233, "support": 101}, "8": {"precision": 0.21428571428571427, "recall": 0.1188118811881188, "f1-score": 0.15286624203821655, "support": 101}, "9": {"precision": 0.2608695652173913, "recall": 0.21897810218978103, "f1-score": 0.23809523809523808, "support": 137}, "10": {"precision": 0.2222222222222222, "recall": 0.2598870056497175, "f1-score": 0.23958333333333331, "support": 177}, "11": {"precision": 0.3236994219653179, "recall": 0.2814070351758794, "f1-score": 0.30107526881720437, "support": 199}, "12": {"precision": 0.2170212765957447, "recall": 0.26842105263157895, "f1-score": 0.24, "support": 190}, "13": {"precision": 0.27976190476190477, "recall": 0.2640449438202247, "f1-score": 0.27167630057803466, "support": 178}, "14": {"precision": 0.33125, "recall": 0.2623762376237624, "f1-score": 0.292817679558011, "support": 202}, "15": {"precision": 0.1906005221932115, "recall": 0.3862433862433862, "f1-score": 0.2552447552447552, "support": 189}, "16": {"precision": 0.2235294117647059, "recall": 0.24675324675324675, "f1-score": 0.2345679012345679, "support": 154}, "17": {"precision": 0.24456521739130435, "recall": 0.2710843373493976, "f1-score": 0.2571428571428571, "support": 166}, "18": {"precision": 0.19393939393939394, "recall": 0.24060150375939848, "f1-score": 0.21476510067114093, "support": 133}, "19": {"precision": 0.2358490566037736, "recall": 0.22123893805309736, "f1-score": 0.228310502283105, "support": 113}, "20": {"precision": 0.22727272727272727, "recall": 0.2222222222222222, "f1-score": 0.22471910112359547, "support": 90}, "21": {"precision": 0.24242424242424243, "recall": 0.12307692307692308, "f1-score": 0.163265306122449, "support": 65}, "22": {"precision": 0.18421052631578946, "recall": 0.11290322580645161, "f1-score": 0.14, "support": 62}, "23": {"precision": 0.42857142857142855, "recall": 0.23684210526315788, "f1-score": 0.30508474576271183, "support": 38}, "24": {"precision": 0.3684210526315789, "recall": 0.21875, "f1-score": 0.2745098039215686, "support": 32}, "25": {"precision": 0.25, "recall": 0.07142857142857142, "f1-score": 0.11111111111111112, "support": 14}, "26": {"precision": 0.5, "recall": 0.25, "f1-score": 0.3333333333333333, "support": 4}, "27": {"precision": 0.0, "recall": 0.0, "f1-score": 0.0, "support": 1}, "accuracy": 0.246484375, "macro avg": {"precision": 0.2575509532390142, "recall": 0.21723483640497618, "f1-score": 0.2251612566856953, "support": 2560}, "weighted avg": {"precision": 0.2577514807772323, "recall": 0.246484375, "f1-score": 0.24439030335479836, "support": 2560}}