{"0": {"precision": 1.0, "recall": 0.3333333333333333, "f1-score": 0.5, "support": 3}, "1": {"precision": 0.8, "recall": 0.5714285714285714, "f1-score": 0.6666666666666666, "support": 7}, "2": {"precision": 0.625, "recall": 0.7692307692307693, "f1-score": 0.6896551724137931, "support": 13}, "3": {"precision": 0.8846153846153846, "recall": 0.8518518518518519, "f1-score": 0.8679245283018868, "support": 27}, "4": {"precision": 0.8823529411764706, "recall": 0.8823529411764706, "f1-score": 0.8823529411764706, "support": 34}, "5": {"precision": 0.8867924528301887, "recall": 0.8545454545454545, "f1-score": 0.8703703703703703, "support": 55}, "6": {"precision": 0.8297872340425532, "recall": 0.9069767441860465, "f1-score": 0.8666666666666666, "support": 86}, "7": {"precision": 0.9204545454545454, "recall": 0.8350515463917526, "f1-score": 0.8756756756756756, "support": 97}, "8": {"precision": 0.8725490196078431, "recall": 0.89, "f1-score": 0.8811881188118812, "support": 100}, "9": {"precision": 0.8580645161290322, "recall": 0.9236111111111112, "f1-score": 0.8896321070234114, "support": 144}, "10": {"precision": 0.9215686274509803, "recall": 0.8597560975609756, "f1-score": 0.8895899053627759, "support": 164}, "11": {"precision": 0.9052631578947369, "recall": 0.9148936170212766, "f1-score": 0.91005291005291, "support": 188}, "12": {"precision": 0.9132947976878613, "recall": 0.8876404494382022, "f1-score": 0.9002849002849002, "support": 178}, "13": {"precision": 0.8797814207650273, "recall": 0.8994413407821229, "f1-score": 0.8895027624309393, "support": 179}, "14": {"precision": 0.8688524590163934, "recall": 0.8833333333333333, "f1-score": 0.8760330578512396, "support": 180}, "15": {"precision": 0.8563218390804598, "recall": 0.8514285714285714, "f1-score": 0.853868194842407, "support": 175}, "16": {"precision": 0.875, "recall": 0.875, "f1-score": 0.875, "support": 192}, "17": {"precision": 0.8823529411764706, "recall": 0.8571428571428571, "f1-score": 0.8695652173913043, "support": 175}, "18": {"precision": 0.7933333333333333, "recall": 0.875, "f1-score": 0.8321678321678322, "support": 136}, "19": {"precision": 0.8878504672897196, "recall": 0.8189655172413793, "f1-score": 0.8520179372197308, "support": 116}, "20": {"precision": 0.8823529411764706, "recall": 0.8928571428571429, "f1-score": 0.8875739644970414, "support": 84}, "21": {"precision": 0.8589743589743589, "recall": 0.8933333333333333, "f1-score": 0.8758169934640523, "support": 75}, "22": {"precision": 0.74, "recall": 0.8222222222222222, "f1-score": 0.7789473684210526, "support": 45}, "23": {"precision": 0.7948717948717948, "recall": 0.6739130434782609, "f1-score": 0.7294117647058824, "support": 46}, "24": {"precision": 0.7222222222222222, "recall": 0.7878787878787878, "f1-score": 0.7536231884057971, "support": 33}, "25": {"precision": 0.7333333333333333, "recall": 0.6470588235294118, "f1-score": 0.6875, "support": 17}, "26": {"precision": 0.8333333333333334, "recall": 0.625, "f1-score": 0.7142857142857143, "support": 8}, "27": {"precision": 1.0, "recall": 0.6666666666666666, "f1-score": 0.8, "support": 3}, "accuracy": 0.86796875, "macro avg": {"precision": 0.8538686829093755, "recall": 0.8053540759703539, "f1-score": 0.8201919270889428, "support": 2560}, "weighted avg": {"precision": 0.869584481414635, "recall": 0.86796875, "f1-score": 0.8677366166661642, "support": 2560}}