{"1": {"precision": 0.0, "recall": 0.0, "f1-score": 0.0, "support": 1}, "2": {"precision": 0.6666666666666666, "recall": 0.4, "f1-score": 0.5, "support": 20}, "3": {"precision": 0.4827586206896552, "recall": 0.56, "f1-score": 0.5185185185185185, "support": 25}, "4": {"precision": 0.7692307692307693, "recall": 0.6818181818181818, "f1-score": 0.7228915662650602, "support": 44}, "5": {"precision": 0.6666666666666666, "recall": 0.6666666666666666, "f1-score": 0.6666666666666666, "support": 45}, "6": {"precision": 0.7564102564102564, "recall": 0.7195121951219512, "f1-score": 0.7375, "support": 82}, "7": {"precision": 0.7383177570093458, "recall": 0.8494623655913979, "f1-score": 0.79, "support": 93}, "8": {"precision": 0.8137254901960784, "recall": 0.7830188679245284, "f1-score": 0.7980769230769231, "support": 106}, "9": {"precision": 0.7832167832167832, "recall": 0.7777777777777778, "f1-score": 0.7804878048780487, "support": 144}, "10": {"precision": 0.7529411764705882, "recall": 0.7852760736196319, "f1-score": 0.7687687687687688, "support": 163}, "11": {"precision": 0.8058823529411765, "recall": 0.791907514450867, "f1-score": 0.7988338192419824, "support": 173}, "12": {"precision": 0.8275862068965517, "recall": 0.7955801104972375, "f1-score": 0.8112676056338027, "support": 181}, "13": {"precision": 0.7979274611398963, "recall": 0.7938144329896907, "f1-score": 0.7958656330749353, "support": 194}, "14": {"precision": 0.785, "recall": 0.7969543147208121, "f1-score": 0.7909319899244333, "support": 197}, "15": {"precision": 0.8214285714285714, "recall": 0.8598130841121495, "f1-score": 0.8401826484018264, "support": 214}, "16": {"precision": 0.7604790419161677, "recall": 0.7888198757763976, "f1-score": 0.7743902439024389, "support": 161}, "17": {"precision": 0.7719298245614035, "recall": 0.7674418604651163, "f1-score": 0.7696793002915452, "support": 172}, "18": {"precision": 0.7596899224806202, "recall": 0.765625, "f1-score": 0.7626459143968871, "support": 128}, "19": {"precision": 0.7575757575757576, "recall": 0.7575757575757576, "f1-score": 0.7575757575757576, "support": 99}, "20": {"precision": 0.8229166666666666, "recall": 0.79, "f1-score": 0.806122448979592, "support": 100}, "21": {"precision": 0.676923076923077, "recall": 0.7586206896551724, "f1-score": 0.7154471544715447, "support": 58}, "22": {"precision": 0.7096774193548387, "recall": 0.6285714285714286, "f1-score": 0.6666666666666666, "support": 70}, "23": {"precision": 0.4827586206896552, "recall": 0.45161290322580644, "f1-score": 0.4666666666666667, "support": 31}, "24": {"precision": 0.5172413793103449, "recall": 0.4838709677419355, "f1-score": 0.5000000000000001, "support": 31}, "25": {"precision": 0.38095238095238093, "recall": 0.5, "f1-score": 0.4324324324324324, "support": 16}, "26": {"precision": 0.0, "recall": 0.0, "f1-score": 0.0, "support": 8}, "27": {"precision": 1.0, "recall": 1.0, "f1-score": 1.0, "support": 4}, "accuracy": 0.765234375, "macro avg": {"precision": 0.6706630692368117, "recall": 0.6649533358630558, "f1-score": 0.6656155011049814, "support": 2560}, "weighted avg": {"precision": 0.7640311703577207, "recall": 0.765234375, "f1-score": 0.7638281195099811, "support": 2560}}