{"0": {"precision": 0.0, "recall": 0.0, "f1-score": 0.0, "support": 2}, "1": {"precision": 0.0, "recall": 0.0, "f1-score": 0.0, "support": 10}, "2": {"precision": 0.09090909090909091, "recall": 0.1111111111111111, "f1-score": 0.09999999999999999, "support": 18}, "3": {"precision": 0.09523809523809523, "recall": 0.2962962962962963, "f1-score": 0.14414414414414414, "support": 27}, "4": {"precision": 0.15384615384615385, "recall": 0.12903225806451613, "f1-score": 0.14035087719298245, "support": 31}, "5": {"precision": 0.0625, "recall": 0.06382978723404255, "f1-score": 0.06315789473684211, "support": 47}, "6": {"precision": 0.14634146341463414, "recall": 0.07407407407407407, "f1-score": 0.0983606557377049, "support": 81}, "7": {"precision": 0.14457831325301204, "recall": 0.13333333333333333, "f1-score": 0.13872832369942195, "support": 90}, "8": {"precision": 0.11570247933884298, "recall": 0.1206896551724138, "f1-score": 0.11814345991561181, "support": 116}, "9": {"precision": 0.10687022900763359, "recall": 0.0979020979020979, "f1-score": 0.10218978102189781, "support": 143}, "10": {"precision": 0.17006802721088435, "recall": 0.15337423312883436, "f1-score": 0.16129032258064518, "support": 163}, "11": {"precision": 0.13861386138613863, "recall": 0.08695652173913043, "f1-score": 0.10687022900763359, "support": 161}, "12": {"precision": 0.07801418439716312, "recall": 0.06111111111111111, "f1-score": 0.06853582554517133, "support": 180}, "13": {"precision": 0.12777777777777777, "recall": 0.11734693877551021, "f1-score": 0.12234042553191489, "support": 196}, "14": {"precision": 0.11848341232227488, "recall": 0.1201923076923077, "f1-score": 0.11933174224343675, "support": 208}, "15": {"precision": 0.07017543859649122, "recall": 0.08888888888888889, "f1-score": 0.07843137254901959, "support": 180}, "16": {"precision": 0.09782608695652174, "recall": 0.11842105263157894, "f1-score": 0.10714285714285714, "support": 152}, "17": {"precision": 0.08076923076923077, "recall": 0.12209302325581395, "f1-score": 0.09722222222222222, "support": 172}, "18": {"precision": 0.12318840579710146, "recall": 0.12408759124087591, "f1-score": 0.12363636363636364, "support": 137}, "19": {"precision": 0.10483870967741936, "recall": 0.10833333333333334, "f1-score": 0.10655737704918032, "support": 120}, "20": {"precision": 0.07547169811320754, "recall": 0.042105263157894736, "f1-score": 0.05405405405405405, "support": 95}, "21": {"precision": 0.15873015873015872, "recall": 0.11627906976744186, "f1-score": 0.1342281879194631, "support": 86}, "22": {"precision": 0.07142857142857142, "recall": 0.0684931506849315, "f1-score": 0.06993006993006994, "support": 73}, "23": {"precision": 0.03571428571428571, "recall": 0.03333333333333333, "f1-score": 0.03448275862068965, "support": 30}, "24": {"precision": 0.05714285714285714, "recall": 0.09523809523809523, "f1-score": 0.07142857142857142, "support": 21}, "25": {"precision": 0.125, "recall": 0.07692307692307693, "f1-score": 0.09523809523809525, "support": 13}, "26": {"precision": 0.3333333333333333, "recall": 0.25, "f1-score": 0.28571428571428575, "support": 4}, "27": {"precision": 0.0, "recall": 0.0, "f1-score": 0.0, "support": 4}, "accuracy": 0.10546875, "macro avg": {"precision": 0.10294863801288857, "recall": 0.10033734300321585, "f1-score": 0.0979110677450814, "support": 2560}, "weighted avg": {"precision": 0.10990983936657925, "recall": 0.10546875, "f1-score": 0.10545471735662741, "support": 2560}}