{"0": {"precision": 0.0, "recall": 0.0, "f1-score": 0.0, "support": 1}, "1": {"precision": 0.5, "recall": 0.1111111111111111, "f1-score": 0.1818181818181818, "support": 9}, "2": {"precision": 0.35294117647058826, "recall": 0.375, "f1-score": 0.3636363636363636, "support": 16}, "3": {"precision": 0.375, "recall": 0.391304347826087, "f1-score": 0.3829787234042554, "support": 23}, "4": {"precision": 0.6428571428571429, "recall": 0.4090909090909091, "f1-score": 0.5000000000000001, "support": 44}, "5": {"precision": 0.6190476190476191, "recall": 0.49056603773584906, "f1-score": 0.5473684210526316, "support": 53}, "6": {"precision": 0.6119402985074627, "recall": 0.6029411764705882, "f1-score": 0.6074074074074075, "support": 68}, "7": {"precision": 0.5617977528089888, "recall": 0.5617977528089888, "f1-score": 0.5617977528089888, "support": 89}, "8": {"precision": 0.5289855072463768, "recall": 0.6134453781512605, "f1-score": 0.5680933852140078, "support": 119}, "9": {"precision": 0.5714285714285714, "recall": 0.6518518518518519, "f1-score": 0.6089965397923875, "support": 135}, "10": {"precision": 0.7027027027027027, "recall": 0.6303030303030303, "f1-score": 0.6645367412140575, "support": 165}, "11": {"precision": 0.7314285714285714, "recall": 0.735632183908046, "f1-score": 0.7335243553008597, "support": 174}, "12": {"precision": 0.7251184834123223, "recall": 0.7766497461928934, "f1-score": 0.75, "support": 197}, "13": {"precision": 0.6685714285714286, "recall": 0.65, "f1-score": 0.6591549295774649, "support": 180}, "14": {"precision": 0.694300518134715, "recall": 0.7127659574468085, "f1-score": 0.7034120734908137, "support": 188}, "15": {"precision": 0.6777777777777778, "recall": 0.6740331491712708, "f1-score": 0.6759002770083103, "support": 181}, "16": {"precision": 0.694300518134715, "recall": 0.7015706806282722, "f1-score": 0.6979166666666666, "support": 191}, "17": {"precision": 0.6386138613861386, "recall": 0.7371428571428571, "f1-score": 0.6843501326259946, "support": 175}, "18": {"precision": 0.6617647058823529, "recall": 0.625, "f1-score": 0.6428571428571429, "support": 144}, "19": {"precision": 0.6481481481481481, "recall": 0.5882352941176471, "f1-score": 0.6167400881057269, "support": 119}, "20": {"precision": 0.5652173913043478, "recall": 0.611764705882353, "f1-score": 0.5875706214689267, "support": 85}, "21": {"precision": 0.46987951807228917, "recall": 0.527027027027027, "f1-score": 0.49681528662420377, "support": 74}, "22": {"precision": 0.4772727272727273, "recall": 0.3559322033898305, "f1-score": 0.4077669902912622, "support": 59}, "23": {"precision": 0.3333333333333333, "recall": 0.4166666666666667, "f1-score": 0.3703703703703704, "support": 24}, "24": {"precision": 0.25, "recall": 0.21739130434782608, "f1-score": 0.23255813953488372, "support": 23}, "25": {"precision": 0.0, "recall": 0.0, "f1-score": 0.0, "support": 8}, "26": {"precision": 1.0, "recall": 0.1111111111111111, "f1-score": 0.19999999999999998, "support": 9}, "27": {"precision": 0.5, "recall": 0.14285714285714285, "f1-score": 0.22222222222222224, "support": 7}, "accuracy": 0.63359375, "macro avg": {"precision": 0.5429438483545829, "recall": 0.4793282723299796, "f1-score": 0.4881354575890403, "support": 2560}, "weighted avg": {"precision": 0.634843588339633, "recall": 0.63359375, "f1-score": 0.6304844777113434, "support": 2560}}