{"0": {"precision": 0.0, "recall": 0.0, "f1-score": 0.0, "support": 4}, "1": {"precision": 0.041666666666666664, "recall": 0.25, "f1-score": 0.07142857142857142, "support": 8}, "2": {"precision": 0.05, "recall": 0.05, "f1-score": 0.05000000000000001, "support": 20}, "3": {"precision": 0.05555555555555555, "recall": 0.17391304347826086, "f1-score": 0.08421052631578947, "support": 23}, "4": {"precision": 0.2, "recall": 0.11363636363636363, "f1-score": 0.14492753623188406, "support": 44}, "5": {"precision": 0.08, "recall": 0.07017543859649122, "f1-score": 0.07476635514018691, "support": 57}, "6": {"precision": 0.07017543859649122, "recall": 0.06451612903225806, "f1-score": 0.06722689075630252, "support": 62}, "7": {"precision": 0.11206896551724138, "recall": 0.15294117647058825, "f1-score": 0.1293532338308458, "support": 85}, "8": {"precision": 0.10476190476190476, "recall": 0.1134020618556701, "f1-score": 0.10891089108910891, "support": 97}, "9": {"precision": 0.12337662337662338, "recall": 0.12337662337662338, "f1-score": 0.12337662337662338, "support": 154}, "10": {"precision": 0.14285714285714285, "recall": 0.09375, "f1-score": 0.11320754716981132, "support": 160}, "11": {"precision": 0.11, "recall": 0.06111111111111111, "f1-score": 0.07857142857142857, "support": 180}, "12": {"precision": 0.1286549707602339, "recall": 0.11764705882352941, "f1-score": 0.12290502793296089, "support": 187}, "13": {"precision": 0.1452513966480447, "recall": 0.13, "f1-score": 0.13720316622691292, "support": 200}, "14": {"precision": 0.10052910052910052, "recall": 0.09405940594059406, "f1-score": 0.09718670076726342, "support": 202}, "15": {"precision": 0.09055118110236221, "recall": 0.13372093023255813, "f1-score": 0.107981220657277, "support": 172}, "16": {"precision": 0.11162790697674418, "recall": 0.12972972972972974, "f1-score": 0.12, "support": 185}, "17": {"precision": 0.12060301507537688, "recall": 0.15286624203821655, "f1-score": 0.1348314606741573, "support": 157}, "18": {"precision": 0.11888111888111888, "recall": 0.136, "f1-score": 0.12686567164179105, "support": 125}, "19": {"precision": 0.09917355371900827, "recall": 0.10256410256410256, "f1-score": 0.10084033613445378, "support": 117}, "20": {"precision": 0.10416666666666667, "recall": 0.05102040816326531, "f1-score": 0.0684931506849315, "support": 98}, "21": {"precision": 0.023255813953488372, "recall": 0.012987012987012988, "f1-score": 0.016666666666666663, "support": 77}, "22": {"precision": 0.05, "recall": 0.03636363636363636, "f1-score": 0.042105263157894736, "support": 55}, "23": {"precision": 0.10256410256410256, "recall": 0.09302325581395349, "f1-score": 0.0975609756097561, "support": 43}, "24": {"precision": 0.12903225806451613, "recall": 0.18181818181818182, "f1-score": 0.1509433962264151, "support": 22}, "25": {"precision": 0.0, "recall": 0.0, "f1-score": 0.0, "support": 17}, "26": {"precision": 0.041666666666666664, "recall": 0.16666666666666666, "f1-score": 0.06666666666666667, "support": 6}, "27": {"precision": 0.0, "recall": 0.0, "f1-score": 0.0, "support": 3}, "accuracy": 0.106640625, "macro avg": {"precision": 0.08772928746210913, "recall": 0.1001888778106719, "f1-score": 0.08700818953420356, "support": 2560}, "weighted avg": {"precision": 0.10896664734710444, "recall": 0.106640625, "f1-score": 0.10508243381644244, "support": 2560}}