{"0": {"precision": 0.0, "recall": 0.0, "f1-score": 0.0, "support": 33.0}, "1": {"precision": 0.25, "recall": 0.28378378378378377, "f1-score": 0.26582278481012656, "support": 74.0}, "2": {"precision": 0.3869047619047619, "recall": 0.40372670807453415, "f1-score": 0.3951367781155016, "support": 161.0}, "3": {"precision": 0.35906040268456374, "recall": 0.44583333333333336, "f1-score": 0.3977695167286245, "support": 240.0}, "4": {"precision": 0.49230769230769234, "recall": 0.24181360201511334, "f1-score": 0.3243243243243243, "support": 397.0}, "5": {"precision": 0.4823943661971831, "recall": 0.24863883847549909, "f1-score": 0.3281437125748503, "support": 551.0}, "6": {"precision": 0.34402852049910876, "recall": 0.275320970042796, "f1-score": 0.30586370839936605, "support": 701.0}, "7": {"precision": 0.2919148936170213, "recall": 0.38757062146892657, "f1-score": 0.3330097087378641, "support": 885.0}, "8": {"precision": 0.29199372056514916, "recall": 0.15911035072711718, "f1-score": 0.2059800664451827, "support": 1169.0}, "9": {"precision": 0.39926062846580407, "recall": 0.3070362473347548, "f1-score": 0.3471273603856971, "support": 1407.0}, "10": {"precision": 0.27616926503340755, "recall": 0.31, "f1-score": 0.29210836277974084, "support": 1600.0}, "11": {"precision": 0.4121580547112462, "recall": 0.3834841628959276, "f1-score": 0.39730442426018175, "support": 1768.0}, "12": {"precision": 0.2939009414654114, "recall": 0.3870619946091644, "f1-score": 0.3341088878548162, "support": 1855.0}, "13": {"precision": 0.49193548387096775, "recall": 0.2454728370221328, "f1-score": 0.3275167785234899, "support": 1988.0}, "14": {"precision": 0.3290788013318535, "recall": 0.3169428113308391, "f1-score": 0.32289681459297576, "support": 1871.0}, "15": {"precision": 0.24002849002849003, "recall": 0.553972602739726, "f1-score": 0.3349345701507371, "support": 1825.0}, "16": {"precision": 0.3173264114211551, "recall": 0.2778409090909091, "f1-score": 0.2962738564071493, "support": 1760.0}, "17": {"precision": 0.30939557151406344, "recall": 0.3164014687882497, "f1-score": 0.3128593040847201, "support": 1634.0}, "18": {"precision": 0.27336860670194, "recall": 0.3374455732946299, "f1-score": 0.3020461188697629, "support": 1378.0}, "19": {"precision": 0.23336547733847637, "recall": 0.1967479674796748, "f1-score": 0.21349801499779444, "support": 1230.0}, "20": {"precision": 0.2357373519913886, "recall": 0.23372465314834578, "f1-score": 0.2347266881028939, "support": 937.0}, "21": {"precision": 0.33194154488517746, "recall": 0.21603260869565216, "f1-score": 0.2617283950617284, "support": 736.0}, "22": {"precision": 0.23024054982817868, "recall": 0.12617702448210924, "f1-score": 0.1630170316301703, "support": 531.0}, "23": {"precision": 0.324468085106383, "recall": 0.1639784946236559, "f1-score": 0.21785714285714283, "support": 372.0}, "24": {"precision": 0.23728813559322035, "recall": 0.23829787234042554, "f1-score": 0.23779193205944796, "support": 235.0}, "25": {"precision": 0.29577464788732394, "recall": 0.13548387096774195, "f1-score": 0.18584070796460178, "support": 155.0}, "26": {"precision": 0.38666666666666666, "recall": 0.35365853658536583, "f1-score": 0.3694267515923567, "support": 82.0}, "27": {"precision": 0.42857142857142855, "recall": 0.12, "f1-score": 0.1875, "support": 25.0}, "accuracy": 0.30828125, "macro avg": {"precision": 0.31947430357814505, "recall": 0.2737699229768003, "f1-score": 0.28195049079683027, "support": 25600.0}, "weighted avg": {"precision": 0.3264949660246041, "recall": 0.30828125, "f1-score": 0.3044545691176059, "support": 25600.0}}