{"0": {"precision": 0.0, "recall": 0.0, "f1-score": 0.0, "support": 35.0}, "1": {"precision": 0.6956521739130435, "recall": 1.0, "f1-score": 0.8205128205128205, "support": 80.0}, "2": {"precision": 0.7048458149779736, "recall": 1.0, "f1-score": 0.8268733850129198, "support": 160.0}, "3": {"precision": 0.6651785714285714, "recall": 0.6898148148148148, "f1-score": 0.6772727272727272, "support": 216.0}, "4": {"precision": 0.9873817034700315, "recall": 0.8067010309278351, "f1-score": 0.8879432624113476, "support": 388.0}, "5": {"precision": 0.9886578449905482, "recall": 0.9924098671726755, "f1-score": 0.990530303030303, "support": 527.0}, "6": {"precision": 0.9811320754716981, "recall": 0.9918256130790191, "f1-score": 0.9864498644986449, "support": 734.0}, "7": {"precision": 0.9633123689727463, "recall": 0.984994640943194, "f1-score": 0.9740328563857976, "support": 933.0}, "8": {"precision": 0.9719051799824407, "recall": 0.9693520140105079, "f1-score": 0.9706269180184129, "support": 1142.0}, "9": {"precision": 0.985663082437276, "recall": 0.9772565742714996, "f1-score": 0.9814418272662383, "support": 1407.0}, "10": {"precision": 0.9879441624365483, "recall": 0.9873176918199112, "f1-score": 0.9876308277830638, "support": 1577.0}, "11": {"precision": 0.9828918322295805, "recall": 0.9894444444444445, "f1-score": 0.9861572535991141, "support": 1800.0}, "12": {"precision": 0.9983361064891847, "recall": 0.9830693610049154, "f1-score": 0.9906439185470557, "support": 1831.0}, "13": {"precision": 1.0, "recall": 0.9984317825405122, "f1-score": 0.9992152759612869, "support": 1913.0}, "14": {"precision": 1.0, "recall": 0.9989412387506618, "f1-score": 0.9994703389830508, "support": 1889.0}, "15": {"precision": 0.9989159891598915, "recall": 0.9989159891598915, "f1-score": 0.9989159891598915, "support": 1845.0}, "16": {"precision": 0.9988833054159687, "recall": 0.9972129319955407, "f1-score": 0.998047419804742, "support": 1794.0}, "17": {"precision": 0.9969097651421508, "recall": 0.9993804213135068, "f1-score": 0.9981435643564356, "support": 1614.0}, "18": {"precision": 0.9992932862190813, "recall": 0.992280701754386, "f1-score": 0.995774647887324, "support": 1425.0}, "19": {"precision": 0.990418118466899, "recall": 0.9427860696517413, "f1-score": 0.9660152931180969, "support": 1206.0}, "20": {"precision": 0.9322200392927309, "recall": 0.9528112449799196, "f1-score": 0.9424031777557101, "support": 996.0}, "21": {"precision": 0.9352617079889807, "recall": 0.9686162624821684, "f1-score": 0.951646811492642, "support": 701.0}, "22": {"precision": 0.9484777517564403, "recall": 0.7527881040892194, "f1-score": 0.839378238341969, "support": 538.0}, "23": {"precision": 0.6395663956639567, "recall": 0.6704545454545454, "f1-score": 0.6546463245492372, "support": 352.0}, "24": {"precision": 0.5433070866141733, "recall": 0.5390625, "f1-score": 0.5411764705882354, "support": 256.0}, "25": {"precision": 0.4460093896713615, "recall": 0.6643356643356644, "f1-score": 0.5337078651685393, "support": 143.0}, "26": {"precision": 0.4050632911392405, "recall": 0.43243243243243246, "f1-score": 0.41830065359477125, "support": 74.0}, "27": {"precision": 0.3582089552238806, "recall": 1.0, "f1-score": 0.5274725274725275, "support": 24.0}, "accuracy": 0.9626171875, "macro avg": {"precision": 0.8251941428055141, "recall": 0.8671655693367502, "f1-score": 0.8373010915204612, "support": 25600.0}, "weighted avg": {"precision": 0.9653299390014933, "recall": 0.9626171875, "f1-score": 0.963031516721417, "support": 25600.0}}