{"0": {"precision": 0.0, "recall": 0.0, "f1-score": 0.0, "support": 29.0}, "1": {"precision": 0.75, "recall": 1.0, "f1-score": 0.8571428571428571, "support": 87.0}, "2": {"precision": 0.4717607973421927, "recall": 1.0, "f1-score": 0.6410835214446953, "support": 142.0}, "3": {"precision": 0.47368421052631576, "recall": 0.3375, "f1-score": 0.3941605839416058, "support": 240.0}, "4": {"precision": 0.9961832061068703, "recall": 0.7435897435897436, "f1-score": 0.8515497553017944, "support": 351.0}, "5": {"precision": 0.9753521126760564, "recall": 0.9981981981981982, "f1-score": 0.9866429207479964, "support": 555.0}, "6": {"precision": 0.9609826589595376, "recall": 0.979381443298969, "f1-score": 0.9700948212983224, "support": 679.0}, "7": {"precision": 0.9913700107874865, "recall": 0.9714587737843552, "f1-score": 0.9813134009610252, "support": 946.0}, "8": {"precision": 1.0, "recall": 0.993127147766323, "f1-score": 0.996551724137931, "support": 1164.0}, "9": {"precision": 0.9985272459499264, "recall": 1.0, "f1-score": 0.9992630803242447, "support": 1356.0}, "10": {"precision": 0.9993993993993994, "recall": 0.9987995198079231, "f1-score": 0.999099369558691, "support": 1666.0}, "11": {"precision": 0.9982668977469671, "recall": 0.9994216310005783, "f1-score": 0.9988439306358382, "support": 1729.0}, "12": {"precision": 1.0, "recall": 0.9984709480122325, "f1-score": 0.9992348890589136, "support": 1962.0}, "13": {"precision": 1.0, "recall": 1.0, "f1-score": 1.0, "support": 1936.0}, "14": {"precision": 1.0, "recall": 1.0, "f1-score": 1.0, "support": 1898.0}, "15": {"precision": 1.0, "recall": 1.0, "f1-score": 1.0, "support": 1905.0}, "16": {"precision": 1.0, "recall": 1.0, "f1-score": 1.0, "support": 1776.0}, "17": {"precision": 1.0, "recall": 0.9993827160493827, "f1-score": 0.9996912627354121, "support": 1620.0}, "18": {"precision": 0.9992619926199262, "recall": 0.9985250737463127, "f1-score": 0.99889339727038, "support": 1356.0}, "19": {"precision": 0.998303647158609, "recall": 0.9991511035653651, "f1-score": 0.9987271955876115, "support": 1178.0}, "20": {"precision": 0.9988262910798122, "recall": 0.9929988331388565, "f1-score": 0.9959040374488005, "support": 857.0}, "21": {"precision": 0.9910313901345291, "recall": 0.9404255319148936, "f1-score": 0.965065502183406, "support": 705.0}, "22": {"precision": 0.9113924050632911, "recall": 0.7646017699115044, "f1-score": 0.8315688161693936, "support": 565.0}, "23": {"precision": 0.6453333333333333, "recall": 0.6335078534031413, "f1-score": 0.6393659180977542, "support": 382.0}, "24": {"precision": 0.45525291828793774, "recall": 0.4834710743801653, "f1-score": 0.468937875751503, "support": 242.0}, "25": {"precision": 0.40476190476190477, "recall": 0.53125, "f1-score": 0.4594594594594595, "support": 160.0}, "26": {"precision": 0.17582417582417584, "recall": 0.21052631578947367, "f1-score": 0.19161676646706585, "support": 76.0}, "27": {"precision": 0.3877551020408163, "recall": 1.0, "f1-score": 0.5588235294117647, "support": 38.0}, "accuracy": 0.9641015625, "macro avg": {"precision": 0.806545346421396, "recall": 0.8419209884770507, "f1-score": 0.8136798076834453, "support": 25600.0}, "weighted avg": {"precision": 0.9681019821345974, "recall": 0.9641015625, "f1-score": 0.9647233458707806, "support": 25600.0}}