{"0": {"precision": 0.0, "recall": 0.0, "f1-score": 0.0, "support": 21.0}, "1": {"precision": 0.006756756756756757, "recall": 0.013333333333333334, "f1-score": 0.008968609865470852, "support": 75.0}, "2": {"precision": 0.07046070460704607, "recall": 0.17333333333333334, "f1-score": 0.1001926782273603, "support": 150.0}, "3": {"precision": 0.09939148073022312, "recall": 0.20416666666666666, "f1-score": 0.13369713506139153, "support": 240.0}, "4": {"precision": 0.10526315789473684, "recall": 0.116991643454039, "f1-score": 0.11081794195250658, "support": 359.0}, "5": {"precision": 0.10309278350515463, "recall": 0.1088929219600726, "f1-score": 0.10591350397175642, "support": 551.0}, "6": {"precision": 0.07815275310834814, "recall": 0.06188466947960619, "f1-score": 0.06907378335949767, "support": 711.0}, "7": {"precision": 0.11325724319578578, "recall": 0.13915857605177995, "f1-score": 0.12487899322362055, "support": 927.0}, "8": {"precision": 0.10038610038610038, "recall": 0.09302325581395349, "f1-score": 0.09656453110492107, "support": 1118.0}, "9": {"precision": 0.10816326530612246, "recall": 0.07320441988950276, "f1-score": 0.0873146622734761, "support": 1448.0}, "10": {"precision": 0.11954765751211632, "recall": 0.09616634178037686, "f1-score": 0.10658984515664385, "support": 1539.0}, "11": {"precision": 0.12717291857273558, "recall": 0.07641561297416163, "f1-score": 0.09546703296703296, "support": 1819.0}, "12": {"precision": 0.12705272255834055, "recall": 0.07652264445601249, "f1-score": 0.09551656920077974, "support": 1921.0}, "13": {"precision": 0.09456264775413711, "recall": 0.10460251046025104, "f1-score": 0.09932952570151476, "support": 1912.0}, "14": {"precision": 0.10203298810893748, "recall": 0.13768115942028986, "f1-score": 0.11720643313505177, "support": 1932.0}, "15": {"precision": 0.09004934210526316, "recall": 0.11248073959938366, "f1-score": 0.10002283626398721, "support": 1947.0}, "16": {"precision": 0.09222846441947566, "recall": 0.11636148848198465, "f1-score": 0.10289892922434055, "support": 1693.0}, "17": {"precision": 0.0984375, "recall": 0.11819887429643527, "f1-score": 0.10741687979539642, "support": 1599.0}, "18": {"precision": 0.10590383444917834, "recall": 0.1262699564586357, "f1-score": 0.11519364448857994, "support": 1378.0}, "19": {"precision": 0.09722222222222222, "recall": 0.09186351706036745, "f1-score": 0.09446693657219972, "support": 1143.0}, "20": {"precision": 0.1337295690936107, "recall": 0.0949367088607595, "f1-score": 0.11104256631708823, "support": 948.0}, "21": {"precision": 0.14285714285714285, "recall": 0.08725761772853186, "f1-score": 0.10834049871023216, "support": 722.0}, "22": {"precision": 0.08163265306122448, "recall": 0.07285974499089254, "f1-score": 0.0769971126082772, "support": 549.0}, "23": {"precision": 0.11204481792717087, "recall": 0.10989010989010989, "f1-score": 0.11095700416088766, "support": 364.0}, "24": {"precision": 0.055793991416309016, "recall": 0.05019305019305019, "f1-score": 0.052845528455284556, "support": 259.0}, "25": {"precision": 0.17391304347826086, "recall": 0.14906832298136646, "f1-score": 0.1605351170568562, "support": 161.0}, "26": {"precision": 0.0821917808219178, "recall": 0.06741573033707865, "f1-score": 0.07407407407407407, "support": 89.0}, "27": {"precision": 0.1111111111111111, "recall": 0.12, "f1-score": 0.11538461538461538, "support": 25.0}, "accuracy": 0.1025, "macro avg": {"precision": 0.09758602331997956, "recall": 0.09972046249828483, "f1-score": 0.09577524958260154, "support": 25600.0}, "weighted avg": {"precision": 0.10586860388818428, "recall": 0.1025, "f1-score": 0.1017705165225955, "support": 25600.0}}