{"0": {"precision": 0.0, "recall": 0.0, "f1-score": 0.0, "support": 25.0}, "1": {"precision": 0.46835443037974683, "recall": 0.5138888888888888, "f1-score": 0.49006622516556286, "support": 72.0}, "2": {"precision": 0.5609756097560976, "recall": 0.46308724832214765, "f1-score": 0.5073529411764707, "support": 149.0}, "3": {"precision": 0.6079295154185022, "recall": 0.5454545454545454, "f1-score": 0.575, "support": 253.0}, "4": {"precision": 0.6491803278688525, "recall": 0.5224274406332454, "f1-score": 0.5789473684210527, "support": 379.0}, "5": {"precision": 0.5633423180592992, "recall": 0.3950850661625709, "f1-score": 0.46444444444444444, "support": 529.0}, "6": {"precision": 0.4319526627218935, "recall": 0.5126404494382022, "f1-score": 0.4688503532434168, "support": 712.0}, "7": {"precision": 0.44798500468603564, "recall": 0.5128755364806867, "f1-score": 0.47823911955977993, "support": 932.0}, "8": {"precision": 0.5726660250240616, "recall": 0.5205599300087489, "f1-score": 0.5453712190650779, "support": 1143.0}, "9": {"precision": 0.680334092634776, "recall": 0.6287719298245614, "f1-score": 0.6535375638220278, "support": 1425.0}, "10": {"precision": 0.7133867276887872, "recall": 0.7471539844218095, "f1-score": 0.729880011706175, "support": 1669.0}, "11": {"precision": 0.7624280481423339, "recall": 0.8354357798165137, "f1-score": 0.7972640218878249, "support": 1744.0}, "12": {"precision": 0.8392664509169363, "recall": 0.8365591397849462, "f1-score": 0.8379106085083468, "support": 1860.0}, "13": {"precision": 0.8401874023945861, "recall": 0.856687898089172, "f1-score": 0.8483574244415242, "support": 1884.0}, "14": {"precision": 0.8412348401323043, "recall": 0.7943779281624154, "f1-score": 0.8171352074966532, "support": 1921.0}, "15": {"precision": 0.826608505997819, "recall": 0.8089647812166488, "f1-score": 0.8176914778856527, "support": 1874.0}, "16": {"precision": 0.8176532769556025, "recall": 0.884, "f1-score": 0.8495332235035694, "support": 1750.0}, "17": {"precision": 0.7789412449098313, "recall": 0.8090634441087613, "f1-score": 0.7937166567871962, "support": 1655.0}, "18": {"precision": 0.5387114239306985, "recall": 0.6876295784381479, "f1-score": 0.6041287188828173, "support": 1447.0}, "19": {"precision": 0.49564528899445764, "recall": 0.535042735042735, "f1-score": 0.5145910398684751, "support": 1170.0}, "20": {"precision": 0.578875171467764, "recall": 0.4606986899563319, "f1-score": 0.5130699088145897, "support": 916.0}, "21": {"precision": 0.449936628643853, "recall": 0.5115273775216138, "f1-score": 0.4787592717464599, "support": 694.0}, "22": {"precision": 0.5304568527918782, "recall": 0.3806921675774135, "f1-score": 0.4432661717921527, "support": 549.0}, "23": {"precision": 0.42214532871972316, "recall": 0.30730478589420657, "f1-score": 0.3556851311953353, "support": 397.0}, "24": {"precision": 0.43137254901960786, "recall": 0.21359223300970873, "f1-score": 0.2857142857142857, "support": 206.0}, "25": {"precision": 0.35353535353535354, "recall": 0.2413793103448276, "f1-score": 0.28688524590163933, "support": 145.0}, "26": {"precision": 0.0, "recall": 0.0, "f1-score": 0.0, "support": 71.0}, "27": {"precision": 0.65, "recall": 0.4482758620689655, "f1-score": 0.5306122448979592, "support": 29.0}, "accuracy": 0.6878125, "macro avg": {"precision": 0.5661823243139572, "recall": 0.5347563118095648, "f1-score": 0.5452146387831603, "support": 25600.0}, "weighted avg": {"precision": 0.6848970007402936, "recall": 0.6878125, "f1-score": 0.6836839990379687, "support": 25600.0}}