{"0": {"precision": 0.0, "recall": 0.0, "f1-score": 0.0, "support": 33.0}, "1": {"precision": 0.6796116504854369, "recall": 1.0, "f1-score": 0.8092485549132947, "support": 70.0}, "2": {"precision": 0.6403162055335968, "recall": 1.0, "f1-score": 0.7807228915662651, "support": 162.0}, "3": {"precision": 0.6594827586206896, "recall": 0.6270491803278688, "f1-score": 0.6428571428571428, "support": 244.0}, "4": {"precision": 0.9903846153846154, "recall": 0.7963917525773195, "f1-score": 0.8828571428571429, "support": 388.0}, "5": {"precision": 0.9850467289719627, "recall": 0.9943396226415094, "f1-score": 0.9896713615023475, "support": 530.0}, "6": {"precision": 0.9917355371900827, "recall": 0.989010989010989, "f1-score": 0.9903713892709767, "support": 728.0}, "7": {"precision": 0.9733759318423855, "recall": 0.9934782608695653, "f1-score": 0.9833243679397525, "support": 920.0}, "8": {"precision": 0.9974489795918368, "recall": 0.9791318864774624, "f1-score": 0.9882055602358888, "support": 1198.0}, "9": {"precision": 0.9992937853107344, "recall": 0.9978843441466855, "f1-score": 0.9985885673959068, "support": 1418.0}, "10": {"precision": 1.0, "recall": 0.9993399339933994, "f1-score": 0.9996698580389567, "support": 1515.0}, "11": {"precision": 0.9994301994301994, "recall": 1.0, "f1-score": 0.999715018523796, "support": 1754.0}, "12": {"precision": 1.0, "recall": 0.9994614970382337, "f1-score": 0.9997306760032318, "support": 1857.0}, "13": {"precision": 1.0, "recall": 1.0, "f1-score": 1.0, "support": 1936.0}, "14": {"precision": 1.0, "recall": 1.0, "f1-score": 1.0, "support": 1945.0}, "15": {"precision": 1.0, "recall": 1.0, "f1-score": 1.0, "support": 1856.0}, "16": {"precision": 1.0, "recall": 1.0, "f1-score": 1.0, "support": 1803.0}, "17": {"precision": 1.0, "recall": 1.0, "f1-score": 1.0, "support": 1635.0}, "18": {"precision": 1.0, "recall": 0.9992917847025495, "f1-score": 0.9996457669146298, "support": 1412.0}, "19": {"precision": 0.9991489361702127, "recall": 0.9932318104906938, "f1-score": 0.9961815867628341, "support": 1182.0}, "20": {"precision": 0.9913978494623656, "recall": 0.9777306468716861, "f1-score": 0.9845168179391351, "support": 943.0}, "21": {"precision": 0.9701280227596017, "recall": 0.9578651685393258, "f1-score": 0.9639575971731448, "support": 712.0}, "22": {"precision": 0.9292452830188679, "recall": 0.7801980198019802, "f1-score": 0.8482238966630785, "support": 505.0}, "23": {"precision": 0.6855524079320113, "recall": 0.6759776536312849, "f1-score": 0.680731364275668, "support": 358.0}, "24": {"precision": 0.5521235521235521, "recall": 0.5416666666666666, "f1-score": 0.5468451242829828, "support": 264.0}, "25": {"precision": 0.39800995024875624, "recall": 0.583941605839416, "f1-score": 0.4733727810650888, "support": 137.0}, "26": {"precision": 0.12903225806451613, "recall": 0.10526315789473684, "f1-score": 0.11594202898550723, "support": 76.0}, "27": {"precision": 0.2111111111111111, "recall": 1.0, "f1-score": 0.3486238532110092, "support": 19.0}, "accuracy": 0.9694140625, "macro avg": {"precision": 0.813638420116162, "recall": 0.8568304993400491, "f1-score": 0.8222501195849207, "support": 25600.0}, "weighted avg": {"precision": 0.9724769427649909, "recall": 0.9694140625, "f1-score": 0.9700197921850899, "support": 25600.0}}