{"0": {"precision": 0.0, "recall": 0.0, "f1-score": 0.0, "support": 34.0}, "1": {"precision": 0.5747126436781609, "recall": 0.5882352941176471, "f1-score": 0.5813953488372092, "support": 85.0}, "2": {"precision": 0.5968992248062015, "recall": 0.9565217391304348, "f1-score": 0.7350835322195703, "support": 161.0}, "3": {"precision": 0.6449511400651465, "recall": 0.7415730337078652, "f1-score": 0.6898954703832754, "support": 267.0}, "4": {"precision": 0.8537313432835821, "recall": 0.731457800511509, "f1-score": 0.787878787878788, "support": 391.0}, "5": {"precision": 0.9226069246435845, "recall": 0.8988095238095238, "f1-score": 0.9105527638190954, "support": 504.0}, "6": {"precision": 0.8908355795148248, "recall": 0.9456366237482118, "f1-score": 0.9174184594031922, "support": 699.0}, "7": {"precision": 0.8601190476190477, "recall": 0.9164904862579282, "f1-score": 0.8874104401228251, "support": 946.0}, "8": {"precision": 0.9604779411764706, "recall": 0.8803706823925863, "f1-score": 0.9186813186813186, "support": 1187.0}, "9": {"precision": 0.9515418502202643, "recall": 0.9678864824495892, "f1-score": 0.9596445760829323, "support": 1339.0}, "10": {"precision": 0.9600737100737101, "recall": 0.9583077866339669, "f1-score": 0.9591899355630563, "support": 1631.0}, "11": {"precision": 0.9307559145989613, "recall": 0.9612634088200238, "f1-score": 0.9457637056581647, "support": 1678.0}, "12": {"precision": 0.9663956639566396, "recall": 0.937434279705573, "f1-score": 0.951694689084601, "support": 1902.0}, "13": {"precision": 0.9853172522286313, "recall": 0.9680577022153529, "f1-score": 0.9766112266112266, "support": 1941.0}, "14": {"precision": 0.9921793534932221, "recall": 0.9865215137376879, "f1-score": 0.9893423446841695, "support": 1929.0}, "15": {"precision": 0.9923329682365827, "recall": 0.9912472647702407, "f1-score": 0.9917898193760263, "support": 1828.0}, "16": {"precision": 0.9971064814814815, "recall": 0.9913693901035673, "f1-score": 0.9942296595499135, "support": 1738.0}, "17": {"precision": 0.9969325153374233, "recall": 0.981280193236715, "f1-score": 0.9890444309190505, "support": 1656.0}, "18": {"precision": 0.9802880970432145, "recall": 0.9322278298485941, "f1-score": 0.9556541019955654, "support": 1387.0}, "19": {"precision": 0.925531914893617, "recall": 0.8969072164948454, "f1-score": 0.9109947643979057, "support": 1261.0}, "20": {"precision": 0.8733075435203095, "recall": 0.9535374868004224, "f1-score": 0.9116607773851592, "support": 947.0}, "21": {"precision": 0.9304964539007092, "recall": 0.9632892804698973, "f1-score": 0.9466089466089467, "support": 681.0}, "22": {"precision": 0.9189765458422174, "recall": 0.8517786561264822, "f1-score": 0.8841025641025642, "support": 506.0}, "23": {"precision": 0.7764127764127764, "recall": 0.8144329896907216, "f1-score": 0.7949685534591194, "support": 388.0}, "24": {"precision": 0.7272727272727273, "recall": 0.7049808429118773, "f1-score": 0.7159533073929961, "support": 261.0}, "25": {"precision": 0.5666666666666667, "recall": 0.815068493150685, "f1-score": 0.6685393258426966, "support": 146.0}, "26": {"precision": 0.4482758620689655, "recall": 0.16455696202531644, "f1-score": 0.24074074074074076, "support": 79.0}, "27": {"precision": 0.4576271186440678, "recall": 0.9642857142857143, "f1-score": 0.6206896551724138, "support": 28.0}, "accuracy": 0.936875, "macro avg": {"precision": 0.8100651878814001, "recall": 0.8379831670411778, "f1-score": 0.8155549730704472, "support": 25600.0}, "weighted avg": {"precision": 0.9387134159260256, "recall": 0.936875, "f1-score": 0.9366594911027729, "support": 25600.0}}