{"0": {"precision": 0.0, "recall": 0.0, "f1-score": 0.0, "support": 22.0}, "1": {"precision": 0.5964912280701754, "recall": 0.39080459770114945, "f1-score": 0.47222222222222215, "support": 87.0}, "2": {"precision": 0.6073298429319371, "recall": 0.6823529411764706, "f1-score": 0.6426592797783933, "support": 170.0}, "3": {"precision": 0.7039473684210527, "recall": 0.8326848249027238, "f1-score": 0.7629233511586453, "support": 257.0}, "4": {"precision": 0.8300492610837439, "recall": 0.8553299492385786, "f1-score": 0.8425000000000001, "support": 394.0}, "5": {"precision": 0.8373015873015873, "recall": 0.83399209486166, "f1-score": 0.8356435643564357, "support": 506.0}, "6": {"precision": 0.7491749174917491, "recall": 0.88671875, "f1-score": 0.81216457960644, "support": 768.0}, "7": {"precision": 0.7353535353535353, "recall": 0.7904451682953312, "f1-score": 0.761904761904762, "support": 921.0}, "8": {"precision": 0.823943661971831, "recall": 0.8013698630136986, "f1-score": 0.8125, "support": 1168.0}, "9": {"precision": 0.8573426573426574, "recall": 0.856743535988819, "f1-score": 0.8570429919608529, "support": 1431.0}, "10": {"precision": 0.9014171287738756, "recall": 0.8781512605042017, "f1-score": 0.8896321070234114, "support": 1666.0}, "11": {"precision": 0.9222915484968803, "recall": 0.9109243697478991, "f1-score": 0.9165727170236754, "support": 1785.0}, "12": {"precision": 0.9623806850084222, "recall": 0.9254859611231101, "f1-score": 0.9435728048444811, "support": 1852.0}, "13": {"precision": 0.9574579831932774, "recall": 0.9620052770448548, "f1-score": 0.9597262437483547, "support": 1895.0}, "14": {"precision": 0.9858925664677157, "recall": 0.9473409801876955, "f1-score": 0.9662323850039884, "support": 1918.0}, "15": {"precision": 0.9788273615635179, "recall": 0.97670639219935, "f1-score": 0.9777657266811279, "support": 1846.0}, "16": {"precision": 0.9808027923211169, "recall": 0.9779582366589327, "f1-score": 0.9793784490270113, "support": 1724.0}, "17": {"precision": 0.983125, "recall": 0.952755905511811, "f1-score": 0.9677022454629346, "support": 1651.0}, "18": {"precision": 0.9468562874251497, "recall": 0.9009971509971509, "f1-score": 0.9233576642335766, "support": 1404.0}, "19": {"precision": 0.8672489082969432, "recall": 0.8741197183098591, "f1-score": 0.870670758439281, "support": 1136.0}, "20": {"precision": 0.7992007992007992, "recall": 0.9334889148191365, "f1-score": 0.861141011840689, "support": 857.0}, "21": {"precision": 0.8776595744680851, "recall": 0.8835341365461847, "f1-score": 0.8805870580386925, "support": 747.0}, "22": {"precision": 0.8297029702970297, "recall": 0.7861163227016885, "f1-score": 0.8073217726396916, "support": 533.0}, "23": {"precision": 0.675603217158177, "recall": 0.628428927680798, "f1-score": 0.6511627906976745, "support": 401.0}, "24": {"precision": 0.49795918367346936, "recall": 0.5083333333333333, "f1-score": 0.5030927835051546, "support": 240.0}, "25": {"precision": 0.4835164835164835, "recall": 0.6984126984126984, "f1-score": 0.5714285714285714, "support": 126.0}, "26": {"precision": 0.18181818181818182, "recall": 0.029411764705882353, "f1-score": 0.050632911392405056, "support": 68.0}, "27": {"precision": 0.3958333333333333, "recall": 0.7037037037037037, "f1-score": 0.5066666666666667, "support": 27.0}, "accuracy": 0.8913671875, "macro avg": {"precision": 0.7488760023207403, "recall": 0.7645827421202401, "f1-score": 0.7509359078101836, "support": 25600.0}, "weighted avg": {"precision": 0.8928525172544974, "recall": 0.8913671875, "f1-score": 0.8911457315456268, "support": 25600.0}}