{"0": {"precision": 0.0, "recall": 0.0, "f1-score": 0.0, "support": 27.0}, "1": {"precision": 0.35789473684210527, "recall": 0.53125, "f1-score": 0.4276729559748428, "support": 64.0}, "2": {"precision": 0.4673913043478261, "recall": 0.3115942028985507, "f1-score": 0.3739130434782609, "support": 138.0}, "3": {"precision": 0.6176470588235294, "recall": 0.6049382716049383, "f1-score": 0.6112266112266113, "support": 243.0}, "4": {"precision": 0.5830618892508144, "recall": 0.46736292428198434, "f1-score": 0.518840579710145, "support": 383.0}, "5": {"precision": 0.5529100529100529, "recall": 0.3856088560885609, "f1-score": 0.4543478260869565, "support": 542.0}, "6": {"precision": 0.4513556618819777, "recall": 0.40084985835694054, "f1-score": 0.42460615153788445, "support": 706.0}, "7": {"precision": 0.37673956262425445, "recall": 0.41602634467618005, "f1-score": 0.3954094940010433, "support": 911.0}, "8": {"precision": 0.34523809523809523, "recall": 0.2548330404217926, "f1-score": 0.2932254802831143, "support": 1138.0}, "9": {"precision": 0.3945392491467577, "recall": 0.39944713199723564, "f1-score": 0.396978021978022, "support": 1447.0}, "10": {"precision": 0.32035647279549717, "recall": 0.43173198482932995, "f1-score": 0.36779752288637585, "support": 1582.0}, "11": {"precision": 0.4566929133858268, "recall": 0.41565600882028664, "f1-score": 0.4352092352092352, "support": 1814.0}, "12": {"precision": 0.3880070546737213, "recall": 0.46194225721784776, "f1-score": 0.4217589264318236, "support": 1905.0}, "13": {"precision": 0.5942995755003032, "recall": 0.49974502804691484, "f1-score": 0.5429362880886427, "support": 1961.0}, "14": {"precision": 0.5121746431570109, "recall": 0.6414300736067298, "f1-score": 0.5695611577964519, "support": 1902.0}, "15": {"precision": 0.4759005580923389, "recall": 0.5008008542445275, "f1-score": 0.48803329864724243, "support": 1873.0}, "16": {"precision": 0.5653393157599551, "recall": 0.5666104553119731, "f1-score": 0.5659741718135879, "support": 1779.0}, "17": {"precision": 0.47155361050328226, "recall": 0.5497448979591837, "f1-score": 0.5076560659599528, "support": 1568.0}, "18": {"precision": 0.38185032410135533, "recall": 0.4506258692628651, "f1-score": 0.4133971291866029, "support": 1438.0}, "19": {"precision": 0.29227557411273486, "recall": 0.24734982332155478, "f1-score": 0.2679425837320575, "support": 1132.0}, "20": {"precision": 0.3724966622162884, "recall": 0.2987152034261242, "f1-score": 0.33155080213903737, "support": 934.0}, "21": {"precision": 0.31040564373897706, "recall": 0.24719101123595505, "f1-score": 0.27521501172791246, "support": 712.0}, "22": {"precision": 0.28482328482328484, "recall": 0.2795918367346939, "f1-score": 0.2821833161688981, "support": 490.0}, "23": {"precision": 0.2795031055900621, "recall": 0.12228260869565218, "f1-score": 0.17013232514177695, "support": 368.0}, "24": {"precision": 0.4074074074074074, "recall": 0.24719101123595505, "f1-score": 0.30769230769230765, "support": 267.0}, "25": {"precision": 0.38028169014084506, "recall": 0.17647058823529413, "f1-score": 0.2410714285714286, "support": 153.0}, "26": {"precision": 0.5, "recall": 0.1875, "f1-score": 0.2727272727272727, "support": 96.0}, "27": {"precision": 0.8333333333333334, "recall": 0.18518518518518517, "f1-score": 0.303030303030303, "support": 27.0}, "accuracy": 0.43546875, "macro avg": {"precision": 0.4276242421570585, "recall": 0.3672026902748663, "f1-score": 0.38071747540099254, "support": 25600.0}, "weighted avg": {"precision": 0.43614690598417993, "recall": 0.43546875, "f1-score": 0.4311716966749071, "support": 25600.0}}