{"0": {"precision": 0.0, "recall": 0.0, "f1-score": 0.0, "support": 31.0}, "1": {"precision": 0.3018867924528302, "recall": 0.48484848484848486, "f1-score": 0.37209302325581395, "support": 66.0}, "2": {"precision": 0.49324324324324326, "recall": 0.47096774193548385, "f1-score": 0.48184818481848185, "support": 155.0}, "3": {"precision": 0.5224719101123596, "recall": 0.34065934065934067, "f1-score": 0.4124168514412417, "support": 273.0}, "4": {"precision": 0.5780141843971631, "recall": 0.4137055837563452, "f1-score": 0.48224852071005914, "support": 394.0}, "5": {"precision": 0.5685714285714286, "recall": 0.37265917602996257, "f1-score": 0.45022624434389147, "support": 534.0}, "6": {"precision": 0.515527950310559, "recall": 0.3511988716502116, "f1-score": 0.41778523489932884, "support": 709.0}, "7": {"precision": 0.4346182917611489, "recall": 0.6438969764837627, "f1-score": 0.5189530685920578, "support": 893.0}, "8": {"precision": 0.4244604316546763, "recall": 0.3585069444444444, "f1-score": 0.3887058823529412, "support": 1152.0}, "9": {"precision": 0.4543596730245232, "recall": 0.48124098124098125, "f1-score": 0.46741415557112825, "support": 1386.0}, "10": {"precision": 0.5216901408450704, "recall": 0.5521765056648777, "f1-score": 0.5365005793742758, "support": 1677.0}, "11": {"precision": 0.6266837716484926, "recall": 0.5836320191158901, "f1-score": 0.6043922053819981, "support": 1674.0}, "12": {"precision": 0.5276447540269917, "recall": 0.6519634211941904, "f1-score": 0.5832531280076997, "support": 1859.0}, "13": {"precision": 0.6446907817969662, "recall": 0.5583628094997474, "f1-score": 0.5984294611427025, "support": 1979.0}, "14": {"precision": 0.6382978723404256, "recall": 0.7242489270386266, "f1-score": 0.6785624528776074, "support": 1864.0}, "15": {"precision": 0.5790909090909091, "recall": 0.672650475184794, "f1-score": 0.6223742061553492, "support": 1894.0}, "16": {"precision": 0.6402085747392816, "recall": 0.6166294642857143, "f1-score": 0.6281978396816373, "support": 1792.0}, "17": {"precision": 0.5499726925177498, "recall": 0.6166564605021433, "f1-score": 0.5814087759815243, "support": 1633.0}, "18": {"precision": 0.4730617608409987, "recall": 0.511000709723208, "f1-score": 0.49129989764585474, "support": 1409.0}, "19": {"precision": 0.4141732283464567, "recall": 0.4465195246179966, "f1-score": 0.4297385620915033, "support": 1178.0}, "20": {"precision": 0.49093264248704666, "recall": 0.39233954451345754, "f1-score": 0.4361334867663981, "support": 966.0}, "21": {"precision": 0.32786885245901637, "recall": 0.3193033381712627, "f1-score": 0.3235294117647059, "support": 689.0}, "22": {"precision": 0.397196261682243, "recall": 0.31135531135531136, "f1-score": 0.3490759753593429, "support": 546.0}, "23": {"precision": 0.3790849673202614, "recall": 0.17159763313609466, "f1-score": 0.23625254582484723, "support": 338.0}, "24": {"precision": 0.4552238805970149, "recall": 0.23921568627450981, "f1-score": 0.31362467866323906, "support": 255.0}, "25": {"precision": 0.5256410256410257, "recall": 0.2611464968152866, "f1-score": 0.3489361702127659, "support": 157.0}, "26": {"precision": 0.5714285714285714, "recall": 0.10126582278481013, "f1-score": 0.17204301075268819, "support": 79.0}, "27": {"precision": 0.26666666666666666, "recall": 0.4444444444444444, "f1-score": 0.33333333333333337, "support": 18.0}, "accuracy": 0.5316796875, "macro avg": {"precision": 0.4758111164286829, "recall": 0.4318640248346922, "f1-score": 0.43781346025008633, "support": 25600.0}, "weighted avg": {"precision": 0.5313854115018529, "recall": 0.5316796875, "f1-score": 0.5259304951627496, "support": 25600.0}}