{"0": {"precision": 0.0, "recall": 0.0, "f1-score": 0.0, "support": 26.0}, "1": {"precision": 0.45161290322580644, "recall": 0.16279069767441862, "f1-score": 0.2393162393162393, "support": 86.0}, "2": {"precision": 0.4494949494949495, "recall": 0.5933333333333334, "f1-score": 0.5114942528735632, "support": 150.0}, "3": {"precision": 0.4913494809688581, "recall": 0.5278810408921933, "f1-score": 0.5089605734767024, "support": 269.0}, "4": {"precision": 0.4593908629441624, "recall": 0.44254278728606355, "f1-score": 0.4508094645080946, "support": 409.0}, "5": {"precision": 0.6053333333333333, "recall": 0.42193308550185876, "f1-score": 0.49726177437020813, "support": 538.0}, "6": {"precision": 0.6447552447552447, "recall": 0.6502115655853314, "f1-score": 0.6474719101123596, "support": 709.0}, "7": {"precision": 0.6627379873073436, "recall": 0.7638453500522466, "f1-score": 0.7097087378640776, "support": 957.0}, "8": {"precision": 0.7169373549883991, "recall": 0.7862595419847328, "f1-score": 0.7500000000000001, "support": 1179.0}, "9": {"precision": 0.7586675730795377, "recall": 0.8266666666666667, "f1-score": 0.7912087912087913, "support": 1350.0}, "10": {"precision": 0.8107936507936508, "recall": 0.8222794591113973, "f1-score": 0.8164961636828645, "support": 1553.0}, "11": {"precision": 0.8568840579710145, "recall": 0.8269230769230769, "f1-score": 0.8416370106761566, "support": 1716.0}, "12": {"precision": 0.8827397260273973, "recall": 0.8483412322274881, "f1-score": 0.8651987110633726, "support": 1899.0}, "13": {"precision": 0.8847780126849895, "recall": 0.8589020010261673, "f1-score": 0.8716480083311637, "support": 1949.0}, "14": {"precision": 0.901189860320745, "recall": 0.8802425467407782, "f1-score": 0.8905930470347647, "support": 1979.0}, "15": {"precision": 0.8729573010015814, "recall": 0.8990228013029316, "f1-score": 0.885798341802621, "support": 1842.0}, "16": {"precision": 0.9004550625711035, "recall": 0.8707370737073707, "f1-score": 0.8853467561521252, "support": 1818.0}, "17": {"precision": 0.9038076152304609, "recall": 0.8295524218271, "f1-score": 0.8650895140664963, "support": 1631.0}, "18": {"precision": 0.829971181556196, "recall": 0.8011126564673157, "f1-score": 0.8152866242038215, "support": 1438.0}, "19": {"precision": 0.7616179001721171, "recall": 0.7709059233449478, "f1-score": 0.7662337662337663, "support": 1148.0}, "20": {"precision": 0.6696035242290749, "recall": 0.8899297423887588, "f1-score": 0.7642031171442937, "support": 854.0}, "21": {"precision": 0.7545180722891566, "recall": 0.7006993006993008, "f1-score": 0.7266134880348079, "support": 715.0}, "22": {"precision": 0.5853658536585366, "recall": 0.7114624505928854, "f1-score": 0.6422836752899197, "support": 506.0}, "23": {"precision": 0.4665012406947891, "recall": 0.5108695652173914, "f1-score": 0.48767833981841774, "support": 368.0}, "24": {"precision": 0.5497076023391813, "recall": 0.36153846153846153, "f1-score": 0.43619489559164737, "support": 260.0}, "25": {"precision": 0.46956521739130436, "recall": 0.3673469387755102, "f1-score": 0.4122137404580153, "support": 147.0}, "26": {"precision": 0.5333333333333333, "recall": 0.1038961038961039, "f1-score": 0.17391304347826086, "support": 77.0}, "27": {"precision": 0.5666666666666667, "recall": 0.6296296296296297, "f1-score": 0.5964912280701755, "support": 27.0}, "accuracy": 0.789921875, "macro avg": {"precision": 0.6585976988938906, "recall": 0.637816266228338, "f1-score": 0.6374696862450974, "support": 25600.0}, "weighted avg": {"precision": 0.7914488504206958, "recall": 0.789921875, "f1-score": 0.7881899364050794, "support": 25600.0}}