{"0": {"precision": 0.0, "recall": 0.0, "f1-score": 0.0, "support": 22.0}, "1": {"precision": 0.7352941176470589, "recall": 0.6097560975609756, "f1-score": 0.6666666666666666, "support": 82.0}, "2": {"precision": 0.6318181818181818, "recall": 1.0, "f1-score": 0.7743732590529248, "support": 139.0}, "3": {"precision": 0.5925925925925926, "recall": 0.810126582278481, "f1-score": 0.6844919786096257, "support": 237.0}, "4": {"precision": 0.9649122807017544, "recall": 0.6756756756756757, "f1-score": 0.7947976878612717, "support": 407.0}, "5": {"precision": 0.9874326750448833, "recall": 0.9803921568627451, "f1-score": 0.9838998211091234, "support": 561.0}, "6": {"precision": 0.9431664411366711, "recall": 0.9900568181818182, "f1-score": 0.9660429660429661, "support": 704.0}, "7": {"precision": 0.9089968976215098, "recall": 0.9554347826086956, "f1-score": 0.931637519872814, "support": 920.0}, "8": {"precision": 0.989843028624192, "recall": 0.9241379310344827, "f1-score": 0.9558626839054837, "support": 1160.0}, "9": {"precision": 0.9935018050541516, "recall": 0.9920692141312184, "f1-score": 0.9927849927849929, "support": 1387.0}, "10": {"precision": 0.9885334942667471, "recall": 0.994535519125683, "f1-score": 0.9915254237288135, "support": 1647.0}, "11": {"precision": 0.9865546218487395, "recall": 0.9893258426966293, "f1-score": 0.9879382889200562, "support": 1780.0}, "12": {"precision": 0.9966235227912211, "recall": 0.9866295264623955, "f1-score": 0.9916013437849944, "support": 1795.0}, "13": {"precision": 0.9989706639217705, "recall": 0.9969183359013868, "f1-score": 0.9979434447300771, "support": 1947.0}, "14": {"precision": 0.9994620763851533, "recall": 0.9989247311827957, "f1-score": 0.9991933315407368, "support": 1860.0}, "15": {"precision": 0.9994614970382337, "recall": 0.9994614970382337, "f1-score": 0.9994614970382337, "support": 1857.0}, "16": {"precision": 1.0, "recall": 0.9988907376594565, "f1-score": 0.9994450610432852, "support": 1803.0}, "17": {"precision": 0.9993730407523511, "recall": 0.9987468671679198, "f1-score": 0.9990598558445628, "support": 1596.0}, "18": {"precision": 0.9985734664764622, "recall": 0.9831460674157303, "f1-score": 0.9907997169143665, "support": 1424.0}, "19": {"precision": 0.9776328052190121, "recall": 0.9234154929577465, "f1-score": 0.9497510185604345, "support": 1136.0}, "20": {"precision": 0.9126506024096386, "recall": 0.950836820083682, "f1-score": 0.9313524590163934, "support": 956.0}, "21": {"precision": 0.9300595238095238, "recall": 0.8790436005625879, "f1-score": 0.9038322487346349, "support": 711.0}, "22": {"precision": 0.8142548596112311, "recall": 0.6720142602495544, "f1-score": 0.7363281250000001, "support": 561.0}, "23": {"precision": 0.5973741794310722, "recall": 0.6807980049875312, "f1-score": 0.6363636363636364, "support": 401.0}, "24": {"precision": 0.4859437751004016, "recall": 0.521551724137931, "f1-score": 0.503118503118503, "support": 232.0}, "25": {"precision": 0.5741444866920152, "recall": 0.8728323699421965, "f1-score": 0.6926605504587156, "support": 173.0}, "26": {"precision": 0.5555555555555556, "recall": 0.31645569620253167, "f1-score": 0.40322580645161293, "support": 79.0}, "27": {"precision": 0.2948717948717949, "recall": 1.0, "f1-score": 0.45544554455445546, "support": 23.0}, "accuracy": 0.9532421875, "macro avg": {"precision": 0.8163427852293544, "recall": 0.8464705840038602, "f1-score": 0.8185572654181922, "support": 25600.0}, "weighted avg": {"precision": 0.9577431282553335, "recall": 0.9532421875, "f1-score": 0.9538447130406159, "support": 25600.0}}