{"0": {"precision": 0.7447023208879919, "recall": 0.7285291214215203, "f1-score": 0.7365269461077844, "support": 1013.0}, "1": {"precision": 0.7398297067171239, "recall": 0.7555555555555555, "f1-score": 0.7476099426386233, "support": 1035.0}, "accuracy": 0.7421875, "macro avg": {"precision": 0.7422660138025579, "recall": 0.742042338488538, "f1-score": 0.7420684443732039, "support": 2048.0}, "weighted avg": {"precision": 0.7422398425350386, "recall": 0.7421875, "f1-score": 0.7421279721866019, "support": 2048.0}}