{"0": {"precision": 0.7627118644067796, "recall": 0.781099324975892, "f1-score": 0.771796093377799, "support": 1037.0}, "1": {"precision": 0.7697768762677485, "recall": 0.7507418397626113, "f1-score": 0.7601402103154732, "support": 1011.0}, "accuracy": 0.76611328125, "macro avg": {"precision": 0.7662443703372641, "recall": 0.7659205823692516, "f1-score": 0.7659681518466361, "support": 2048.0}, "weighted avg": {"precision": 0.7661995240705683, "recall": 0.76611328125, "f1-score": 0.7660421393856058, "support": 2048.0}}