{"0": {"precision": 0.7524752475247525, "recall": 0.7755102040816326, "f1-score": 0.7638190954773869, "support": 980.0}, "1": {"precision": 0.7880539499036608, "recall": 0.7659176029962547, "f1-score": 0.7768281101614436, "support": 1068.0}, "accuracy": 0.7705078125, "macro avg": {"precision": 0.7702645987142067, "recall": 0.7707139035389436, "f1-score": 0.7703236028194153, "support": 2048.0}, "weighted avg": {"precision": 0.7710289848981285, "recall": 0.7705078125, "f1-score": 0.770603093369268, "support": 2048.0}}