{"0": {"precision": 0.7410546139359698, "recall": 0.7538314176245211, "f1-score": 0.7473884140550808, "support": 1044.0}, "1": {"precision": 0.7393509127789046, "recall": 0.7260956175298805, "f1-score": 0.7326633165829146, "support": 1004.0}, "accuracy": 0.740234375, "macro avg": {"precision": 0.7402027633574373, "recall": 0.7399635175772008, "f1-score": 0.7400258653189977, "support": 2048.0}, "weighted avg": {"precision": 0.7402194010640493, "recall": 0.740234375, "f1-score": 0.7401696650989993, "support": 2048.0}}