{"0": {"precision": 0.7356435643564356, "recall": 0.7291462217860648, "f1-score": 0.73238048299655, "support": 1019.0}, "1": {"precision": 0.7341040462427746, "recall": 0.7405247813411079, "f1-score": 0.7373004354136431, "support": 1029.0}, "accuracy": 0.73486328125, "macro avg": {"precision": 0.7348738052996051, "recall": 0.7348355015635863, "f1-score": 0.7348404592050966, "support": 2048.0}, "weighted avg": {"precision": 0.7348700467104605, "recall": 0.73486328125, "f1-score": 0.7348524708076773, "support": 2048.0}}