{"0": {"precision": 0.7558022199798183, "recall": 0.7445328031809145, "f1-score": 0.7501251877816725, "support": 1006.0}, "1": {"precision": 0.7568590350047304, "recall": 0.7677543186180422, "f1-score": 0.7622677465459743, "support": 1042.0}, "accuracy": 0.75634765625, "macro avg": {"precision": 0.7563306274922743, "recall": 0.7561435608994784, "f1-score": 0.7561964671638234, "support": 2048.0}, "weighted avg": {"precision": 0.7563399159055793, "recall": 0.75634765625, "f1-score": 0.7563031888717128, "support": 2048.0}}