{"0": {"precision": 0.4980952380952381, "recall": 0.5288169868554095, "f1-score": 0.5129965669445806, "support": 989.0}, "1": {"precision": 0.533066132264529, "recall": 0.502360717658168, "f1-score": 0.517258142926592, "support": 1059.0}, "accuracy": 0.51513671875, "macro avg": {"precision": 0.5155806851798835, "recall": 0.5155888522567887, "f1-score": 0.5151273549355864, "support": 2048.0}, "weighted avg": {"precision": 0.5161783322970346, "recall": 0.51513671875, "f1-score": 0.5152001846032477, "support": 2048.0}}