{"0": {"precision": 0.7638095238095238, "recall": 0.7573182247403211, "f1-score": 0.7605500237079185, "support": 1059.0}, "1": {"precision": 0.7424849699398798, "recall": 0.7492416582406471, "f1-score": 0.7458480120785104, "support": 989.0}, "accuracy": 0.75341796875, "macro avg": {"precision": 0.7531472468747018, "recall": 0.753279941490484, "f1-score": 0.7531990178932144, "support": 2048.0}, "weighted avg": {"precision": 0.7535116801683726, "recall": 0.75341796875, "f1-score": 0.7534502729747716, "support": 2048.0}}