{"0": {"precision": 0.7564356435643564, "recall": 0.7497546614327772, "f1-score": 0.7530803351404634, "support": 1019.0}, "1": {"precision": 0.7543352601156069, "recall": 0.760932944606414, "f1-score": 0.7576197387518142, "support": 1029.0}, "accuracy": 0.75537109375, "macro avg": {"precision": 0.7553854518399816, "recall": 0.7553438030195956, "f1-score": 0.7553500369461388, "support": 2048.0}, "weighted avg": {"precision": 0.7553803239507025, "recall": 0.75537109375, "f1-score": 0.7553611194744868, "support": 2048.0}}