{"0": {"precision": 0.7655367231638418, "recall": 0.7706161137440758, "f1-score": 0.7680680207841284, "support": 1055.0}, "1": {"precision": 0.7545638945233266, "recall": 0.7492447129909365, "f1-score": 0.7518948964123294, "support": 993.0}, "accuracy": 0.76025390625, "macro avg": {"precision": 0.7600503088435842, "recall": 0.7599304133675062, "f1-score": 0.759981458598229, "support": 2048.0}, "weighted avg": {"precision": 0.7602164014646076, "recall": 0.76025390625, "f1-score": 0.7602262666331536, "support": 2048.0}}