{"0": {"precision": 0.7457114026236125, "recall": 0.7353233830845771, "f1-score": 0.7404809619238477, "support": 1005.0}, "1": {"precision": 0.7483443708609272, "recall": 0.7583892617449665, "f1-score": 0.7533333333333334, "support": 1043.0}, "accuracy": 0.7470703125, "macro avg": {"precision": 0.7470278867422698, "recall": 0.7468563224147717, "f1-score": 0.7469071476285906, "support": 2048.0}, "weighted avg": {"precision": 0.7470523136936902, "recall": 0.7470703125, "f1-score": 0.747026383496159, "support": 2048.0}}