{"0": {"precision": 0.0, "recall": 0.0, "f1-score": 0.0, "support": 0}, "1": {"precision": 0.0, "recall": 0.0, "f1-score": 0.0, "support": 6}, "2": {"precision": 0.36363636363636365, "recall": 0.36363636363636365, "f1-score": 0.36363636363636365, "support": 11}, "3": {"precision": 0.46153846153846156, "recall": 0.42857142857142855, "f1-score": 0.4444444444444445, "support": 14}, "4": {"precision": 0.6190476190476191, "recall": 0.5, "f1-score": 0.5531914893617021, "support": 26}, "5": {"precision": 0.5238095238095238, "recall": 0.55, "f1-score": 0.5365853658536585, "support": 20}, "6": {"precision": 0.6666666666666666, "recall": 0.6153846153846154, "f1-score": 0.64, "support": 39}, "7": {"precision": 0.6415094339622641, "recall": 0.6538461538461539, "f1-score": 0.6476190476190475, "support": 52}, "8": {"precision": 0.5918367346938775, "recall": 0.6744186046511628, "f1-score": 0.6304347826086958, "support": 43}, "9": {"precision": 0.6571428571428571, "recall": 0.5822784810126582, "f1-score": 0.6174496644295302, "support": 79}, "10": {"precision": 0.594059405940594, "recall": 0.7228915662650602, "f1-score": 0.6521739130434783, "support": 83}, "11": {"precision": 0.7222222222222222, "recall": 0.5591397849462365, "f1-score": 0.6303030303030301, "support": 93}, "12": {"precision": 0.6444444444444445, "recall": 0.6304347826086957, "f1-score": 0.6373626373626373, "support": 92}, "13": {"precision": 0.6388888888888888, "recall": 0.7666666666666667, "f1-score": 0.696969696969697, "support": 90}, "14": {"precision": 0.6741573033707865, "recall": 0.6593406593406593, "f1-score": 0.6666666666666666, "support": 91}, "15": {"precision": 0.6538461538461539, "recall": 0.7010309278350515, "f1-score": 0.6766169154228855, "support": 97}, "16": {"precision": 0.6896551724137931, "recall": 0.6521739130434783, "f1-score": 0.670391061452514, "support": 92}, "17": {"precision": 0.6103896103896104, "recall": 0.6811594202898551, "f1-score": 0.6438356164383562, "support": 69}, "18": {"precision": 0.6619718309859155, "recall": 0.5949367088607594, "f1-score": 0.6266666666666666, "support": 79}, "19": {"precision": 0.6376811594202898, "recall": 0.6875, "f1-score": 0.6616541353383458, "support": 64}, "20": {"precision": 0.6530612244897959, "recall": 0.6666666666666666, "f1-score": 0.6597938144329897, "support": 48}, "21": {"precision": 0.43243243243243246, "recall": 0.6666666666666666, "f1-score": 0.5245901639344263, "support": 24}, "22": {"precision": 0.5, "recall": 0.40625, "f1-score": 0.4482758620689655, "support": 32}, "23": {"precision": 0.6666666666666666, "recall": 0.4, "f1-score": 0.5, "support": 25}, "24": {"precision": 0.4, "recall": 1.0, "f1-score": 0.5714285714285715, "support": 2}, "25": {"precision": 0.2, "recall": 0.3333333333333333, "f1-score": 0.25, "support": 3}, "26": {"precision": 0.0, "recall": 0.0, "f1-score": 0.0, "support": 4}, "27": {"precision": 0.0, "recall": 0.0, "f1-score": 0.0, "support": 2}, "accuracy": 0.6296875, "macro avg": {"precision": 0.4965951491431867, "recall": 0.5177259551294826, "f1-score": 0.4982174967672383, "support": 1280}, "weighted avg": {"precision": 0.6298852440108311, "recall": 0.6296875, "f1-score": 0.6259556215481107, "support": 1280}}