{"0": {"precision": 0.0, "recall": 0.0, "f1-score": 0.0, "support": 1}, "1": {"precision": 0.6666666666666666, "recall": 1.0, "f1-score": 0.8, "support": 2}, "2": {"precision": 0.5, "recall": 0.3333333333333333, "f1-score": 0.4, "support": 6}, "3": {"precision": 0.38461538461538464, "recall": 0.38461538461538464, "f1-score": 0.38461538461538464, "support": 13}, "4": {"precision": 0.6363636363636364, "recall": 0.3684210526315789, "f1-score": 0.4666666666666667, "support": 19}, "5": {"precision": 0.42857142857142855, "recall": 0.2608695652173913, "f1-score": 0.3243243243243243, "support": 23}, "6": {"precision": 0.375, "recall": 0.38461538461538464, "f1-score": 0.37974683544303806, "support": 39}, "7": {"precision": 0.35555555555555557, "recall": 0.32653061224489793, "f1-score": 0.3404255319148936, "support": 49}, "8": {"precision": 0.39655172413793105, "recall": 0.46938775510204084, "f1-score": 0.42990654205607476, "support": 49}, "9": {"precision": 0.44594594594594594, "recall": 0.532258064516129, "f1-score": 0.4852941176470588, "support": 62}, "10": {"precision": 0.5223880597014925, "recall": 0.4605263157894737, "f1-score": 0.4895104895104895, "support": 76}, "11": {"precision": 0.5094339622641509, "recall": 0.5625, "f1-score": 0.5346534653465346, "support": 96}, "12": {"precision": 0.6106194690265486, "recall": 0.6634615384615384, "f1-score": 0.6359447004608295, "support": 104}, "13": {"precision": 0.6144578313253012, "recall": 0.5666666666666667, "f1-score": 0.5895953757225434, "support": 90}, "14": {"precision": 0.7065217391304348, "recall": 0.6565656565656566, "f1-score": 0.680628272251309, "support": 99}, "15": {"precision": 0.48672566371681414, "recall": 0.6707317073170732, "f1-score": 0.5641025641025641, "support": 82}, "16": {"precision": 0.5061728395061729, "recall": 0.4823529411764706, "f1-score": 0.49397590361445787, "support": 85}, "17": {"precision": 0.45794392523364486, "recall": 0.532608695652174, "f1-score": 0.4924623115577889, "support": 92}, "18": {"precision": 0.3974358974358974, "recall": 0.3924050632911392, "f1-score": 0.3949044585987261, "support": 79}, "19": {"precision": 0.38333333333333336, "recall": 0.39655172413793105, "f1-score": 0.38983050847457634, "support": 58}, "20": {"precision": 0.3103448275862069, "recall": 0.1956521739130435, "f1-score": 0.24, "support": 46}, "21": {"precision": 0.34210526315789475, "recall": 0.34210526315789475, "f1-score": 0.34210526315789475, "support": 38}, "22": {"precision": 0.4782608695652174, "recall": 0.39285714285714285, "f1-score": 0.4313725490196078, "support": 28}, "23": {"precision": 0.35714285714285715, "recall": 0.3125, "f1-score": 0.3333333333333333, "support": 16}, "24": {"precision": 0.0, "recall": 0.0, "f1-score": 0.0, "support": 11}, "25": {"precision": 0.0, "recall": 0.0, "f1-score": 0.0, "support": 8}, "26": {"precision": 0.75, "recall": 0.42857142857142855, "f1-score": 0.5454545454545454, "support": 7}, "27": {"precision": 0.0, "recall": 0.0, "f1-score": 0.0, "support": 2}, "accuracy": 0.48671875, "macro avg": {"precision": 0.415077031427947, "recall": 0.39700312392263476, "f1-score": 0.3988876122597372, "support": 1280}, "weighted avg": {"precision": 0.4828874871779556, "recall": 0.48671875, "f1-score": 0.48102561257097165, "support": 1280}}