{"0": {"precision": 0.0, "recall": 0.0, "f1-score": 0.0, "support": 1}, "1": {"precision": 1.0, "recall": 0.5, "f1-score": 0.6666666666666666, "support": 2}, "2": {"precision": 0.5, "recall": 0.3333333333333333, "f1-score": 0.4, "support": 3}, "3": {"precision": 0.5, "recall": 0.3333333333333333, "f1-score": 0.4, "support": 9}, "4": {"precision": 0.5, "recall": 0.6923076923076923, "f1-score": 0.5806451612903226, "support": 13}, "5": {"precision": 0.8095238095238095, "recall": 0.5483870967741935, "f1-score": 0.6538461538461537, "support": 31}, "6": {"precision": 0.6938775510204082, "recall": 0.7906976744186046, "f1-score": 0.7391304347826086, "support": 43}, "7": {"precision": 0.7586206896551724, "recall": 0.88, "f1-score": 0.8148148148148148, "support": 50}, "8": {"precision": 0.9361702127659575, "recall": 0.8, "f1-score": 0.8627450980392157, "support": 55}, "9": {"precision": 0.8157894736842105, "recall": 0.9117647058823529, "f1-score": 0.861111111111111, "support": 68}, "10": {"precision": 0.8313253012048193, "recall": 0.8313253012048193, "f1-score": 0.8313253012048193, "support": 83}, "11": {"precision": 0.8227848101265823, "recall": 0.7738095238095238, "f1-score": 0.7975460122699387, "support": 84}, "12": {"precision": 0.7777777777777778, "recall": 0.8181818181818182, "f1-score": 0.7974683544303799, "support": 77}, "13": {"precision": 0.8505747126436781, "recall": 0.7789473684210526, "f1-score": 0.8131868131868132, "support": 95}, "14": {"precision": 0.8214285714285714, "recall": 0.8023255813953488, "f1-score": 0.8117647058823529, "support": 86}, "15": {"precision": 0.8360655737704918, "recall": 0.8869565217391304, "f1-score": 0.8607594936708861, "support": 115}, "16": {"precision": 0.8085106382978723, "recall": 0.8, "f1-score": 0.8042328042328043, "support": 95}, "17": {"precision": 0.8, "recall": 0.8205128205128205, "f1-score": 0.810126582278481, "support": 78}, "18": {"precision": 0.8194444444444444, "recall": 0.8194444444444444, "f1-score": 0.8194444444444444, "support": 72}, "19": {"precision": 0.6865671641791045, "recall": 0.7301587301587301, "f1-score": 0.7076923076923077, "support": 63}, "20": {"precision": 0.5272727272727272, "recall": 0.6041666666666666, "f1-score": 0.5631067961165047, "support": 48}, "21": {"precision": 0.7045454545454546, "recall": 0.6458333333333334, "f1-score": 0.6739130434782609, "support": 48}, "22": {"precision": 0.6363636363636364, "recall": 0.5384615384615384, "f1-score": 0.5833333333333334, "support": 26}, "23": {"precision": 0.6153846153846154, "recall": 0.6153846153846154, "f1-score": 0.6153846153846154, "support": 13}, "24": {"precision": 0.8, "recall": 0.8888888888888888, "f1-score": 0.8421052631578948, "support": 9}, "25": {"precision": 0.42857142857142855, "recall": 0.5, "f1-score": 0.4615384615384615, "support": 6}, "26": {"precision": 1.0, "recall": 0.2, "f1-score": 0.33333333333333337, "support": 5}, "27": {"precision": 1.0, "recall": 0.5, "f1-score": 0.6666666666666666, "support": 2}, "accuracy": 0.77890625, "macro avg": {"precision": 0.7243070925950271, "recall": 0.6551507495947229, "f1-score": 0.6704245633161854, "support": 1280}, "weighted avg": {"precision": 0.7826798904510942, "recall": 0.77890625, "f1-score": 0.7773437663635623, "support": 1280}}