{"1": {"precision": 1.0, "recall": 0.6666666666666666, "f1-score": 0.8, "support": 3}, "2": {"precision": 0.3333333333333333, "recall": 0.6666666666666666, "f1-score": 0.4444444444444444, "support": 3}, "3": {"precision": 0.7692307692307693, "recall": 0.7142857142857143, "f1-score": 0.7407407407407408, "support": 14}, "4": {"precision": 0.8461538461538461, "recall": 0.6111111111111112, "f1-score": 0.7096774193548387, "support": 18}, "5": {"precision": 0.868421052631579, "recall": 0.8918918918918919, "f1-score": 0.88, "support": 37}, "6": {"precision": 0.75, "recall": 0.967741935483871, "f1-score": 0.8450704225352113, "support": 31}, "7": {"precision": 0.9180327868852459, "recall": 0.8235294117647058, "f1-score": 0.868217054263566, "support": 68}, "8": {"precision": 0.8245614035087719, "recall": 0.8103448275862069, "f1-score": 0.8173913043478261, "support": 58}, "9": {"precision": 0.8108108108108109, "recall": 0.8333333333333334, "f1-score": 0.8219178082191781, "support": 72}, "10": {"precision": 0.8875, "recall": 0.8658536585365854, "f1-score": 0.8765432098765432, "support": 82}, "11": {"precision": 0.8607594936708861, "recall": 0.8947368421052632, "f1-score": 0.8774193548387097, "support": 76}, "12": {"precision": 0.8202247191011236, "recall": 0.8390804597701149, "f1-score": 0.8295454545454546, "support": 87}, "13": {"precision": 0.86, "recall": 0.7610619469026548, "f1-score": 0.8075117370892019, "support": 113}, "14": {"precision": 0.7938144329896907, "recall": 0.8369565217391305, "f1-score": 0.8148148148148148, "support": 92}, "15": {"precision": 0.8173076923076923, "recall": 0.85, "f1-score": 0.8333333333333334, "support": 100}, "16": {"precision": 0.7125, "recall": 0.8028169014084507, "f1-score": 0.7549668874172185, "support": 71}, "17": {"precision": 0.8243243243243243, "recall": 0.8026315789473685, "f1-score": 0.8133333333333335, "support": 76}, "18": {"precision": 0.8153846153846154, "recall": 0.7571428571428571, "f1-score": 0.7851851851851851, "support": 70}, "19": {"precision": 0.8028169014084507, "recall": 0.8260869565217391, "f1-score": 0.8142857142857144, "support": 69}, "20": {"precision": 0.775, "recall": 0.7380952380952381, "f1-score": 0.7560975609756099, "support": 42}, "21": {"precision": 0.6666666666666666, "recall": 0.6153846153846154, "f1-score": 0.64, "support": 26}, "22": {"precision": 0.7586206896551724, "recall": 0.6875, "f1-score": 0.7213114754098361, "support": 32}, "23": {"precision": 0.6, "recall": 0.75, "f1-score": 0.6666666666666665, "support": 16}, "24": {"precision": 0.6, "recall": 0.5454545454545454, "f1-score": 0.5714285714285713, "support": 11}, "25": {"precision": 0.5, "recall": 0.7142857142857143, "f1-score": 0.588235294117647, "support": 7}, "26": {"precision": 1.0, "recall": 0.5, "f1-score": 0.6666666666666666, "support": 4}, "27": {"precision": 1.0, "recall": 1.0, "f1-score": 1.0, "support": 2}, "accuracy": 0.80859375, "macro avg": {"precision": 0.7857579088171472, "recall": 0.769357755373498, "f1-score": 0.7683260908848266, "support": 1280}, "weighted avg": {"precision": 0.8133369927414936, "recall": 0.80859375, "f1-score": 0.808840647059065, "support": 1280}}