{"0": {"precision": 0.0, "recall": 0.0, "f1-score": 0.0, "support": 1}, "1": {"precision": 0.2222222222222222, "recall": 0.5, "f1-score": 0.30769230769230765, "support": 4}, "2": {"precision": 0.125, "recall": 0.25, "f1-score": 0.16666666666666666, "support": 4}, "3": {"precision": 0.4, "recall": 0.25, "f1-score": 0.3076923076923077, "support": 8}, "4": {"precision": 1.0, "recall": 0.38461538461538464, "f1-score": 0.5555555555555556, "support": 13}, "5": {"precision": 0.35294117647058826, "recall": 0.21428571428571427, "f1-score": 0.26666666666666666, "support": 28}, "6": {"precision": 0.4375, "recall": 0.16666666666666666, "f1-score": 0.24137931034482757, "support": 42}, "7": {"precision": 0.18309859154929578, "recall": 0.325, "f1-score": 0.23423423423423423, "support": 40}, "8": {"precision": 0.26666666666666666, "recall": 0.1509433962264151, "f1-score": 0.19277108433734938, "support": 53}, "9": {"precision": 0.2542372881355932, "recall": 0.22388059701492538, "f1-score": 0.2380952380952381, "support": 67}, "10": {"precision": 0.2608695652173913, "recall": 0.3614457831325301, "f1-score": 0.303030303030303, "support": 83}, "11": {"precision": 0.27710843373493976, "recall": 0.25842696629213485, "f1-score": 0.26744186046511625, "support": 89}, "12": {"precision": 0.28703703703703703, "recall": 0.29245283018867924, "f1-score": 0.2897196261682243, "support": 106}, "13": {"precision": 0.288135593220339, "recall": 0.17894736842105263, "f1-score": 0.22077922077922077, "support": 95}, "14": {"precision": 0.22784810126582278, "recall": 0.24, "f1-score": 0.23376623376623376, "support": 75}, "15": {"precision": 0.24170616113744076, "recall": 0.5368421052631579, "f1-score": 0.3333333333333333, "support": 95}, "16": {"precision": 0.2777777777777778, "recall": 0.23255813953488372, "f1-score": 0.25316455696202533, "support": 86}, "17": {"precision": 0.3010752688172043, "recall": 0.34146341463414637, "f1-score": 0.32, "support": 82}, "18": {"precision": 0.2948717948717949, "recall": 0.26744186046511625, "f1-score": 0.28048780487804875, "support": 86}, "19": {"precision": 0.21153846153846154, "recall": 0.16923076923076924, "f1-score": 0.18803418803418803, "support": 65}, "20": {"precision": 0.34782608695652173, "recall": 0.2711864406779661, "f1-score": 0.3047619047619048, "support": 59}, "21": {"precision": 0.5333333333333333, "recall": 0.24242424242424243, "f1-score": 0.3333333333333333, "support": 33}, "22": {"precision": 0.0, "recall": 0.0, "f1-score": 0.0, "support": 22}, "23": {"precision": 0.25, "recall": 0.15, "f1-score": 0.18749999999999997, "support": 20}, "24": {"precision": 0.3333333333333333, "recall": 0.2727272727272727, "f1-score": 0.3, "support": 11}, "25": {"precision": 0.2222222222222222, "recall": 0.3333333333333333, "f1-score": 0.26666666666666666, "support": 6}, "26": {"precision": 0.0, "recall": 0.0, "f1-score": 0.0, "support": 5}, "27": {"precision": 0.0, "recall": 0.0, "f1-score": 0.0, "support": 2}, "accuracy": 0.26796875, "macro avg": {"precision": 0.2712981826967138, "recall": 0.23620972446908536, "f1-score": 0.23545615726656255, "support": 1280}, "weighted avg": {"precision": 0.2846168095719288, "recall": 0.26796875, "f1-score": 0.26292888365257755, "support": 1280}}