{"0": {"precision": 0.0, "recall": 0.0, "f1-score": 0.0, "support": 0}, "1": {"precision": 0.0, "recall": 0.0, "f1-score": 0.0, "support": 5}, "2": {"precision": 0.2, "recall": 0.14285714285714285, "f1-score": 0.16666666666666666, "support": 7}, "3": {"precision": 0.36363636363636365, "recall": 0.25, "f1-score": 0.2962962962962963, "support": 16}, "4": {"precision": 0.2857142857142857, "recall": 0.16666666666666666, "f1-score": 0.2105263157894737, "support": 24}, "5": {"precision": 0.23076923076923078, "recall": 0.15789473684210525, "f1-score": 0.18749999999999997, "support": 19}, "6": {"precision": 0.10526315789473684, "recall": 0.06666666666666667, "f1-score": 0.0816326530612245, "support": 30}, "7": {"precision": 0.3026315789473684, "recall": 0.4791666666666667, "f1-score": 0.3709677419354839, "support": 48}, "8": {"precision": 0.13513513513513514, "recall": 0.09259259259259259, "f1-score": 0.1098901098901099, "support": 54}, "9": {"precision": 0.20408163265306123, "recall": 0.15873015873015872, "f1-score": 0.17857142857142858, "support": 63}, "10": {"precision": 0.1566265060240964, "recall": 0.1511627906976744, "f1-score": 0.15384615384615385, "support": 86}, "11": {"precision": 0.3225806451612903, "recall": 0.2727272727272727, "f1-score": 0.2955665024630542, "support": 110}, "12": {"precision": 0.21374045801526717, "recall": 0.3010752688172043, "f1-score": 0.25, "support": 93}, "13": {"precision": 0.2972972972972973, "recall": 0.24175824175824176, "f1-score": 0.2666666666666667, "support": 91}, "14": {"precision": 0.3655913978494624, "recall": 0.30357142857142855, "f1-score": 0.33170731707317075, "support": 112}, "15": {"precision": 0.1564245810055866, "recall": 0.3333333333333333, "f1-score": 0.2129277566539924, "support": 84}, "16": {"precision": 0.23170731707317074, "recall": 0.23170731707317074, "f1-score": 0.23170731707317074, "support": 82}, "17": {"precision": 0.24271844660194175, "recall": 0.29069767441860467, "f1-score": 0.2645502645502646, "support": 86}, "18": {"precision": 0.22666666666666666, "recall": 0.2328767123287671, "f1-score": 0.22972972972972974, "support": 73}, "19": {"precision": 0.26666666666666666, "recall": 0.2222222222222222, "f1-score": 0.2424242424242424, "support": 54}, "20": {"precision": 0.125, "recall": 0.05555555555555555, "f1-score": 0.07692307692307691, "support": 36}, "21": {"precision": 0.19047619047619047, "recall": 0.1111111111111111, "f1-score": 0.14035087719298245, "support": 36}, "22": {"precision": 0.2413793103448276, "recall": 0.25925925925925924, "f1-score": 0.25, "support": 27}, "23": {"precision": 0.2857142857142857, "recall": 0.10526315789473684, "f1-score": 0.15384615384615385, "support": 19}, "24": {"precision": 0.375, "recall": 0.23076923076923078, "f1-score": 0.2857142857142857, "support": 13}, "25": {"precision": 0.0, "recall": 0.0, "f1-score": 0.0, "support": 10}, "26": {"precision": 0.0, "recall": 0.0, "f1-score": 0.0, "support": 1}, "27": {"precision": 0.0, "recall": 0.0, "f1-score": 0.0, "support": 1}, "accuracy": 0.2328125, "macro avg": {"precision": 0.19731504120167614, "recall": 0.17348804312713617, "f1-score": 0.17814326987027243, "support": 1280}, "weighted avg": {"precision": 0.23849106873363396, "recall": 0.2328125, "f1-score": 0.22896926989273897, "support": 1280}}