{"0": {"precision": 0.0, "recall": 0.0, "f1-score": 0.0, "support": 2}, "1": {"precision": 0.6, "recall": 0.6, "f1-score": 0.6, "support": 5}, "2": {"precision": 0.6666666666666666, "recall": 0.5454545454545454, "f1-score": 0.6, "support": 11}, "3": {"precision": 0.75, "recall": 0.9, "f1-score": 0.8181818181818182, "support": 10}, "4": {"precision": 0.8421052631578947, "recall": 0.6956521739130435, "f1-score": 0.761904761904762, "support": 23}, "5": {"precision": 0.7777777777777778, "recall": 0.84, "f1-score": 0.8076923076923077, "support": 25}, "6": {"precision": 0.8387096774193549, "recall": 0.9285714285714286, "f1-score": 0.8813559322033899, "support": 28}, "7": {"precision": 0.975609756097561, "recall": 0.8888888888888888, "f1-score": 0.9302325581395349, "support": 45}, "8": {"precision": 0.9, "recall": 0.8571428571428571, "f1-score": 0.8780487804878048, "support": 63}, "9": {"precision": 0.8552631578947368, "recall": 0.8783783783783784, "f1-score": 0.8666666666666667, "support": 74}, "10": {"precision": 0.881578947368421, "recall": 0.8933333333333333, "f1-score": 0.8874172185430463, "support": 75}, "11": {"precision": 0.91, "recall": 0.9381443298969072, "f1-score": 0.9238578680203046, "support": 97}, "12": {"precision": 0.9230769230769231, "recall": 0.9, "f1-score": 0.9113924050632911, "support": 80}, "13": {"precision": 0.9090909090909091, "recall": 0.967741935483871, "f1-score": 0.9374999999999999, "support": 93}, "14": {"precision": 0.972972972972973, "recall": 0.9113924050632911, "f1-score": 0.9411764705882353, "support": 79}, "15": {"precision": 0.9320388349514563, "recall": 0.9320388349514563, "f1-score": 0.9320388349514563, "support": 103}, "16": {"precision": 0.8735632183908046, "recall": 0.9047619047619048, "f1-score": 0.8888888888888888, "support": 84}, "17": {"precision": 0.9146341463414634, "recall": 0.8928571428571429, "f1-score": 0.9036144578313253, "support": 84}, "18": {"precision": 0.9452054794520548, "recall": 0.9452054794520548, "f1-score": 0.9452054794520548, "support": 73}, "19": {"precision": 0.9454545454545454, "recall": 0.9454545454545454, "f1-score": 0.9454545454545454, "support": 55}, "20": {"precision": 0.9607843137254902, "recall": 0.9607843137254902, "f1-score": 0.9607843137254902, "support": 51}, "21": {"precision": 0.8409090909090909, "recall": 0.9736842105263158, "f1-score": 0.9024390243902439, "support": 38}, "22": {"precision": 0.8518518518518519, "recall": 0.6388888888888888, "f1-score": 0.7301587301587301, "support": 36}, "23": {"precision": 0.7586206896551724, "recall": 0.8461538461538461, "f1-score": 0.8, "support": 26}, "24": {"precision": 0.7857142857142857, "recall": 0.8461538461538461, "f1-score": 0.8148148148148148, "support": 13}, "25": {"precision": 0.4, "recall": 0.5, "f1-score": 0.4444444444444445, "support": 4}, "26": {"precision": 0.0, "recall": 0.0, "f1-score": 0.0, "support": 2}, "27": {"precision": 1.0, "recall": 1.0, "f1-score": 1.0, "support": 1}, "accuracy": 0.89453125, "macro avg": {"precision": 0.786129589570337, "recall": 0.7903815460375727, "f1-score": 0.7861882257715412, "support": 1280}, "weighted avg": {"precision": 0.8945586650155466, "recall": 0.89453125, "f1-score": 0.8933032499981393, "support": 1280}}