{"0": {"precision": 0.0, "recall": 0.0, "f1-score": 0.0, "support": 4}, "1": {"precision": 0.0, "recall": 0.0, "f1-score": 0.0, "support": 3}, "2": {"precision": 0.0, "recall": 0.0, "f1-score": 0.0, "support": 8}, "3": {"precision": 0.2222222222222222, "recall": 0.36363636363636365, "f1-score": 0.27586206896551724, "support": 11}, "4": {"precision": 0.21428571428571427, "recall": 0.21428571428571427, "f1-score": 0.21428571428571427, "support": 14}, "5": {"precision": 0.35294117647058826, "recall": 0.2, "f1-score": 0.25531914893617025, "support": 30}, "6": {"precision": 0.4772727272727273, "recall": 0.5384615384615384, "f1-score": 0.5060240963855421, "support": 39}, "7": {"precision": 0.5434782608695652, "recall": 0.625, "f1-score": 0.5813953488372093, "support": 40}, "8": {"precision": 0.6097560975609756, "recall": 0.423728813559322, "f1-score": 0.5, "support": 59}, "9": {"precision": 0.5625, "recall": 0.7142857142857143, "f1-score": 0.6293706293706294, "support": 63}, "10": {"precision": 0.6710526315789473, "recall": 0.6375, "f1-score": 0.6538461538461537, "support": 80}, "11": {"precision": 0.5974025974025974, "recall": 0.6301369863013698, "f1-score": 0.6133333333333334, "support": 73}, "12": {"precision": 0.6222222222222222, "recall": 0.6021505376344086, "f1-score": 0.6120218579234973, "support": 93}, "13": {"precision": 0.5964912280701754, "recall": 0.6666666666666666, "f1-score": 0.6296296296296297, "support": 102}, "14": {"precision": 0.6867469879518072, "recall": 0.6195652173913043, "f1-score": 0.6514285714285714, "support": 92}, "15": {"precision": 0.6138613861386139, "recall": 0.7380952380952381, "f1-score": 0.6702702702702702, "support": 84}, "16": {"precision": 0.65, "recall": 0.6265060240963856, "f1-score": 0.6380368098159509, "support": 83}, "17": {"precision": 0.6521739130434783, "recall": 0.625, "f1-score": 0.6382978723404256, "support": 72}, "18": {"precision": 0.45555555555555555, "recall": 0.5466666666666666, "f1-score": 0.496969696969697, "support": 75}, "19": {"precision": 0.4722222222222222, "recall": 0.4473684210526316, "f1-score": 0.4594594594594595, "support": 76}, "20": {"precision": 0.3684210526315789, "recall": 0.42, "f1-score": 0.3925233644859813, "support": 50}, "21": {"precision": 0.3783783783783784, "recall": 0.3333333333333333, "f1-score": 0.3544303797468354, "support": 42}, "22": {"precision": 0.45454545454545453, "recall": 0.45454545454545453, "f1-score": 0.45454545454545453, "support": 33}, "23": {"precision": 0.30434782608695654, "recall": 0.3684210526315789, "f1-score": 0.3333333333333333, "support": 19}, "24": {"precision": 0.42857142857142855, "recall": 0.15, "f1-score": 0.2222222222222222, "support": 20}, "25": {"precision": 0.5, "recall": 0.2727272727272727, "f1-score": 0.3529411764705882, "support": 11}, "26": {"precision": 0.0, "recall": 0.0, "f1-score": 0.0, "support": 3}, "27": {"precision": 0.0, "recall": 0.0, "f1-score": 0.0, "support": 1}, "accuracy": 0.55, "macro avg": {"precision": 0.4083731815386146, "recall": 0.400645750548963, "f1-score": 0.3976980925929352, "support": 1280}, "weighted avg": {"precision": 0.5458406771656688, "recall": 0.55, "f1-score": 0.5434133559541762, "support": 1280}}