{"1": {"precision": 0.5, "recall": 0.3333333333333333, "f1-score": 0.4, "support": 3}, "2": {"precision": 0.0, "recall": 0.0, "f1-score": 0.0, "support": 12}, "3": {"precision": 0.42857142857142855, "recall": 0.6, "f1-score": 0.5, "support": 10}, "4": {"precision": 0.5, "recall": 0.22727272727272727, "f1-score": 0.3125, "support": 22}, "5": {"precision": 0.14285714285714285, "recall": 0.11764705882352941, "f1-score": 0.12903225806451615, "support": 17}, "6": {"precision": 0.3333333333333333, "recall": 0.3157894736842105, "f1-score": 0.3243243243243243, "support": 38}, "7": {"precision": 0.3137254901960784, "recall": 0.41025641025641024, "f1-score": 0.3555555555555555, "support": 39}, "8": {"precision": 0.36363636363636365, "recall": 0.41379310344827586, "f1-score": 0.3870967741935484, "support": 58}, "9": {"precision": 0.5, "recall": 0.43037974683544306, "f1-score": 0.4625850340136054, "support": 79}, "10": {"precision": 0.5287356321839081, "recall": 0.5287356321839081, "f1-score": 0.5287356321839081, "support": 87}, "11": {"precision": 0.5052631578947369, "recall": 0.5581395348837209, "f1-score": 0.5303867403314918, "support": 86}, "12": {"precision": 0.59, "recall": 0.686046511627907, "f1-score": 0.6344086021505376, "support": 86}, "13": {"precision": 0.5617977528089888, "recall": 0.5747126436781609, "f1-score": 0.5681818181818181, "support": 87}, "14": {"precision": 0.574468085106383, "recall": 0.6428571428571429, "f1-score": 0.6067415730337079, "support": 84}, "15": {"precision": 0.5689655172413793, "recall": 0.6346153846153846, "f1-score": 0.6, "support": 104}, "16": {"precision": 0.5584415584415584, "recall": 0.45263157894736844, "f1-score": 0.5, "support": 95}, "17": {"precision": 0.4470588235294118, "recall": 0.5205479452054794, "f1-score": 0.48101265822784806, "support": 73}, "18": {"precision": 0.38461538461538464, "recall": 0.4861111111111111, "f1-score": 0.4294478527607362, "support": 72}, "19": {"precision": 0.4305555555555556, "recall": 0.45588235294117646, "f1-score": 0.4428571428571429, "support": 68}, "20": {"precision": 0.26666666666666666, "recall": 0.20512820512820512, "f1-score": 0.2318840579710145, "support": 39}, "21": {"precision": 0.3793103448275862, "recall": 0.275, "f1-score": 0.3188405797101449, "support": 40}, "22": {"precision": 0.375, "recall": 0.2903225806451613, "f1-score": 0.3272727272727273, "support": 31}, "23": {"precision": 0.35294117647058826, "recall": 0.24, "f1-score": 0.28571428571428564, "support": 25}, "24": {"precision": 0.2727272727272727, "recall": 0.3333333333333333, "f1-score": 0.3, "support": 9}, "25": {"precision": 0.0, "recall": 0.0, "f1-score": 0.0, "support": 11}, "26": {"precision": 0.0, "recall": 0.0, "f1-score": 0.0, "support": 4}, "27": {"precision": 0.0, "recall": 0.0, "f1-score": 0.0, "support": 1}, "accuracy": 0.47421875, "macro avg": {"precision": 0.36587669209865803, "recall": 0.3604642892893329, "f1-score": 0.35765102283507083, "support": 1280}, "weighted avg": {"precision": 0.4627630788312279, "recall": 0.47421875, "f1-score": 0.4647341781560713, "support": 1280}}