{"0": {"precision": 0.0, "recall": 0.0, "f1-score": 0.0, "support": 2}, "1": {"precision": 0.3333333333333333, "recall": 0.25, "f1-score": 0.28571428571428575, "support": 4}, "2": {"precision": 0.6153846153846154, "recall": 0.8888888888888888, "f1-score": 0.7272727272727274, "support": 9}, "3": {"precision": 0.7, "recall": 0.5833333333333334, "f1-score": 0.6363636363636365, "support": 12}, "4": {"precision": 0.8333333333333334, "recall": 0.625, "f1-score": 0.7142857142857143, "support": 16}, "5": {"precision": 0.7307692307692307, "recall": 0.7307692307692307, "f1-score": 0.7307692307692306, "support": 26}, "6": {"precision": 0.7, "recall": 0.7, "f1-score": 0.7, "support": 30}, "7": {"precision": 0.8070175438596491, "recall": 0.8679245283018868, "f1-score": 0.8363636363636363, "support": 53}, "8": {"precision": 0.78, "recall": 0.75, "f1-score": 0.7647058823529411, "support": 52}, "9": {"precision": 0.7692307692307693, "recall": 0.8823529411764706, "f1-score": 0.8219178082191781, "support": 68}, "10": {"precision": 0.7926829268292683, "recall": 0.8125, "f1-score": 0.8024691358024691, "support": 80}, "11": {"precision": 0.8297872340425532, "recall": 0.8297872340425532, "f1-score": 0.8297872340425532, "support": 94}, "12": {"precision": 0.898876404494382, "recall": 0.7692307692307693, "f1-score": 0.8290155440414508, "support": 104}, "13": {"precision": 0.7564102564102564, "recall": 0.8939393939393939, "f1-score": 0.8194444444444444, "support": 66}, "14": {"precision": 0.8863636363636364, "recall": 0.7959183673469388, "f1-score": 0.8387096774193548, "support": 98}, "15": {"precision": 0.8, "recall": 0.8076923076923077, "f1-score": 0.8038277511961722, "support": 104}, "16": {"precision": 0.7216494845360825, "recall": 0.7777777777777778, "f1-score": 0.7486631016042781, "support": 90}, "17": {"precision": 0.7948717948717948, "recall": 0.7560975609756098, "f1-score": 0.7749999999999999, "support": 82}, "18": {"precision": 0.8591549295774648, "recall": 0.8026315789473685, "f1-score": 0.8299319727891157, "support": 76}, "19": {"precision": 0.8103448275862069, "recall": 0.8545454545454545, "f1-score": 0.831858407079646, "support": 55}, "20": {"precision": 0.7346938775510204, "recall": 0.8571428571428571, "f1-score": 0.7912087912087913, "support": 42}, "21": {"precision": 0.6571428571428571, "recall": 0.71875, "f1-score": 0.6865671641791045, "support": 32}, "22": {"precision": 0.7222222222222222, "recall": 0.7027027027027027, "f1-score": 0.7123287671232876, "support": 37}, "23": {"precision": 0.7058823529411765, "recall": 0.5, "f1-score": 0.5853658536585366, "support": 24}, "24": {"precision": 0.5, "recall": 0.42857142857142855, "f1-score": 0.4615384615384615, "support": 7}, "25": {"precision": 0.46153846153846156, "recall": 0.6666666666666666, "f1-score": 0.5454545454545455, "support": 9}, "26": {"precision": 0.6, "recall": 0.375, "f1-score": 0.4615384615384615, "support": 8}, "accuracy": 0.784375, "macro avg": {"precision": 0.6963218552599376, "recall": 0.6898971489648754, "f1-score": 0.6877815642393341, "support": 1280}, "weighted avg": {"precision": 0.7868163155649114, "recall": 0.784375, "f1-score": 0.7829847689569456, "support": 1280}}