{"1": {"precision": 1.0, "recall": 0.3333333333333333, "f1-score": 0.5, "support": 3}, "2": {"precision": 0.7142857142857143, "recall": 0.5555555555555556, "f1-score": 0.6250000000000001, "support": 9}, "3": {"precision": 0.45454545454545453, "recall": 0.7142857142857143, "f1-score": 0.5555555555555556, "support": 7}, "4": {"precision": 0.85, "recall": 0.68, "f1-score": 0.7555555555555556, "support": 25}, "5": {"precision": 0.6666666666666666, "recall": 0.782608695652174, "f1-score": 0.72, "support": 23}, "6": {"precision": 0.7333333333333333, "recall": 0.6875, "f1-score": 0.7096774193548386, "support": 32}, "7": {"precision": 0.6842105263157895, "recall": 0.7647058823529411, "f1-score": 0.7222222222222222, "support": 51}, "8": {"precision": 0.7627118644067796, "recall": 0.703125, "f1-score": 0.7317073170731708, "support": 64}, "9": {"precision": 0.675, "recall": 0.75, "f1-score": 0.7105263157894738, "support": 72}, "10": {"precision": 0.775, "recall": 0.6888888888888889, "f1-score": 0.7294117647058822, "support": 90}, "11": {"precision": 0.8064516129032258, "recall": 0.78125, "f1-score": 0.7936507936507936, "support": 96}, "12": {"precision": 0.7386363636363636, "recall": 0.7738095238095238, "f1-score": 0.7558139534883721, "support": 84}, "13": {"precision": 0.7346938775510204, "recall": 0.7741935483870968, "f1-score": 0.7539267015706805, "support": 93}, "14": {"precision": 0.7701149425287356, "recall": 0.8072289156626506, "f1-score": 0.788235294117647, "support": 83}, "15": {"precision": 0.8, "recall": 0.7640449438202247, "f1-score": 0.7816091954022989, "support": 89}, "16": {"precision": 0.7956989247311828, "recall": 0.7789473684210526, "f1-score": 0.7872340425531914, "support": 95}, "17": {"precision": 0.6630434782608695, "recall": 0.8026315789473685, "f1-score": 0.7261904761904762, "support": 76}, "18": {"precision": 0.75, "recall": 0.68, "f1-score": 0.7132867132867132, "support": 75}, "19": {"precision": 0.7575757575757576, "recall": 0.819672131147541, "f1-score": 0.7874015748031497, "support": 61}, "20": {"precision": 0.7407407407407407, "recall": 0.5555555555555556, "f1-score": 0.634920634920635, "support": 36}, "21": {"precision": 0.8275862068965517, "recall": 0.7741935483870968, "f1-score": 0.7999999999999999, "support": 31}, "22": {"precision": 0.7857142857142857, "recall": 0.8461538461538461, "f1-score": 0.8148148148148148, "support": 26}, "23": {"precision": 0.8260869565217391, "recall": 0.6551724137931034, "f1-score": 0.7307692307692308, "support": 29}, "24": {"precision": 0.47368421052631576, "recall": 0.8181818181818182, "f1-score": 0.6, "support": 11}, "25": {"precision": 0.7272727272727273, "recall": 0.5, "f1-score": 0.5925925925925926, "support": 16}, "26": {"precision": 1.0, "recall": 0.5, "f1-score": 0.6666666666666666, "support": 2}, "27": {"precision": 0.0, "recall": 0.0, "f1-score": 0.0, "support": 1}, "accuracy": 0.7453125, "macro avg": {"precision": 0.7227056905338243, "recall": 0.6774458615679809, "f1-score": 0.6846951420401467, "support": 1280}, "weighted avg": {"precision": 0.7512720403207401, "recall": 0.7453125, "f1-score": 0.7448249609825297, "support": 1280}}