{"0": {"precision": 0.0, "recall": 0.0, "f1-score": 0.0, "support": 3}, "1": {"precision": 0.0, "recall": 0.0, "f1-score": 0.0, "support": 3}, "2": {"precision": 0.375, "recall": 0.42857142857142855, "f1-score": 0.39999999999999997, "support": 7}, "3": {"precision": 0.7142857142857143, "recall": 0.8333333333333334, "f1-score": 0.7692307692307692, "support": 12}, "4": {"precision": 0.6666666666666666, "recall": 0.5263157894736842, "f1-score": 0.5882352941176471, "support": 19}, "5": {"precision": 0.6428571428571429, "recall": 0.5625, "f1-score": 0.6000000000000001, "support": 32}, "6": {"precision": 0.6382978723404256, "recall": 0.7142857142857143, "f1-score": 0.6741573033707866, "support": 42}, "7": {"precision": 0.6086956521739131, "recall": 0.7777777777777778, "f1-score": 0.6829268292682927, "support": 36}, "8": {"precision": 0.84, "recall": 0.7, "f1-score": 0.7636363636363636, "support": 60}, "9": {"precision": 0.7272727272727273, "recall": 0.7619047619047619, "f1-score": 0.7441860465116279, "support": 63}, "10": {"precision": 0.8055555555555556, "recall": 0.7341772151898734, "f1-score": 0.7682119205298013, "support": 79}, "11": {"precision": 0.7755102040816326, "recall": 0.8260869565217391, "f1-score": 0.8, "support": 92}, "12": {"precision": 0.7252747252747253, "recall": 0.7586206896551724, "f1-score": 0.7415730337078651, "support": 87}, "13": {"precision": 0.7111111111111111, "recall": 0.7191011235955056, "f1-score": 0.7150837988826815, "support": 89}, "14": {"precision": 0.7415730337078652, "recall": 0.7021276595744681, "f1-score": 0.7213114754098361, "support": 94}, "15": {"precision": 0.7653061224489796, "recall": 0.7731958762886598, "f1-score": 0.7692307692307693, "support": 97}, "16": {"precision": 0.7666666666666667, "recall": 0.7340425531914894, "f1-score": 0.75, "support": 94}, "17": {"precision": 0.6836734693877551, "recall": 0.7282608695652174, "f1-score": 0.7052631578947369, "support": 92}, "18": {"precision": 0.647887323943662, "recall": 0.7301587301587301, "f1-score": 0.6865671641791045, "support": 63}, "19": {"precision": 0.8163265306122449, "recall": 0.6896551724137931, "f1-score": 0.7476635514018692, "support": 58}, "20": {"precision": 0.6666666666666666, "recall": 0.68, "f1-score": 0.6732673267326733, "support": 50}, "21": {"precision": 0.5714285714285714, "recall": 0.7, "f1-score": 0.6292134831460674, "support": 40}, "22": {"precision": 0.5217391304347826, "recall": 0.5714285714285714, "f1-score": 0.5454545454545454, "support": 21}, "23": {"precision": 0.5, "recall": 0.46153846153846156, "f1-score": 0.48000000000000004, "support": 26}, "24": {"precision": 0.3333333333333333, "recall": 0.3, "f1-score": 0.3157894736842105, "support": 10}, "25": {"precision": 0.6666666666666666, "recall": 0.2222222222222222, "f1-score": 0.3333333333333333, "support": 9}, "26": {"precision": 0.0, "recall": 0.0, "f1-score": 0.0, "support": 2}, "accuracy": 0.70859375, "macro avg": {"precision": 0.5893257365524744, "recall": 0.5790853669144668, "f1-score": 0.5779383570267771, "support": 1280}, "weighted avg": {"precision": 0.708827526359207, "recall": 0.70859375, "f1-score": 0.7060957858799443, "support": 1280}}