{"0": {"precision": 0.0, "recall": 0.0, "f1-score": 0.0, "support": 0}, "1": {"precision": 0.0, "recall": 0.0, "f1-score": 0.0, "support": 5}, "2": {"precision": 0.0, "recall": 0.0, "f1-score": 0.0, "support": 9}, "3": {"precision": 0.01639344262295082, "recall": 0.07692307692307693, "f1-score": 0.02702702702702703, "support": 13}, "4": {"precision": 0.09090909090909091, "recall": 0.125, "f1-score": 0.10526315789473685, "support": 16}, "5": {"precision": 0.13636363636363635, "recall": 0.10714285714285714, "f1-score": 0.11999999999999998, "support": 28}, "6": {"precision": 0.038461538461538464, "recall": 0.022727272727272728, "f1-score": 0.028571428571428574, "support": 44}, "7": {"precision": 0.044444444444444446, "recall": 0.047619047619047616, "f1-score": 0.04597701149425287, "support": 42}, "8": {"precision": 0.15, "recall": 0.23076923076923078, "f1-score": 0.18181818181818185, "support": 52}, "9": {"precision": 0.045454545454545456, "recall": 0.03225806451612903, "f1-score": 0.03773584905660377, "support": 62}, "10": {"precision": 0.09375, "recall": 0.0759493670886076, "f1-score": 0.0839160839160839, "support": 79}, "11": {"precision": 0.11627906976744186, "recall": 0.06666666666666667, "f1-score": 0.0847457627118644, "support": 75}, "12": {"precision": 0.08571428571428572, "recall": 0.05714285714285714, "f1-score": 0.06857142857142857, "support": 105}, "13": {"precision": 0.09900990099009901, "recall": 0.10526315789473684, "f1-score": 0.10204081632653061, "support": 95}, "14": {"precision": 0.0891089108910891, "recall": 0.09090909090909091, "f1-score": 0.09000000000000001, "support": 99}, "15": {"precision": 0.14563106796116504, "recall": 0.17857142857142858, "f1-score": 0.16042780748663102, "support": 84}, "16": {"precision": 0.10784313725490197, "recall": 0.11956521739130435, "f1-score": 0.1134020618556701, "support": 92}, "17": {"precision": 0.10256410256410256, "recall": 0.1518987341772152, "f1-score": 0.12244897959183673, "support": 79}, "18": {"precision": 0.11267605633802817, "recall": 0.09090909090909091, "f1-score": 0.10062893081761008, "support": 88}, "19": {"precision": 0.05660377358490566, "recall": 0.06, "f1-score": 0.05825242718446602, "support": 50}, "20": {"precision": 0.07692307692307693, "recall": 0.047619047619047616, "f1-score": 0.058823529411764705, "support": 42}, "21": {"precision": 0.043478260869565216, "recall": 0.027777777777777776, "f1-score": 0.03389830508474576, "support": 36}, "22": {"precision": 0.15151515151515152, "recall": 0.11627906976744186, "f1-score": 0.13157894736842105, "support": 43}, "23": {"precision": 0.13043478260869565, "recall": 0.13043478260869565, "f1-score": 0.13043478260869565, "support": 23}, "24": {"precision": 0.0, "recall": 0.0, "f1-score": 0.0, "support": 6}, "25": {"precision": 0.3333333333333333, "recall": 0.125, "f1-score": 0.18181818181818182, "support": 8}, "26": {"precision": 0.0, "recall": 0.0, "f1-score": 0.0, "support": 5}, "27": {"precision": 0.0, "recall": 0.0, "f1-score": 0.0, "support": 0}, "accuracy": 0.09375, "macro avg": {"precision": 0.08096041459185888, "recall": 0.0745152085079134, "f1-score": 0.07383502502200576, "support": 1280}, "weighted avg": {"precision": 0.09609260163160441, "recall": 0.09375, "f1-score": 0.09243813850442473, "support": 1280}}