{"0": {"precision": 0.0, "recall": 0.0, "f1-score": 0.0, "support": 3}, "1": {"precision": 1.0, "recall": 0.2, "f1-score": 0.33333333333333337, "support": 5}, "2": {"precision": 0.4, "recall": 0.8, "f1-score": 0.5333333333333333, "support": 5}, "3": {"precision": 0.6923076923076923, "recall": 0.6, "f1-score": 0.6428571428571429, "support": 15}, "4": {"precision": 0.6153846153846154, "recall": 0.5333333333333333, "f1-score": 0.5714285714285715, "support": 15}, "5": {"precision": 0.782608695652174, "recall": 0.6, "f1-score": 0.6792452830188679, "support": 30}, "6": {"precision": 0.8518518518518519, "recall": 0.6388888888888888, "f1-score": 0.7301587301587301, "support": 36}, "7": {"precision": 0.6666666666666666, "recall": 0.7391304347826086, "f1-score": 0.7010309278350515, "support": 46}, "8": {"precision": 0.7380952380952381, "recall": 0.6326530612244898, "f1-score": 0.6813186813186813, "support": 49}, "9": {"precision": 0.7142857142857143, "recall": 0.7432432432432432, "f1-score": 0.7284768211920529, "support": 74}, "10": {"precision": 0.7662337662337663, "recall": 0.8082191780821918, "f1-score": 0.7866666666666666, "support": 73}, "11": {"precision": 0.6363636363636364, "recall": 0.7241379310344828, "f1-score": 0.6774193548387097, "support": 87}, "12": {"precision": 0.7241379310344828, "recall": 0.75, "f1-score": 0.736842105263158, "support": 112}, "13": {"precision": 0.7956989247311828, "recall": 0.7708333333333334, "f1-score": 0.7830687830687831, "support": 96}, "14": {"precision": 0.8125, "recall": 0.8041237113402062, "f1-score": 0.8082901554404145, "support": 97}, "15": {"precision": 0.6311475409836066, "recall": 0.8191489361702128, "f1-score": 0.7129629629629629, "support": 94}, "16": {"precision": 0.7758620689655172, "recall": 0.5921052631578947, "f1-score": 0.671641791044776, "support": 76}, "17": {"precision": 0.68, "recall": 0.8095238095238095, "f1-score": 0.7391304347826089, "support": 84}, "18": {"precision": 0.569620253164557, "recall": 0.6923076923076923, "f1-score": 0.625, "support": 65}, "19": {"precision": 0.6730769230769231, "recall": 0.660377358490566, "f1-score": 0.6666666666666667, "support": 53}, "20": {"precision": 0.8648648648648649, "recall": 0.5714285714285714, "f1-score": 0.6881720430107527, "support": 56}, "21": {"precision": 0.7428571428571429, "recall": 0.7428571428571429, "f1-score": 0.7428571428571429, "support": 35}, "22": {"precision": 0.8823529411764706, "recall": 0.5357142857142857, "f1-score": 0.6666666666666667, "support": 28}, "23": {"precision": 0.631578947368421, "recall": 0.7058823529411765, "f1-score": 0.6666666666666667, "support": 17}, "24": {"precision": 0.7142857142857143, "recall": 0.5882352941176471, "f1-score": 0.6451612903225806, "support": 17}, "25": {"precision": 0.4444444444444444, "recall": 0.5714285714285714, "f1-score": 0.5, "support": 7}, "26": {"precision": 0.0, "recall": 0.0, "f1-score": 0.0, "support": 4}, "27": {"precision": 0.0, "recall": 0.0, "f1-score": 0.0, "support": 1}, "accuracy": 0.7109375, "macro avg": {"precision": 0.6359366276355244, "recall": 0.5940561569071555, "f1-score": 0.5970855555262258, "support": 1280}, "weighted avg": {"precision": 0.7197604994594266, "recall": 0.7109375, "f1-score": 0.7080712422450395, "support": 1280}}