{"0": {"precision": 0.0, "recall": 0.0, "f1-score": 0.0, "support": 2}, "1": {"precision": 0.0, "recall": 0.0, "f1-score": 0.0, "support": 2}, "2": {"precision": 0.6666666666666666, "recall": 0.6666666666666666, "f1-score": 0.6666666666666666, "support": 9}, "3": {"precision": 0.5555555555555556, "recall": 0.2777777777777778, "f1-score": 0.3703703703703704, "support": 18}, "4": {"precision": 0.4117647058823529, "recall": 0.30434782608695654, "f1-score": 0.35, "support": 23}, "5": {"precision": 0.2222222222222222, "recall": 0.13333333333333333, "f1-score": 0.16666666666666669, "support": 30}, "6": {"precision": 0.35135135135135137, "recall": 0.3170731707317073, "f1-score": 0.33333333333333337, "support": 41}, "7": {"precision": 0.4473684210526316, "recall": 0.6071428571428571, "f1-score": 0.5151515151515151, "support": 56}, "8": {"precision": 0.3389830508474576, "recall": 0.37037037037037035, "f1-score": 0.3539823008849557, "support": 54}, "9": {"precision": 0.5494505494505495, "recall": 0.6172839506172839, "f1-score": 0.5813953488372093, "support": 81}, "10": {"precision": 0.5584415584415584, "recall": 0.5308641975308642, "f1-score": 0.5443037974683544, "support": 81}, "11": {"precision": 0.5375, "recall": 0.5512820512820513, "f1-score": 0.5443037974683544, "support": 78}, "12": {"precision": 0.6039603960396039, "recall": 0.6630434782608695, "f1-score": 0.6321243523316061, "support": 92}, "13": {"precision": 0.6868686868686869, "recall": 0.6296296296296297, "f1-score": 0.6570048309178744, "support": 108}, "14": {"precision": 0.6627906976744186, "recall": 0.7215189873417721, "f1-score": 0.6909090909090908, "support": 79}, "15": {"precision": 0.7142857142857143, "recall": 0.6862745098039216, "f1-score": 0.7000000000000001, "support": 102}, "16": {"precision": 0.4931506849315068, "recall": 0.5625, "f1-score": 0.5255474452554745, "support": 64}, "17": {"precision": 0.6329113924050633, "recall": 0.6172839506172839, "f1-score": 0.6250000000000001, "support": 81}, "18": {"precision": 0.5606060606060606, "recall": 0.578125, "f1-score": 0.5692307692307692, "support": 64}, "19": {"precision": 0.6212121212121212, "recall": 0.6029411764705882, "f1-score": 0.6119402985074627, "support": 68}, "20": {"precision": 0.41025641025641024, "recall": 0.47058823529411764, "f1-score": 0.4383561643835616, "support": 34}, "21": {"precision": 0.5135135135135135, "recall": 0.5, "f1-score": 0.5066666666666666, "support": 38}, "22": {"precision": 0.38235294117647056, "recall": 0.40625, "f1-score": 0.393939393939394, "support": 32}, "23": {"precision": 0.3333333333333333, "recall": 0.1875, "f1-score": 0.24000000000000005, "support": 16}, "24": {"precision": 0.4666666666666667, "recall": 0.5833333333333334, "f1-score": 0.5185185185185186, "support": 12}, "25": {"precision": 0.3333333333333333, "recall": 0.09090909090909091, "f1-score": 0.14285714285714288, "support": 11}, "27": {"precision": 1.0, "recall": 0.25, "f1-score": 0.4, "support": 4}, "accuracy": 0.55078125, "macro avg": {"precision": 0.4835017049545648, "recall": 0.44170517011853616, "f1-score": 0.4473432766801847, "support": 1280}, "weighted avg": {"precision": 0.5482614252216702, "recall": 0.55078125, "f1-score": 0.5456077110672324, "support": 1280}}