{"0": {"precision": 0.0, "recall": 0.0, "f1-score": 0.0, "support": 1}, "1": {"precision": 0.5, "recall": 0.3333333333333333, "f1-score": 0.4, "support": 3}, "2": {"precision": 0.8, "recall": 0.4444444444444444, "f1-score": 0.5714285714285714, "support": 9}, "3": {"precision": 0.5, "recall": 0.4, "f1-score": 0.4444444444444445, "support": 10}, "4": {"precision": 0.5909090909090909, "recall": 0.7222222222222222, "f1-score": 0.65, "support": 18}, "5": {"precision": 0.6470588235294118, "recall": 0.4583333333333333, "f1-score": 0.5365853658536585, "support": 24}, "6": {"precision": 0.6875, "recall": 0.8461538461538461, "f1-score": 0.7586206896551724, "support": 39}, "7": {"precision": 0.7058823529411765, "recall": 0.8181818181818182, "f1-score": 0.7578947368421053, "support": 44}, "8": {"precision": 0.7962962962962963, "recall": 0.6615384615384615, "f1-score": 0.7226890756302522, "support": 65}, "9": {"precision": 0.7721518987341772, "recall": 0.7922077922077922, "f1-score": 0.7820512820512822, "support": 77}, "10": {"precision": 0.717948717948718, "recall": 0.8235294117647058, "f1-score": 0.767123287671233, "support": 68}, "11": {"precision": 0.7976190476190477, "recall": 0.7362637362637363, "f1-score": 0.7657142857142858, "support": 91}, "12": {"precision": 0.7717391304347826, "recall": 0.7888888888888889, "f1-score": 0.7802197802197802, "support": 90}, "13": {"precision": 0.8269230769230769, "recall": 0.8269230769230769, "f1-score": 0.8269230769230769, "support": 104}, "14": {"precision": 0.7976190476190477, "recall": 0.7790697674418605, "f1-score": 0.788235294117647, "support": 86}, "15": {"precision": 0.81, "recall": 0.8350515463917526, "f1-score": 0.8223350253807107, "support": 97}, "16": {"precision": 0.8, "recall": 0.8247422680412371, "f1-score": 0.8121827411167513, "support": 97}, "17": {"precision": 0.7954545454545454, "recall": 0.7777777777777778, "f1-score": 0.7865168539325843, "support": 90}, "18": {"precision": 0.6896551724137931, "recall": 0.6349206349206349, "f1-score": 0.6611570247933884, "support": 63}, "19": {"precision": 0.6363636363636364, "recall": 0.6862745098039216, "f1-score": 0.660377358490566, "support": 51}, "20": {"precision": 0.6829268292682927, "recall": 0.6666666666666666, "f1-score": 0.674698795180723, "support": 42}, "21": {"precision": 0.6470588235294118, "recall": 0.6470588235294118, "f1-score": 0.6470588235294118, "support": 34}, "22": {"precision": 0.6, "recall": 0.5454545454545454, "f1-score": 0.5714285714285713, "support": 22}, "23": {"precision": 0.4230769230769231, "recall": 0.6875, "f1-score": 0.5238095238095238, "support": 16}, "24": {"precision": 0.3157894736842105, "recall": 0.35294117647058826, "f1-score": 0.33333333333333337, "support": 17}, "25": {"precision": 0.4, "recall": 0.26666666666666666, "f1-score": 0.32, "support": 15}, "26": {"precision": 0.0, "recall": 0.0, "f1-score": 0.0, "support": 7}, "27": {"precision": 0.0, "recall": 0.0, "f1-score": 0.0, "support": 0}, "accuracy": 0.7359375, "macro avg": {"precision": 0.59685617452663, "recall": 0.5841480267293114, "f1-score": 0.5844581407695383, "support": 1280}, "weighted avg": {"precision": 0.734446851124329, "recall": 0.7359375, "f1-score": 0.7326307331724041, "support": 1280}}