{"0": {"precision": 0.0, "recall": 0.0, "f1-score": 0.0, "support": 3}, "1": {"precision": 0.0, "recall": 0.0, "f1-score": 0.0, "support": 3}, "2": {"precision": 0.2, "recall": 0.08333333333333333, "f1-score": 0.11764705882352941, "support": 12}, "3": {"precision": 0.18181818181818182, "recall": 0.2222222222222222, "f1-score": 0.19999999999999998, "support": 9}, "4": {"precision": 0.4444444444444444, "recall": 0.8, "f1-score": 0.5714285714285714, "support": 10}, "5": {"precision": 0.8666666666666667, "recall": 0.4642857142857143, "f1-score": 0.6046511627906976, "support": 28}, "6": {"precision": 0.5714285714285714, "recall": 0.8484848484848485, "f1-score": 0.6829268292682927, "support": 33}, "7": {"precision": 0.475, "recall": 0.5277777777777778, "f1-score": 0.5, "support": 36}, "8": {"precision": 0.6938775510204082, "recall": 0.53125, "f1-score": 0.6017699115044248, "support": 64}, "9": {"precision": 0.6363636363636364, "recall": 0.8448275862068966, "f1-score": 0.7259259259259259, "support": 58}, "10": {"precision": 0.8, "recall": 0.6933333333333334, "f1-score": 0.7428571428571429, "support": 75}, "11": {"precision": 0.8089887640449438, "recall": 0.8, "f1-score": 0.8044692737430168, "support": 90}, "12": {"precision": 0.7884615384615384, "recall": 0.803921568627451, "f1-score": 0.7961165048543688, "support": 102}, "13": {"precision": 0.7647058823529411, "recall": 0.7303370786516854, "f1-score": 0.7471264367816092, "support": 89}, "14": {"precision": 0.76, "recall": 0.8444444444444444, "f1-score": 0.8, "support": 90}, "15": {"precision": 0.8333333333333334, "recall": 0.7920792079207921, "f1-score": 0.8121827411167514, "support": 101}, "16": {"precision": 0.7752808988764045, "recall": 0.7840909090909091, "f1-score": 0.7796610169491526, "support": 88}, "17": {"precision": 0.7613636363636364, "recall": 0.7701149425287356, "f1-score": 0.7657142857142857, "support": 87}, "18": {"precision": 0.7123287671232876, "recall": 0.6666666666666666, "f1-score": 0.6887417218543046, "support": 78}, "19": {"precision": 0.704225352112676, "recall": 0.704225352112676, "f1-score": 0.704225352112676, "support": 71}, "20": {"precision": 0.6363636363636364, "recall": 0.7777777777777778, "f1-score": 0.7000000000000001, "support": 45}, "21": {"precision": 0.7, "recall": 0.6511627906976745, "f1-score": 0.674698795180723, "support": 43}, "22": {"precision": 0.6, "recall": 0.5, "f1-score": 0.5454545454545454, "support": 24}, "23": {"precision": 0.45454545454545453, "recall": 0.7142857142857143, "f1-score": 0.5555555555555556, "support": 14}, "24": {"precision": 0.5, "recall": 0.46153846153846156, "f1-score": 0.48000000000000004, "support": 13}, "25": {"precision": 0.0, "recall": 0.0, "f1-score": 0.0, "support": 9}, "26": {"precision": 1.0, "recall": 0.2, "f1-score": 0.33333333333333337, "support": 5}, "accuracy": 0.71171875, "macro avg": {"precision": 0.5803406042711022, "recall": 0.5635614714810042, "f1-score": 0.553129117231441, "support": 1280}, "weighted avg": {"precision": 0.7147690835645244, "recall": 0.71171875, "f1-score": 0.7071027565142459, "support": 1280}}