{"0": {"precision": 0.0, "recall": 0.0, "f1-score": 0.0, "support": 0}, "1": {"precision": 0.0, "recall": 0.0, "f1-score": 0.0, "support": 5}, "2": {"precision": 0.0, "recall": 0.0, "f1-score": 0.0, "support": 2}, "3": {"precision": 0.07692307692307693, "recall": 0.14285714285714285, "f1-score": 0.1, "support": 7}, "4": {"precision": 0.0, "recall": 0.0, "f1-score": 0.0, "support": 14}, "5": {"precision": 0.2727272727272727, "recall": 0.0967741935483871, "f1-score": 0.14285714285714285, "support": 31}, "6": {"precision": 0.21739130434782608, "recall": 0.15151515151515152, "f1-score": 0.17857142857142858, "support": 33}, "7": {"precision": 0.17647058823529413, "recall": 0.2, "f1-score": 0.18750000000000003, "support": 45}, "8": {"precision": 0.23076923076923078, "recall": 0.17307692307692307, "f1-score": 0.19780219780219782, "support": 52}, "9": {"precision": 0.23214285714285715, "recall": 0.15476190476190477, "f1-score": 0.18571428571428575, "support": 84}, "10": {"precision": 0.11627906976744186, "recall": 0.136986301369863, "f1-score": 0.12578616352201258, "support": 73}, "11": {"precision": 0.20833333333333334, "recall": 0.1744186046511628, "f1-score": 0.189873417721519, "support": 86}, "12": {"precision": 0.17796610169491525, "recall": 0.19444444444444445, "f1-score": 0.18584070796460178, "support": 108}, "13": {"precision": 0.1717171717171717, "recall": 0.21518987341772153, "f1-score": 0.19101123595505617, "support": 79}, "14": {"precision": 0.26666666666666666, "recall": 0.18018018018018017, "f1-score": 0.21505376344086022, "support": 111}, "15": {"precision": 0.1762114537444934, "recall": 0.39603960396039606, "f1-score": 0.24390243902439027, "support": 101}, "16": {"precision": 0.2222222222222222, "recall": 0.21333333333333335, "f1-score": 0.21768707482993194, "support": 75}, "17": {"precision": 0.14049586776859505, "recall": 0.19318181818181818, "f1-score": 0.16267942583732056, "support": 88}, "18": {"precision": 0.16923076923076924, "recall": 0.16176470588235295, "f1-score": 0.16541353383458646, "support": 68}, "19": {"precision": 0.125, "recall": 0.13043478260869565, "f1-score": 0.1276595744680851, "support": 46}, "20": {"precision": 0.08571428571428572, "recall": 0.05555555555555555, "f1-score": 0.06741573033707865, "support": 54}, "21": {"precision": 0.07142857142857142, "recall": 0.02631578947368421, "f1-score": 0.038461538461538464, "support": 38}, "22": {"precision": 0.18181818181818182, "recall": 0.06451612903225806, "f1-score": 0.09523809523809523, "support": 31}, "23": {"precision": 0.16666666666666666, "recall": 0.04, "f1-score": 0.06451612903225806, "support": 25}, "24": {"precision": 0.18181818181818182, "recall": 0.15384615384615385, "f1-score": 0.16666666666666669, "support": 13}, "25": {"precision": 0.2, "recall": 0.2222222222222222, "f1-score": 0.2105263157894737, "support": 9}, "26": {"precision": 0.0, "recall": 0.0, "f1-score": 0.0, "support": 2}, "27": {"precision": 0.0, "recall": 0.0, "f1-score": 0.0, "support": 0}, "accuracy": 0.175, "macro avg": {"precision": 0.1381426026334662, "recall": 0.12419338621140541, "f1-score": 0.1235777452524475, "support": 1280}, "weighted avg": {"precision": 0.17952656780561238, "recall": 0.175, "f1-score": 0.1687604697665927, "support": 1280}}