{"1": {"precision": 0.0, "recall": 0.0, "f1-score": 0.0, "support": 3}, "2": {"precision": 0.0, "recall": 0.0, "f1-score": 0.0, "support": 9}, "3": {"precision": 0.0, "recall": 0.0, "f1-score": 0.0, "support": 7}, "4": {"precision": 0.25, "recall": 0.13333333333333333, "f1-score": 0.1739130434782609, "support": 15}, "5": {"precision": 0.1, "recall": 0.038461538461538464, "f1-score": 0.05555555555555555, "support": 26}, "6": {"precision": 0.3684210526315789, "recall": 0.21212121212121213, "f1-score": 0.2692307692307693, "support": 33}, "7": {"precision": 0.1509433962264151, "recall": 0.17391304347826086, "f1-score": 0.16161616161616163, "support": 46}, "8": {"precision": 0.3673469387755102, "recall": 0.32142857142857145, "f1-score": 0.34285714285714286, "support": 56}, "9": {"precision": 0.2777777777777778, "recall": 0.273972602739726, "f1-score": 0.27586206896551724, "support": 73}, "10": {"precision": 0.25, "recall": 0.26582278481012656, "f1-score": 0.25766871165644173, "support": 79}, "11": {"precision": 0.3875, "recall": 0.3333333333333333, "f1-score": 0.3583815028901734, "support": 93}, "12": {"precision": 0.3148148148148148, "recall": 0.3300970873786408, "f1-score": 0.32227488151658773, "support": 103}, "13": {"precision": 0.2627118644067797, "recall": 0.36046511627906974, "f1-score": 0.303921568627451, "support": 86}, "14": {"precision": 0.3118279569892473, "recall": 0.3258426966292135, "f1-score": 0.31868131868131866, "support": 89}, "15": {"precision": 0.2709677419354839, "recall": 0.42424242424242425, "f1-score": 0.33070866141732286, "support": 99}, "16": {"precision": 0.2911392405063291, "recall": 0.26744186046511625, "f1-score": 0.27878787878787875, "support": 86}, "17": {"precision": 0.15827338129496402, "recall": 0.26506024096385544, "f1-score": 0.19819819819819823, "support": 83}, "18": {"precision": 0.1095890410958904, "recall": 0.11764705882352941, "f1-score": 0.11347517730496454, "support": 68}, "19": {"precision": 0.14634146341463414, "recall": 0.08450704225352113, "f1-score": 0.10714285714285714, "support": 71}, "20": {"precision": 0.25, "recall": 0.08333333333333333, "f1-score": 0.125, "support": 48}, "21": {"precision": 0.17647058823529413, "recall": 0.09090909090909091, "f1-score": 0.12000000000000001, "support": 33}, "22": {"precision": 0.05555555555555555, "recall": 0.034482758620689655, "f1-score": 0.0425531914893617, "support": 29}, "23": {"precision": 0.4, "recall": 0.10526315789473684, "f1-score": 0.16666666666666666, "support": 19}, "24": {"precision": 0.0, "recall": 0.0, "f1-score": 0.0, "support": 12}, "25": {"precision": 0.18181818181818182, "recall": 0.2, "f1-score": 0.1904761904761905, "support": 10}, "26": {"precision": 0.0, "recall": 0.0, "f1-score": 0.0, "support": 2}, "27": {"precision": 0.0, "recall": 0.0, "f1-score": 0.0, "support": 2}, "accuracy": 0.24609375, "macro avg": {"precision": 0.18820366649920212, "recall": 0.16450660324071573, "f1-score": 0.16714709431699337, "support": 1280}, "weighted avg": {"precision": 0.24730892544536873, "recall": 0.24609375, "f1-score": 0.23894127698869932, "support": 1280}}