{"0": {"precision": 0.0, "recall": 0.0, "f1-score": 0.0, "support": 0}, "1": {"precision": 0.5, "recall": 0.5, "f1-score": 0.5, "support": 2}, "2": {"precision": 0.3333333333333333, "recall": 0.2, "f1-score": 0.25, "support": 5}, "3": {"precision": 0.8125, "recall": 0.8125, "f1-score": 0.8125, "support": 16}, "4": {"precision": 0.9444444444444444, "recall": 0.85, "f1-score": 0.8947368421052632, "support": 20}, "5": {"precision": 0.68, "recall": 0.85, "f1-score": 0.7555555555555556, "support": 20}, "6": {"precision": 0.6666666666666666, "recall": 0.6451612903225806, "f1-score": 0.6557377049180327, "support": 31}, "7": {"precision": 0.7560975609756098, "recall": 0.7045454545454546, "f1-score": 0.7294117647058823, "support": 44}, "8": {"precision": 0.7313432835820896, "recall": 0.8596491228070176, "f1-score": 0.7903225806451613, "support": 57}, "9": {"precision": 0.8382352941176471, "recall": 0.7808219178082192, "f1-score": 0.8085106382978724, "support": 73}, "10": {"precision": 0.8461538461538461, "recall": 0.8279569892473119, "f1-score": 0.8369565217391305, "support": 93}, "11": {"precision": 0.7674418604651163, "recall": 0.8048780487804879, "f1-score": 0.7857142857142858, "support": 82}, "12": {"precision": 0.782608695652174, "recall": 0.7346938775510204, "f1-score": 0.7578947368421053, "support": 98}, "13": {"precision": 0.7128712871287128, "recall": 0.782608695652174, "f1-score": 0.7461139896373056, "support": 92}, "14": {"precision": 0.7128712871287128, "recall": 0.7272727272727273, "f1-score": 0.7200000000000001, "support": 99}, "15": {"precision": 0.7586206896551724, "recall": 0.717391304347826, "f1-score": 0.7374301675977654, "support": 92}, "16": {"precision": 0.7727272727272727, "recall": 0.7391304347826086, "f1-score": 0.7555555555555555, "support": 92}, "17": {"precision": 0.7341772151898734, "recall": 0.8055555555555556, "f1-score": 0.7682119205298013, "support": 72}, "18": {"precision": 0.921875, "recall": 0.855072463768116, "f1-score": 0.887218045112782, "support": 69}, "19": {"precision": 0.8363636363636363, "recall": 0.8214285714285714, "f1-score": 0.8288288288288289, "support": 56}, "20": {"precision": 0.75, "recall": 0.6818181818181818, "f1-score": 0.7142857142857143, "support": 44}, "21": {"precision": 0.7906976744186046, "recall": 0.7906976744186046, "f1-score": 0.7906976744186046, "support": 43}, "22": {"precision": 0.696969696969697, "recall": 0.8518518518518519, "f1-score": 0.7666666666666667, "support": 27}, "23": {"precision": 0.65, "recall": 0.65, "f1-score": 0.65, "support": 20}, "24": {"precision": 0.6470588235294118, "recall": 0.6470588235294118, "f1-score": 0.6470588235294118, "support": 17}, "25": {"precision": 0.7777777777777778, "recall": 0.4666666666666667, "f1-score": 0.5833333333333334, "support": 15}, "26": {"precision": 0.3333333333333333, "recall": 1.0, "f1-score": 0.5, "support": 1}, "accuracy": 0.76640625, "macro avg": {"precision": 0.6945988399856716, "recall": 0.707657764894607, "f1-score": 0.6915830129636688, "support": 1280}, "weighted avg": {"precision": 0.769885593197861, "recall": 0.76640625, "f1-score": 0.7663173227474541, "support": 1280}}