{"0": {"precision": 0.0, "recall": 0.0, "f1-score": 0.0, "support": 2}, "1": {"precision": 0.375, "recall": 0.6, "f1-score": 0.4615384615384615, "support": 5}, "2": {"precision": 0.0, "recall": 0.0, "f1-score": 0.0, "support": 5}, "3": {"precision": 0.2857142857142857, "recall": 0.2857142857142857, "f1-score": 0.2857142857142857, "support": 14}, "4": {"precision": 0.23529411764705882, "recall": 0.2, "f1-score": 0.2162162162162162, "support": 20}, "5": {"precision": 0.25, "recall": 0.12, "f1-score": 0.16216216216216217, "support": 25}, "6": {"precision": 0.2962962962962963, "recall": 0.26666666666666666, "f1-score": 0.28070175438596495, "support": 30}, "7": {"precision": 0.3090909090909091, "recall": 0.3953488372093023, "f1-score": 0.346938775510204, "support": 43}, "8": {"precision": 0.43333333333333335, "recall": 0.4406779661016949, "f1-score": 0.43697478991596644, "support": 59}, "9": {"precision": 0.5238095238095238, "recall": 0.5866666666666667, "f1-score": 0.5534591194968552, "support": 75}, "10": {"precision": 0.5945945945945946, "recall": 0.5238095238095238, "f1-score": 0.5569620253164557, "support": 84}, "11": {"precision": 0.4444444444444444, "recall": 0.35, "f1-score": 0.39160839160839156, "support": 80}, "12": {"precision": 0.5148514851485149, "recall": 0.6046511627906976, "f1-score": 0.5561497326203209, "support": 86}, "13": {"precision": 0.5309734513274337, "recall": 0.6185567010309279, "f1-score": 0.5714285714285715, "support": 97}, "14": {"precision": 0.5425531914893617, "recall": 0.4766355140186916, "f1-score": 0.5074626865671642, "support": 107}, "15": {"precision": 0.3953488372093023, "recall": 0.5666666666666667, "f1-score": 0.46575342465753417, "support": 90}, "16": {"precision": 0.4411764705882353, "recall": 0.5357142857142857, "f1-score": 0.4838709677419355, "support": 84}, "17": {"precision": 0.6461538461538462, "recall": 0.46153846153846156, "f1-score": 0.5384615384615385, "support": 91}, "18": {"precision": 0.3333333333333333, "recall": 0.36363636363636365, "f1-score": 0.34782608695652173, "support": 66}, "19": {"precision": 0.421875, "recall": 0.4576271186440678, "f1-score": 0.43902439024390244, "support": 59}, "20": {"precision": 0.2702702702702703, "recall": 0.22727272727272727, "f1-score": 0.24691358024691357, "support": 44}, "21": {"precision": 0.10256410256410256, "recall": 0.125, "f1-score": 0.11267605633802817, "support": 32}, "22": {"precision": 0.4, "recall": 0.3225806451612903, "f1-score": 0.3571428571428571, "support": 31}, "23": {"precision": 0.375, "recall": 0.35294117647058826, "f1-score": 0.3636363636363636, "support": 17}, "24": {"precision": 0.0, "recall": 0.0, "f1-score": 0.0, "support": 19}, "25": {"precision": 0.5, "recall": 0.1111111111111111, "f1-score": 0.1818181818181818, "support": 9}, "26": {"precision": 0.0, "recall": 0.0, "f1-score": 0.0, "support": 3}, "27": {"precision": 0.0, "recall": 0.0, "f1-score": 0.0, "support": 3}, "accuracy": 0.440625, "macro avg": {"precision": 0.32934562475053025, "recall": 0.3211719957222864, "f1-score": 0.3165871578473141, "support": 1280}, "weighted avg": {"precision": 0.4374837451794599, "recall": 0.440625, "f1-score": 0.43341191139067703, "support": 1280}}