{"1": {"precision": 1.0, "recall": 1.0, "f1-score": 1.0, "support": 2}, "2": {"precision": 0.8333333333333334, "recall": 0.5555555555555556, "f1-score": 0.6666666666666667, "support": 9}, "3": {"precision": 0.6, "recall": 0.5, "f1-score": 0.5454545454545454, "support": 12}, "4": {"precision": 0.4444444444444444, "recall": 0.2857142857142857, "f1-score": 0.34782608695652173, "support": 14}, "5": {"precision": 0.7727272727272727, "recall": 0.6071428571428571, "f1-score": 0.68, "support": 28}, "6": {"precision": 0.7297297297297297, "recall": 0.675, "f1-score": 0.7012987012987014, "support": 40}, "7": {"precision": 0.7837837837837838, "recall": 0.6444444444444445, "f1-score": 0.7073170731707318, "support": 45}, "8": {"precision": 0.6206896551724138, "recall": 0.7058823529411765, "f1-score": 0.6605504587155964, "support": 51}, "9": {"precision": 0.7333333333333333, "recall": 0.6666666666666666, "f1-score": 0.6984126984126984, "support": 66}, "10": {"precision": 0.7647058823529411, "recall": 0.7536231884057971, "f1-score": 0.759124087591241, "support": 69}, "11": {"precision": 0.7469879518072289, "recall": 0.7209302325581395, "f1-score": 0.7337278106508875, "support": 86}, "12": {"precision": 0.7155963302752294, "recall": 0.7959183673469388, "f1-score": 0.7536231884057972, "support": 98}, "13": {"precision": 0.7111111111111111, "recall": 0.7901234567901234, "f1-score": 0.7485380116959064, "support": 81}, "14": {"precision": 0.8289473684210527, "recall": 0.7078651685393258, "f1-score": 0.7636363636363637, "support": 89}, "15": {"precision": 0.7166666666666667, "recall": 0.7678571428571429, "f1-score": 0.7413793103448276, "support": 112}, "16": {"precision": 0.6621621621621622, "recall": 0.5157894736842106, "f1-score": 0.5798816568047338, "support": 95}, "17": {"precision": 0.4852941176470588, "recall": 0.6875, "f1-score": 0.5689655172413792, "support": 96}, "18": {"precision": 0.5274725274725275, "recall": 0.6857142857142857, "f1-score": 0.5962732919254659, "support": 70}, "19": {"precision": 0.6721311475409836, "recall": 0.6307692307692307, "f1-score": 0.6507936507936507, "support": 65}, "20": {"precision": 0.7222222222222222, "recall": 0.6046511627906976, "f1-score": 0.6582278481012659, "support": 43}, "21": {"precision": 0.7428571428571429, "recall": 0.7027027027027027, "f1-score": 0.7222222222222223, "support": 37}, "22": {"precision": 0.6666666666666666, "recall": 0.631578947368421, "f1-score": 0.6486486486486486, "support": 19}, "23": {"precision": 0.7647058823529411, "recall": 0.6842105263157895, "f1-score": 0.7222222222222222, "support": 19}, "24": {"precision": 0.7857142857142857, "recall": 0.6111111111111112, "f1-score": 0.6875000000000001, "support": 18}, "25": {"precision": 0.3333333333333333, "recall": 0.42857142857142855, "f1-score": 0.375, "support": 7}, "26": {"precision": 0.0, "recall": 0.0, "f1-score": 0.0, "support": 6}, "27": {"precision": 1.0, "recall": 0.6666666666666666, "f1-score": 0.8, "support": 3}, "accuracy": 0.68125, "macro avg": {"precision": 0.6801709759676987, "recall": 0.6305921946169258, "f1-score": 0.6487885207762991, "support": 1280}, "weighted avg": {"precision": 0.6899758525424396, "recall": 0.68125, "f1-score": 0.6807087522777274, "support": 1280}}