{"0": {"precision": 0.0, "recall": 0.0, "f1-score": 0.0, "support": 3}, "1": {"precision": 0.0, "recall": 0.0, "f1-score": 0.0, "support": 3}, "2": {"precision": 0.0, "recall": 0.0, "f1-score": 0.0, "support": 8}, "3": {"precision": 0.3333333333333333, "recall": 0.25, "f1-score": 0.28571428571428575, "support": 12}, "4": {"precision": 0.4782608695652174, "recall": 0.6875, "f1-score": 0.5641025641025642, "support": 16}, "5": {"precision": 0.5555555555555556, "recall": 0.30303030303030304, "f1-score": 0.3921568627450981, "support": 33}, "6": {"precision": 0.47368421052631576, "recall": 0.5294117647058824, "f1-score": 0.5, "support": 34}, "7": {"precision": 0.5882352941176471, "recall": 0.5769230769230769, "f1-score": 0.5825242718446602, "support": 52}, "8": {"precision": 0.5272727272727272, "recall": 0.4915254237288136, "f1-score": 0.5087719298245613, "support": 59}, "9": {"precision": 0.6071428571428571, "recall": 0.68, "f1-score": 0.6415094339622641, "support": 75}, "10": {"precision": 0.6436781609195402, "recall": 0.717948717948718, "f1-score": 0.6787878787878788, "support": 78}, "11": {"precision": 0.7468354430379747, "recall": 0.6555555555555556, "f1-score": 0.698224852071006, "support": 90}, "12": {"precision": 0.6941176470588235, "recall": 0.7468354430379747, "f1-score": 0.7195121951219512, "support": 79}, "13": {"precision": 0.7419354838709677, "recall": 0.7931034482758621, "f1-score": 0.7666666666666667, "support": 87}, "14": {"precision": 0.7790697674418605, "recall": 0.7127659574468085, "f1-score": 0.7444444444444445, "support": 94}, "15": {"precision": 0.6966292134831461, "recall": 0.7560975609756098, "f1-score": 0.7251461988304092, "support": 82}, "16": {"precision": 0.75, "recall": 0.7586206896551724, "f1-score": 0.7542857142857142, "support": 87}, "17": {"precision": 0.7586206896551724, "recall": 0.7415730337078652, "f1-score": 0.75, "support": 89}, "18": {"precision": 0.6323529411764706, "recall": 0.5584415584415584, "f1-score": 0.5931034482758619, "support": 77}, "19": {"precision": 0.4782608695652174, "recall": 0.55, "f1-score": 0.5116279069767442, "support": 60}, "20": {"precision": 0.5294117647058824, "recall": 0.574468085106383, "f1-score": 0.5510204081632654, "support": 47}, "21": {"precision": 0.6046511627906976, "recall": 0.6666666666666666, "f1-score": 0.6341463414634145, "support": 39}, "22": {"precision": 0.34782608695652173, "recall": 0.38095238095238093, "f1-score": 0.3636363636363636, "support": 21}, "23": {"precision": 0.4, "recall": 0.5555555555555556, "f1-score": 0.46511627906976744, "support": 18}, "24": {"precision": 0.6, "recall": 0.45, "f1-score": 0.5142857142857143, "support": 20}, "25": {"precision": 0.5, "recall": 0.4, "f1-score": 0.4444444444444445, "support": 10}, "26": {"precision": 0.0, "recall": 0.0, "f1-score": 0.0, "support": 7}, "accuracy": 0.6375, "macro avg": {"precision": 0.49877311400651586, "recall": 0.501369452656081, "f1-score": 0.4958973409154474, "support": 1280}, "weighted avg": {"precision": 0.6332874205607989, "recall": 0.6375, "f1-score": 0.6325719548165004, "support": 1280}}