{"1": {"precision": 0.0, "recall": 0.0, "f1-score": 0.0, "support": 1}, "2": {"precision": 1.0, "recall": 0.3333333333333333, "f1-score": 0.5, "support": 9}, "3": {"precision": 0.6, "recall": 0.6923076923076923, "f1-score": 0.6428571428571429, "support": 13}, "4": {"precision": 0.4, "recall": 0.5333333333333333, "f1-score": 0.4571428571428572, "support": 15}, "5": {"precision": 0.5384615384615384, "recall": 0.42424242424242425, "f1-score": 0.47457627118644075, "support": 33}, "6": {"precision": 0.4666666666666667, "recall": 0.5, "f1-score": 0.4827586206896552, "support": 28}, "7": {"precision": 0.4791666666666667, "recall": 0.5348837209302325, "f1-score": 0.5054945054945056, "support": 43}, "8": {"precision": 0.6296296296296297, "recall": 0.5573770491803278, "f1-score": 0.591304347826087, "support": 61}, "9": {"precision": 0.5512820512820513, "recall": 0.671875, "f1-score": 0.6056338028169015, "support": 64}, "10": {"precision": 0.7014925373134329, "recall": 0.5875, "f1-score": 0.6394557823129252, "support": 80}, "11": {"precision": 0.6666666666666666, "recall": 0.6436781609195402, "f1-score": 0.6549707602339181, "support": 87}, "12": {"precision": 0.7222222222222222, "recall": 0.75, "f1-score": 0.7358490566037735, "support": 104}, "13": {"precision": 0.6597938144329897, "recall": 0.6881720430107527, "f1-score": 0.6736842105263158, "support": 93}, "14": {"precision": 0.6458333333333334, "recall": 0.6326530612244898, "f1-score": 0.6391752577319587, "support": 98}, "15": {"precision": 0.6728971962616822, "recall": 0.6792452830188679, "f1-score": 0.676056338028169, "support": 106}, "16": {"precision": 0.6451612903225806, "recall": 0.6976744186046512, "f1-score": 0.6703910614525139, "support": 86}, "17": {"precision": 0.6262626262626263, "recall": 0.7209302325581395, "f1-score": 0.6702702702702703, "support": 86}, "18": {"precision": 0.618421052631579, "recall": 0.5529411764705883, "f1-score": 0.5838509316770186, "support": 85}, "19": {"precision": 0.5454545454545454, "recall": 0.5357142857142857, "f1-score": 0.5405405405405406, "support": 56}, "20": {"precision": 0.5166666666666667, "recall": 0.6595744680851063, "f1-score": 0.5794392523364487, "support": 47}, "21": {"precision": 0.35, "recall": 0.2916666666666667, "f1-score": 0.31818181818181823, "support": 24}, "22": {"precision": 0.48148148148148145, "recall": 0.48148148148148145, "f1-score": 0.48148148148148145, "support": 27}, "23": {"precision": 0.45454545454545453, "recall": 0.2777777777777778, "f1-score": 0.3448275862068966, "support": 18}, "24": {"precision": 0.4, "recall": 0.2222222222222222, "f1-score": 0.2857142857142857, "support": 9}, "25": {"precision": 0.0, "recall": 0.0, "f1-score": 0.0, "support": 6}, "26": {"precision": 0.0, "recall": 0.0, "f1-score": 0.0, "support": 1}, "accuracy": 0.6125, "macro avg": {"precision": 0.5143117477039159, "recall": 0.4872532242723813, "f1-score": 0.49052523774276635, "support": 1280}, "weighted avg": {"precision": 0.6117644402042967, "recall": 0.6125, "f1-score": 0.6085333931772138, "support": 1280}}