{"0": {"precision": 1.0, "recall": 0.5, "f1-score": 0.6666666666666666, "support": 2}, "1": {"precision": 0.6666666666666666, "recall": 0.5, "f1-score": 0.5714285714285715, "support": 4}, "2": {"precision": 0.75, "recall": 0.3333333333333333, "f1-score": 0.46153846153846156, "support": 9}, "3": {"precision": 0.5882352941176471, "recall": 0.7142857142857143, "f1-score": 0.6451612903225806, "support": 14}, "4": {"precision": 0.5625, "recall": 0.5, "f1-score": 0.5294117647058824, "support": 18}, "5": {"precision": 0.5454545454545454, "recall": 0.4, "f1-score": 0.4615384615384615, "support": 30}, "6": {"precision": 0.5652173913043478, "recall": 0.6190476190476191, "f1-score": 0.5909090909090909, "support": 42}, "7": {"precision": 0.5714285714285714, "recall": 0.631578947368421, "f1-score": 0.6, "support": 38}, "8": {"precision": 0.62, "recall": 0.6078431372549019, "f1-score": 0.6138613861386139, "support": 51}, "9": {"precision": 0.6818181818181818, "recall": 0.6923076923076923, "f1-score": 0.6870229007633587, "support": 65}, "10": {"precision": 0.6666666666666666, "recall": 0.7368421052631579, "f1-score": 0.7, "support": 76}, "11": {"precision": 0.8085106382978723, "recall": 0.7524752475247525, "f1-score": 0.7794871794871795, "support": 101}, "12": {"precision": 0.7714285714285715, "recall": 0.7788461538461539, "f1-score": 0.7751196172248804, "support": 104}, "13": {"precision": 0.6744186046511628, "recall": 0.7435897435897436, "f1-score": 0.7073170731707318, "support": 78}, "14": {"precision": 0.8, "recall": 0.723404255319149, "f1-score": 0.7597765363128491, "support": 94}, "15": {"precision": 0.782608695652174, "recall": 0.8089887640449438, "f1-score": 0.7955801104972375, "support": 89}, "16": {"precision": 0.71875, "recall": 0.8313253012048193, "f1-score": 0.770949720670391, "support": 83}, "17": {"precision": 0.782608695652174, "recall": 0.6506024096385542, "f1-score": 0.7105263157894737, "support": 83}, "18": {"precision": 0.6896551724137931, "recall": 0.7228915662650602, "f1-score": 0.7058823529411764, "support": 83}, "19": {"precision": 0.696969696969697, "recall": 0.6764705882352942, "f1-score": 0.6865671641791046, "support": 68}, "20": {"precision": 0.52, "recall": 0.7428571428571429, "f1-score": 0.6117647058823529, "support": 35}, "21": {"precision": 0.6774193548387096, "recall": 0.5121951219512195, "f1-score": 0.5833333333333334, "support": 41}, "22": {"precision": 0.6666666666666666, "recall": 0.7142857142857143, "f1-score": 0.689655172413793, "support": 28}, "23": {"precision": 0.30434782608695654, "recall": 0.4117647058823529, "f1-score": 0.35, "support": 17}, "24": {"precision": 0.5, "recall": 0.2857142857142857, "f1-score": 0.36363636363636365, "support": 14}, "25": {"precision": 0.5, "recall": 0.3333333333333333, "f1-score": 0.4, "support": 9}, "26": {"precision": 1.0, "recall": 0.3333333333333333, "f1-score": 0.5, "support": 3}, "27": {"precision": 0.0, "recall": 0.0, "f1-score": 0.0, "support": 1}, "accuracy": 0.69140625, "macro avg": {"precision": 0.6468346871469429, "recall": 0.5806184362816676, "f1-score": 0.5970405085553769, "support": 1280}, "weighted avg": {"precision": 0.6961771066064877, "recall": 0.69140625, "f1-score": 0.6896221238743913, "support": 1280}}