{"1": {"precision": 0.0, "recall": 0.0, "f1-score": 0.0, "support": 3}, "2": {"precision": 0.42857142857142855, "recall": 0.5, "f1-score": 0.4615384615384615, "support": 6}, "3": {"precision": 0.6666666666666666, "recall": 0.36363636363636365, "f1-score": 0.4705882352941177, "support": 11}, "4": {"precision": 0.5714285714285714, "recall": 0.6, "f1-score": 0.5853658536585366, "support": 20}, "5": {"precision": 0.42105263157894735, "recall": 0.3076923076923077, "f1-score": 0.35555555555555557, "support": 26}, "6": {"precision": 0.6, "recall": 0.631578947368421, "f1-score": 0.6153846153846154, "support": 38}, "7": {"precision": 0.5106382978723404, "recall": 0.6486486486486487, "f1-score": 0.5714285714285715, "support": 37}, "8": {"precision": 0.6862745098039216, "recall": 0.5645161290322581, "f1-score": 0.6194690265486725, "support": 62}, "9": {"precision": 0.6419753086419753, "recall": 0.7222222222222222, "f1-score": 0.6797385620915033, "support": 72}, "10": {"precision": 0.6805555555555556, "recall": 0.7424242424242424, "f1-score": 0.7101449275362319, "support": 66}, "11": {"precision": 0.8378378378378378, "recall": 0.7469879518072289, "f1-score": 0.7898089171974523, "support": 83}, "12": {"precision": 0.75, "recall": 0.7582417582417582, "f1-score": 0.7540983606557377, "support": 91}, "13": {"precision": 0.7711864406779662, "recall": 0.8125, "f1-score": 0.7913043478260869, "support": 112}, "14": {"precision": 0.8085106382978723, "recall": 0.7037037037037037, "f1-score": 0.7524752475247524, "support": 108}, "15": {"precision": 0.6071428571428571, "recall": 0.7391304347826086, "f1-score": 0.6666666666666666, "support": 69}, "16": {"precision": 0.7204301075268817, "recall": 0.7204301075268817, "f1-score": 0.7204301075268817, "support": 93}, "17": {"precision": 0.7125, "recall": 0.6627906976744186, "f1-score": 0.6867469879518072, "support": 86}, "18": {"precision": 0.6363636363636364, "recall": 0.6666666666666666, "f1-score": 0.6511627906976744, "support": 63}, "19": {"precision": 0.6029411764705882, "recall": 0.7192982456140351, "f1-score": 0.6559999999999999, "support": 57}, "20": {"precision": 0.6153846153846154, "recall": 0.6037735849056604, "f1-score": 0.6095238095238096, "support": 53}, "21": {"precision": 0.43902439024390244, "recall": 0.5, "f1-score": 0.4675324675324676, "support": 36}, "22": {"precision": 0.4838709677419355, "recall": 0.45454545454545453, "f1-score": 0.46874999999999994, "support": 33}, "23": {"precision": 0.5185185185185185, "recall": 0.56, "f1-score": 0.5384615384615384, "support": 25}, "24": {"precision": 0.6363636363636364, "recall": 0.3888888888888889, "f1-score": 0.4827586206896552, "support": 18}, "25": {"precision": 0.0, "recall": 0.0, "f1-score": 0.0, "support": 6}, "26": {"precision": 0.0, "recall": 0.0, "f1-score": 0.0, "support": 6}, "accuracy": 0.66640625, "macro avg": {"precision": 0.5518168381803713, "recall": 0.5429875521300681, "f1-score": 0.5424974488957999, "support": 1280}, "weighted avg": {"precision": 0.6660755659490506, "recall": 0.66640625, "f1-score": 0.6632379941566395, "support": 1280}}