{"0": {"precision": 0.0, "recall": 0.0, "f1-score": 0.0, "support": 2}, "1": {"precision": 0.3333333333333333, "recall": 0.6666666666666666, "f1-score": 0.4444444444444444, "support": 3}, "2": {"precision": 0.0, "recall": 0.0, "f1-score": 0.0, "support": 9}, "3": {"precision": 0.0, "recall": 0.0, "f1-score": 0.0, "support": 6}, "4": {"precision": 0.5, "recall": 0.23809523809523808, "f1-score": 0.3225806451612903, "support": 21}, "5": {"precision": 0.3333333333333333, "recall": 0.16666666666666666, "f1-score": 0.2222222222222222, "support": 24}, "6": {"precision": 0.1875, "recall": 0.14285714285714285, "f1-score": 0.16216216216216214, "support": 42}, "7": {"precision": 0.2727272727272727, "recall": 0.30612244897959184, "f1-score": 0.28846153846153844, "support": 49}, "8": {"precision": 0.23255813953488372, "recall": 0.19607843137254902, "f1-score": 0.2127659574468085, "support": 51}, "9": {"precision": 0.2236842105263158, "recall": 0.3148148148148148, "f1-score": 0.26153846153846155, "support": 54}, "10": {"precision": 0.19736842105263158, "recall": 0.19480519480519481, "f1-score": 0.19607843137254902, "support": 77}, "11": {"precision": 0.37662337662337664, "recall": 0.31521739130434784, "f1-score": 0.3431952662721893, "support": 92}, "12": {"precision": 0.2672413793103448, "recall": 0.3163265306122449, "f1-score": 0.2897196261682243, "support": 98}, "13": {"precision": 0.3017241379310345, "recall": 0.330188679245283, "f1-score": 0.31531531531531526, "support": 106}, "14": {"precision": 0.3786407766990291, "recall": 0.4020618556701031, "f1-score": 0.39, "support": 97}, "15": {"precision": 0.37272727272727274, "recall": 0.41836734693877553, "f1-score": 0.3942307692307693, "support": 98}, "16": {"precision": 0.4175824175824176, "recall": 0.36893203883495146, "f1-score": 0.3917525773195876, "support": 103}, "17": {"precision": 0.33695652173913043, "recall": 0.4305555555555556, "f1-score": 0.37804878048780494, "support": 72}, "18": {"precision": 0.26851851851851855, "recall": 0.43283582089552236, "f1-score": 0.3314285714285714, "support": 67}, "19": {"precision": 0.21666666666666667, "recall": 0.21666666666666667, "f1-score": 0.21666666666666667, "support": 60}, "20": {"precision": 0.1724137931034483, "recall": 0.09615384615384616, "f1-score": 0.1234567901234568, "support": 52}, "21": {"precision": 0.23529411764705882, "recall": 0.11428571428571428, "f1-score": 0.15384615384615385, "support": 35}, "22": {"precision": 0.20833333333333334, "recall": 0.18518518518518517, "f1-score": 0.19607843137254902, "support": 27}, "23": {"precision": 0.14285714285714285, "recall": 0.09090909090909091, "f1-score": 0.1111111111111111, "support": 11}, "24": {"precision": 0.0, "recall": 0.0, "f1-score": 0.0, "support": 14}, "25": {"precision": 0.5, "recall": 0.25, "f1-score": 0.3333333333333333, "support": 4}, "26": {"precision": 0.0, "recall": 0.0, "f1-score": 0.0, "support": 4}, "27": {"precision": 0.0, "recall": 0.0, "f1-score": 0.0, "support": 2}, "accuracy": 0.29375, "macro avg": {"precision": 0.2312887201873766, "recall": 0.22120686880411258, "f1-score": 0.2170870448387575, "support": 1280}, "weighted avg": {"precision": 0.2895409758018155, "recall": 0.29375, "f1-score": 0.28651779427109364, "support": 1280}}