{"0": {"precision": 0.0, "recall": 0.0, "f1-score": 0.0, "support": 3}, "1": {"precision": 0.3333333333333333, "recall": 0.3333333333333333, "f1-score": 0.3333333333333333, "support": 3}, "2": {"precision": 0.5714285714285714, "recall": 0.5, "f1-score": 0.5333333333333333, "support": 8}, "3": {"precision": 0.5833333333333334, "recall": 0.4117647058823529, "f1-score": 0.4827586206896552, "support": 17}, "4": {"precision": 0.5, "recall": 0.5454545454545454, "f1-score": 0.5217391304347826, "support": 22}, "5": {"precision": 0.6153846153846154, "recall": 0.64, "f1-score": 0.6274509803921569, "support": 25}, "6": {"precision": 0.7297297297297297, "recall": 0.6428571428571429, "f1-score": 0.6835443037974683, "support": 42}, "7": {"precision": 0.6190476190476191, "recall": 0.6666666666666666, "f1-score": 0.6419753086419754, "support": 39}, "8": {"precision": 0.6949152542372882, "recall": 0.7592592592592593, "f1-score": 0.7256637168141593, "support": 54}, "9": {"precision": 0.7307692307692307, "recall": 0.8028169014084507, "f1-score": 0.7651006711409397, "support": 71}, "10": {"precision": 0.7901234567901234, "recall": 0.7111111111111111, "f1-score": 0.7485380116959064, "support": 90}, "11": {"precision": 0.7634408602150538, "recall": 0.797752808988764, "f1-score": 0.7802197802197802, "support": 89}, "12": {"precision": 0.8068181818181818, "recall": 0.7802197802197802, "f1-score": 0.7932960893854749, "support": 91}, "13": {"precision": 0.7941176470588235, "recall": 0.826530612244898, "f1-score": 0.8099999999999999, "support": 98}, "14": {"precision": 0.7878787878787878, "recall": 0.8666666666666667, "f1-score": 0.8253968253968254, "support": 90}, "15": {"precision": 0.8, "recall": 0.6896551724137931, "f1-score": 0.7407407407407408, "support": 87}, "16": {"precision": 0.7425742574257426, "recall": 0.7978723404255319, "f1-score": 0.7692307692307692, "support": 94}, "17": {"precision": 0.75, "recall": 0.8117647058823529, "f1-score": 0.7796610169491526, "support": 85}, "18": {"precision": 0.75, "recall": 0.75, "f1-score": 0.75, "support": 72}, "19": {"precision": 0.7540983606557377, "recall": 0.7076923076923077, "f1-score": 0.7301587301587301, "support": 65}, "20": {"precision": 0.6190476190476191, "recall": 0.6341463414634146, "f1-score": 0.6265060240963854, "support": 41}, "21": {"precision": 0.5833333333333334, "recall": 0.6176470588235294, "f1-score": 0.6, "support": 34}, "22": {"precision": 0.6666666666666666, "recall": 0.5185185185185185, "f1-score": 0.5833333333333334, "support": 27}, "23": {"precision": 0.7058823529411765, "recall": 0.6666666666666666, "f1-score": 0.6857142857142857, "support": 18}, "24": {"precision": 0.16666666666666666, "recall": 0.16666666666666666, "f1-score": 0.16666666666666666, "support": 6}, "25": {"precision": 0.16666666666666666, "recall": 0.2, "f1-score": 0.1818181818181818, "support": 5}, "26": {"precision": 0.0, "recall": 0.0, "f1-score": 0.0, "support": 4}, "accuracy": 0.73046875, "macro avg": {"precision": 0.5935280201640112, "recall": 0.5868541967646574, "f1-score": 0.5883770316290383, "support": 1280}, "weighted avg": {"precision": 0.7275051196136011, "recall": 0.73046875, "f1-score": 0.7274437190299051, "support": 1280}}