{"0": {"precision": 0.0, "recall": 0.0, "f1-score": 0.0, "support": 1}, "1": {"precision": 0.0, "recall": 0.0, "f1-score": 0.0, "support": 5}, "2": {"precision": 0.0, "recall": 0.0, "f1-score": 0.0, "support": 6}, "3": {"precision": 0.03571428571428571, "recall": 0.08333333333333333, "f1-score": 0.05, "support": 12}, "4": {"precision": 0.23076923076923078, "recall": 0.2, "f1-score": 0.21428571428571427, "support": 15}, "5": {"precision": 0.05405405405405406, "recall": 0.06060606060606061, "f1-score": 0.05714285714285714, "support": 33}, "6": {"precision": 0.17647058823529413, "recall": 0.18181818181818182, "f1-score": 0.17910447761194032, "support": 33}, "7": {"precision": 0.030303030303030304, "recall": 0.022727272727272728, "f1-score": 0.025974025974025976, "support": 44}, "8": {"precision": 0.06382978723404255, "recall": 0.05660377358490566, "f1-score": 0.06, "support": 53}, "9": {"precision": 0.08333333333333333, "recall": 0.09722222222222222, "f1-score": 0.08974358974358974, "support": 72}, "10": {"precision": 0.12162162162162163, "recall": 0.1, "f1-score": 0.10975609756097561, "support": 90}, "11": {"precision": 0.17857142857142858, "recall": 0.11494252873563218, "f1-score": 0.13986013986013984, "support": 87}, "12": {"precision": 0.23076923076923078, "recall": 0.18421052631578946, "f1-score": 0.20487804878048782, "support": 114}, "13": {"precision": 0.07954545454545454, "recall": 0.07608695652173914, "f1-score": 0.07777777777777779, "support": 92}, "14": {"precision": 0.08, "recall": 0.06451612903225806, "f1-score": 0.07142857142857142, "support": 93}, "15": {"precision": 0.12213740458015267, "recall": 0.18604651162790697, "f1-score": 0.14746543778801843, "support": 86}, "16": {"precision": 0.15384615384615385, "recall": 0.1411764705882353, "f1-score": 0.147239263803681, "support": 85}, "17": {"precision": 0.07865168539325842, "recall": 0.08235294117647059, "f1-score": 0.08045977011494253, "support": 85}, "18": {"precision": 0.043478260869565216, "recall": 0.08196721311475409, "f1-score": 0.05681818181818181, "support": 61}, "19": {"precision": 0.07462686567164178, "recall": 0.08064516129032258, "f1-score": 0.07751937984496124, "support": 62}, "20": {"precision": 0.12, "recall": 0.06976744186046512, "f1-score": 0.08823529411764704, "support": 43}, "21": {"precision": 0.2, "recall": 0.08823529411764706, "f1-score": 0.12244897959183675, "support": 34}, "22": {"precision": 0.2222222222222222, "recall": 0.18181818181818182, "f1-score": 0.19999999999999998, "support": 22}, "23": {"precision": 0.06521739130434782, "recall": 0.17647058823529413, "f1-score": 0.09523809523809525, "support": 17}, "24": {"precision": 0.18181818181818182, "recall": 0.11764705882352941, "f1-score": 0.14285714285714285, "support": 17}, "25": {"precision": 0.5, "recall": 0.1, "f1-score": 0.16666666666666669, "support": 10}, "26": {"precision": 0.25, "recall": 0.14285714285714285, "f1-score": 0.18181818181818182, "support": 7}, "27": {"precision": 0.0, "recall": 0.0, "f1-score": 0.0, "support": 1}, "accuracy": 0.1078125, "macro avg": {"precision": 0.12060643610201893, "recall": 0.09610896394311948, "f1-score": 0.09952563192233697, "support": 1280}, "weighted avg": {"precision": 0.12117573112955522, "recall": 0.1078125, "f1-score": 0.11035014584971987, "support": 1280}}