{"0": {"precision": 0.0, "recall": 0.0, "f1-score": 0.0, "support": 2}, "1": {"precision": 0.14285714285714285, "recall": 0.2, "f1-score": 0.16666666666666666, "support": 5}, "2": {"precision": 0.16666666666666666, "recall": 0.1111111111111111, "f1-score": 0.13333333333333333, "support": 9}, "3": {"precision": 0.3333333333333333, "recall": 0.15789473684210525, "f1-score": 0.21428571428571427, "support": 19}, "4": {"precision": 0.15, "recall": 0.16666666666666666, "f1-score": 0.15789473684210525, "support": 18}, "5": {"precision": 0.4117647058823529, "recall": 0.2413793103448276, "f1-score": 0.3043478260869565, "support": 29}, "6": {"precision": 0.4583333333333333, "recall": 0.34375, "f1-score": 0.39285714285714285, "support": 32}, "7": {"precision": 0.3404255319148936, "recall": 0.43243243243243246, "f1-score": 0.38095238095238093, "support": 37}, "8": {"precision": 0.2765957446808511, "recall": 0.20967741935483872, "f1-score": 0.23853211009174313, "support": 62}, "9": {"precision": 0.3118279569892473, "recall": 0.4084507042253521, "f1-score": 0.35365853658536583, "support": 71}, "10": {"precision": 0.42105263157894735, "recall": 0.34408602150537637, "f1-score": 0.378698224852071, "support": 93}, "11": {"precision": 0.32653061224489793, "recall": 0.4444444444444444, "f1-score": 0.3764705882352941, "support": 72}, "12": {"precision": 0.39814814814814814, "recall": 0.4479166666666667, "f1-score": 0.4215686274509804, "support": 96}, "13": {"precision": 0.3978494623655914, "recall": 0.4457831325301205, "f1-score": 0.42045454545454547, "support": 83}, "14": {"precision": 0.5113636363636364, "recall": 0.4326923076923077, "f1-score": 0.46875, "support": 104}, "15": {"precision": 0.37142857142857144, "recall": 0.4482758620689655, "f1-score": 0.40625, "support": 87}, "16": {"precision": 0.4479166666666667, "recall": 0.48863636363636365, "f1-score": 0.4673913043478261, "support": 88}, "17": {"precision": 0.30927835051546393, "recall": 0.379746835443038, "f1-score": 0.34090909090909094, "support": 79}, "18": {"precision": 0.3333333333333333, "recall": 0.3488372093023256, "f1-score": 0.3409090909090909, "support": 86}, "19": {"precision": 0.3, "recall": 0.29411764705882354, "f1-score": 0.29702970297029707, "support": 51}, "20": {"precision": 0.4838709677419355, "recall": 0.2830188679245283, "f1-score": 0.3571428571428572, "support": 53}, "21": {"precision": 0.16666666666666666, "recall": 0.13333333333333333, "f1-score": 0.14814814814814814, "support": 30}, "22": {"precision": 0.21739130434782608, "recall": 0.18518518518518517, "f1-score": 0.19999999999999998, "support": 27}, "23": {"precision": 0.09523809523809523, "recall": 0.1111111111111111, "f1-score": 0.10256410256410256, "support": 18}, "24": {"precision": 0.0, "recall": 0.0, "f1-score": 0.0, "support": 12}, "25": {"precision": 0.0, "recall": 0.0, "f1-score": 0.0, "support": 10}, "26": {"precision": 0.0, "recall": 0.0, "f1-score": 0.0, "support": 5}, "27": {"precision": 0.0, "recall": 0.0, "f1-score": 0.0, "support": 2}, "accuracy": 0.35625, "macro avg": {"precision": 0.26328117365348574, "recall": 0.25209097745999726, "f1-score": 0.25245766895306115, "support": 1280}, "weighted avg": {"precision": 0.35561968245419834, "recall": 0.35625, "f1-score": 0.3509948201873641, "support": 1280}}