{"0": {"precision": 0.0, "recall": 0.0, "f1-score": 0.0, "support": 1}, "1": {"precision": 0.2222222222222222, "recall": 0.6666666666666666, "f1-score": 0.3333333333333333, "support": 3}, "2": {"precision": 0.25, "recall": 0.125, "f1-score": 0.16666666666666666, "support": 8}, "3": {"precision": 0.5555555555555556, "recall": 0.5555555555555556, "f1-score": 0.5555555555555556, "support": 9}, "4": {"precision": 0.5625, "recall": 0.3333333333333333, "f1-score": 0.4186046511627907, "support": 27}, "5": {"precision": 0.35294117647058826, "recall": 0.35294117647058826, "f1-score": 0.35294117647058826, "support": 17}, "6": {"precision": 0.41935483870967744, "recall": 0.28888888888888886, "f1-score": 0.34210526315789475, "support": 45}, "7": {"precision": 0.4, "recall": 0.32558139534883723, "f1-score": 0.35897435897435903, "support": 43}, "8": {"precision": 0.3018867924528302, "recall": 0.22857142857142856, "f1-score": 0.26016260162601623, "support": 70}, "9": {"precision": 0.32786885245901637, "recall": 0.3389830508474576, "f1-score": 0.3333333333333333, "support": 59}, "10": {"precision": 0.23333333333333334, "recall": 0.2625, "f1-score": 0.24705882352941178, "support": 80}, "11": {"precision": 0.2891566265060241, "recall": 0.2727272727272727, "f1-score": 0.2807017543859649, "support": 88}, "12": {"precision": 0.2962962962962963, "recall": 0.3137254901960784, "f1-score": 0.3047619047619048, "support": 102}, "13": {"precision": 0.3592233009708738, "recall": 0.4157303370786517, "f1-score": 0.38541666666666674, "support": 89}, "14": {"precision": 0.3655913978494624, "recall": 0.33663366336633666, "f1-score": 0.3505154639175258, "support": 101}, "15": {"precision": 0.34868421052631576, "recall": 0.5578947368421052, "f1-score": 0.4291497975708502, "support": 95}, "16": {"precision": 0.4065934065934066, "recall": 0.3490566037735849, "f1-score": 0.3756345177664975, "support": 106}, "17": {"precision": 0.3557692307692308, "recall": 0.47435897435897434, "f1-score": 0.4065934065934066, "support": 78}, "18": {"precision": 0.3176470588235294, "recall": 0.39705882352941174, "f1-score": 0.35294117647058826, "support": 68}, "19": {"precision": 0.2222222222222222, "recall": 0.19607843137254902, "f1-score": 0.20833333333333334, "support": 51}, "20": {"precision": 0.4074074074074074, "recall": 0.3055555555555556, "f1-score": 0.3492063492063492, "support": 36}, "21": {"precision": 0.2857142857142857, "recall": 0.2222222222222222, "f1-score": 0.25, "support": 36}, "22": {"precision": 0.29411764705882354, "recall": 0.2, "f1-score": 0.2380952380952381, "support": 25}, "23": {"precision": 0.5454545454545454, "recall": 0.2222222222222222, "f1-score": 0.3157894736842105, "support": 27}, "24": {"precision": 0.0, "recall": 0.0, "f1-score": 0.0, "support": 9}, "25": {"precision": 0.0, "recall": 0.0, "f1-score": 0.0, "support": 3}, "26": {"precision": 0.0, "recall": 0.0, "f1-score": 0.0, "support": 4}, "accuracy": 0.334375, "macro avg": {"precision": 0.30072371879243137, "recall": 0.286714289960286, "f1-score": 0.2820694387504624, "support": 1280}, "weighted avg": {"precision": 0.3379465456674714, "recall": 0.334375, "f1-score": 0.3293566893721119, "support": 1280}}