{"0": {"precision": 0.0, "recall": 0.0, "f1-score": 0.0, "support": 3}, "1": {"precision": 0.25, "recall": 0.5, "f1-score": 0.3333333333333333, "support": 4}, "2": {"precision": 0.0, "recall": 0.0, "f1-score": 0.0, "support": 7}, "3": {"precision": 0.058823529411764705, "recall": 0.125, "f1-score": 0.07999999999999999, "support": 8}, "4": {"precision": 0.15384615384615385, "recall": 0.125, "f1-score": 0.13793103448275862, "support": 16}, "5": {"precision": 0.5714285714285714, "recall": 0.14285714285714285, "f1-score": 0.2285714285714286, "support": 28}, "6": {"precision": 0.25, "recall": 0.15625, "f1-score": 0.19230769230769232, "support": 32}, "7": {"precision": 0.26666666666666666, "recall": 0.3333333333333333, "f1-score": 0.2962962962962963, "support": 48}, "8": {"precision": 0.2916666666666667, "recall": 0.11666666666666667, "f1-score": 0.16666666666666669, "support": 60}, "9": {"precision": 0.24193548387096775, "recall": 0.18518518518518517, "f1-score": 0.2097902097902098, "support": 81}, "10": {"precision": 0.2127659574468085, "recall": 0.2898550724637681, "f1-score": 0.24539877300613494, "support": 69}, "11": {"precision": 0.2857142857142857, "recall": 0.2553191489361702, "f1-score": 0.2696629213483146, "support": 94}, "12": {"precision": 0.20155038759689922, "recall": 0.27956989247311825, "f1-score": 0.23423423423423423, "support": 93}, "13": {"precision": 0.3163265306122449, "recall": 0.2897196261682243, "f1-score": 0.30243902439024395, "support": 107}, "14": {"precision": 0.25609756097560976, "recall": 0.25609756097560976, "f1-score": 0.25609756097560976, "support": 82}, "15": {"precision": 0.21390374331550802, "recall": 0.4444444444444444, "f1-score": 0.2888086642599278, "support": 90}, "16": {"precision": 0.325, "recall": 0.2765957446808511, "f1-score": 0.2988505747126437, "support": 94}, "17": {"precision": 0.16304347826086957, "recall": 0.2, "f1-score": 0.17964071856287425, "support": 75}, "18": {"precision": 0.12987012987012986, "recall": 0.14492753623188406, "f1-score": 0.13698630136986298, "support": 69}, "19": {"precision": 0.09090909090909091, "recall": 0.06451612903225806, "f1-score": 0.07547169811320754, "support": 62}, "20": {"precision": 0.1875, "recall": 0.11764705882352941, "f1-score": 0.14457831325301201, "support": 51}, "21": {"precision": 0.35294117647058826, "recall": 0.14285714285714285, "f1-score": 0.20338983050847456, "support": 42}, "22": {"precision": 0.09090909090909091, "recall": 0.09090909090909091, "f1-score": 0.09090909090909091, "support": 22}, "23": {"precision": 0.09090909090909091, "recall": 0.047619047619047616, "f1-score": 0.0625, "support": 21}, "24": {"precision": 0.3, "recall": 0.3, "f1-score": 0.3, "support": 10}, "25": {"precision": 0.2, "recall": 0.14285714285714285, "f1-score": 0.16666666666666666, "support": 7}, "26": {"precision": 0.0, "recall": 0.0, "f1-score": 0.0, "support": 2}, "27": {"precision": 0.0, "recall": 0.0, "f1-score": 0.0, "support": 3}, "accuracy": 0.225, "macro avg": {"precision": 0.1964931283886074, "recall": 0.17954382023266463, "f1-score": 0.17501896549138157, "support": 1280}, "weighted avg": {"precision": 0.23615635962468326, "recall": 0.225, "f1-score": 0.21910860616554753, "support": 1280}}