{"0": {"precision": 1.0, "recall": 1.0, "f1-score": 1.0, "support": 1}, "1": {"precision": 1.0, "recall": 1.0, "f1-score": 1.0, "support": 4}, "2": {"precision": 0.6666666666666666, "recall": 0.6, "f1-score": 0.631578947368421, "support": 10}, "3": {"precision": 0.5, "recall": 0.5833333333333334, "f1-score": 0.5384615384615384, "support": 12}, "4": {"precision": 0.8888888888888888, "recall": 0.6956521739130435, "f1-score": 0.7804878048780488, "support": 23}, "5": {"precision": 0.7941176470588235, "recall": 0.8709677419354839, "f1-score": 0.8307692307692308, "support": 31}, "6": {"precision": 0.8222222222222222, "recall": 0.925, "f1-score": 0.8705882352941177, "support": 40}, "7": {"precision": 0.9, "recall": 0.8653846153846154, "f1-score": 0.8823529411764707, "support": 52}, "8": {"precision": 0.8928571428571429, "recall": 0.847457627118644, "f1-score": 0.8695652173913044, "support": 59}, "9": {"precision": 0.9032258064516129, "recall": 0.8888888888888888, "f1-score": 0.8959999999999999, "support": 63}, "10": {"precision": 0.9213483146067416, "recall": 0.9318181818181818, "f1-score": 0.9265536723163842, "support": 88}, "11": {"precision": 0.925, "recall": 0.9135802469135802, "f1-score": 0.9192546583850932, "support": 81}, "12": {"precision": 0.95, "recall": 0.9405940594059405, "f1-score": 0.9452736318407959, "support": 101}, "13": {"precision": 0.927710843373494, "recall": 0.8953488372093024, "f1-score": 0.9112426035502958, "support": 86}, "14": {"precision": 0.8828828828828829, "recall": 0.9074074074074074, "f1-score": 0.8949771689497718, "support": 108}, "15": {"precision": 0.8717948717948718, "recall": 0.85, "f1-score": 0.8607594936708861, "support": 80}, "16": {"precision": 0.8977272727272727, "recall": 0.9404761904761905, "f1-score": 0.9186046511627907, "support": 84}, "17": {"precision": 0.9054054054054054, "recall": 0.9436619718309859, "f1-score": 0.9241379310344827, "support": 71}, "18": {"precision": 0.9285714285714286, "recall": 0.9027777777777778, "f1-score": 0.9154929577464788, "support": 72}, "19": {"precision": 0.9152542372881356, "recall": 0.8852459016393442, "f1-score": 0.9, "support": 61}, "20": {"precision": 0.9069767441860465, "recall": 0.8478260869565217, "f1-score": 0.8764044943820224, "support": 46}, "21": {"precision": 0.75, "recall": 0.9375, "f1-score": 0.8333333333333334, "support": 32}, "22": {"precision": 0.7878787878787878, "recall": 0.8387096774193549, "f1-score": 0.8125, "support": 31}, "23": {"precision": 0.9333333333333333, "recall": 0.7368421052631579, "f1-score": 0.8235294117647058, "support": 19}, "24": {"precision": 0.9, "recall": 0.75, "f1-score": 0.8181818181818182, "support": 12}, "25": {"precision": 0.6666666666666666, "recall": 0.75, "f1-score": 0.7058823529411765, "support": 8}, "26": {"precision": 0.5, "recall": 0.3333333333333333, "f1-score": 0.4, "support": 3}, "27": {"precision": 0.6666666666666666, "recall": 1.0, "f1-score": 0.8, "support": 2}, "accuracy": 0.88671875, "macro avg": {"precision": 0.8430427081973961, "recall": 0.8422073627866101, "f1-score": 0.8387832890928274, "support": 1280}, "weighted avg": {"precision": 0.8891069283481995, "recall": 0.88671875, "f1-score": 0.8866936862243501, "support": 1280}}