{"0": {"precision": 0.0, "recall": 0.0, "f1-score": 0.0, "support": 1}, "1": {"precision": 0.0, "recall": 0.0, "f1-score": 0.0, "support": 2}, "2": {"precision": 0.25, "recall": 0.6666666666666666, "f1-score": 0.36363636363636365, "support": 3}, "3": {"precision": 0.8125, "recall": 0.7222222222222222, "f1-score": 0.7647058823529411, "support": 18}, "4": {"precision": 0.8235294117647058, "recall": 0.7777777777777778, "f1-score": 0.7999999999999999, "support": 18}, "5": {"precision": 0.896551724137931, "recall": 0.7878787878787878, "f1-score": 0.8387096774193549, "support": 33}, "6": {"precision": 0.7096774193548387, "recall": 0.88, "f1-score": 0.7857142857142856, "support": 25}, "7": {"precision": 0.9318181818181818, "recall": 0.8541666666666666, "f1-score": 0.8913043478260869, "support": 48}, "8": {"precision": 0.8833333333333333, "recall": 0.9137931034482759, "f1-score": 0.8983050847457628, "support": 58}, "9": {"precision": 0.835820895522388, "recall": 0.8888888888888888, "f1-score": 0.8615384615384615, "support": 63}, "10": {"precision": 0.8309859154929577, "recall": 0.8082191780821918, "f1-score": 0.8194444444444445, "support": 73}, "11": {"precision": 0.8787878787878788, "recall": 0.8285714285714286, "f1-score": 0.8529411764705883, "support": 105}, "12": {"precision": 0.8921568627450981, "recall": 0.8666666666666667, "f1-score": 0.8792270531400966, "support": 105}, "13": {"precision": 0.845360824742268, "recall": 0.9534883720930233, "f1-score": 0.8961748633879781, "support": 86}, "14": {"precision": 0.9382716049382716, "recall": 0.8837209302325582, "f1-score": 0.9101796407185628, "support": 86}, "15": {"precision": 0.9222222222222223, "recall": 0.9540229885057471, "f1-score": 0.9378531073446328, "support": 87}, "16": {"precision": 0.9560439560439561, "recall": 0.9666666666666667, "f1-score": 0.9613259668508287, "support": 90}, "17": {"precision": 0.8620689655172413, "recall": 0.9259259259259259, "f1-score": 0.8928571428571429, "support": 81}, "18": {"precision": 0.8421052631578947, "recall": 0.8311688311688312, "f1-score": 0.8366013071895425, "support": 77}, "19": {"precision": 0.8571428571428571, "recall": 0.75, "f1-score": 0.7999999999999999, "support": 56}, "20": {"precision": 0.8444444444444444, "recall": 0.8837209302325582, "f1-score": 0.8636363636363636, "support": 43}, "21": {"precision": 0.8571428571428571, "recall": 0.8372093023255814, "f1-score": 0.8470588235294119, "support": 43}, "22": {"precision": 0.7777777777777778, "recall": 0.65625, "f1-score": 0.711864406779661, "support": 32}, "23": {"precision": 0.7272727272727273, "recall": 0.8421052631578947, "f1-score": 0.7804878048780488, "support": 19}, "24": {"precision": 0.7857142857142857, "recall": 0.8461538461538461, "f1-score": 0.8148148148148148, "support": 13}, "25": {"precision": 0.9166666666666666, "recall": 0.9166666666666666, "f1-score": 0.9166666666666666, "support": 12}, "26": {"precision": 1.0, "recall": 1.0, "f1-score": 1.0, "support": 1}, "27": {"precision": 1.0, "recall": 1.0, "f1-score": 1.0, "support": 2}, "accuracy": 0.86640625, "macro avg": {"precision": 0.7813355741335994, "recall": 0.7943553967856741, "f1-score": 0.7830374173550728, "support": 1280}, "weighted avg": {"precision": 0.868112612618854, "recall": 0.86640625, "f1-score": 0.8657768871847269, "support": 1280}}