{"1": {"precision": 0.0, "recall": 0.0, "f1-score": 0.0, "support": 2}, "2": {"precision": 0.5555555555555556, "recall": 0.4166666666666667, "f1-score": 0.4761904761904762, "support": 12}, "3": {"precision": 0.16666666666666666, "recall": 0.125, "f1-score": 0.14285714285714288, "support": 8}, "4": {"precision": 0.5, "recall": 0.125, "f1-score": 0.2, "support": 16}, "5": {"precision": 0.1, "recall": 0.058823529411764705, "f1-score": 0.07407407407407408, "support": 17}, "6": {"precision": 0.1875, "recall": 0.09375, "f1-score": 0.125, "support": 32}, "7": {"precision": 0.25, "recall": 0.3488372093023256, "f1-score": 0.29126213592233013, "support": 43}, "8": {"precision": 0.26666666666666666, "recall": 0.24, "f1-score": 0.2526315789473685, "support": 50}, "9": {"precision": 0.38235294117647056, "recall": 0.3611111111111111, "f1-score": 0.3714285714285714, "support": 72}, "10": {"precision": 0.23958333333333334, "recall": 0.3026315789473684, "f1-score": 0.2674418604651163, "support": 76}, "11": {"precision": 0.3870967741935484, "recall": 0.375, "f1-score": 0.38095238095238093, "support": 96}, "12": {"precision": 0.36283185840707965, "recall": 0.45555555555555555, "f1-score": 0.40394088669950734, "support": 90}, "13": {"precision": 0.40707964601769914, "recall": 0.44660194174757284, "f1-score": 0.425925925925926, "support": 103}, "14": {"precision": 0.44680851063829785, "recall": 0.3925233644859813, "f1-score": 0.41791044776119407, "support": 107}, "15": {"precision": 0.20754716981132076, "recall": 0.4024390243902439, "f1-score": 0.2738589211618257, "support": 82}, "16": {"precision": 0.39655172413793105, "recall": 0.23711340206185566, "f1-score": 0.2967741935483871, "support": 97}, "17": {"precision": 0.2803738317757009, "recall": 0.375, "f1-score": 0.320855614973262, "support": 80}, "18": {"precision": 0.21518987341772153, "recall": 0.22666666666666666, "f1-score": 0.22077922077922077, "support": 75}, "19": {"precision": 0.13333333333333333, "recall": 0.1, "f1-score": 0.1142857142857143, "support": 60}, "20": {"precision": 0.23529411764705882, "recall": 0.19047619047619047, "f1-score": 0.21052631578947367, "support": 42}, "21": {"precision": 0.3684210526315789, "recall": 0.16666666666666666, "f1-score": 0.22950819672131145, "support": 42}, "22": {"precision": 0.34375, "recall": 0.34375, "f1-score": 0.34375, "support": 32}, "23": {"precision": 0.2, "recall": 0.05263157894736842, "f1-score": 0.08333333333333333, "support": 19}, "24": {"precision": 0.2857142857142857, "recall": 0.16666666666666666, "f1-score": 0.2105263157894737, "support": 12}, "25": {"precision": 0.25, "recall": 0.125, "f1-score": 0.16666666666666666, "support": 8}, "26": {"precision": 0.0, "recall": 0.0, "f1-score": 0.0, "support": 6}, "27": {"precision": 0.0, "recall": 0.0, "f1-score": 0.0, "support": 1}, "accuracy": 0.30625, "macro avg": {"precision": 0.26549323485645365, "recall": 0.22695967233718536, "f1-score": 0.23335111015825025, "support": 1280}, "weighted avg": {"precision": 0.3130571023306862, "recall": 0.30625, "f1-score": 0.3002387359424539, "support": 1280}}