{"0": {"precision": 0.0, "recall": 0.0, "f1-score": 0.0, "support": 0}, "1": {"precision": 0.0, "recall": 0.0, "f1-score": 0.0, "support": 4}, "2": {"precision": 0.3333333333333333, "recall": 0.125, "f1-score": 0.18181818181818182, "support": 8}, "3": {"precision": 0.26666666666666666, "recall": 0.3076923076923077, "f1-score": 0.28571428571428575, "support": 13}, "4": {"precision": 0.2916666666666667, "recall": 0.3181818181818182, "f1-score": 0.30434782608695654, "support": 22}, "5": {"precision": 0.46153846153846156, "recall": 0.36363636363636365, "f1-score": 0.4067796610169492, "support": 33}, "6": {"precision": 0.4375, "recall": 0.45161290322580644, "f1-score": 0.4444444444444444, "support": 31}, "7": {"precision": 0.3333333333333333, "recall": 0.45, "f1-score": 0.3829787234042553, "support": 40}, "8": {"precision": 0.4883720930232558, "recall": 0.3442622950819672, "f1-score": 0.40384615384615385, "support": 61}, "9": {"precision": 0.417910447761194, "recall": 0.45901639344262296, "f1-score": 0.4375, "support": 61}, "10": {"precision": 0.46987951807228917, "recall": 0.527027027027027, "f1-score": 0.49681528662420377, "support": 74}, "11": {"precision": 0.46987951807228917, "recall": 0.4482758620689655, "f1-score": 0.4588235294117647, "support": 87}, "12": {"precision": 0.46153846153846156, "recall": 0.5106382978723404, "f1-score": 0.48484848484848486, "support": 94}, "13": {"precision": 0.5185185185185185, "recall": 0.44680851063829785, "f1-score": 0.48, "support": 94}, "14": {"precision": 0.6086956521739131, "recall": 0.5233644859813084, "f1-score": 0.5628140703517587, "support": 107}, "15": {"precision": 0.41732283464566927, "recall": 0.6091954022988506, "f1-score": 0.4953271028037384, "support": 87}, "16": {"precision": 0.4574468085106383, "recall": 0.4725274725274725, "f1-score": 0.46486486486486484, "support": 91}, "17": {"precision": 0.48514851485148514, "recall": 0.5268817204301075, "f1-score": 0.5051546391752577, "support": 93}, "18": {"precision": 0.5774647887323944, "recall": 0.5, "f1-score": 0.5359477124183006, "support": 82}, "19": {"precision": 0.3333333333333333, "recall": 0.3620689655172414, "f1-score": 0.34710743801652894, "support": 58}, "20": {"precision": 0.35, "recall": 0.32558139534883723, "f1-score": 0.3373493975903615, "support": 43}, "21": {"precision": 0.25, "recall": 0.21621621621621623, "f1-score": 0.2318840579710145, "support": 37}, "22": {"precision": 0.05555555555555555, "recall": 0.047619047619047616, "f1-score": 0.05128205128205128, "support": 21}, "23": {"precision": 0.18181818181818182, "recall": 0.15384615384615385, "f1-score": 0.16666666666666669, "support": 13}, "24": {"precision": 0.0, "recall": 0.0, "f1-score": 0.0, "support": 8}, "25": {"precision": 0.6, "recall": 0.2727272727272727, "f1-score": 0.37499999999999994, "support": 11}, "26": {"precision": 0.0, "recall": 0.0, "f1-score": 0.0, "support": 6}, "27": {"precision": 0.0, "recall": 0.0, "f1-score": 0.0, "support": 1}, "accuracy": 0.440625, "macro avg": {"precision": 0.33096152457663003, "recall": 0.3129349968350009, "f1-score": 0.3157612349412937, "support": 1280}, "weighted avg": {"precision": 0.4429965140461559, "recall": 0.440625, "f1-score": 0.4376686761916925, "support": 1280}}