{"0": {"precision": 0.0, "recall": 0.0, "f1-score": 0.0, "support": 1}, "1": {"precision": 0.6666666666666666, "recall": 0.6666666666666666, "f1-score": 0.6666666666666666, "support": 3}, "2": {"precision": 0.6, "recall": 0.6, "f1-score": 0.6, "support": 5}, "3": {"precision": 0.7333333333333333, "recall": 0.7333333333333333, "f1-score": 0.7333333333333333, "support": 15}, "4": {"precision": 0.6818181818181818, "recall": 0.7894736842105263, "f1-score": 0.7317073170731707, "support": 19}, "5": {"precision": 0.8235294117647058, "recall": 0.6666666666666666, "f1-score": 0.7368421052631577, "support": 21}, "6": {"precision": 0.8, "recall": 0.9142857142857143, "f1-score": 0.8533333333333333, "support": 35}, "7": {"precision": 0.8823529411764706, "recall": 0.8333333333333334, "f1-score": 0.8571428571428571, "support": 54}, "8": {"precision": 0.8088235294117647, "recall": 0.859375, "f1-score": 0.8333333333333333, "support": 64}, "9": {"precision": 0.8513513513513513, "recall": 0.8076923076923077, "f1-score": 0.8289473684210527, "support": 78}, "10": {"precision": 0.8414634146341463, "recall": 0.8518518518518519, "f1-score": 0.8466257668711655, "support": 81}, "11": {"precision": 0.7692307692307693, "recall": 0.7407407407407407, "f1-score": 0.7547169811320754, "support": 81}, "12": {"precision": 0.7088607594936709, "recall": 0.691358024691358, "f1-score": 0.7, "support": 81}, "13": {"precision": 0.7115384615384616, "recall": 0.8222222222222222, "f1-score": 0.7628865979381444, "support": 90}, "14": {"precision": 0.8928571428571429, "recall": 0.7874015748031497, "f1-score": 0.8368200836820084, "support": 127}, "15": {"precision": 0.7798165137614679, "recall": 0.8673469387755102, "f1-score": 0.821256038647343, "support": 98}, "16": {"precision": 0.8717948717948718, "recall": 0.7311827956989247, "f1-score": 0.7953216374269005, "support": 93}, "17": {"precision": 0.7014925373134329, "recall": 0.7966101694915254, "f1-score": 0.746031746031746, "support": 59}, "18": {"precision": 0.7692307692307693, "recall": 0.7575757575757576, "f1-score": 0.7633587786259541, "support": 66}, "19": {"precision": 0.7037037037037037, "recall": 0.7450980392156863, "f1-score": 0.7238095238095239, "support": 51}, "20": {"precision": 0.8043478260869565, "recall": 0.74, "f1-score": 0.7708333333333333, "support": 50}, "21": {"precision": 0.6923076923076923, "recall": 0.6923076923076923, "f1-score": 0.6923076923076923, "support": 39}, "22": {"precision": 0.42857142857142855, "recall": 0.5625, "f1-score": 0.4864864864864864, "support": 16}, "23": {"precision": 0.8260869565217391, "recall": 0.8260869565217391, "f1-score": 0.8260869565217391, "support": 23}, "24": {"precision": 0.6666666666666666, "recall": 0.8888888888888888, "f1-score": 0.761904761904762, "support": 9}, "25": {"precision": 1.0, "recall": 0.3333333333333333, "f1-score": 0.5, "support": 12}, "26": {"precision": 0.5, "recall": 0.8333333333333334, "f1-score": 0.625, "support": 6}, "27": {"precision": 1.0, "recall": 0.6666666666666666, "f1-score": 0.8, "support": 3}, "accuracy": 0.7796875, "macro avg": {"precision": 0.7327087474726927, "recall": 0.7216189890109617, "f1-score": 0.7162411678316349, "support": 1280}, "weighted avg": {"precision": 0.7875005916038329, "recall": 0.7796875, "f1-score": 0.7796538084242108, "support": 1280}}