{"0": {"precision": 0.0, "recall": 0.0, "f1-score": 0.0, "support": 2}, "1": {"precision": 0.0, "recall": 0.0, "f1-score": 0.0, "support": 4}, "2": {"precision": 0.3333333333333333, "recall": 0.1111111111111111, "f1-score": 0.16666666666666666, "support": 9}, "3": {"precision": 0.14285714285714285, "recall": 0.1111111111111111, "f1-score": 0.125, "support": 18}, "4": {"precision": 0.125, "recall": 0.07407407407407407, "f1-score": 0.09302325581395349, "support": 27}, "5": {"precision": 0.03333333333333333, "recall": 0.045454545454545456, "f1-score": 0.03846153846153846, "support": 22}, "6": {"precision": 0.16, "recall": 0.11428571428571428, "f1-score": 0.13333333333333333, "support": 35}, "7": {"precision": 0.05660377358490566, "recall": 0.07142857142857142, "f1-score": 0.06315789473684211, "support": 42}, "8": {"precision": 0.08, "recall": 0.09302325581395349, "f1-score": 0.08602150537634408, "support": 43}, "9": {"precision": 0.06521739130434782, "recall": 0.043478260869565216, "f1-score": 0.05217391304347826, "support": 69}, "10": {"precision": 0.10204081632653061, "recall": 0.11235955056179775, "f1-score": 0.10695187165775401, "support": 89}, "11": {"precision": 0.16363636363636364, "recall": 0.09375, "f1-score": 0.11920529801324503, "support": 96}, "12": {"precision": 0.13114754098360656, "recall": 0.09523809523809523, "f1-score": 0.1103448275862069, "support": 84}, "13": {"precision": 0.09649122807017543, "recall": 0.12359550561797752, "f1-score": 0.1083743842364532, "support": 89}, "14": {"precision": 0.1292517006802721, "recall": 0.2261904761904762, "f1-score": 0.1645021645021645, "support": 84}, "15": {"precision": 0.08, "recall": 0.08695652173913043, "f1-score": 0.08333333333333333, "support": 92}, "16": {"precision": 0.0684931506849315, "recall": 0.053763440860215055, "f1-score": 0.06024096385542168, "support": 93}, "17": {"precision": 0.12962962962962962, "recall": 0.1320754716981132, "f1-score": 0.1308411214953271, "support": 106}, "18": {"precision": 0.15384615384615385, "recall": 0.12195121951219512, "f1-score": 0.1360544217687075, "support": 82}, "19": {"precision": 0.0967741935483871, "recall": 0.10714285714285714, "f1-score": 0.10169491525423728, "support": 56}, "20": {"precision": 0.07894736842105263, "recall": 0.06976744186046512, "f1-score": 0.07407407407407408, "support": 43}, "21": {"precision": 0.07692307692307693, "recall": 0.058823529411764705, "f1-score": 0.06666666666666667, "support": 34}, "22": {"precision": 0.047619047619047616, "recall": 0.05, "f1-score": 0.04878048780487805, "support": 20}, "23": {"precision": 0.06896551724137931, "recall": 0.13333333333333333, "f1-score": 0.09090909090909091, "support": 15}, "24": {"precision": 0.05263157894736842, "recall": 0.07692307692307693, "f1-score": 0.0625, "support": 13}, "25": {"precision": 0.0, "recall": 0.0, "f1-score": 0.0, "support": 11}, "26": {"precision": 0.0, "recall": 0.0, "f1-score": 0.0, "support": 2}, "27": {"precision": 0.0, "recall": 0.0, "f1-score": 0.0, "support": 0}, "accuracy": 0.10078125, "macro avg": {"precision": 0.08831222646325139, "recall": 0.07877989872279087, "f1-score": 0.07936827602106132, "support": 1280}, "weighted avg": {"precision": 0.10549659254596286, "recall": 0.10078125, "f1-score": 0.10001102222171032, "support": 1280}}