{"0": {"precision": 0.0, "recall": 0.0, "f1-score": 0.0, "support": 1}, "1": {"precision": 0.5, "recall": 0.16666666666666666, "f1-score": 0.25, "support": 6}, "2": {"precision": 0.25, "recall": 0.4, "f1-score": 0.3076923076923077, "support": 5}, "3": {"precision": 0.75, "recall": 0.6666666666666666, "f1-score": 0.7058823529411765, "support": 9}, "4": {"precision": 0.6470588235294118, "recall": 0.6111111111111112, "f1-score": 0.6285714285714287, "support": 18}, "5": {"precision": 0.6206896551724138, "recall": 0.5625, "f1-score": 0.5901639344262296, "support": 32}, "6": {"precision": 0.53125, "recall": 0.6538461538461539, "f1-score": 0.5862068965517242, "support": 26}, "7": {"precision": 0.8292682926829268, "recall": 0.7906976744186046, "f1-score": 0.8095238095238095, "support": 43}, "8": {"precision": 0.803921568627451, "recall": 0.7735849056603774, "f1-score": 0.7884615384615384, "support": 53}, "9": {"precision": 0.7397260273972602, "recall": 0.7941176470588235, "f1-score": 0.7659574468085105, "support": 68}, "10": {"precision": 0.8488372093023255, "recall": 0.8202247191011236, "f1-score": 0.8342857142857142, "support": 89}, "11": {"precision": 0.8295454545454546, "recall": 0.8202247191011236, "f1-score": 0.824858757062147, "support": 89}, "12": {"precision": 0.8297872340425532, "recall": 0.8863636363636364, "f1-score": 0.8571428571428571, "support": 88}, "13": {"precision": 0.839622641509434, "recall": 0.8811881188118812, "f1-score": 0.8599033816425121, "support": 101}, "14": {"precision": 0.8372093023255814, "recall": 0.7578947368421053, "f1-score": 0.7955801104972375, "support": 95}, "15": {"precision": 0.7837837837837838, "recall": 0.8285714285714286, "f1-score": 0.8055555555555555, "support": 105}, "16": {"precision": 0.7961165048543689, "recall": 0.8118811881188119, "f1-score": 0.803921568627451, "support": 101}, "17": {"precision": 0.8493150684931506, "recall": 0.8051948051948052, "f1-score": 0.8266666666666668, "support": 77}, "18": {"precision": 0.8857142857142857, "recall": 0.8611111111111112, "f1-score": 0.8732394366197184, "support": 72}, "19": {"precision": 0.7704918032786885, "recall": 0.9038461538461539, "f1-score": 0.8318584070796459, "support": 52}, "20": {"precision": 0.851063829787234, "recall": 0.7272727272727273, "f1-score": 0.7843137254901961, "support": 55}, "21": {"precision": 0.5142857142857142, "recall": 0.6923076923076923, "f1-score": 0.5901639344262295, "support": 26}, "22": {"precision": 0.782608695652174, "recall": 0.5806451612903226, "f1-score": 0.6666666666666667, "support": 31}, "23": {"precision": 0.5333333333333333, "recall": 0.6666666666666666, "f1-score": 0.5925925925925926, "support": 12}, "24": {"precision": 0.75, "recall": 0.6428571428571429, "f1-score": 0.6923076923076924, "support": 14}, "25": {"precision": 0.8571428571428571, "recall": 0.6666666666666666, "f1-score": 0.75, "support": 9}, "26": {"precision": 1.0, "recall": 0.6666666666666666, "f1-score": 0.8, "support": 3}, "accuracy": 0.7890625, "macro avg": {"precision": 0.712250817980015, "recall": 0.6829175617117952, "f1-score": 0.689685806727393, "support": 1280}, "weighted avg": {"precision": 0.7934514866866971, "recall": 0.7890625, "f1-score": 0.7888300087216853, "support": 1280}}