{"0": {"precision": 0.0, "recall": 0.0, "f1-score": 0.0, "support": 1}, "1": {"precision": 0.0, "recall": 0.0, "f1-score": 0.0, "support": 4}, "2": {"precision": 0.3333333333333333, "recall": 0.2857142857142857, "f1-score": 0.30769230769230765, "support": 7}, "3": {"precision": 0.5454545454545454, "recall": 0.5454545454545454, "f1-score": 0.5454545454545454, "support": 11}, "4": {"precision": 0.72, "recall": 0.782608695652174, "f1-score": 0.7499999999999999, "support": 23}, "5": {"precision": 0.75, "recall": 0.75, "f1-score": 0.75, "support": 24}, "6": {"precision": 0.8181818181818182, "recall": 0.8372093023255814, "f1-score": 0.8275862068965518, "support": 43}, "7": {"precision": 0.8571428571428571, "recall": 0.7924528301886793, "f1-score": 0.8235294117647058, "support": 53}, "8": {"precision": 0.8545454545454545, "recall": 0.8545454545454545, "f1-score": 0.8545454545454545, "support": 55}, "9": {"precision": 0.7857142857142857, "recall": 0.7857142857142857, "f1-score": 0.7857142857142857, "support": 56}, "10": {"precision": 0.7941176470588235, "recall": 0.8181818181818182, "f1-score": 0.8059701492537314, "support": 66}, "11": {"precision": 0.8426966292134831, "recall": 0.8823529411764706, "f1-score": 0.8620689655172413, "support": 85}, "12": {"precision": 0.8208955223880597, "recall": 0.8208955223880597, "f1-score": 0.8208955223880597, "support": 67}, "13": {"precision": 0.9139784946236559, "recall": 0.85, "f1-score": 0.8808290155440415, "support": 100}, "14": {"precision": 0.8061224489795918, "recall": 0.8586956521739131, "f1-score": 0.8315789473684211, "support": 92}, "15": {"precision": 0.8521739130434782, "recall": 0.8828828828828829, "f1-score": 0.8672566371681416, "support": 111}, "16": {"precision": 0.8604651162790697, "recall": 0.8604651162790697, "f1-score": 0.8604651162790697, "support": 86}, "17": {"precision": 0.8041237113402062, "recall": 0.8125, "f1-score": 0.8082901554404145, "support": 96}, "18": {"precision": 0.8227848101265823, "recall": 0.7386363636363636, "f1-score": 0.7784431137724551, "support": 88}, "19": {"precision": 0.7538461538461538, "recall": 0.765625, "f1-score": 0.7596899224806202, "support": 64}, "20": {"precision": 0.7021276595744681, "recall": 0.7857142857142857, "f1-score": 0.7415730337078651, "support": 42}, "21": {"precision": 0.84375, "recall": 0.7941176470588235, "f1-score": 0.8181818181818182, "support": 34}, "22": {"precision": 0.5789473684210527, "recall": 0.7333333333333333, "f1-score": 0.6470588235294117, "support": 15}, "23": {"precision": 0.7, "recall": 0.6363636363636364, "f1-score": 0.6666666666666666, "support": 22}, "24": {"precision": 0.5333333333333333, "recall": 0.5714285714285714, "f1-score": 0.5517241379310344, "support": 14}, "25": {"precision": 0.6153846153846154, "recall": 0.5714285714285714, "f1-score": 0.5925925925925927, "support": 14}, "26": {"precision": 0.25, "recall": 0.2, "f1-score": 0.22222222222222224, "support": 5}, "27": {"precision": 1.0, "recall": 0.5, "f1-score": 0.6666666666666666, "support": 2}, "accuracy": 0.803125, "macro avg": {"precision": 0.6842542756423169, "recall": 0.6684400264871718, "f1-score": 0.6723819899563688, "support": 1280}, "weighted avg": {"precision": 0.8024510446761821, "recall": 0.803125, "f1-score": 0.801938543851494, "support": 1280}}