{"0": {"precision": 0.0, "recall": 0.0, "f1-score": 0.0, "support": 3}, "1": {"precision": 0.0, "recall": 0.0, "f1-score": 0.0, "support": 2}, "2": {"precision": 0.2857142857142857, "recall": 0.16666666666666666, "f1-score": 0.2105263157894737, "support": 12}, "3": {"precision": 0.5, "recall": 0.3076923076923077, "f1-score": 0.380952380952381, "support": 13}, "4": {"precision": 0.5263157894736842, "recall": 0.37037037037037035, "f1-score": 0.43478260869565216, "support": 27}, "5": {"precision": 0.4642857142857143, "recall": 0.5, "f1-score": 0.4814814814814815, "support": 26}, "6": {"precision": 0.6, "recall": 0.5625, "f1-score": 0.5806451612903225, "support": 32}, "7": {"precision": 0.5, "recall": 0.5526315789473685, "f1-score": 0.525, "support": 38}, "8": {"precision": 0.6774193548387096, "recall": 0.711864406779661, "f1-score": 0.6942148760330579, "support": 59}, "9": {"precision": 0.7288135593220338, "recall": 0.6142857142857143, "f1-score": 0.6666666666666667, "support": 70}, "10": {"precision": 0.75, "recall": 0.75, "f1-score": 0.75, "support": 80}, "11": {"precision": 0.7142857142857143, "recall": 0.6382978723404256, "f1-score": 0.6741573033707866, "support": 94}, "12": {"precision": 0.559322033898305, "recall": 0.7674418604651163, "f1-score": 0.6470588235294118, "support": 86}, "13": {"precision": 0.7272727272727273, "recall": 0.75, "f1-score": 0.7384615384615384, "support": 96}, "14": {"precision": 0.7195121951219512, "recall": 0.6210526315789474, "f1-score": 0.6666666666666667, "support": 95}, "15": {"precision": 0.6101694915254238, "recall": 0.6990291262135923, "f1-score": 0.6515837104072398, "support": 103}, "16": {"precision": 0.5222222222222223, "recall": 0.6527777777777778, "f1-score": 0.5802469135802469, "support": 72}, "17": {"precision": 0.7083333333333334, "recall": 0.7183098591549296, "f1-score": 0.7132867132867133, "support": 71}, "18": {"precision": 0.6506024096385542, "recall": 0.6506024096385542, "f1-score": 0.6506024096385542, "support": 83}, "19": {"precision": 0.6825396825396826, "recall": 0.6417910447761194, "f1-score": 0.6615384615384614, "support": 67}, "20": {"precision": 0.6578947368421053, "recall": 0.5555555555555556, "f1-score": 0.6024096385542169, "support": 45}, "21": {"precision": 0.5217391304347826, "recall": 0.7058823529411765, "f1-score": 0.6, "support": 34}, "22": {"precision": 0.6363636363636364, "recall": 0.3888888888888889, "f1-score": 0.4827586206896552, "support": 36}, "23": {"precision": 0.4117647058823529, "recall": 0.4375, "f1-score": 0.42424242424242425, "support": 16}, "24": {"precision": 0.5, "recall": 0.3, "f1-score": 0.37499999999999994, "support": 10}, "25": {"precision": 1.0, "recall": 0.3333333333333333, "f1-score": 0.5, "support": 6}, "26": {"precision": 0.0, "recall": 0.0, "f1-score": 0.0, "support": 2}, "27": {"precision": 0.6666666666666666, "recall": 1.0, "f1-score": 0.8, "support": 2}, "accuracy": 0.6359375, "macro avg": {"precision": 0.5471870496307816, "recall": 0.5141597770502323, "f1-score": 0.5175815255312483, "support": 1280}, "weighted avg": {"precision": 0.6394187077889512, "recall": 0.6359375, "f1-score": 0.6320459202803834, "support": 1280}}