{"0": {"precision": 0.0, "recall": 0.0, "f1-score": 0.0, "support": 0}, "1": {"precision": 0.0, "recall": 0.0, "f1-score": 0.0, "support": 0}, "2": {"precision": 0.0, "recall": 0.0, "f1-score": 0.0, "support": 10}, "3": {"precision": 0.17647058823529413, "recall": 0.2, "f1-score": 0.18750000000000003, "support": 15}, "4": {"precision": 0.3157894736842105, "recall": 0.23076923076923078, "f1-score": 0.26666666666666666, "support": 26}, "5": {"precision": 0.0625, "recall": 0.047619047619047616, "f1-score": 0.05405405405405405, "support": 21}, "6": {"precision": 0.07142857142857142, "recall": 0.05263157894736842, "f1-score": 0.06060606060606061, "support": 38}, "7": {"precision": 0.08, "recall": 0.11428571428571428, "f1-score": 0.09411764705882354, "support": 35}, "8": {"precision": 0.08771929824561403, "recall": 0.0847457627118644, "f1-score": 0.08620689655172413, "support": 59}, "9": {"precision": 0.16176470588235295, "recall": 0.15492957746478872, "f1-score": 0.15827338129496402, "support": 71}, "10": {"precision": 0.14285714285714285, "recall": 0.11392405063291139, "f1-score": 0.1267605633802817, "support": 79}, "11": {"precision": 0.08196721311475409, "recall": 0.05154639175257732, "f1-score": 0.06329113924050633, "support": 97}, "12": {"precision": 0.05172413793103448, "recall": 0.03529411764705882, "f1-score": 0.04195804195804195, "support": 85}, "13": {"precision": 0.058823529411764705, "recall": 0.058823529411764705, "f1-score": 0.058823529411764705, "support": 85}, "14": {"precision": 0.038834951456310676, "recall": 0.046511627906976744, "f1-score": 0.042328042328042326, "support": 86}, "15": {"precision": 0.11214953271028037, "recall": 0.125, "f1-score": 0.11822660098522167, "support": 96}, "16": {"precision": 0.1411764705882353, "recall": 0.12631578947368421, "f1-score": 0.13333333333333333, "support": 95}, "17": {"precision": 0.10493827160493827, "recall": 0.20481927710843373, "f1-score": 0.13877551020408163, "support": 83}, "18": {"precision": 0.07272727272727272, "recall": 0.05555555555555555, "f1-score": 0.06299212598425197, "support": 72}, "19": {"precision": 0.07446808510638298, "recall": 0.12727272727272726, "f1-score": 0.09395973154362416, "support": 55}, "20": {"precision": 0.08823529411764706, "recall": 0.061224489795918366, "f1-score": 0.07228915662650602, "support": 49}, "21": {"precision": 0.15384615384615385, "recall": 0.09302325581395349, "f1-score": 0.11594202898550725, "support": 43}, "22": {"precision": 0.08333333333333333, "recall": 0.10714285714285714, "f1-score": 0.09375, "support": 28}, "23": {"precision": 0.375, "recall": 0.17647058823529413, "f1-score": 0.24, "support": 17}, "24": {"precision": 0.125, "recall": 0.09523809523809523, "f1-score": 0.1081081081081081, "support": 21}, "25": {"precision": 0.16666666666666666, "recall": 0.14285714285714285, "f1-score": 0.15384615384615383, "support": 7}, "26": {"precision": 0.0, "recall": 0.0, "f1-score": 0.0, "support": 4}, "27": {"precision": 0.0, "recall": 0.0, "f1-score": 0.0, "support": 3}, "accuracy": 0.0984375, "macro avg": {"precision": 0.10097931046242715, "recall": 0.08950001455867732, "f1-score": 0.0918503132917042, "support": 1280}, "weighted avg": {"precision": 0.10310704203797823, "recall": 0.0984375, "f1-score": 0.0976402960072574, "support": 1280}}