{"1": {"precision": 0.0, "recall": 0.0, "f1-score": 0.0, "support": 5}, "2": {"precision": 0.2857142857142857, "recall": 0.18181818181818182, "f1-score": 0.2222222222222222, "support": 11}, "3": {"precision": 0.4444444444444444, "recall": 0.3076923076923077, "f1-score": 0.3636363636363637, "support": 13}, "4": {"precision": 0.2222222222222222, "recall": 0.10526315789473684, "f1-score": 0.14285714285714285, "support": 19}, "5": {"precision": 0.3076923076923077, "recall": 0.23529411764705882, "f1-score": 0.26666666666666666, "support": 17}, "6": {"precision": 0.25, "recall": 0.08333333333333333, "f1-score": 0.125, "support": 36}, "7": {"precision": 0.17777777777777778, "recall": 0.13559322033898305, "f1-score": 0.15384615384615385, "support": 59}, "8": {"precision": 0.16666666666666666, "recall": 0.09090909090909091, "f1-score": 0.11764705882352942, "support": 55}, "9": {"precision": 0.203125, "recall": 0.2, "f1-score": 0.20155038759689922, "support": 65}, "10": {"precision": 0.18556701030927836, "recall": 0.22784810126582278, "f1-score": 0.20454545454545456, "support": 79}, "11": {"precision": 0.2988505747126437, "recall": 0.27956989247311825, "f1-score": 0.28888888888888886, "support": 93}, "12": {"precision": 0.226890756302521, "recall": 0.24770642201834864, "f1-score": 0.23684210526315788, "support": 109}, "13": {"precision": 0.32051282051282054, "recall": 0.2717391304347826, "f1-score": 0.29411764705882354, "support": 92}, "14": {"precision": 0.2727272727272727, "recall": 0.313953488372093, "f1-score": 0.2918918918918919, "support": 86}, "15": {"precision": 0.1657142857142857, "recall": 0.4084507042253521, "f1-score": 0.23577235772357724, "support": 71}, "16": {"precision": 0.43902439024390244, "recall": 0.3956043956043956, "f1-score": 0.4161849710982659, "support": 91}, "17": {"precision": 0.2920353982300885, "recall": 0.32673267326732675, "f1-score": 0.308411214953271, "support": 101}, "18": {"precision": 0.14606741573033707, "recall": 0.21666666666666667, "f1-score": 0.17449664429530198, "support": 60}, "19": {"precision": 0.1, "recall": 0.09433962264150944, "f1-score": 0.09708737864077671, "support": 53}, "20": {"precision": 0.25925925925925924, "recall": 0.11666666666666667, "f1-score": 0.16091954022988508, "support": 60}, "21": {"precision": 0.35714285714285715, "recall": 0.3125, "f1-score": 0.3333333333333333, "support": 32}, "22": {"precision": 0.2857142857142857, "recall": 0.14285714285714285, "f1-score": 0.19047619047619047, "support": 28}, "23": {"precision": 0.5555555555555556, "recall": 0.29411764705882354, "f1-score": 0.3846153846153846, "support": 17}, "24": {"precision": 0.2, "recall": 0.058823529411764705, "f1-score": 0.0909090909090909, "support": 17}, "25": {"precision": 0.4, "recall": 0.2857142857142857, "f1-score": 0.3333333333333333, "support": 7}, "26": {"precision": 0.0, "recall": 0.0, "f1-score": 0.0, "support": 3}, "27": {"precision": 0.0, "recall": 0.0, "f1-score": 0.0, "support": 1}, "accuracy": 0.24140625, "macro avg": {"precision": 0.24306313283973383, "recall": 0.1975256954930293, "f1-score": 0.20871301566317055, "support": 1280}, "weighted avg": {"precision": 0.25489308356416446, "recall": 0.24140625, "f1-score": 0.2390787109704894, "support": 1280}}