{"0": {"precision": 0.5, "recall": 0.25, "f1-score": 0.3333333333333333, "support": 4}, "1": {"precision": 0.0, "recall": 0.0, "f1-score": 0.0, "support": 4}, "2": {"precision": 0.13333333333333333, "recall": 0.18181818181818182, "f1-score": 0.15384615384615383, "support": 11}, "3": {"precision": 0.3, "recall": 0.23076923076923078, "f1-score": 0.2608695652173913, "support": 13}, "4": {"precision": 0.14285714285714285, "recall": 0.045454545454545456, "f1-score": 0.06896551724137931, "support": 22}, "5": {"precision": 0.16666666666666666, "recall": 0.06666666666666667, "f1-score": 0.09523809523809522, "support": 30}, "6": {"precision": 0.21428571428571427, "recall": 0.14285714285714285, "f1-score": 0.17142857142857143, "support": 42}, "7": {"precision": 0.1276595744680851, "recall": 0.13043478260869565, "f1-score": 0.12903225806451613, "support": 46}, "8": {"precision": 0.06060606060606061, "recall": 0.037037037037037035, "f1-score": 0.045977011494252866, "support": 54}, "9": {"precision": 0.1111111111111111, "recall": 0.1746031746031746, "f1-score": 0.13580246913580246, "support": 63}, "10": {"precision": 0.21686746987951808, "recall": 0.17647058823529413, "f1-score": 0.1945945945945946, "support": 102}, "11": {"precision": 0.2222222222222222, "recall": 0.17777777777777778, "f1-score": 0.19753086419753085, "support": 90}, "12": {"precision": 0.1702127659574468, "recall": 0.25263157894736843, "f1-score": 0.20338983050847456, "support": 95}, "13": {"precision": 0.1875, "recall": 0.2222222222222222, "f1-score": 0.20338983050847456, "support": 81}, "14": {"precision": 0.3170731707317073, "recall": 0.24761904761904763, "f1-score": 0.2780748663101604, "support": 105}, "15": {"precision": 0.12871287128712872, "recall": 0.3058823529411765, "f1-score": 0.18118466898954705, "support": 85}, "16": {"precision": 0.40425531914893614, "recall": 0.19, "f1-score": 0.2585034013605442, "support": 100}, "17": {"precision": 0.16666666666666666, "recall": 0.21621621621621623, "f1-score": 0.18823529411764706, "support": 74}, "18": {"precision": 0.15384615384615385, "recall": 0.13559322033898305, "f1-score": 0.14414414414414414, "support": 59}, "19": {"precision": 0.09090909090909091, "recall": 0.08771929824561403, "f1-score": 0.08928571428571427, "support": 57}, "20": {"precision": 0.25925925925925924, "recall": 0.14583333333333334, "f1-score": 0.18666666666666668, "support": 48}, "21": {"precision": 0.125, "recall": 0.07692307692307693, "f1-score": 0.09523809523809525, "support": 39}, "22": {"precision": 0.08333333333333333, "recall": 0.09090909090909091, "f1-score": 0.08695652173913043, "support": 22}, "23": {"precision": 0.0, "recall": 0.0, "f1-score": 0.0, "support": 14}, "24": {"precision": 0.0, "recall": 0.0, "f1-score": 0.0, "support": 9}, "25": {"precision": 0.0, "recall": 0.0, "f1-score": 0.0, "support": 5}, "26": {"precision": 0.0, "recall": 0.0, "f1-score": 0.0, "support": 5}, "27": {"precision": 0.0, "recall": 0.0, "f1-score": 0.0, "support": 1}, "accuracy": 0.1734375, "macro avg": {"precision": 0.15294206880605632, "recall": 0.1280513773401384, "f1-score": 0.13220312384500785, "support": 1280}, "weighted avg": {"precision": 0.19104409958783788, "recall": 0.1734375, "f1-score": 0.17261530733736458, "support": 1280}}