{"0": {"precision": 0.0, "recall": 0.0, "f1-score": 0.0, "support": 1}, "1": {"precision": 1.0, "recall": 0.75, "f1-score": 0.8571428571428571, "support": 4}, "2": {"precision": 0.6666666666666666, "recall": 0.4, "f1-score": 0.5, "support": 5}, "3": {"precision": 0.65, "recall": 0.7222222222222222, "f1-score": 0.6842105263157895, "support": 18}, "4": {"precision": 0.65, "recall": 0.6190476190476191, "f1-score": 0.6341463414634146, "support": 21}, "5": {"precision": 0.7142857142857143, "recall": 0.7407407407407407, "f1-score": 0.7272727272727273, "support": 27}, "6": {"precision": 0.8, "recall": 0.8372093023255814, "f1-score": 0.8181818181818183, "support": 43}, "7": {"precision": 0.7941176470588235, "recall": 0.7105263157894737, "f1-score": 0.7499999999999999, "support": 38}, "8": {"precision": 0.7872340425531915, "recall": 0.7115384615384616, "f1-score": 0.7474747474747475, "support": 52}, "9": {"precision": 0.8021978021978022, "recall": 0.8795180722891566, "f1-score": 0.8390804597701149, "support": 83}, "10": {"precision": 0.8333333333333334, "recall": 0.8227848101265823, "f1-score": 0.8280254777070064, "support": 79}, "11": {"precision": 0.8210526315789474, "recall": 0.8210526315789474, "f1-score": 0.8210526315789475, "support": 95}, "12": {"precision": 0.86, "recall": 0.7818181818181819, "f1-score": 0.819047619047619, "support": 110}, "13": {"precision": 0.8252427184466019, "recall": 0.8947368421052632, "f1-score": 0.8585858585858587, "support": 95}, "14": {"precision": 0.8529411764705882, "recall": 0.8877551020408163, "f1-score": 0.87, "support": 98}, "15": {"precision": 0.8227848101265823, "recall": 0.8125, "f1-score": 0.8176100628930818, "support": 80}, "16": {"precision": 0.8947368421052632, "recall": 0.8415841584158416, "f1-score": 0.8673469387755102, "support": 101}, "17": {"precision": 0.8266666666666667, "recall": 0.8732394366197183, "f1-score": 0.8493150684931506, "support": 71}, "18": {"precision": 0.8840579710144928, "recall": 0.8840579710144928, "f1-score": 0.8840579710144928, "support": 69}, "19": {"precision": 0.8571428571428571, "recall": 0.8372093023255814, "f1-score": 0.8470588235294119, "support": 43}, "20": {"precision": 0.8292682926829268, "recall": 0.8717948717948718, "f1-score": 0.8500000000000001, "support": 39}, "21": {"precision": 0.8285714285714286, "recall": 0.8787878787878788, "f1-score": 0.8529411764705883, "support": 33}, "22": {"precision": 0.8, "recall": 0.7272727272727273, "f1-score": 0.761904761904762, "support": 22}, "23": {"precision": 0.5714285714285714, "recall": 0.8, "f1-score": 0.6666666666666666, "support": 15}, "24": {"precision": 0.8666666666666667, "recall": 0.52, "f1-score": 0.65, "support": 25}, "25": {"precision": 0.4666666666666667, "recall": 0.875, "f1-score": 0.608695652173913, "support": 8}, "26": {"precision": 1.0, "recall": 0.25, "f1-score": 0.4, "support": 4}, "27": {"precision": 1.0, "recall": 1.0, "f1-score": 1.0, "support": 1}, "accuracy": 0.81796875, "macro avg": {"precision": 0.7751808037737068, "recall": 0.7410855945662199, "f1-score": 0.7432077923736599, "support": 1280}, "weighted avg": {"precision": 0.8230321594253898, "recall": 0.81796875, "f1-score": 0.8173759080046098, "support": 1280}}