{"0": {"precision": 0.0, "recall": 0.0, "f1-score": 0.0, "support": 1}, "1": {"precision": 0.0, "recall": 0.0, "f1-score": 0.0, "support": 4}, "2": {"precision": 0.25, "recall": 0.2222222222222222, "f1-score": 0.23529411764705882, "support": 9}, "3": {"precision": 0.2857142857142857, "recall": 0.21052631578947367, "f1-score": 0.24242424242424243, "support": 19}, "4": {"precision": 0.4, "recall": 0.3157894736842105, "f1-score": 0.35294117647058826, "support": 19}, "5": {"precision": 0.3333333333333333, "recall": 0.38095238095238093, "f1-score": 0.35555555555555557, "support": 21}, "6": {"precision": 0.5862068965517241, "recall": 0.4594594594594595, "f1-score": 0.5151515151515151, "support": 37}, "7": {"precision": 0.5490196078431373, "recall": 0.6363636363636364, "f1-score": 0.5894736842105264, "support": 44}, "8": {"precision": 0.5555555555555556, "recall": 0.5072463768115942, "f1-score": 0.5303030303030303, "support": 69}, "9": {"precision": 0.4878048780487805, "recall": 0.5405405405405406, "f1-score": 0.5128205128205128, "support": 74}, "10": {"precision": 0.5789473684210527, "recall": 0.6395348837209303, "f1-score": 0.6077348066298343, "support": 86}, "11": {"precision": 0.6075949367088608, "recall": 0.5333333333333333, "f1-score": 0.5680473372781065, "support": 90}, "12": {"precision": 0.6153846153846154, "recall": 0.6222222222222222, "f1-score": 0.6187845303867403, "support": 90}, "13": {"precision": 0.6262626262626263, "recall": 0.6966292134831461, "f1-score": 0.6595744680851064, "support": 89}, "14": {"precision": 0.6494845360824743, "recall": 0.6363636363636364, "f1-score": 0.6428571428571429, "support": 99}, "15": {"precision": 0.6213592233009708, "recall": 0.6336633663366337, "f1-score": 0.6274509803921569, "support": 101}, "16": {"precision": 0.5858585858585859, "recall": 0.651685393258427, "f1-score": 0.6170212765957447, "support": 89}, "17": {"precision": 0.5526315789473685, "recall": 0.5675675675675675, "f1-score": 0.5599999999999999, "support": 74}, "18": {"precision": 0.43010752688172044, "recall": 0.5797101449275363, "f1-score": 0.49382716049382724, "support": 69}, "19": {"precision": 0.35185185185185186, "recall": 0.40425531914893614, "f1-score": 0.3762376237623762, "support": 47}, "20": {"precision": 0.4375, "recall": 0.2545454545454545, "f1-score": 0.3218390804597701, "support": 55}, "21": {"precision": 0.4411764705882353, "recall": 0.4838709677419355, "f1-score": 0.4615384615384615, "support": 31}, "22": {"precision": 0.3125, "recall": 0.21739130434782608, "f1-score": 0.2564102564102564, "support": 23}, "23": {"precision": 0.16666666666666666, "recall": 0.16666666666666666, "f1-score": 0.16666666666666666, "support": 12}, "24": {"precision": 0.6666666666666666, "recall": 0.4, "f1-score": 0.5, "support": 15}, "25": {"precision": 0.0, "recall": 0.0, "f1-score": 0.0, "support": 6}, "26": {"precision": 0.0, "recall": 0.0, "f1-score": 0.0, "support": 4}, "27": {"precision": 0.0, "recall": 0.0, "f1-score": 0.0, "support": 3}, "accuracy": 0.53828125, "macro avg": {"precision": 0.39612954323816113, "recall": 0.3843049956959918, "f1-score": 0.38614120093354354, "support": 1280}, "weighted avg": {"precision": 0.532331499495482, "recall": 0.53828125, "f1-score": 0.5318354225081032, "support": 1280}}