{"1": {"precision": 0.0, "recall": 0.0, "f1-score": 0.0, "support": 2}, "2": {"precision": 0.5555555555555556, "recall": 0.4166666666666667, "f1-score": 0.4761904761904762, "support": 12}, "3": {"precision": 0.4666666666666667, "recall": 0.6363636363636364, "f1-score": 0.5384615384615385, "support": 11}, "4": {"precision": 0.7857142857142857, "recall": 0.7857142857142857, "f1-score": 0.7857142857142857, "support": 14}, "5": {"precision": 1.0, "recall": 0.8518518518518519, "f1-score": 0.92, "support": 27}, "6": {"precision": 0.8888888888888888, "recall": 0.9523809523809523, "f1-score": 0.9195402298850575, "support": 42}, "7": {"precision": 0.8888888888888888, "recall": 0.8695652173913043, "f1-score": 0.8791208791208792, "support": 46}, "8": {"precision": 0.8627450980392157, "recall": 0.8979591836734694, "f1-score": 0.8799999999999999, "support": 49}, "9": {"precision": 0.9102564102564102, "recall": 0.9342105263157895, "f1-score": 0.922077922077922, "support": 76}, "10": {"precision": 0.9175257731958762, "recall": 0.9081632653061225, "f1-score": 0.9128205128205128, "support": 98}, "11": {"precision": 0.9230769230769231, "recall": 0.8936170212765957, "f1-score": 0.908108108108108, "support": 94}, "12": {"precision": 0.8780487804878049, "recall": 0.9, "f1-score": 0.888888888888889, "support": 80}, "13": {"precision": 0.8854166666666666, "recall": 0.8947368421052632, "f1-score": 0.8900523560209423, "support": 95}, "14": {"precision": 0.9222222222222223, "recall": 0.8556701030927835, "f1-score": 0.8877005347593583, "support": 97}, "15": {"precision": 0.8518518518518519, "recall": 0.9324324324324325, "f1-score": 0.8903225806451613, "support": 74}, "16": {"precision": 0.9101123595505618, "recall": 0.9310344827586207, "f1-score": 0.9204545454545454, "support": 87}, "17": {"precision": 0.9444444444444444, "recall": 0.9042553191489362, "f1-score": 0.9239130434782609, "support": 94}, "18": {"precision": 0.90625, "recall": 0.9508196721311475, "f1-score": 0.9279999999999999, "support": 61}, "19": {"precision": 0.8970588235294118, "recall": 0.8970588235294118, "f1-score": 0.8970588235294118, "support": 68}, "20": {"precision": 0.8837209302325582, "recall": 0.7916666666666666, "f1-score": 0.8351648351648352, "support": 48}, "21": {"precision": 0.8095238095238095, "recall": 0.918918918918919, "f1-score": 0.860759493670886, "support": 37}, "22": {"precision": 0.5909090909090909, "recall": 0.6190476190476191, "f1-score": 0.6046511627906977, "support": 21}, "23": {"precision": 0.6875, "recall": 0.55, "f1-score": 0.6111111111111112, "support": 20}, "24": {"precision": 0.6, "recall": 0.6, "f1-score": 0.6, "support": 10}, "25": {"precision": 0.75, "recall": 0.6923076923076923, "f1-score": 0.7199999999999999, "support": 13}, "26": {"precision": 0.5, "recall": 0.5, "f1-score": 0.5, "support": 4}, "27": {"precision": 0.0, "recall": 0.0, "f1-score": 0.0, "support": 0}, "accuracy": 0.87578125, "macro avg": {"precision": 0.7487547211000419, "recall": 0.7438681918177841, "f1-score": 0.7444485676997362, "support": 1280}, "weighted avg": {"precision": 0.8777601044408744, "recall": 0.87578125, "f1-score": 0.8757517941696514, "support": 1280}}