{"0": {"precision": 1.0, "recall": 1.0, "f1-score": 1.0, "support": 1}, "1": {"precision": 0.0, "recall": 0.0, "f1-score": 0.0, "support": 3}, "2": {"precision": 0.3333333333333333, "recall": 0.4, "f1-score": 0.3636363636363636, "support": 5}, "3": {"precision": 0.4, "recall": 0.4444444444444444, "f1-score": 0.4210526315789474, "support": 9}, "4": {"precision": 0.8181818181818182, "recall": 0.47368421052631576, "f1-score": 0.6, "support": 19}, "5": {"precision": 0.55, "recall": 0.5238095238095238, "f1-score": 0.5365853658536585, "support": 21}, "6": {"precision": 0.7941176470588235, "recall": 0.7105263157894737, "f1-score": 0.7499999999999999, "support": 38}, "7": {"precision": 0.7169811320754716, "recall": 0.6909090909090909, "f1-score": 0.7037037037037037, "support": 55}, "8": {"precision": 0.8085106382978723, "recall": 0.6666666666666666, "f1-score": 0.7307692307692306, "support": 57}, "9": {"precision": 0.7733333333333333, "recall": 0.7733333333333333, "f1-score": 0.7733333333333333, "support": 75}, "10": {"precision": 0.6438356164383562, "recall": 0.7121212121212122, "f1-score": 0.6762589928057554, "support": 66}, "11": {"precision": 0.65, "recall": 0.7471264367816092, "f1-score": 0.6951871657754011, "support": 87}, "12": {"precision": 0.6981132075471698, "recall": 0.7047619047619048, "f1-score": 0.7014218009478673, "support": 105}, "13": {"precision": 0.6178861788617886, "recall": 0.76, "f1-score": 0.6816143497757847, "support": 100}, "14": {"precision": 0.7419354838709677, "recall": 0.7263157894736842, "f1-score": 0.7340425531914895, "support": 95}, "15": {"precision": 0.7402597402597403, "recall": 0.7125, "f1-score": 0.7261146496815287, "support": 80}, "16": {"precision": 0.7380952380952381, "recall": 0.6391752577319587, "f1-score": 0.6850828729281768, "support": 97}, "17": {"precision": 0.6741573033707865, "recall": 0.6896551724137931, "f1-score": 0.6818181818181819, "support": 87}, "18": {"precision": 0.5591397849462365, "recall": 0.7123287671232876, "f1-score": 0.6265060240963856, "support": 73}, "19": {"precision": 0.6885245901639344, "recall": 0.7, "f1-score": 0.6942148760330578, "support": 60}, "20": {"precision": 0.782608695652174, "recall": 0.6923076923076923, "f1-score": 0.7346938775510203, "support": 52}, "21": {"precision": 0.5909090909090909, "recall": 0.5416666666666666, "f1-score": 0.5652173913043478, "support": 24}, "22": {"precision": 0.6, "recall": 0.5, "f1-score": 0.5454545454545454, "support": 18}, "23": {"precision": 0.5882352941176471, "recall": 0.5, "f1-score": 0.5405405405405405, "support": 20}, "24": {"precision": 0.5714285714285714, "recall": 0.5, "f1-score": 0.5333333333333333, "support": 16}, "25": {"precision": 0.625, "recall": 0.4166666666666667, "f1-score": 0.5, "support": 12}, "26": {"precision": 1.0, "recall": 0.4, "f1-score": 0.5714285714285715, "support": 5}, "accuracy": 0.68359375, "macro avg": {"precision": 0.6557254332571242, "recall": 0.6051110796861972, "f1-score": 0.621185568723749, "support": 1280}, "weighted avg": {"precision": 0.6893410957655621, "recall": 0.68359375, "f1-score": 0.6826794017593656, "support": 1280}}