{"0": {"precision": 0.0, "recall": 0.0, "f1-score": 0.0, "support": 2}, "1": {"precision": 0.0, "recall": 0.0, "f1-score": 0.0, "support": 2}, "2": {"precision": 0.0, "recall": 0.0, "f1-score": 0.0, "support": 9}, "3": {"precision": 0.8, "recall": 0.36363636363636365, "f1-score": 0.5000000000000001, "support": 11}, "4": {"precision": 0.3, "recall": 0.15, "f1-score": 0.2, "support": 20}, "5": {"precision": 0.2222222222222222, "recall": 0.25, "f1-score": 0.23529411764705882, "support": 32}, "6": {"precision": 0.16666666666666666, "recall": 0.061224489795918366, "f1-score": 0.08955223880597016, "support": 49}, "7": {"precision": 0.1724137931034483, "recall": 0.21739130434782608, "f1-score": 0.19230769230769232, "support": 46}, "8": {"precision": 0.1111111111111111, "recall": 0.10638297872340426, "f1-score": 0.10869565217391305, "support": 47}, "9": {"precision": 0.3064516129032258, "recall": 0.2878787878787879, "f1-score": 0.296875, "support": 66}, "10": {"precision": 0.26666666666666666, "recall": 0.3037974683544304, "f1-score": 0.28402366863905326, "support": 79}, "11": {"precision": 0.38271604938271603, "recall": 0.3924050632911392, "f1-score": 0.38749999999999996, "support": 79}, "12": {"precision": 0.325, "recall": 0.42857142857142855, "f1-score": 0.3696682464454977, "support": 91}, "13": {"precision": 0.35353535353535354, "recall": 0.3431372549019608, "f1-score": 0.3482587064676617, "support": 102}, "14": {"precision": 0.2911392405063291, "recall": 0.27710843373493976, "f1-score": 0.2839506172839506, "support": 83}, "15": {"precision": 0.4392523364485981, "recall": 0.47, "f1-score": 0.45410628019323673, "support": 100}, "16": {"precision": 0.4351851851851852, "recall": 0.5529411764705883, "f1-score": 0.48704663212435234, "support": 85}, "17": {"precision": 0.3333333333333333, "recall": 0.3561643835616438, "f1-score": 0.3443708609271523, "support": 73}, "18": {"precision": 0.3626373626373626, "recall": 0.3793103448275862, "f1-score": 0.37078651685393255, "support": 87}, "19": {"precision": 0.2878787878787879, "recall": 0.35185185185185186, "f1-score": 0.3166666666666667, "support": 54}, "20": {"precision": 0.3888888888888889, "recall": 0.25925925925925924, "f1-score": 0.3111111111111111, "support": 54}, "21": {"precision": 0.35135135135135137, "recall": 0.38235294117647056, "f1-score": 0.3661971830985916, "support": 34}, "22": {"precision": 0.23076923076923078, "recall": 0.2857142857142857, "f1-score": 0.25531914893617025, "support": 21}, "23": {"precision": 0.7142857142857143, "recall": 0.19230769230769232, "f1-score": 0.30303030303030304, "support": 26}, "24": {"precision": 0.16666666666666666, "recall": 0.14285714285714285, "f1-score": 0.15384615384615383, "support": 14}, "25": {"precision": 0.0, "recall": 0.0, "f1-score": 0.0, "support": 9}, "26": {"precision": 0.0, "recall": 0.0, "f1-score": 0.0, "support": 5}, "accuracy": 0.325, "macro avg": {"precision": 0.27437672494603177, "recall": 0.24275157967639704, "f1-score": 0.2466150665392025, "support": 1280}, "weighted avg": {"precision": 0.3246869633090662, "recall": 0.325, "f1-score": 0.31773333785729274, "support": 1280}}