{"0": {"precision": 0.0, "recall": 0.0, "f1-score": 0.0, "support": 1}, "1": {"precision": 0.0, "recall": 0.0, "f1-score": 0.0, "support": 4}, "2": {"precision": 0.4444444444444444, "recall": 0.36363636363636365, "f1-score": 0.39999999999999997, "support": 11}, "3": {"precision": 0.0, "recall": 0.0, "f1-score": 0.0, "support": 10}, "4": {"precision": 0.5, "recall": 0.3125, "f1-score": 0.38461538461538464, "support": 16}, "5": {"precision": 0.38461538461538464, "recall": 0.17857142857142858, "f1-score": 0.24390243902439027, "support": 28}, "6": {"precision": 0.15384615384615385, "recall": 0.04878048780487805, "f1-score": 0.07407407407407408, "support": 41}, "7": {"precision": 0.32727272727272727, "recall": 0.35294117647058826, "f1-score": 0.339622641509434, "support": 51}, "8": {"precision": 0.1956521739130435, "recall": 0.17647058823529413, "f1-score": 0.18556701030927836, "support": 51}, "9": {"precision": 0.2833333333333333, "recall": 0.30357142857142855, "f1-score": 0.29310344827586204, "support": 56}, "10": {"precision": 0.14864864864864866, "recall": 0.15714285714285714, "f1-score": 0.15277777777777776, "support": 70}, "11": {"precision": 0.2535211267605634, "recall": 0.19148936170212766, "f1-score": 0.2181818181818182, "support": 94}, "12": {"precision": 0.23387096774193547, "recall": 0.29896907216494845, "f1-score": 0.26244343891402716, "support": 97}, "13": {"precision": 0.2716049382716049, "recall": 0.2682926829268293, "f1-score": 0.26993865030674846, "support": 82}, "14": {"precision": 0.3389830508474576, "recall": 0.23255813953488372, "f1-score": 0.27586206896551724, "support": 86}, "15": {"precision": 0.23076923076923078, "recall": 0.53125, "f1-score": 0.3217665615141956, "support": 96}, "16": {"precision": 0.4166666666666667, "recall": 0.2702702702702703, "f1-score": 0.3278688524590164, "support": 111}, "17": {"precision": 0.19658119658119658, "recall": 0.32857142857142857, "f1-score": 0.24598930481283418, "support": 70}, "18": {"precision": 0.2358490566037736, "recall": 0.32894736842105265, "f1-score": 0.2747252747252747, "support": 76}, "19": {"precision": 0.08333333333333333, "recall": 0.06349206349206349, "f1-score": 0.07207207207207209, "support": 63}, "20": {"precision": 0.16326530612244897, "recall": 0.12903225806451613, "f1-score": 0.14414414414414417, "support": 62}, "21": {"precision": 0.06666666666666667, "recall": 0.03571428571428571, "f1-score": 0.046511627906976744, "support": 28}, "22": {"precision": 0.25, "recall": 0.11538461538461539, "f1-score": 0.15789473684210525, "support": 26}, "23": {"precision": 0.2, "recall": 0.047619047619047616, "f1-score": 0.07692307692307693, "support": 21}, "24": {"precision": 0.2222222222222222, "recall": 0.14285714285714285, "f1-score": 0.17391304347826086, "support": 14}, "25": {"precision": 0.2, "recall": 0.1, "f1-score": 0.13333333333333333, "support": 10}, "26": {"precision": 0.5, "recall": 0.3333333333333333, "f1-score": 0.4, "support": 3}, "27": {"precision": 0.0, "recall": 0.0, "f1-score": 0.0, "support": 2}, "accuracy": 0.2421875, "macro avg": {"precision": 0.2250409510236013, "recall": 0.18969269287462084, "f1-score": 0.19554395643448583, "support": 1280}, "weighted avg": {"precision": 0.2464741844294987, "recall": 0.2421875, "f1-score": 0.23202206604114575, "support": 1280}}