{"0": {"precision": 0.0, "recall": 0.0, "f1-score": 0.0, "support": 3}, "1": {"precision": 0.14285714285714285, "recall": 0.3333333333333333, "f1-score": 0.2, "support": 3}, "2": {"precision": 0.3333333333333333, "recall": 0.14285714285714285, "f1-score": 0.2, "support": 7}, "3": {"precision": 0.3333333333333333, "recall": 0.13043478260869565, "f1-score": 0.18750000000000003, "support": 23}, "4": {"precision": 0.2, "recall": 0.12, "f1-score": 0.15, "support": 25}, "5": {"precision": 0.3333333333333333, "recall": 0.17857142857142858, "f1-score": 0.23255813953488372, "support": 28}, "6": {"precision": 0.19047619047619047, "recall": 0.19047619047619047, "f1-score": 0.19047619047619047, "support": 21}, "7": {"precision": 0.2962962962962963, "recall": 0.38095238095238093, "f1-score": 0.3333333333333333, "support": 42}, "8": {"precision": 0.21621621621621623, "recall": 0.1702127659574468, "f1-score": 0.19047619047619047, "support": 47}, "9": {"precision": 0.26865671641791045, "recall": 0.22784810126582278, "f1-score": 0.24657534246575344, "support": 79}, "10": {"precision": 0.1724137931034483, "recall": 0.17857142857142858, "f1-score": 0.17543859649122806, "support": 84}, "11": {"precision": 0.2222222222222222, "recall": 0.21428571428571427, "f1-score": 0.21818181818181817, "support": 84}, "12": {"precision": 0.21739130434782608, "recall": 0.24271844660194175, "f1-score": 0.2293577981651376, "support": 103}, "13": {"precision": 0.27927927927927926, "recall": 0.36046511627906974, "f1-score": 0.31472081218274106, "support": 86}, "14": {"precision": 0.4158415841584158, "recall": 0.4077669902912621, "f1-score": 0.4117647058823529, "support": 103}, "15": {"precision": 0.2047244094488189, "recall": 0.3058823529411765, "f1-score": 0.24528301886792453, "support": 85}, "16": {"precision": 0.3717948717948718, "recall": 0.30526315789473685, "f1-score": 0.3352601156069364, "support": 95}, "17": {"precision": 0.23622047244094488, "recall": 0.3614457831325301, "f1-score": 0.2857142857142857, "support": 83}, "18": {"precision": 0.18181818181818182, "recall": 0.24561403508771928, "f1-score": 0.208955223880597, "support": 57}, "19": {"precision": 0.22727272727272727, "recall": 0.2, "f1-score": 0.21276595744680854, "support": 75}, "20": {"precision": 0.1111111111111111, "recall": 0.07894736842105263, "f1-score": 0.09230769230769231, "support": 38}, "21": {"precision": 0.08695652173913043, "recall": 0.0625, "f1-score": 0.07272727272727272, "support": 32}, "22": {"precision": 0.35714285714285715, "recall": 0.2, "f1-score": 0.25641025641025644, "support": 25}, "23": {"precision": 0.3333333333333333, "recall": 0.125, "f1-score": 0.18181818181818182, "support": 24}, "24": {"precision": 0.14285714285714285, "recall": 0.07142857142857142, "f1-score": 0.09523809523809523, "support": 14}, "25": {"precision": 0.0, "recall": 0.0, "f1-score": 0.0, "support": 7}, "26": {"precision": 0.0, "recall": 0.0, "f1-score": 0.0, "support": 5}, "27": {"precision": 0.0, "recall": 0.0, "f1-score": 0.0, "support": 2}, "accuracy": 0.2484375, "macro avg": {"precision": 0.20981722765478814, "recall": 0.18694911039134446, "f1-score": 0.18810225097170288, "support": 1280}, "weighted avg": {"precision": 0.25051070537409464, "recall": 0.2484375, "f1-score": 0.24327720509680423, "support": 1280}}