{"0": {"precision": 0.0, "recall": 0.0, "f1-score": 0.0, "support": 1}, "1": {"precision": 0.0, "recall": 0.0, "f1-score": 0.0, "support": 4}, "2": {"precision": 0.0, "recall": 0.0, "f1-score": 0.0, "support": 9}, "3": {"precision": 0.16666666666666666, "recall": 0.16666666666666666, "f1-score": 0.16666666666666666, "support": 12}, "4": {"precision": 0.2727272727272727, "recall": 0.1875, "f1-score": 0.2222222222222222, "support": 16}, "5": {"precision": 0.125, "recall": 0.041666666666666664, "f1-score": 0.0625, "support": 24}, "6": {"precision": 0.2916666666666667, "recall": 0.14893617021276595, "f1-score": 0.19718309859154928, "support": 47}, "7": {"precision": 0.3333333333333333, "recall": 0.3728813559322034, "f1-score": 0.352, "support": 59}, "8": {"precision": 0.08333333333333333, "recall": 0.04477611940298507, "f1-score": 0.058252427184466014, "support": 67}, "9": {"precision": 0.18055555555555555, "recall": 0.17333333333333334, "f1-score": 0.1768707482993197, "support": 75}, "10": {"precision": 0.13636363636363635, "recall": 0.19736842105263158, "f1-score": 0.16129032258064516, "support": 76}, "11": {"precision": 0.2682926829268293, "recall": 0.22, "f1-score": 0.2417582417582418, "support": 100}, "12": {"precision": 0.2109375, "recall": 0.30337078651685395, "f1-score": 0.24884792626728106, "support": 89}, "13": {"precision": 0.1590909090909091, "recall": 0.15053763440860216, "f1-score": 0.15469613259668508, "support": 93}, "14": {"precision": 0.2980769230769231, "recall": 0.3069306930693069, "f1-score": 0.3024390243902439, "support": 101}, "15": {"precision": 0.18125, "recall": 0.29292929292929293, "f1-score": 0.2239382239382239, "support": 99}, "16": {"precision": 0.29411764705882354, "recall": 0.30864197530864196, "f1-score": 0.3012048192771084, "support": 81}, "17": {"precision": 0.25, "recall": 0.3, "f1-score": 0.2727272727272727, "support": 80}, "18": {"precision": 0.11594202898550725, "recall": 0.13793103448275862, "f1-score": 0.12598425196850394, "support": 58}, "19": {"precision": 0.1, "recall": 0.12195121951219512, "f1-score": 0.10989010989010989, "support": 41}, "20": {"precision": 0.11764705882352941, "recall": 0.07692307692307693, "f1-score": 0.0930232558139535, "support": 52}, "21": {"precision": 0.3, "recall": 0.2, "f1-score": 0.24, "support": 30}, "22": {"precision": 0.3333333333333333, "recall": 0.16, "f1-score": 0.21621621621621623, "support": 25}, "23": {"precision": 1.0, "recall": 0.125, "f1-score": 0.2222222222222222, "support": 16}, "24": {"precision": 0.25, "recall": 0.1111111111111111, "f1-score": 0.15384615384615383, "support": 9}, "25": {"precision": 0.25, "recall": 0.08333333333333333, "f1-score": 0.125, "support": 12}, "26": {"precision": 0.0, "recall": 0.0, "f1-score": 0.0, "support": 2}, "27": {"precision": 0.0, "recall": 0.0, "f1-score": 0.0, "support": 2}, "accuracy": 0.21015625, "macro avg": {"precision": 0.20422623385508284, "recall": 0.15113531753080087, "f1-score": 0.15817069058775307, "support": 1280}, "weighted avg": {"precision": 0.2187688279541097, "recall": 0.21015625, "f1-score": 0.20457409294913714, "support": 1280}}