{"0": {"precision": 0.0, "recall": 0.0, "f1-score": 0.0, "support": 2}, "1": {"precision": 0.3333333333333333, "recall": 0.25, "f1-score": 0.28571428571428575, "support": 4}, "2": {"precision": 0.3333333333333333, "recall": 0.25, "f1-score": 0.28571428571428575, "support": 8}, "3": {"precision": 0.4, "recall": 0.3333333333333333, "f1-score": 0.3636363636363636, "support": 12}, "4": {"precision": 0.125, "recall": 0.05555555555555555, "f1-score": 0.07692307692307691, "support": 18}, "5": {"precision": 0.2, "recall": 0.08695652173913043, "f1-score": 0.12121212121212122, "support": 23}, "6": {"precision": 0.14285714285714285, "recall": 0.09375, "f1-score": 0.11320754716981132, "support": 32}, "7": {"precision": 0.18867924528301888, "recall": 0.20408163265306123, "f1-score": 0.19607843137254904, "support": 49}, "8": {"precision": 0.1686746987951807, "recall": 0.25, "f1-score": 0.2014388489208633, "support": 56}, "9": {"precision": 0.36666666666666664, "recall": 0.39759036144578314, "f1-score": 0.38150289017341044, "support": 83}, "10": {"precision": 0.2153846153846154, "recall": 0.2153846153846154, "f1-score": 0.21538461538461537, "support": 65}, "11": {"precision": 0.2835820895522388, "recall": 0.2289156626506024, "f1-score": 0.2533333333333333, "support": 83}, "12": {"precision": 0.29347826086956524, "recall": 0.3, "f1-score": 0.2967032967032967, "support": 90}, "13": {"precision": 0.2983425414364641, "recall": 0.48214285714285715, "f1-score": 0.3686006825938567, "support": 112}, "14": {"precision": 0.29545454545454547, "recall": 0.26, "f1-score": 0.27659574468085113, "support": 100}, "15": {"precision": 0.30337078651685395, "recall": 0.2872340425531915, "f1-score": 0.2950819672131148, "support": 94}, "16": {"precision": 0.30612244897959184, "recall": 0.3333333333333333, "f1-score": 0.3191489361702127, "support": 90}, "17": {"precision": 0.3125, "recall": 0.35714285714285715, "f1-score": 0.3333333333333333, "support": 84}, "18": {"precision": 0.18518518518518517, "recall": 0.22388059701492538, "f1-score": 0.2027027027027027, "support": 67}, "19": {"precision": 0.1836734693877551, "recall": 0.16666666666666666, "f1-score": 0.17475728155339806, "support": 54}, "20": {"precision": 0.2727272727272727, "recall": 0.12244897959183673, "f1-score": 0.16901408450704225, "support": 49}, "21": {"precision": 0.3333333333333333, "recall": 0.225, "f1-score": 0.26865671641791045, "support": 40}, "22": {"precision": 0.2, "recall": 0.11538461538461539, "f1-score": 0.14634146341463417, "support": 26}, "23": {"precision": 0.1111111111111111, "recall": 0.0625, "f1-score": 0.08, "support": 16}, "24": {"precision": 0.3333333333333333, "recall": 0.23076923076923078, "f1-score": 0.27272727272727276, "support": 13}, "25": {"precision": 0.0, "recall": 0.0, "f1-score": 0.0, "support": 7}, "26": {"precision": 0.0, "recall": 0.0, "f1-score": 0.0, "support": 3}, "accuracy": 0.26796875, "macro avg": {"precision": 0.22911642272372373, "recall": 0.20489151342079984, "f1-score": 0.21102997339156818, "support": 1280}, "weighted avg": {"precision": 0.2647716672318513, "recall": 0.26796875, "f1-score": 0.2608989774797076, "support": 1280}}