{"0": {"precision": 0.0, "recall": 0.0, "f1-score": 0.0, "support": 1}, "1": {"precision": 0.0, "recall": 0.0, "f1-score": 0.0, "support": 1}, "2": {"precision": 0.6666666666666666, "recall": 0.4, "f1-score": 0.5, "support": 5}, "3": {"precision": 0.5714285714285714, "recall": 0.3076923076923077, "f1-score": 0.4, "support": 13}, "4": {"precision": 0.38461538461538464, "recall": 0.2, "f1-score": 0.2631578947368421, "support": 25}, "5": {"precision": 0.42105263157894735, "recall": 0.26666666666666666, "f1-score": 0.326530612244898, "support": 30}, "6": {"precision": 0.45454545454545453, "recall": 0.3448275862068966, "f1-score": 0.39215686274509803, "support": 29}, "7": {"precision": 0.2830188679245283, "recall": 0.4166666666666667, "f1-score": 0.33707865168539325, "support": 36}, "8": {"precision": 0.358974358974359, "recall": 0.24561403508771928, "f1-score": 0.2916666666666667, "support": 57}, "9": {"precision": 0.35294117647058826, "recall": 0.5, "f1-score": 0.41379310344827586, "support": 60}, "10": {"precision": 0.3611111111111111, "recall": 0.3880597014925373, "f1-score": 0.3741007194244604, "support": 67}, "11": {"precision": 0.5217391304347826, "recall": 0.5454545454545454, "f1-score": 0.5333333333333332, "support": 88}, "12": {"precision": 0.4827586206896552, "recall": 0.5233644859813084, "f1-score": 0.5022421524663677, "support": 107}, "13": {"precision": 0.38461538461538464, "recall": 0.45454545454545453, "f1-score": 0.41666666666666663, "support": 99}, "14": {"precision": 0.5056179775280899, "recall": 0.4205607476635514, "f1-score": 0.4591836734693877, "support": 107}, "15": {"precision": 0.4090909090909091, "recall": 0.5232558139534884, "f1-score": 0.45918367346938777, "support": 86}, "16": {"precision": 0.4782608695652174, "recall": 0.42857142857142855, "f1-score": 0.452054794520548, "support": 77}, "17": {"precision": 0.40350877192982454, "recall": 0.5609756097560976, "f1-score": 0.46938775510204084, "support": 82}, "18": {"precision": 0.4222222222222222, "recall": 0.4470588235294118, "f1-score": 0.43428571428571433, "support": 85}, "19": {"precision": 0.34545454545454546, "recall": 0.296875, "f1-score": 0.31932773109243695, "support": 64}, "20": {"precision": 0.3333333333333333, "recall": 0.18181818181818182, "f1-score": 0.23529411764705885, "support": 44}, "21": {"precision": 0.125, "recall": 0.13333333333333333, "f1-score": 0.12903225806451615, "support": 30}, "22": {"precision": 0.21875, "recall": 0.3333333333333333, "f1-score": 0.2641509433962264, "support": 21}, "23": {"precision": 0.4, "recall": 0.13793103448275862, "f1-score": 0.20512820512820515, "support": 29}, "24": {"precision": 0.4166666666666667, "recall": 0.23809523809523808, "f1-score": 0.30303030303030304, "support": 21}, "25": {"precision": 0.6666666666666666, "recall": 0.18181818181818182, "f1-score": 0.28571428571428575, "support": 11}, "26": {"precision": 0.0, "recall": 0.0, "f1-score": 0.0, "support": 3}, "27": {"precision": 0.0, "recall": 0.0, "f1-score": 0.0, "support": 2}, "accuracy": 0.40546875, "macro avg": {"precision": 0.3560014043397467, "recall": 0.3027327920053252, "f1-score": 0.31308928994064694, "support": 1280}, "weighted avg": {"precision": 0.41073862191017596, "recall": 0.40546875, "f1-score": 0.39884440549750116, "support": 1280}}