{"1": {"precision": 1.0, "recall": 0.5, "f1-score": 0.6666666666666666, "support": 6}, "2": {"precision": 0.25, "recall": 0.2, "f1-score": 0.22222222222222224, "support": 5}, "3": {"precision": 0.6, "recall": 0.8181818181818182, "f1-score": 0.6923076923076923, "support": 11}, "4": {"precision": 0.6, "recall": 0.375, "f1-score": 0.4615384615384615, "support": 8}, "5": {"precision": 0.8148148148148148, "recall": 0.7096774193548387, "f1-score": 0.7586206896551724, "support": 31}, "6": {"precision": 0.7297297297297297, "recall": 0.6428571428571429, "f1-score": 0.6835443037974683, "support": 42}, "7": {"precision": 0.639344262295082, "recall": 0.8125, "f1-score": 0.7155963302752295, "support": 48}, "8": {"precision": 0.7543859649122807, "recall": 0.7049180327868853, "f1-score": 0.7288135593220338, "support": 61}, "9": {"precision": 0.704225352112676, "recall": 0.819672131147541, "f1-score": 0.7575757575757576, "support": 61}, "10": {"precision": 0.8, "recall": 0.7123287671232876, "f1-score": 0.7536231884057971, "support": 73}, "11": {"precision": 0.8089887640449438, "recall": 0.7912087912087912, "f1-score": 0.7999999999999998, "support": 91}, "12": {"precision": 0.7469879518072289, "recall": 0.8051948051948052, "f1-score": 0.7749999999999999, "support": 77}, "13": {"precision": 0.8, "recall": 0.8085106382978723, "f1-score": 0.8042328042328043, "support": 94}, "14": {"precision": 0.8108108108108109, "recall": 0.8256880733944955, "f1-score": 0.8181818181818182, "support": 109}, "15": {"precision": 0.8454545454545455, "recall": 0.808695652173913, "f1-score": 0.8266666666666667, "support": 115}, "16": {"precision": 0.8275862068965517, "recall": 0.8181818181818182, "f1-score": 0.8228571428571428, "support": 88}, "17": {"precision": 0.625, "recall": 0.8064516129032258, "f1-score": 0.7042253521126761, "support": 62}, "18": {"precision": 0.7916666666666666, "recall": 0.6477272727272727, "f1-score": 0.7124999999999999, "support": 88}, "19": {"precision": 0.7333333333333333, "recall": 0.6984126984126984, "f1-score": 0.7154471544715446, "support": 63}, "20": {"precision": 0.6382978723404256, "recall": 0.6976744186046512, "f1-score": 0.6666666666666666, "support": 43}, "21": {"precision": 0.5757575757575758, "recall": 0.6333333333333333, "f1-score": 0.6031746031746033, "support": 30}, "22": {"precision": 0.6363636363636364, "recall": 0.6086956521739131, "f1-score": 0.6222222222222223, "support": 23}, "23": {"precision": 0.8, "recall": 0.7272727272727273, "f1-score": 0.761904761904762, "support": 22}, "24": {"precision": 0.4666666666666667, "recall": 0.5833333333333334, "f1-score": 0.5185185185185186, "support": 12}, "25": {"precision": 0.625, "recall": 0.4166666666666667, "f1-score": 0.5, "support": 12}, "26": {"precision": 0.0, "recall": 0.0, "f1-score": 0.0, "support": 4}, "27": {"precision": 1.0, "recall": 1.0, "f1-score": 1.0, "support": 1}, "accuracy": 0.74765625, "macro avg": {"precision": 0.6897931168150728, "recall": 0.6656364001974457, "f1-score": 0.6700780215842935, "support": 1280}, "weighted avg": {"precision": 0.7523934187912376, "recall": 0.74765625, "f1-score": 0.7467991038537812, "support": 1280}}