{"0": {"precision": 0.0, "recall": 0.0, "f1-score": 0.0, "support": 1}, "1": {"precision": 1.0, "recall": 0.25, "f1-score": 0.4, "support": 4}, "2": {"precision": 0.3333333333333333, "recall": 0.4, "f1-score": 0.3636363636363636, "support": 5}, "3": {"precision": 0.625, "recall": 0.5555555555555556, "f1-score": 0.5882352941176471, "support": 9}, "4": {"precision": 0.5, "recall": 0.42105263157894735, "f1-score": 0.45714285714285713, "support": 19}, "5": {"precision": 0.59375, "recall": 0.6551724137931034, "f1-score": 0.6229508196721311, "support": 29}, "6": {"precision": 0.5161290322580645, "recall": 0.6956521739130435, "f1-score": 0.5925925925925926, "support": 23}, "7": {"precision": 0.7222222222222222, "recall": 0.6724137931034483, "f1-score": 0.6964285714285714, "support": 58}, "8": {"precision": 0.7608695652173914, "recall": 0.6730769230769231, "f1-score": 0.7142857142857143, "support": 52}, "9": {"precision": 0.6282051282051282, "recall": 0.7, "f1-score": 0.6621621621621621, "support": 70}, "10": {"precision": 0.7215189873417721, "recall": 0.6551724137931034, "f1-score": 0.6867469879518071, "support": 87}, "11": {"precision": 0.7840909090909091, "recall": 0.6831683168316832, "f1-score": 0.7301587301587302, "support": 101}, "12": {"precision": 0.6344086021505376, "recall": 0.7375, "f1-score": 0.6820809248554913, "support": 80}, "13": {"precision": 0.49137931034482757, "recall": 0.6705882352941176, "f1-score": 0.5671641791044776, "support": 85}, "14": {"precision": 0.8555555555555555, "recall": 0.719626168224299, "f1-score": 0.7817258883248731, "support": 107}, "15": {"precision": 0.8214285714285714, "recall": 0.7752808988764045, "f1-score": 0.7976878612716762, "support": 89}, "16": {"precision": 0.7638888888888888, "recall": 0.6111111111111112, "f1-score": 0.6790123456790124, "support": 90}, "17": {"precision": 0.6868686868686869, "recall": 0.7311827956989247, "f1-score": 0.7083333333333333, "support": 93}, "18": {"precision": 0.5842696629213483, "recall": 0.7761194029850746, "f1-score": 0.6666666666666666, "support": 67}, "19": {"precision": 0.7755102040816326, "recall": 0.76, "f1-score": 0.7676767676767676, "support": 50}, "20": {"precision": 0.7, "recall": 0.711864406779661, "f1-score": 0.7058823529411764, "support": 59}, "21": {"precision": 0.6388888888888888, "recall": 0.6764705882352942, "f1-score": 0.6571428571428571, "support": 34}, "22": {"precision": 0.8, "recall": 0.6153846153846154, "f1-score": 0.6956521739130435, "support": 26}, "23": {"precision": 0.5833333333333334, "recall": 0.5, "f1-score": 0.5384615384615384, "support": 14}, "24": {"precision": 0.75, "recall": 0.4, "f1-score": 0.5217391304347827, "support": 15}, "25": {"precision": 0.3333333333333333, "recall": 0.6, "f1-score": 0.42857142857142855, "support": 5}, "26": {"precision": 0.5, "recall": 0.3333333333333333, "f1-score": 0.4, "support": 3}, "27": {"precision": 1.0, "recall": 0.4, "f1-score": 0.5714285714285715, "support": 5}, "accuracy": 0.68359375, "macro avg": {"precision": 0.6465708648380152, "recall": 0.5849902063417373, "f1-score": 0.5958416468912241, "support": 1280}, "weighted avg": {"precision": 0.7003145478805988, "recall": 0.68359375, "f1-score": 0.6855981707398177, "support": 1280}}