{"0": {"precision": 0.0, "recall": 0.0, "f1-score": 0.0, "support": 2}, "1": {"precision": 0.0, "recall": 0.0, "f1-score": 0.0, "support": 4}, "2": {"precision": 0.3333333333333333, "recall": 0.16666666666666666, "f1-score": 0.2222222222222222, "support": 6}, "3": {"precision": 0.2222222222222222, "recall": 0.16666666666666666, "f1-score": 0.1904761904761905, "support": 12}, "4": {"precision": 0.09090909090909091, "recall": 0.0625, "f1-score": 0.07407407407407407, "support": 16}, "5": {"precision": 0.2857142857142857, "recall": 0.18181818181818182, "f1-score": 0.2222222222222222, "support": 22}, "6": {"precision": 0.34615384615384615, "recall": 0.23684210526315788, "f1-score": 0.28125, "support": 38}, "7": {"precision": 0.3333333333333333, "recall": 0.46551724137931033, "f1-score": 0.3884892086330935, "support": 58}, "8": {"precision": 0.35555555555555557, "recall": 0.24615384615384617, "f1-score": 0.2909090909090909, "support": 65}, "9": {"precision": 0.43434343434343436, "recall": 0.5733333333333334, "f1-score": 0.4942528735632184, "support": 75}, "10": {"precision": 0.379746835443038, "recall": 0.42857142857142855, "f1-score": 0.40268456375838924, "support": 70}, "11": {"precision": 0.4657534246575342, "recall": 0.39080459770114945, "f1-score": 0.425, "support": 87}, "12": {"precision": 0.5196850393700787, "recall": 0.6346153846153846, "f1-score": 0.5714285714285714, "support": 104}, "13": {"precision": 0.6071428571428571, "recall": 0.5795454545454546, "f1-score": 0.5930232558139534, "support": 88}, "14": {"precision": 0.5633802816901409, "recall": 0.449438202247191, "f1-score": 0.5000000000000001, "support": 89}, "15": {"precision": 0.46601941747572817, "recall": 0.5517241379310345, "f1-score": 0.5052631578947369, "support": 87}, "16": {"precision": 0.45871559633027525, "recall": 0.5813953488372093, "f1-score": 0.5128205128205129, "support": 86}, "17": {"precision": 0.41379310344827586, "recall": 0.45569620253164556, "f1-score": 0.43373493975903615, "support": 79}, "18": {"precision": 0.19090909090909092, "recall": 0.3333333333333333, "f1-score": 0.24277456647398846, "support": 63}, "19": {"precision": 0.23728813559322035, "recall": 0.2641509433962264, "f1-score": 0.25, "support": 53}, "20": {"precision": 0.2857142857142857, "recall": 0.08163265306122448, "f1-score": 0.12698412698412698, "support": 49}, "21": {"precision": 0.2692307692307692, "recall": 0.16279069767441862, "f1-score": 0.2028985507246377, "support": 43}, "22": {"precision": 0.4, "recall": 0.19047619047619047, "f1-score": 0.25806451612903225, "support": 42}, "23": {"precision": 0.2222222222222222, "recall": 0.11764705882352941, "f1-score": 0.15384615384615383, "support": 17}, "24": {"precision": 0.3333333333333333, "recall": 0.2, "f1-score": 0.25, "support": 10}, "25": {"precision": 0.14285714285714285, "recall": 0.125, "f1-score": 0.13333333333333333, "support": 8}, "26": {"precision": 0.0, "recall": 0.0, "f1-score": 0.0, "support": 7}, "27": {"precision": 0.0, "recall": 0.0, "f1-score": 0.0, "support": 0}, "accuracy": 0.40390625, "macro avg": {"precision": 0.29847702274939625, "recall": 0.27308284553666373, "f1-score": 0.27591971896666373, "support": 1280}, "weighted avg": {"precision": 0.40095139267381674, "recall": 0.40390625, "f1-score": 0.3929738494176122, "support": 1280}}