{"0": {"precision": 0.0, "recall": 0.0, "f1-score": 0.0, "support": 2}, "1": {"precision": 0.3333333333333333, "recall": 0.3333333333333333, "f1-score": 0.3333333333333333, "support": 3}, "2": {"precision": 0.3333333333333333, "recall": 0.2857142857142857, "f1-score": 0.30769230769230765, "support": 7}, "3": {"precision": 0.4, "recall": 0.25, "f1-score": 0.3076923076923077, "support": 16}, "4": {"precision": 0.2222222222222222, "recall": 0.10526315789473684, "f1-score": 0.14285714285714285, "support": 19}, "5": {"precision": 0.35, "recall": 0.21875, "f1-score": 0.2692307692307692, "support": 32}, "6": {"precision": 0.23076923076923078, "recall": 0.08571428571428572, "f1-score": 0.12500000000000003, "support": 35}, "7": {"precision": 0.13725490196078433, "recall": 0.20588235294117646, "f1-score": 0.16470588235294117, "support": 34}, "8": {"precision": 0.19642857142857142, "recall": 0.15942028985507245, "f1-score": 0.17599999999999996, "support": 69}, "9": {"precision": 0.19402985074626866, "recall": 0.21311475409836064, "f1-score": 0.20312499999999997, "support": 61}, "10": {"precision": 0.3018867924528302, "recall": 0.2962962962962963, "f1-score": 0.2990654205607477, "support": 108}, "11": {"precision": 0.390625, "recall": 0.36231884057971014, "f1-score": 0.37593984962406013, "support": 69}, "12": {"precision": 0.19834710743801653, "recall": 0.3287671232876712, "f1-score": 0.24742268041237114, "support": 73}, "13": {"precision": 0.36, "recall": 0.3870967741935484, "f1-score": 0.37305699481865284, "support": 93}, "14": {"precision": 0.4358974358974359, "recall": 0.3269230769230769, "f1-score": 0.3736263736263737, "support": 104}, "15": {"precision": 0.27044025157232704, "recall": 0.41346153846153844, "f1-score": 0.32699619771863114, "support": 104}, "16": {"precision": 0.3424657534246575, "recall": 0.26881720430107525, "f1-score": 0.30120481927710835, "support": 93}, "17": {"precision": 0.26956521739130435, "recall": 0.36046511627906974, "f1-score": 0.30845771144278605, "support": 86}, "18": {"precision": 0.18840579710144928, "recall": 0.2, "f1-score": 0.19402985074626866, "support": 65}, "19": {"precision": 0.18181818181818182, "recall": 0.1875, "f1-score": 0.1846153846153846, "support": 64}, "20": {"precision": 0.14814814814814814, "recall": 0.09523809523809523, "f1-score": 0.11594202898550725, "support": 42}, "21": {"precision": 0.3103448275862069, "recall": 0.25, "f1-score": 0.27692307692307694, "support": 36}, "22": {"precision": 0.2, "recall": 0.14814814814814814, "f1-score": 0.1702127659574468, "support": 27}, "23": {"precision": 0.125, "recall": 0.05263157894736842, "f1-score": 0.07407407407407407, "support": 19}, "24": {"precision": 0.0, "recall": 0.0, "f1-score": 0.0, "support": 6}, "25": {"precision": 0.25, "recall": 0.16666666666666666, "f1-score": 0.2, "support": 6}, "26": {"precision": 0.0, "recall": 0.0, "f1-score": 0.0, "support": 7}, "27": {"precision": 0.0, "recall": 0.0, "f1-score": 0.0, "support": 0}, "accuracy": 0.26875, "macro avg": {"precision": 0.22751128416515362, "recall": 0.20362581853119702, "f1-score": 0.20897157042647468, "support": 1280}, "weighted avg": {"precision": 0.27331890216828447, "recall": 0.26875, "f1-score": 0.2646755636132468, "support": 1280}}