{"0": {"precision": 0.0, "recall": 0.0, "f1-score": 0.0, "support": 3}, "1": {"precision": 0.6, "recall": 0.75, "f1-score": 0.6666666666666665, "support": 4}, "2": {"precision": 0.6, "recall": 0.5, "f1-score": 0.5454545454545454, "support": 6}, "3": {"precision": 0.6, "recall": 0.5, "f1-score": 0.5454545454545454, "support": 12}, "4": {"precision": 0.6666666666666666, "recall": 0.7, "f1-score": 0.6829268292682926, "support": 20}, "5": {"precision": 0.75, "recall": 0.6363636363636364, "f1-score": 0.6885245901639345, "support": 33}, "6": {"precision": 0.6964285714285714, "recall": 0.8666666666666667, "f1-score": 0.7722772277227722, "support": 45}, "7": {"precision": 0.75, "recall": 0.75, "f1-score": 0.75, "support": 44}, "8": {"precision": 0.8541666666666666, "recall": 0.803921568627451, "f1-score": 0.8282828282828283, "support": 51}, "9": {"precision": 0.7466666666666667, "recall": 0.8, "f1-score": 0.7724137931034483, "support": 70}, "10": {"precision": 0.7236842105263158, "recall": 0.6547619047619048, "f1-score": 0.6875, "support": 84}, "11": {"precision": 0.7872340425531915, "recall": 0.7254901960784313, "f1-score": 0.7551020408163265, "support": 102}, "12": {"precision": 0.6966292134831461, "recall": 0.7654320987654321, "f1-score": 0.7294117647058823, "support": 81}, "13": {"precision": 0.7912087912087912, "recall": 0.7912087912087912, "f1-score": 0.7912087912087912, "support": 91}, "14": {"precision": 0.811965811965812, "recall": 0.8260869565217391, "f1-score": 0.8189655172413793, "support": 115}, "15": {"precision": 0.6739130434782609, "recall": 0.7126436781609196, "f1-score": 0.6927374301675977, "support": 87}, "16": {"precision": 0.7283950617283951, "recall": 0.6781609195402298, "f1-score": 0.7023809523809522, "support": 87}, "17": {"precision": 0.7380952380952381, "recall": 0.8157894736842105, "f1-score": 0.775, "support": 76}, "18": {"precision": 0.7014925373134329, "recall": 0.7966101694915254, "f1-score": 0.746031746031746, "support": 59}, "19": {"precision": 0.868421052631579, "recall": 0.6, "f1-score": 0.7096774193548387, "support": 55}, "20": {"precision": 0.6785714285714286, "recall": 0.8444444444444444, "f1-score": 0.7524752475247526, "support": 45}, "21": {"precision": 0.8235294117647058, "recall": 0.7368421052631579, "f1-score": 0.7777777777777778, "support": 38}, "22": {"precision": 0.7407407407407407, "recall": 0.7407407407407407, "f1-score": 0.7407407407407407, "support": 27}, "23": {"precision": 0.7692307692307693, "recall": 0.625, "f1-score": 0.6896551724137931, "support": 16}, "24": {"precision": 0.3076923076923077, "recall": 0.5, "f1-score": 0.380952380952381, "support": 8}, "25": {"precision": 0.5, "recall": 0.38461538461538464, "f1-score": 0.4347826086956522, "support": 13}, "26": {"precision": 0.6666666666666666, "recall": 0.5714285714285714, "f1-score": 0.6153846153846153, "support": 7}, "27": {"precision": 0.0, "recall": 0.0, "f1-score": 0.0, "support": 1}, "accuracy": 0.7390625, "macro avg": {"precision": 0.6525499606814055, "recall": 0.6455788323701156, "f1-score": 0.6447066154112235, "support": 1280}, "weighted avg": {"precision": 0.7416837161095641, "recall": 0.7390625, "f1-score": 0.737300544705682, "support": 1280}}