{"0": {"precision": 0.0, "recall": 0.0, "f1-score": 0.0, "support": 1}, "1": {"precision": 0.0, "recall": 0.0, "f1-score": 0.0, "support": 3}, "2": {"precision": 0.625, "recall": 0.8333333333333334, "f1-score": 0.7142857142857143, "support": 6}, "3": {"precision": 0.7777777777777778, "recall": 0.875, "f1-score": 0.823529411764706, "support": 8}, "4": {"precision": 0.875, "recall": 0.8235294117647058, "f1-score": 0.8484848484848485, "support": 17}, "5": {"precision": 0.8461538461538461, "recall": 0.88, "f1-score": 0.8627450980392156, "support": 25}, "6": {"precision": 0.90625, "recall": 0.9354838709677419, "f1-score": 0.9206349206349206, "support": 31}, "7": {"precision": 1.0, "recall": 0.8604651162790697, "f1-score": 0.9249999999999999, "support": 43}, "8": {"precision": 0.873015873015873, "recall": 1.0, "f1-score": 0.9322033898305084, "support": 55}, "9": {"precision": 0.9552238805970149, "recall": 0.8767123287671232, "f1-score": 0.9142857142857143, "support": 73}, "10": {"precision": 0.9069767441860465, "recall": 0.8764044943820225, "f1-score": 0.8914285714285715, "support": 89}, "11": {"precision": 0.8867924528301887, "recall": 0.9215686274509803, "f1-score": 0.9038461538461539, "support": 102}, "12": {"precision": 0.8817204301075269, "recall": 0.9213483146067416, "f1-score": 0.901098901098901, "support": 89}, "13": {"precision": 0.9120879120879121, "recall": 0.8829787234042553, "f1-score": 0.8972972972972972, "support": 94}, "14": {"precision": 0.898989898989899, "recall": 0.9081632653061225, "f1-score": 0.9035532994923858, "support": 98}, "15": {"precision": 0.9056603773584906, "recall": 0.9142857142857143, "f1-score": 0.909952606635071, "support": 105}, "16": {"precision": 0.898876404494382, "recall": 0.8791208791208791, "f1-score": 0.8888888888888888, "support": 91}, "17": {"precision": 0.8831168831168831, "recall": 0.8831168831168831, "f1-score": 0.8831168831168831, "support": 77}, "18": {"precision": 0.8333333333333334, "recall": 0.8823529411764706, "f1-score": 0.8571428571428571, "support": 68}, "19": {"precision": 0.8888888888888888, "recall": 0.8135593220338984, "f1-score": 0.8495575221238938, "support": 59}, "20": {"precision": 0.7948717948717948, "recall": 0.8857142857142857, "f1-score": 0.8378378378378378, "support": 35}, "21": {"precision": 0.8461538461538461, "recall": 0.868421052631579, "f1-score": 0.8571428571428572, "support": 38}, "22": {"precision": 0.8666666666666667, "recall": 0.8125, "f1-score": 0.8387096774193549, "support": 32}, "23": {"precision": 0.75, "recall": 0.7058823529411765, "f1-score": 0.7272727272727272, "support": 17}, "24": {"precision": 0.7272727272727273, "recall": 0.8, "f1-score": 0.761904761904762, "support": 10}, "25": {"precision": 0.875, "recall": 0.875, "f1-score": 0.875, "support": 8}, "26": {"precision": 0.6666666666666666, "recall": 0.5, "f1-score": 0.5714285714285715, "support": 4}, "27": {"precision": 0.5, "recall": 0.5, "f1-score": 0.5, "support": 2}, "accuracy": 0.88359375, "macro avg": {"precision": 0.7779105858774916, "recall": 0.7826764613315352, "f1-score": 0.7784410182643801, "support": 1280}, "weighted avg": {"precision": 0.8833800601589313, "recall": 0.88359375, "f1-score": 0.8825494915155397, "support": 1280}}