{"0": {"precision": 0.0, "recall": 0.0, "f1-score": 0.0, "support": 1}, "1": {"precision": 0.6666666666666666, "recall": 0.3333333333333333, "f1-score": 0.4444444444444444, "support": 6}, "2": {"precision": 0.3, "recall": 0.375, "f1-score": 0.33333333333333326, "support": 8}, "3": {"precision": 0.375, "recall": 0.5454545454545454, "f1-score": 0.4444444444444444, "support": 11}, "4": {"precision": 0.875, "recall": 0.56, "f1-score": 0.6829268292682927, "support": 25}, "5": {"precision": 0.7407407407407407, "recall": 0.7407407407407407, "f1-score": 0.7407407407407407, "support": 27}, "6": {"precision": 0.8095238095238095, "recall": 0.8095238095238095, "f1-score": 0.8095238095238095, "support": 42}, "7": {"precision": 0.7719298245614035, "recall": 0.8627450980392157, "f1-score": 0.8148148148148149, "support": 51}, "8": {"precision": 0.813953488372093, "recall": 0.7142857142857143, "f1-score": 0.7608695652173914, "support": 49}, "9": {"precision": 0.7878787878787878, "recall": 0.7647058823529411, "f1-score": 0.7761194029850745, "support": 68}, "10": {"precision": 0.76, "recall": 0.8260869565217391, "f1-score": 0.7916666666666667, "support": 92}, "11": {"precision": 0.8, "recall": 0.7441860465116279, "f1-score": 0.7710843373493975, "support": 86}, "12": {"precision": 0.7549019607843137, "recall": 0.8191489361702128, "f1-score": 0.7857142857142858, "support": 94}, "13": {"precision": 0.8148148148148148, "recall": 0.822429906542056, "f1-score": 0.8186046511627906, "support": 107}, "14": {"precision": 0.8202247191011236, "recall": 0.8390804597701149, "f1-score": 0.8295454545454546, "support": 87}, "15": {"precision": 0.8043478260869565, "recall": 0.8314606741573034, "f1-score": 0.8176795580110497, "support": 89}, "16": {"precision": 0.8048780487804879, "recall": 0.7586206896551724, "f1-score": 0.7810650887573964, "support": 87}, "17": {"precision": 0.7654320987654321, "recall": 0.8157894736842105, "f1-score": 0.7898089171974522, "support": 76}, "18": {"precision": 0.8309859154929577, "recall": 0.8082191780821918, "f1-score": 0.8194444444444445, "support": 73}, "19": {"precision": 0.875, "recall": 0.8166666666666667, "f1-score": 0.8448275862068966, "support": 60}, "20": {"precision": 0.8269230769230769, "recall": 0.8431372549019608, "f1-score": 0.8349514563106797, "support": 51}, "21": {"precision": 0.8076923076923077, "recall": 0.7, "f1-score": 0.75, "support": 30}, "22": {"precision": 0.6666666666666666, "recall": 0.782608695652174, "f1-score": 0.72, "support": 23}, "23": {"precision": 0.45454545454545453, "recall": 0.38461538461538464, "f1-score": 0.41666666666666663, "support": 13}, "24": {"precision": 0.7, "recall": 0.5833333333333334, "f1-score": 0.6363636363636365, "support": 12}, "25": {"precision": 0.6363636363636364, "recall": 0.875, "f1-score": 0.7368421052631579, "support": 8}, "26": {"precision": 0.5, "recall": 0.3333333333333333, "f1-score": 0.4, "support": 3}, "27": {"precision": 0.0, "recall": 0.0, "f1-score": 0.0, "support": 1}, "accuracy": 0.78125, "macro avg": {"precision": 0.6701239229914545, "recall": 0.6531966469045635, "f1-score": 0.6554100799797258, "support": 1280}, "weighted avg": {"precision": 0.7836224665697734, "recall": 0.78125, "f1-score": 0.7802543516845638, "support": 1280}}