{"1": {"precision": 0.0, "recall": 0.0, "f1-score": 0.0, "support": 1}, "2": {"precision": 0.25, "recall": 0.1, "f1-score": 0.14285714285714288, "support": 10}, "3": {"precision": 0.5, "recall": 0.2727272727272727, "f1-score": 0.3529411764705882, "support": 11}, "4": {"precision": 0.26666666666666666, "recall": 0.3333333333333333, "f1-score": 0.2962962962962963, "support": 12}, "5": {"precision": 0.4, "recall": 0.25, "f1-score": 0.3076923076923077, "support": 32}, "6": {"precision": 0.2857142857142857, "recall": 0.16666666666666666, "f1-score": 0.2105263157894737, "support": 36}, "7": {"precision": 0.36507936507936506, "recall": 0.4791666666666667, "f1-score": 0.41441441441441446, "support": 48}, "8": {"precision": 0.4, "recall": 0.43333333333333335, "f1-score": 0.416, "support": 60}, "9": {"precision": 0.5068493150684932, "recall": 0.5068493150684932, "f1-score": 0.5068493150684932, "support": 73}, "10": {"precision": 0.48, "recall": 0.4044943820224719, "f1-score": 0.43902439024390244, "support": 89}, "11": {"precision": 0.48214285714285715, "recall": 0.5869565217391305, "f1-score": 0.5294117647058824, "support": 92}, "12": {"precision": 0.5607476635514018, "recall": 0.5607476635514018, "f1-score": 0.5607476635514018, "support": 107}, "13": {"precision": 0.4842105263157895, "recall": 0.5054945054945055, "f1-score": 0.49462365591397855, "support": 91}, "14": {"precision": 0.5913978494623656, "recall": 0.632183908045977, "f1-score": 0.6111111111111112, "support": 87}, "15": {"precision": 0.6078431372549019, "recall": 0.6262626262626263, "f1-score": 0.6169154228855721, "support": 99}, "16": {"precision": 0.5054945054945055, "recall": 0.5897435897435898, "f1-score": 0.544378698224852, "support": 78}, "17": {"precision": 0.5, "recall": 0.5375, "f1-score": 0.5180722891566264, "support": 80}, "18": {"precision": 0.36538461538461536, "recall": 0.4810126582278481, "f1-score": 0.41530054644808745, "support": 79}, "19": {"precision": 0.3111111111111111, "recall": 0.25925925925925924, "f1-score": 0.2828282828282828, "support": 54}, "20": {"precision": 0.32, "recall": 0.1702127659574468, "f1-score": 0.22222222222222224, "support": 47}, "21": {"precision": 0.28125, "recall": 0.34615384615384615, "f1-score": 0.3103448275862069, "support": 26}, "22": {"precision": 0.30434782608695654, "recall": 0.28, "f1-score": 0.2916666666666667, "support": 25}, "23": {"precision": 0.2222222222222222, "recall": 0.125, "f1-score": 0.16, "support": 16}, "24": {"precision": 0.42857142857142855, "recall": 0.2, "f1-score": 0.27272727272727276, "support": 15}, "25": {"precision": 0.0, "recall": 0.0, "f1-score": 0.0, "support": 6}, "26": {"precision": 0.0, "recall": 0.0, "f1-score": 0.0, "support": 2}, "27": {"precision": 0.0, "recall": 0.0, "f1-score": 0.0, "support": 4}, "accuracy": 0.46171875, "macro avg": {"precision": 0.34885308796766534, "recall": 0.32767030793532853, "f1-score": 0.3302574734392882, "support": 1280}, "weighted avg": {"precision": 0.4536071771352512, "recall": 0.46171875, "f1-score": 0.4528276172596762, "support": 1280}}