{"0": {"precision": 0.0, "recall": 0.0, "f1-score": 0.0, "support": 0}, "1": {"precision": 0.0, "recall": 0.0, "f1-score": 0.0, "support": 7}, "2": {"precision": 0.16666666666666666, "recall": 0.4, "f1-score": 0.23529411764705882, "support": 5}, "3": {"precision": 0.1, "recall": 0.14285714285714285, "f1-score": 0.11764705882352941, "support": 7}, "4": {"precision": 0.42857142857142855, "recall": 0.13636363636363635, "f1-score": 0.20689655172413793, "support": 22}, "5": {"precision": 0.4166666666666667, "recall": 0.17857142857142858, "f1-score": 0.25, "support": 28}, "6": {"precision": 0.42857142857142855, "recall": 0.35294117647058826, "f1-score": 0.3870967741935484, "support": 34}, "7": {"precision": 0.27941176470588236, "recall": 0.37254901960784315, "f1-score": 0.319327731092437, "support": 51}, "8": {"precision": 0.23809523809523808, "recall": 0.2, "f1-score": 0.21739130434782608, "support": 50}, "9": {"precision": 0.36231884057971014, "recall": 0.29069767441860467, "f1-score": 0.3225806451612903, "support": 86}, "10": {"precision": 0.23809523809523808, "recall": 0.2898550724637681, "f1-score": 0.26143790849673204, "support": 69}, "11": {"precision": 0.28169014084507044, "recall": 0.22988505747126436, "f1-score": 0.25316455696202533, "support": 87}, "12": {"precision": 0.3063063063063063, "recall": 0.43037974683544306, "f1-score": 0.3578947368421052, "support": 79}, "13": {"precision": 0.34285714285714286, "recall": 0.3711340206185567, "f1-score": 0.3564356435643564, "support": 97}, "14": {"precision": 0.4536082474226804, "recall": 0.43137254901960786, "f1-score": 0.44221105527638194, "support": 102}, "15": {"precision": 0.33116883116883117, "recall": 0.49514563106796117, "f1-score": 0.3968871595330739, "support": 103}, "16": {"precision": 0.475, "recall": 0.3486238532110092, "f1-score": 0.4021164021164021, "support": 109}, "17": {"precision": 0.3977272727272727, "recall": 0.39325842696629215, "f1-score": 0.3954802259887006, "support": 89}, "18": {"precision": 0.24691358024691357, "recall": 0.35714285714285715, "f1-score": 0.291970802919708, "support": 56}, "19": {"precision": 0.3, "recall": 0.42857142857142855, "f1-score": 0.3529411764705882, "support": 42}, "20": {"precision": 0.5277777777777778, "recall": 0.3877551020408163, "f1-score": 0.44705882352941173, "support": 49}, "21": {"precision": 0.2857142857142857, "recall": 0.30303030303030304, "f1-score": 0.2941176470588235, "support": 33}, "22": {"precision": 0.21428571428571427, "recall": 0.09375, "f1-score": 0.13043478260869562, "support": 32}, "23": {"precision": 0.125, "recall": 0.06666666666666667, "f1-score": 0.08695652173913045, "support": 15}, "24": {"precision": 1.0, "recall": 0.058823529411764705, "f1-score": 0.1111111111111111, "support": 17}, "25": {"precision": 0.0, "recall": 0.0, "f1-score": 0.0, "support": 6}, "26": {"precision": 0.0, "recall": 0.0, "f1-score": 0.0, "support": 3}, "27": {"precision": 0.0, "recall": 0.0, "f1-score": 0.0, "support": 2}, "accuracy": 0.33359375, "macro avg": {"precision": 0.2838016632608662, "recall": 0.24140622581453508, "f1-score": 0.2370161691859669, "support": 1280}, "weighted avg": {"precision": 0.3499260007366667, "recall": 0.33359375, "f1-score": 0.32788191021805657, "support": 1280}}