{"0": {"precision": 0.0, "recall": 0.0, "f1-score": 0.0, "support": 2}, "1": {"precision": 0.0, "recall": 0.0, "f1-score": 0.0, "support": 2}, "2": {"precision": 0.375, "recall": 0.2727272727272727, "f1-score": 0.3157894736842105, "support": 11}, "3": {"precision": 0.2857142857142857, "recall": 0.23529411764705882, "f1-score": 0.2580645161290323, "support": 17}, "4": {"precision": 0.16666666666666666, "recall": 0.10526315789473684, "f1-score": 0.12903225806451615, "support": 19}, "5": {"precision": 0.14285714285714285, "recall": 0.16666666666666666, "f1-score": 0.15384615384615383, "support": 18}, "6": {"precision": 0.2, "recall": 0.08108108108108109, "f1-score": 0.11538461538461539, "support": 37}, "7": {"precision": 0.2711864406779661, "recall": 0.3076923076923077, "f1-score": 0.2882882882882883, "support": 52}, "8": {"precision": 0.3958333333333333, "recall": 0.2878787878787879, "f1-score": 0.33333333333333337, "support": 66}, "9": {"precision": 0.3176470588235294, "recall": 0.375, "f1-score": 0.34394904458598724, "support": 72}, "10": {"precision": 0.4270833333333333, "recall": 0.4606741573033708, "f1-score": 0.44324324324324327, "support": 89}, "11": {"precision": 0.4392523364485981, "recall": 0.5595238095238095, "f1-score": 0.49214659685863876, "support": 84}, "12": {"precision": 0.45689655172413796, "recall": 0.5047619047619047, "f1-score": 0.47963800904977383, "support": 105}, "13": {"precision": 0.4375, "recall": 0.39622641509433965, "f1-score": 0.4158415841584158, "support": 106}, "14": {"precision": 0.3958333333333333, "recall": 0.4935064935064935, "f1-score": 0.43930635838150284, "support": 77}, "15": {"precision": 0.35135135135135137, "recall": 0.46987951807228917, "f1-score": 0.4020618556701031, "support": 83}, "16": {"precision": 0.4, "recall": 0.358974358974359, "f1-score": 0.37837837837837845, "support": 78}, "17": {"precision": 0.4787234042553192, "recall": 0.4411764705882353, "f1-score": 0.4591836734693877, "support": 102}, "18": {"precision": 0.3246753246753247, "recall": 0.4166666666666667, "f1-score": 0.364963503649635, "support": 60}, "19": {"precision": 0.3448275862068966, "recall": 0.3448275862068966, "f1-score": 0.3448275862068966, "support": 58}, "20": {"precision": 0.4482758620689655, "recall": 0.30952380952380953, "f1-score": 0.3661971830985915, "support": 42}, "21": {"precision": 0.21052631578947367, "recall": 0.10526315789473684, "f1-score": 0.14035087719298245, "support": 38}, "22": {"precision": 0.3333333333333333, "recall": 0.3181818181818182, "f1-score": 0.3255813953488372, "support": 22}, "23": {"precision": 0.18181818181818182, "recall": 0.13333333333333333, "f1-score": 0.15384615384615383, "support": 15}, "24": {"precision": 0.5, "recall": 0.3076923076923077, "f1-score": 0.380952380952381, "support": 13}, "25": {"precision": 0.4, "recall": 0.25, "f1-score": 0.3076923076923077, "support": 8}, "26": {"precision": 0.5, "recall": 0.3333333333333333, "f1-score": 0.4, "support": 3}, "27": {"precision": 0.0, "recall": 0.0, "f1-score": 0.0, "support": 1}, "accuracy": 0.38125, "macro avg": {"precision": 0.31375006580039905, "recall": 0.28696959043734344, "f1-score": 0.29399638466119166, "support": 1280}, "weighted avg": {"precision": 0.3763391405594244, "recall": 0.38125, "f1-score": 0.373890733412895, "support": 1280}}