{"0": {"precision": 0.0, "recall": 0.0, "f1-score": 0.0, "support": 3}, "1": {"precision": 0.0, "recall": 0.0, "f1-score": 0.0, "support": 1}, "2": {"precision": 0.0, "recall": 0.0, "f1-score": 0.0, "support": 3}, "3": {"precision": 0.043478260869565216, "recall": 0.18181818181818182, "f1-score": 0.07017543859649122, "support": 11}, "4": {"precision": 0.0, "recall": 0.0, "f1-score": 0.0, "support": 19}, "5": {"precision": 0.25, "recall": 0.13157894736842105, "f1-score": 0.1724137931034483, "support": 38}, "6": {"precision": 0.041666666666666664, "recall": 0.025, "f1-score": 0.03125, "support": 40}, "7": {"precision": 0.10714285714285714, "recall": 0.16666666666666666, "f1-score": 0.13043478260869565, "support": 36}, "8": {"precision": 0.08163265306122448, "recall": 0.06666666666666667, "f1-score": 0.07339449541284404, "support": 60}, "9": {"precision": 0.08928571428571429, "recall": 0.078125, "f1-score": 0.08333333333333333, "support": 64}, "10": {"precision": 0.12121212121212122, "recall": 0.10256410256410256, "f1-score": 0.1111111111111111, "support": 78}, "11": {"precision": 0.19444444444444445, "recall": 0.07368421052631578, "f1-score": 0.10687022900763359, "support": 95}, "12": {"precision": 0.09195402298850575, "recall": 0.09523809523809523, "f1-score": 0.09356725146198829, "support": 84}, "13": {"precision": 0.12222222222222222, "recall": 0.11827956989247312, "f1-score": 0.12021857923497267, "support": 93}, "14": {"precision": 0.11965811965811966, "recall": 0.13333333333333333, "f1-score": 0.12612612612612614, "support": 105}, "15": {"precision": 0.125, "recall": 0.14285714285714285, "f1-score": 0.13333333333333333, "support": 84}, "16": {"precision": 0.0673076923076923, "recall": 0.07777777777777778, "f1-score": 0.07216494845360825, "support": 90}, "17": {"precision": 0.10077519379844961, "recall": 0.17567567567567569, "f1-score": 0.12807881773399016, "support": 74}, "18": {"precision": 0.12857142857142856, "recall": 0.1323529411764706, "f1-score": 0.13043478260869565, "support": 68}, "19": {"precision": 0.06451612903225806, "recall": 0.06557377049180328, "f1-score": 0.06504065040650406, "support": 61}, "20": {"precision": 0.06896551724137931, "recall": 0.0425531914893617, "f1-score": 0.05263157894736841, "support": 47}, "21": {"precision": 0.14285714285714285, "recall": 0.09523809523809523, "f1-score": 0.11428571428571427, "support": 42}, "22": {"precision": 0.1724137931034483, "recall": 0.15151515151515152, "f1-score": 0.16129032258064518, "support": 33}, "23": {"precision": 0.13793103448275862, "recall": 0.18181818181818182, "f1-score": 0.1568627450980392, "support": 22}, "24": {"precision": 0.06666666666666667, "recall": 0.0625, "f1-score": 0.06451612903225808, "support": 16}, "25": {"precision": 0.0, "recall": 0.0, "f1-score": 0.0, "support": 9}, "26": {"precision": 0.0, "recall": 0.0, "f1-score": 0.0, "support": 3}, "27": {"precision": 0.0, "recall": 0.0, "f1-score": 0.0, "support": 1}, "accuracy": 0.103125, "macro avg": {"precision": 0.08348934573616662, "recall": 0.08217202507549702, "f1-score": 0.07848336294560003, "support": 1280}, "weighted avg": {"precision": 0.1104856028910576, "recall": 0.103125, "f1-score": 0.10249851088241617, "support": 1280}}