{"0": {"precision": 0.0, "recall": 0.0, "f1-score": 0.0, "support": 2}, "1": {"precision": 0.0, "recall": 0.0, "f1-score": 0.0, "support": 3}, "2": {"precision": 0.5, "recall": 0.75, "f1-score": 0.6, "support": 12}, "3": {"precision": 0.625, "recall": 0.45454545454545453, "f1-score": 0.5263157894736842, "support": 11}, "4": {"precision": 0.8181818181818182, "recall": 0.6428571428571429, "f1-score": 0.7200000000000001, "support": 14}, "5": {"precision": 0.35135135135135137, "recall": 0.5416666666666666, "f1-score": 0.4262295081967213, "support": 24}, "6": {"precision": 0.8292682926829268, "recall": 0.6666666666666666, "f1-score": 0.7391304347826086, "support": 51}, "7": {"precision": 0.7777777777777778, "recall": 0.6666666666666666, "f1-score": 0.717948717948718, "support": 42}, "8": {"precision": 0.75, "recall": 0.8, "f1-score": 0.7741935483870969, "support": 60}, "9": {"precision": 0.5087719298245614, "recall": 0.7733333333333333, "f1-score": 0.6137566137566138, "support": 75}, "10": {"precision": 0.7323943661971831, "recall": 0.6265060240963856, "f1-score": 0.6753246753246752, "support": 83}, "11": {"precision": 0.7477477477477478, "recall": 0.7545454545454545, "f1-score": 0.751131221719457, "support": 110}, "12": {"precision": 0.8433734939759037, "recall": 0.7368421052631579, "f1-score": 0.7865168539325843, "support": 95}, "13": {"precision": 0.7710843373493976, "recall": 0.735632183908046, "f1-score": 0.7529411764705882, "support": 87}, "14": {"precision": 0.7833333333333333, "recall": 0.5949367088607594, "f1-score": 0.6762589928057553, "support": 79}, "15": {"precision": 0.7032967032967034, "recall": 0.810126582278481, "f1-score": 0.7529411764705883, "support": 79}, "16": {"precision": 0.75, "recall": 0.6333333333333333, "f1-score": 0.6867469879518072, "support": 90}, "17": {"precision": 0.7704918032786885, "recall": 0.6351351351351351, "f1-score": 0.6962962962962963, "support": 74}, "18": {"precision": 0.4188034188034188, "recall": 0.7777777777777778, "f1-score": 0.5444444444444445, "support": 63}, "19": {"precision": 0.8222222222222222, "recall": 0.7551020408163265, "f1-score": 0.7872340425531914, "support": 49}, "20": {"precision": 0.7254901960784313, "recall": 0.74, "f1-score": 0.7326732673267328, "support": 50}, "21": {"precision": 0.6842105263157895, "recall": 0.6341463414634146, "f1-score": 0.6582278481012659, "support": 41}, "22": {"precision": 0.8461538461538461, "recall": 0.5789473684210527, "f1-score": 0.6875, "support": 38}, "23": {"precision": 0.7368421052631579, "recall": 0.6086956521739131, "f1-score": 0.6666666666666666, "support": 23}, "24": {"precision": 0.5833333333333334, "recall": 0.5384615384615384, "f1-score": 0.5599999999999999, "support": 13}, "25": {"precision": 0.6, "recall": 0.375, "f1-score": 0.4615384615384615, "support": 8}, "26": {"precision": 1.0, "recall": 0.3333333333333333, "f1-score": 0.5, "support": 3}, "27": {"precision": 0.0, "recall": 0.0, "f1-score": 0.0, "support": 1}, "accuracy": 0.690625, "macro avg": {"precision": 0.6313974501131284, "recall": 0.5772949110930015, "f1-score": 0.589072025862427, "support": 1280}, "weighted avg": {"precision": 0.7176331140953468, "recall": 0.690625, "f1-score": 0.6946869433788622, "support": 1280}}