{"0": {"precision": 0.0, "recall": 0.0, "f1-score": 0.0, "support": 1}, "1": {"precision": 0.0, "recall": 0.0, "f1-score": 0.0, "support": 7}, "2": {"precision": 0.1, "recall": 0.14285714285714285, "f1-score": 0.11764705882352941, "support": 7}, "3": {"precision": 0.09523809523809523, "recall": 0.25, "f1-score": 0.13793103448275862, "support": 16}, "4": {"precision": 0.0, "recall": 0.0, "f1-score": 0.0, "support": 20}, "5": {"precision": 0.23333333333333334, "recall": 0.25925925925925924, "f1-score": 0.2456140350877193, "support": 27}, "6": {"precision": 0.10526315789473684, "recall": 0.05128205128205128, "f1-score": 0.06896551724137932, "support": 39}, "7": {"precision": 0.05084745762711865, "recall": 0.06818181818181818, "f1-score": 0.05825242718446602, "support": 44}, "8": {"precision": 0.15384615384615385, "recall": 0.11428571428571428, "f1-score": 0.13114754098360656, "support": 70}, "9": {"precision": 0.075, "recall": 0.04838709677419355, "f1-score": 0.058823529411764705, "support": 62}, "10": {"precision": 0.12222222222222222, "recall": 0.1375, "f1-score": 0.12941176470588234, "support": 80}, "11": {"precision": 0.08333333333333333, "recall": 0.047058823529411764, "f1-score": 0.060150375939849635, "support": 85}, "12": {"precision": 0.1037037037037037, "recall": 0.16091954022988506, "f1-score": 0.12612612612612611, "support": 87}, "13": {"precision": 0.23255813953488372, "recall": 0.0970873786407767, "f1-score": 0.13698630136986303, "support": 103}, "14": {"precision": 0.06, "recall": 0.030612244897959183, "f1-score": 0.040540540540540536, "support": 98}, "15": {"precision": 0.10108303249097472, "recall": 0.3076923076923077, "f1-score": 0.15217391304347824, "support": 91}, "16": {"precision": 0.225, "recall": 0.09375, "f1-score": 0.13235294117647062, "support": 96}, "17": {"precision": 0.10077519379844961, "recall": 0.17567567567567569, "f1-score": 0.12807881773399016, "support": 74}, "18": {"precision": 0.16216216216216217, "recall": 0.0967741935483871, "f1-score": 0.12121212121212119, "support": 62}, "19": {"precision": 0.044444444444444446, "recall": 0.03225806451612903, "f1-score": 0.037383177570093455, "support": 62}, "20": {"precision": 0.038461538461538464, "recall": 0.021739130434782608, "f1-score": 0.027777777777777776, "support": 46}, "21": {"precision": 0.0, "recall": 0.0, "f1-score": 0.0, "support": 34}, "22": {"precision": 0.1111111111111111, "recall": 0.08, "f1-score": 0.09302325581395349, "support": 25}, "23": {"precision": 0.4444444444444444, "recall": 0.21052631578947367, "f1-score": 0.2857142857142857, "support": 19}, "24": {"precision": 0.05555555555555555, "recall": 0.07142857142857142, "f1-score": 0.0625, "support": 14}, "25": {"precision": 0.08333333333333333, "recall": 0.16666666666666666, "f1-score": 0.1111111111111111, "support": 6}, "26": {"precision": 0.0, "recall": 0.0, "f1-score": 0.0, "support": 3}, "27": {"precision": 0.0, "recall": 0.0, "f1-score": 0.0, "support": 2}, "accuracy": 0.10703125, "macro avg": {"precision": 0.0993470147334141, "recall": 0.09514078556036451, "f1-score": 0.08796155903752742, "support": 1280}, "weighted avg": {"precision": 0.11823216716293668, "recall": 0.10703125, "f1-score": 0.10054801440253443, "support": 1280}}