{"0": {"precision": 0.0, "recall": 0.0, "f1-score": 0.0, "support": 1}, "1": {"precision": 0.5, "recall": 0.25, "f1-score": 0.3333333333333333, "support": 4}, "2": {"precision": 0.6666666666666666, "recall": 0.5, "f1-score": 0.5714285714285715, "support": 8}, "3": {"precision": 0.3333333333333333, "recall": 0.3333333333333333, "f1-score": 0.3333333333333333, "support": 12}, "4": {"precision": 0.48148148148148145, "recall": 0.5, "f1-score": 0.49056603773584906, "support": 26}, "5": {"precision": 0.35294117647058826, "recall": 0.2222222222222222, "f1-score": 0.27272727272727276, "support": 27}, "6": {"precision": 0.3488372093023256, "recall": 0.4838709677419355, "f1-score": 0.4054054054054055, "support": 31}, "7": {"precision": 0.673469387755102, "recall": 0.6226415094339622, "f1-score": 0.6470588235294118, "support": 53}, "8": {"precision": 0.6415094339622641, "recall": 0.6296296296296297, "f1-score": 0.6355140186915889, "support": 54}, "9": {"precision": 0.5063291139240507, "recall": 0.625, "f1-score": 0.5594405594405595, "support": 64}, "10": {"precision": 0.6142857142857143, "recall": 0.5584415584415584, "f1-score": 0.5850340136054422, "support": 77}, "11": {"precision": 0.7101449275362319, "recall": 0.5903614457831325, "f1-score": 0.6447368421052632, "support": 83}, "12": {"precision": 0.6923076923076923, "recall": 0.6923076923076923, "f1-score": 0.6923076923076923, "support": 91}, "13": {"precision": 0.6020408163265306, "recall": 0.686046511627907, "f1-score": 0.641304347826087, "support": 86}, "14": {"precision": 0.6590909090909091, "recall": 0.6105263157894737, "f1-score": 0.633879781420765, "support": 95}, "15": {"precision": 0.6574074074074074, "recall": 0.7395833333333334, "f1-score": 0.696078431372549, "support": 96}, "16": {"precision": 0.6391752577319587, "recall": 0.6813186813186813, "f1-score": 0.6595744680851064, "support": 91}, "17": {"precision": 0.5543478260869565, "recall": 0.5730337078651685, "f1-score": 0.56353591160221, "support": 89}, "18": {"precision": 0.6111111111111112, "recall": 0.5432098765432098, "f1-score": 0.5751633986928105, "support": 81}, "19": {"precision": 0.4, "recall": 0.5283018867924528, "f1-score": 0.4552845528455285, "support": 53}, "20": {"precision": 0.5957446808510638, "recall": 0.5185185185185185, "f1-score": 0.5544554455445543, "support": 54}, "21": {"precision": 0.3939393939393939, "recall": 0.4482758620689655, "f1-score": 0.41935483870967744, "support": 29}, "22": {"precision": 0.5142857142857142, "recall": 0.5, "f1-score": 0.5070422535211268, "support": 36}, "23": {"precision": 0.36363636363636365, "recall": 0.21052631578947367, "f1-score": 0.26666666666666666, "support": 19}, "24": {"precision": 0.5, "recall": 0.3, "f1-score": 0.37499999999999994, "support": 10}, "25": {"precision": 0.25, "recall": 0.14285714285714285, "f1-score": 0.18181818181818182, "support": 7}, "26": {"precision": 1.0, "recall": 0.3333333333333333, "f1-score": 0.5, "support": 3}, "accuracy": 0.5828125, "macro avg": {"precision": 0.5282253932404762, "recall": 0.47493851276781957, "f1-score": 0.4888905252499625, "support": 1280}, "weighted avg": {"precision": 0.5864435084643063, "recall": 0.5828125, "f1-score": 0.5809382043369127, "support": 1280}}