{"0": {"precision": 0.0, "recall": 0.0, "f1-score": 0.0, "support": 1}, "1": {"precision": 0.5, "recall": 0.3333333333333333, "f1-score": 0.4, "support": 3}, "2": {"precision": 0.42857142857142855, "recall": 0.3, "f1-score": 0.3529411764705882, "support": 10}, "3": {"precision": 0.4166666666666667, "recall": 0.625, "f1-score": 0.5, "support": 8}, "4": {"precision": 0.625, "recall": 0.6666666666666666, "f1-score": 0.6451612903225806, "support": 15}, "5": {"precision": 0.7916666666666666, "recall": 0.6333333333333333, "f1-score": 0.7037037037037038, "support": 30}, "6": {"precision": 0.7209302325581395, "recall": 0.8157894736842105, "f1-score": 0.765432098765432, "support": 38}, "7": {"precision": 0.8448275862068966, "recall": 0.8909090909090909, "f1-score": 0.8672566371681416, "support": 55}, "8": {"precision": 0.8222222222222222, "recall": 0.6981132075471698, "f1-score": 0.7551020408163266, "support": 53}, "9": {"precision": 0.7375, "recall": 0.8082191780821918, "f1-score": 0.7712418300653595, "support": 73}, "10": {"precision": 0.7948717948717948, "recall": 0.7469879518072289, "f1-score": 0.7701863354037267, "support": 83}, "11": {"precision": 0.7528089887640449, "recall": 0.8170731707317073, "f1-score": 0.783625730994152, "support": 82}, "12": {"precision": 0.7938144329896907, "recall": 0.7938144329896907, "f1-score": 0.7938144329896907, "support": 97}, "13": {"precision": 0.8210526315789474, "recall": 0.78, "f1-score": 0.8, "support": 100}, "14": {"precision": 0.82, "recall": 0.8913043478260869, "f1-score": 0.8541666666666666, "support": 92}, "15": {"precision": 0.872093023255814, "recall": 0.7653061224489796, "f1-score": 0.8152173913043479, "support": 98}, "16": {"precision": 0.8089887640449438, "recall": 0.8181818181818182, "f1-score": 0.8135593220338984, "support": 88}, "17": {"precision": 0.7088607594936709, "recall": 0.8235294117647058, "f1-score": 0.761904761904762, "support": 68}, "18": {"precision": 0.7142857142857143, "recall": 0.6451612903225806, "f1-score": 0.6779661016949152, "support": 62}, "19": {"precision": 0.7833333333333333, "recall": 0.7704918032786885, "f1-score": 0.7768595041322314, "support": 61}, "20": {"precision": 0.7, "recall": 0.7368421052631579, "f1-score": 0.717948717948718, "support": 38}, "21": {"precision": 0.8125, "recall": 0.78, "f1-score": 0.7959183673469388, "support": 50}, "22": {"precision": 0.6944444444444444, "recall": 0.8620689655172413, "f1-score": 0.7692307692307692, "support": 29}, "23": {"precision": 0.85, "recall": 0.6538461538461539, "f1-score": 0.7391304347826088, "support": 26}, "24": {"precision": 0.3, "recall": 0.5, "f1-score": 0.37499999999999994, "support": 6}, "25": {"precision": 0.5, "recall": 0.5, "f1-score": 0.5, "support": 8}, "26": {"precision": 0.0, "recall": 0.0, "f1-score": 0.0, "support": 4}, "27": {"precision": 1.0, "recall": 0.5, "f1-score": 0.6666666666666666, "support": 2}, "accuracy": 0.77109375, "macro avg": {"precision": 0.6648013817840865, "recall": 0.6484275663405012, "f1-score": 0.6490012135861509, "support": 1280}, "weighted avg": {"precision": 0.7734076143397267, "recall": 0.77109375, "f1-score": 0.7697604773809728, "support": 1280}}