{"0": {"precision": 0.0, "recall": 0.0, "f1-score": 0.0, "support": 1}, "1": {"precision": 0.0, "recall": 0.0, "f1-score": 0.0, "support": 2}, "2": {"precision": 0.5, "recall": 0.3333333333333333, "f1-score": 0.4, "support": 6}, "3": {"precision": 0.4444444444444444, "recall": 0.36363636363636365, "f1-score": 0.39999999999999997, "support": 11}, "4": {"precision": 0.4166666666666667, "recall": 0.45454545454545453, "f1-score": 0.43478260869565216, "support": 11}, "5": {"precision": 0.391304347826087, "recall": 0.2903225806451613, "f1-score": 0.33333333333333337, "support": 31}, "6": {"precision": 0.5588235294117647, "recall": 0.5, "f1-score": 0.5277777777777778, "support": 38}, "7": {"precision": 0.4444444444444444, "recall": 0.5, "f1-score": 0.47058823529411764, "support": 48}, "8": {"precision": 0.5901639344262295, "recall": 0.5806451612903226, "f1-score": 0.5853658536585366, "support": 62}, "9": {"precision": 0.6395348837209303, "recall": 0.7333333333333333, "f1-score": 0.6832298136645963, "support": 75}, "10": {"precision": 0.6712328767123288, "recall": 0.5975609756097561, "f1-score": 0.632258064516129, "support": 82}, "11": {"precision": 0.6179775280898876, "recall": 0.6111111111111112, "f1-score": 0.6145251396648045, "support": 90}, "12": {"precision": 0.6285714285714286, "recall": 0.7333333333333333, "f1-score": 0.6769230769230768, "support": 90}, "13": {"precision": 0.7227722772277227, "recall": 0.6759259259259259, "f1-score": 0.6985645933014355, "support": 108}, "14": {"precision": 0.6666666666666666, "recall": 0.6728971962616822, "f1-score": 0.6697674418604651, "support": 107}, "15": {"precision": 0.6545454545454545, "recall": 0.7128712871287128, "f1-score": 0.6824644549763034, "support": 101}, "16": {"precision": 0.6931818181818182, "recall": 0.6421052631578947, "f1-score": 0.6666666666666667, "support": 95}, "17": {"precision": 0.6625, "recall": 0.6625, "f1-score": 0.6625, "support": 80}, "18": {"precision": 0.6923076923076923, "recall": 0.7258064516129032, "f1-score": 0.7086614173228347, "support": 62}, "19": {"precision": 0.5636363636363636, "recall": 0.7045454545454546, "f1-score": 0.6262626262626263, "support": 44}, "20": {"precision": 0.5806451612903226, "recall": 0.47368421052631576, "f1-score": 0.5217391304347826, "support": 38}, "21": {"precision": 0.5, "recall": 0.4827586206896552, "f1-score": 0.49122807017543857, "support": 29}, "22": {"precision": 0.5588235294117647, "recall": 0.5588235294117647, "f1-score": 0.5588235294117647, "support": 34}, "23": {"precision": 0.5, "recall": 0.5, "f1-score": 0.5, "support": 16}, "24": {"precision": 0.36363636363636365, "recall": 0.4444444444444444, "f1-score": 0.39999999999999997, "support": 9}, "25": {"precision": 0.3333333333333333, "recall": 0.125, "f1-score": 0.18181818181818182, "support": 8}, "26": {"precision": 0.0, "recall": 0.0, "f1-score": 0.0, "support": 2}, "accuracy": 0.62109375, "macro avg": {"precision": 0.4961189905389524, "recall": 0.48441422335344164, "f1-score": 0.4861955561392046, "support": 1280}, "weighted avg": {"precision": 0.6176079348133053, "recall": 0.62109375, "f1-score": 0.6173135141647309, "support": 1280}}