{"0": {"precision": 0.0, "recall": 0.0, "f1-score": 0.0, "support": 1}, "1": {"precision": 0.0, "recall": 0.0, "f1-score": 0.0, "support": 3}, "2": {"precision": 0.14285714285714285, "recall": 0.14285714285714285, "f1-score": 0.14285714285714285, "support": 7}, "3": {"precision": 0.5294117647058824, "recall": 0.75, "f1-score": 0.6206896551724139, "support": 12}, "4": {"precision": 0.625, "recall": 0.4166666666666667, "f1-score": 0.5, "support": 12}, "5": {"precision": 0.6666666666666666, "recall": 0.41025641025641024, "f1-score": 0.5079365079365079, "support": 39}, "6": {"precision": 0.48717948717948717, "recall": 0.5757575757575758, "f1-score": 0.5277777777777778, "support": 33}, "7": {"precision": 0.6909090909090909, "recall": 0.8260869565217391, "f1-score": 0.7524752475247525, "support": 46}, "8": {"precision": 0.75, "recall": 0.6842105263157895, "f1-score": 0.7155963302752295, "support": 57}, "9": {"precision": 0.68, "recall": 0.7083333333333334, "f1-score": 0.6938775510204083, "support": 72}, "10": {"precision": 0.6707317073170732, "recall": 0.7746478873239436, "f1-score": 0.7189542483660131, "support": 71}, "11": {"precision": 0.8717948717948718, "recall": 0.7083333333333334, "f1-score": 0.7816091954022988, "support": 96}, "12": {"precision": 0.7, "recall": 0.7875, "f1-score": 0.7411764705882352, "support": 80}, "13": {"precision": 0.7272727272727273, "recall": 0.7710843373493976, "f1-score": 0.7485380116959065, "support": 83}, "14": {"precision": 0.7865168539325843, "recall": 0.7446808510638298, "f1-score": 0.7650273224043715, "support": 94}, "15": {"precision": 0.7444444444444445, "recall": 0.7701149425287356, "f1-score": 0.7570621468926554, "support": 87}, "16": {"precision": 0.7676767676767676, "recall": 0.76, "f1-score": 0.763819095477387, "support": 100}, "17": {"precision": 0.7191011235955056, "recall": 0.7111111111111111, "f1-score": 0.7150837988826815, "support": 90}, "18": {"precision": 0.6951219512195121, "recall": 0.8028169014084507, "f1-score": 0.7450980392156863, "support": 71}, "19": {"precision": 0.75, "recall": 0.6923076923076923, "f1-score": 0.7199999999999999, "support": 65}, "20": {"precision": 0.6458333333333334, "recall": 0.6739130434782609, "f1-score": 0.6595744680851064, "support": 46}, "21": {"precision": 0.6842105263157895, "recall": 0.6842105263157895, "f1-score": 0.6842105263157895, "support": 38}, "22": {"precision": 0.6, "recall": 0.5217391304347826, "f1-score": 0.5581395348837209, "support": 23}, "23": {"precision": 0.5833333333333334, "recall": 0.5384615384615384, "f1-score": 0.5599999999999999, "support": 26}, "24": {"precision": 0.4444444444444444, "recall": 0.5, "f1-score": 0.47058823529411764, "support": 16}, "25": {"precision": 0.625, "recall": 0.5555555555555556, "f1-score": 0.5882352941176471, "support": 9}, "26": {"precision": 0.0, "recall": 0.0, "f1-score": 0.0, "support": 3}, "accuracy": 0.70546875, "macro avg": {"precision": 0.5773150458147651, "recall": 0.5744683504585585, "f1-score": 0.5717898740809574, "support": 1280}, "weighted avg": {"precision": 0.7060940438952863, "recall": 0.70546875, "f1-score": 0.7025930162477758, "support": 1280}}