{"0": {"precision": 0.0, "recall": 0.0, "f1-score": 0.0, "support": 1}, "1": {"precision": 0.0, "recall": 0.0, "f1-score": 0.0, "support": 3}, "2": {"precision": 0.6, "recall": 0.3333333333333333, "f1-score": 0.42857142857142855, "support": 9}, "3": {"precision": 0.2222222222222222, "recall": 0.2, "f1-score": 0.2105263157894737, "support": 10}, "4": {"precision": 0.3684210526315789, "recall": 0.4666666666666667, "f1-score": 0.4117647058823529, "support": 15}, "5": {"precision": 0.6111111111111112, "recall": 0.44, "f1-score": 0.5116279069767442, "support": 25}, "6": {"precision": 0.5757575757575758, "recall": 0.5428571428571428, "f1-score": 0.5588235294117646, "support": 35}, "7": {"precision": 0.3783783783783784, "recall": 0.3783783783783784, "f1-score": 0.37837837837837834, "support": 37}, "8": {"precision": 0.4107142857142857, "recall": 0.4423076923076923, "f1-score": 0.42592592592592593, "support": 52}, "9": {"precision": 0.5061728395061729, "recall": 0.5394736842105263, "f1-score": 0.5222929936305732, "support": 76}, "10": {"precision": 0.5542168674698795, "recall": 0.575, "f1-score": 0.5644171779141104, "support": 80}, "11": {"precision": 0.7012987012987013, "recall": 0.5242718446601942, "f1-score": 0.6, "support": 103}, "12": {"precision": 0.5272727272727272, "recall": 0.7073170731707317, "f1-score": 0.6041666666666666, "support": 82}, "13": {"precision": 0.5652173913043478, "recall": 0.5591397849462365, "f1-score": 0.5621621621621622, "support": 93}, "14": {"precision": 0.6404494382022472, "recall": 0.6129032258064516, "f1-score": 0.6263736263736265, "support": 93}, "15": {"precision": 0.6229508196721312, "recall": 0.7238095238095238, "f1-score": 0.669603524229075, "support": 105}, "16": {"precision": 0.6701030927835051, "recall": 0.6565656565656566, "f1-score": 0.663265306122449, "support": 99}, "17": {"precision": 0.6097560975609756, "recall": 0.625, "f1-score": 0.6172839506172839, "support": 80}, "18": {"precision": 0.5466666666666666, "recall": 0.5540540540540541, "f1-score": 0.5503355704697985, "support": 74}, "19": {"precision": 0.49333333333333335, "recall": 0.6065573770491803, "f1-score": 0.5441176470588235, "support": 61}, "20": {"precision": 0.5384615384615384, "recall": 0.4883720930232558, "f1-score": 0.5121951219512196, "support": 43}, "21": {"precision": 0.45454545454545453, "recall": 0.4166666666666667, "f1-score": 0.43478260869565216, "support": 36}, "22": {"precision": 0.5789473684210527, "recall": 0.4074074074074074, "f1-score": 0.47826086956521735, "support": 27}, "23": {"precision": 0.2777777777777778, "recall": 0.29411764705882354, "f1-score": 0.28571428571428575, "support": 17}, "24": {"precision": 0.2, "recall": 0.08333333333333333, "f1-score": 0.11764705882352941, "support": 12}, "25": {"precision": 0.25, "recall": 0.125, "f1-score": 0.16666666666666666, "support": 8}, "26": {"precision": 0.0, "recall": 0.0, "f1-score": 0.0, "support": 3}, "27": {"precision": 0.0, "recall": 0.0, "f1-score": 0.0, "support": 1}, "accuracy": 0.5546875, "macro avg": {"precision": 0.4251348121461308, "recall": 0.4036618780466163, "f1-score": 0.4087465509856146, "support": 1280}, "weighted avg": {"precision": 0.5544430347048382, "recall": 0.5546875, "f1-score": 0.5506421025947466, "support": 1280}}