{"0": {"precision": 0.0, "recall": 0.0, "f1-score": 0.0, "support": 1}, "1": {"precision": 0.0, "recall": 0.0, "f1-score": 0.0, "support": 8}, "2": {"precision": 0.0, "recall": 0.0, "f1-score": 0.0, "support": 8}, "3": {"precision": 0.06521739130434782, "recall": 0.3333333333333333, "f1-score": 0.10909090909090909, "support": 9}, "4": {"precision": 0.08333333333333333, "recall": 0.05263157894736842, "f1-score": 0.06451612903225808, "support": 19}, "5": {"precision": 0.043478260869565216, "recall": 0.03333333333333333, "f1-score": 0.03773584905660378, "support": 30}, "6": {"precision": 0.2, "recall": 0.16666666666666666, "f1-score": 0.1818181818181818, "support": 30}, "7": {"precision": 0.1, "recall": 0.10810810810810811, "f1-score": 0.1038961038961039, "support": 37}, "8": {"precision": 0.14285714285714285, "recall": 0.18518518518518517, "f1-score": 0.16129032258064516, "support": 54}, "9": {"precision": 0.17777777777777778, "recall": 0.11428571428571428, "f1-score": 0.1391304347826087, "support": 70}, "10": {"precision": 0.08333333333333333, "recall": 0.07954545454545454, "f1-score": 0.0813953488372093, "support": 88}, "11": {"precision": 0.21818181818181817, "recall": 0.12903225806451613, "f1-score": 0.16216216216216217, "support": 93}, "12": {"precision": 0.11594202898550725, "recall": 0.09090909090909091, "f1-score": 0.10191082802547771, "support": 88}, "13": {"precision": 0.17525773195876287, "recall": 0.17, "f1-score": 0.17258883248730966, "support": 100}, "14": {"precision": 0.1, "recall": 0.1282051282051282, "f1-score": 0.11235955056179775, "support": 78}, "15": {"precision": 0.1111111111111111, "recall": 0.1262135922330097, "f1-score": 0.11818181818181818, "support": 103}, "16": {"precision": 0.1038961038961039, "recall": 0.09195402298850575, "f1-score": 0.0975609756097561, "support": 87}, "17": {"precision": 0.12878787878787878, "recall": 0.19101123595505617, "f1-score": 0.15384615384615383, "support": 89}, "18": {"precision": 0.13580246913580246, "recall": 0.15942028985507245, "f1-score": 0.14666666666666667, "support": 69}, "19": {"precision": 0.14285714285714285, "recall": 0.10144927536231885, "f1-score": 0.11864406779661017, "support": 69}, "20": {"precision": 0.043478260869565216, "recall": 0.01639344262295082, "f1-score": 0.023809523809523808, "support": 61}, "21": {"precision": 0.1, "recall": 0.1, "f1-score": 0.10000000000000002, "support": 30}, "22": {"precision": 0.1111111111111111, "recall": 0.14285714285714285, "f1-score": 0.125, "support": 21}, "23": {"precision": 0.15, "recall": 0.17647058823529413, "f1-score": 0.16216216216216214, "support": 17}, "24": {"precision": 0.0, "recall": 0.0, "f1-score": 0.0, "support": 15}, "25": {"precision": 0.5, "recall": 0.2, "f1-score": 0.28571428571428575, "support": 5}, "26": {"precision": 0.0, "recall": 0.0, "f1-score": 0.0, "support": 1}, "27": {"precision": 0.0, "recall": 0.0, "f1-score": 0.0, "support": 0}, "accuracy": 0.11953125, "macro avg": {"precision": 0.10830081772751086, "recall": 0.10346448006047322, "f1-score": 0.09855286807565156, "support": 1280}, "weighted avg": {"precision": 0.12554283529699192, "recall": 0.11953125, "f1-score": 0.11894074355802783, "support": 1280}}