{"0": {"precision": 0.0, "recall": 0.0, "f1-score": 0.0, "support": 1}, "1": {"precision": 0.4, "recall": 0.4, "f1-score": 0.4000000000000001, "support": 5}, "2": {"precision": 0.3333333333333333, "recall": 0.15384615384615385, "f1-score": 0.21052631578947367, "support": 13}, "3": {"precision": 0.21428571428571427, "recall": 0.375, "f1-score": 0.2727272727272727, "support": 8}, "4": {"precision": 0.375, "recall": 0.125, "f1-score": 0.1875, "support": 24}, "5": {"precision": 0.45, "recall": 0.28125, "f1-score": 0.34615384615384615, "support": 32}, "6": {"precision": 0.3333333333333333, "recall": 0.20588235294117646, "f1-score": 0.2545454545454545, "support": 34}, "7": {"precision": 0.26, "recall": 0.3023255813953488, "f1-score": 0.27956989247311825, "support": 43}, "8": {"precision": 0.29508196721311475, "recall": 0.32142857142857145, "f1-score": 0.3076923076923077, "support": 56}, "9": {"precision": 0.4, "recall": 0.37037037037037035, "f1-score": 0.3846153846153846, "support": 81}, "10": {"precision": 0.21367521367521367, "recall": 0.2976190476190476, "f1-score": 0.24875621890547267, "support": 84}, "11": {"precision": 0.38636363636363635, "recall": 0.3695652173913043, "f1-score": 0.37777777777777777, "support": 92}, "12": {"precision": 0.31, "recall": 0.34444444444444444, "f1-score": 0.3263157894736842, "support": 90}, "13": {"precision": 0.35526315789473684, "recall": 0.32926829268292684, "f1-score": 0.3417721518987342, "support": 82}, "14": {"precision": 0.3391304347826087, "recall": 0.38235294117647056, "f1-score": 0.35944700460829493, "support": 102}, "15": {"precision": 0.2558139534883721, "recall": 0.358695652173913, "f1-score": 0.2986425339366516, "support": 92}, "16": {"precision": 0.44285714285714284, "recall": 0.3229166666666667, "f1-score": 0.3734939759036144, "support": 96}, "17": {"precision": 0.31313131313131315, "recall": 0.4246575342465753, "f1-score": 0.36046511627906985, "support": 73}, "18": {"precision": 0.21176470588235294, "recall": 0.2727272727272727, "f1-score": 0.23841059602649003, "support": 66}, "19": {"precision": 0.28888888888888886, "recall": 0.23214285714285715, "f1-score": 0.25742574257425743, "support": 56}, "20": {"precision": 0.4666666666666667, "recall": 0.25, "f1-score": 0.32558139534883723, "support": 56}, "21": {"precision": 0.30303030303030304, "recall": 0.3225806451612903, "f1-score": 0.3125, "support": 31}, "22": {"precision": 0.21428571428571427, "recall": 0.13043478260869565, "f1-score": 0.16216216216216214, "support": 23}, "23": {"precision": 0.2222222222222222, "recall": 0.13333333333333333, "f1-score": 0.16666666666666669, "support": 15}, "24": {"precision": 0.5, "recall": 0.07142857142857142, "f1-score": 0.125, "support": 14}, "25": {"precision": 0.2, "recall": 0.2, "f1-score": 0.20000000000000004, "support": 5}, "26": {"precision": 0.0, "recall": 0.0, "f1-score": 0.0, "support": 5}, "27": {"precision": 1.0, "recall": 1.0, "f1-score": 1.0, "support": 1}, "accuracy": 0.31328125, "macro avg": {"precision": 0.32443313219052383, "recall": 0.28490251031374964, "f1-score": 0.2899195573413775, "support": 1280}, "weighted avg": {"precision": 0.3280107652212861, "recall": 0.31328125, "f1-score": 0.3116874035859069, "support": 1280}}