{"0": {"precision": 0.0, "recall": 0.0, "f1-score": 0.0, "support": 0}, "1": {"precision": 1.0, "recall": 0.4, "f1-score": 0.5714285714285715, "support": 5}, "2": {"precision": 0.5714285714285714, "recall": 0.6666666666666666, "f1-score": 0.6153846153846153, "support": 12}, "3": {"precision": 0.5882352941176471, "recall": 0.6666666666666666, "f1-score": 0.625, "support": 15}, "4": {"precision": 0.8235294117647058, "recall": 0.6086956521739131, "f1-score": 0.7, "support": 23}, "5": {"precision": 0.8333333333333334, "recall": 0.8333333333333334, "f1-score": 0.8333333333333334, "support": 42}, "6": {"precision": 0.7619047619047619, "recall": 0.8888888888888888, "f1-score": 0.8205128205128205, "support": 36}, "7": {"precision": 0.8372093023255814, "recall": 0.8, "f1-score": 0.8181818181818183, "support": 45}, "8": {"precision": 0.7924528301886793, "recall": 0.7636363636363637, "f1-score": 0.7777777777777778, "support": 55}, "9": {"precision": 0.8020833333333334, "recall": 0.8953488372093024, "f1-score": 0.8461538461538463, "support": 86}, "10": {"precision": 0.8918918918918919, "recall": 0.825, "f1-score": 0.8571428571428571, "support": 80}, "11": {"precision": 0.9259259259259259, "recall": 0.8928571428571429, "f1-score": 0.9090909090909091, "support": 84}, "12": {"precision": 0.9047619047619048, "recall": 0.9047619047619048, "f1-score": 0.9047619047619048, "support": 84}, "13": {"precision": 0.9019607843137255, "recall": 0.9387755102040817, "f1-score": 0.92, "support": 98}, "14": {"precision": 0.8831168831168831, "recall": 0.8717948717948718, "f1-score": 0.8774193548387098, "support": 78}, "15": {"precision": 0.8809523809523809, "recall": 0.8705882352941177, "f1-score": 0.8757396449704142, "support": 85}, "16": {"precision": 0.8611111111111112, "recall": 0.9253731343283582, "f1-score": 0.8920863309352519, "support": 67}, "17": {"precision": 0.935064935064935, "recall": 0.8674698795180723, "f1-score": 0.9, "support": 83}, "18": {"precision": 0.8529411764705882, "recall": 0.8787878787878788, "f1-score": 0.8656716417910447, "support": 66}, "19": {"precision": 0.8985507246376812, "recall": 0.8493150684931506, "f1-score": 0.8732394366197183, "support": 73}, "20": {"precision": 0.8333333333333334, "recall": 0.8823529411764706, "f1-score": 0.8571428571428571, "support": 51}, "21": {"precision": 0.8947368421052632, "recall": 0.918918918918919, "f1-score": 0.9066666666666667, "support": 37}, "22": {"precision": 0.8695652173913043, "recall": 0.7692307692307693, "f1-score": 0.8163265306122449, "support": 26}, "23": {"precision": 0.5714285714285714, "recall": 0.6666666666666666, "f1-score": 0.6153846153846153, "support": 18}, "24": {"precision": 0.625, "recall": 0.5555555555555556, "f1-score": 0.5882352941176471, "support": 18}, "25": {"precision": 0.5555555555555556, "recall": 0.5, "f1-score": 0.5263157894736842, "support": 10}, "26": {"precision": 0.5, "recall": 0.5, "f1-score": 0.5, "support": 2}, "27": {"precision": 0.5, "recall": 1.0, "f1-score": 0.6666666666666666, "support": 1}, "accuracy": 0.85078125, "macro avg": {"precision": 0.7605740741592025, "recall": 0.7550244602201106, "f1-score": 0.7485594029638565, "support": 1280}, "weighted avg": {"precision": 0.8543536325058501, "recall": 0.85078125, "f1-score": 0.8507992742920351, "support": 1280}}