{"0": {"precision": 0.0, "recall": 0.0, "f1-score": 0.0, "support": 1}, "1": {"precision": 0.0, "recall": 0.0, "f1-score": 0.0, "support": 3}, "2": {"precision": 0.3333333333333333, "recall": 0.16666666666666666, "f1-score": 0.2222222222222222, "support": 6}, "3": {"precision": 1.0, "recall": 0.5714285714285714, "f1-score": 0.7272727272727273, "support": 14}, "4": {"precision": 0.7, "recall": 0.7, "f1-score": 0.7, "support": 10}, "5": {"precision": 0.7142857142857143, "recall": 0.5172413793103449, "f1-score": 0.6000000000000001, "support": 29}, "6": {"precision": 0.625, "recall": 0.78125, "f1-score": 0.6944444444444444, "support": 32}, "7": {"precision": 0.725, "recall": 0.58, "f1-score": 0.6444444444444445, "support": 50}, "8": {"precision": 0.72, "recall": 0.5625, "f1-score": 0.631578947368421, "support": 64}, "9": {"precision": 0.7529411764705882, "recall": 0.7441860465116279, "f1-score": 0.7485380116959064, "support": 86}, "10": {"precision": 0.6323529411764706, "recall": 0.6056338028169014, "f1-score": 0.618705035971223, "support": 71}, "11": {"precision": 0.6, "recall": 0.6631578947368421, "f1-score": 0.63, "support": 95}, "12": {"precision": 0.546875, "recall": 0.6542056074766355, "f1-score": 0.5957446808510639, "support": 107}, "13": {"precision": 0.651685393258427, "recall": 0.6170212765957447, "f1-score": 0.6338797814207652, "support": 94}, "14": {"precision": 0.6973684210526315, "recall": 0.6022727272727273, "f1-score": 0.6463414634146342, "support": 88}, "15": {"precision": 0.5531914893617021, "recall": 0.5909090909090909, "f1-score": 0.5714285714285714, "support": 88}, "16": {"precision": 0.47863247863247865, "recall": 0.6746987951807228, "f1-score": 0.56, "support": 83}, "17": {"precision": 0.6176470588235294, "recall": 0.6116504854368932, "f1-score": 0.6146341463414634, "support": 103}, "18": {"precision": 0.4117647058823529, "recall": 0.5555555555555556, "f1-score": 0.47297297297297297, "support": 63}, "19": {"precision": 0.7755102040816326, "recall": 0.6785714285714286, "f1-score": 0.7238095238095238, "support": 56}, "20": {"precision": 0.76, "recall": 0.5428571428571428, "f1-score": 0.6333333333333332, "support": 35}, "21": {"precision": 0.6129032258064516, "recall": 0.6333333333333333, "f1-score": 0.6229508196721313, "support": 30}, "22": {"precision": 0.5, "recall": 0.44, "f1-score": 0.46808510638297873, "support": 25}, "23": {"precision": 0.8571428571428571, "recall": 0.5217391304347826, "f1-score": 0.6486486486486486, "support": 23}, "24": {"precision": 0.6666666666666666, "recall": 0.46153846153846156, "f1-score": 0.5454545454545455, "support": 13}, "25": {"precision": 0.4, "recall": 0.3333333333333333, "f1-score": 0.3636363636363636, "support": 6}, "26": {"precision": 1.0, "recall": 0.4, "f1-score": 0.5714285714285715, "support": 5}, "accuracy": 0.61484375, "macro avg": {"precision": 0.6049000246657346, "recall": 0.5262870640728448, "f1-score": 0.5514649763783317, "support": 1280}, "weighted avg": {"precision": 0.6316402731536437, "recall": 0.61484375, "f1-score": 0.6165235735865571, "support": 1280}}