{"0": {"precision": 1.0, "recall": 1.0, "f1-score": 1.0, "support": 1}, "1": {"precision": 0.0, "recall": 0.0, "f1-score": 0.0, "support": 3}, "2": {"precision": 0.16666666666666666, "recall": 0.25, "f1-score": 0.2, "support": 4}, "3": {"precision": 0.5714285714285714, "recall": 0.4, "f1-score": 0.47058823529411764, "support": 10}, "4": {"precision": 0.6818181818181818, "recall": 0.8823529411764706, "f1-score": 0.7692307692307693, "support": 17}, "5": {"precision": 0.8823529411764706, "recall": 0.625, "f1-score": 0.7317073170731708, "support": 24}, "6": {"precision": 0.6829268292682927, "recall": 0.875, "f1-score": 0.767123287671233, "support": 32}, "7": {"precision": 0.8490566037735849, "recall": 0.75, "f1-score": 0.7964601769911505, "support": 60}, "8": {"precision": 0.7555555555555555, "recall": 0.7555555555555555, "f1-score": 0.7555555555555555, "support": 45}, "9": {"precision": 0.835820895522388, "recall": 0.875, "f1-score": 0.8549618320610687, "support": 64}, "10": {"precision": 0.8846153846153846, "recall": 0.8518518518518519, "f1-score": 0.8679245283018868, "support": 81}, "11": {"precision": 0.8602150537634409, "recall": 0.8695652173913043, "f1-score": 0.8648648648648649, "support": 92}, "12": {"precision": 0.8651685393258427, "recall": 0.8461538461538461, "f1-score": 0.8555555555555556, "support": 91}, "13": {"precision": 0.8020833333333334, "recall": 0.8105263157894737, "f1-score": 0.806282722513089, "support": 95}, "14": {"precision": 0.8288288288288288, "recall": 0.8679245283018868, "f1-score": 0.847926267281106, "support": 106}, "15": {"precision": 0.8235294117647058, "recall": 0.8828828828828829, "f1-score": 0.8521739130434782, "support": 111}, "16": {"precision": 0.8709677419354839, "recall": 0.801980198019802, "f1-score": 0.8350515463917527, "support": 101}, "17": {"precision": 0.7432432432432432, "recall": 0.8333333333333334, "f1-score": 0.7857142857142858, "support": 66}, "18": {"precision": 0.8113207547169812, "recall": 0.6935483870967742, "f1-score": 0.7478260869565218, "support": 62}, "19": {"precision": 0.765625, "recall": 0.8166666666666667, "f1-score": 0.7903225806451613, "support": 60}, "20": {"precision": 0.7954545454545454, "recall": 0.7954545454545454, "f1-score": 0.7954545454545455, "support": 44}, "21": {"precision": 0.7333333333333333, "recall": 0.8461538461538461, "f1-score": 0.7857142857142856, "support": 39}, "22": {"precision": 0.5909090909090909, "recall": 0.48148148148148145, "f1-score": 0.5306122448979591, "support": 27}, "23": {"precision": 0.5, "recall": 0.5, "f1-score": 0.5, "support": 20}, "24": {"precision": 0.6153846153846154, "recall": 0.5, "f1-score": 0.5517241379310345, "support": 16}, "25": {"precision": 0.2, "recall": 0.25, "f1-score": 0.22222222222222224, "support": 4}, "26": {"precision": 0.0, "recall": 0.0, "f1-score": 0.0, "support": 4}, "27": {"precision": 1.0, "recall": 1.0, "f1-score": 1.0, "support": 1}, "accuracy": 0.79765625, "macro avg": {"precision": 0.6827251829220907, "recall": 0.6807296999039185, "f1-score": 0.6780356057630291, "support": 1280}, "weighted avg": {"precision": 0.7967885247080931, "recall": 0.79765625, "f1-score": 0.7950453402140869, "support": 1280}}