{"0": {"precision": 0.0, "recall": 0.0, "f1-score": 0.0, "support": 3}, "1": {"precision": 0.0, "recall": 0.0, "f1-score": 0.0, "support": 1}, "2": {"precision": 0.25, "recall": 1.0, "f1-score": 0.4, "support": 1}, "3": {"precision": 0.8888888888888888, "recall": 0.7272727272727273, "f1-score": 0.7999999999999999, "support": 11}, "4": {"precision": 0.8333333333333334, "recall": 0.8695652173913043, "f1-score": 0.851063829787234, "support": 23}, "5": {"precision": 0.88, "recall": 0.7333333333333333, "f1-score": 0.8, "support": 30}, "6": {"precision": 0.782608695652174, "recall": 0.9473684210526315, "f1-score": 0.8571428571428571, "support": 38}, "7": {"precision": 0.9318181818181818, "recall": 0.8723404255319149, "f1-score": 0.9010989010989012, "support": 47}, "8": {"precision": 0.9433962264150944, "recall": 0.9090909090909091, "f1-score": 0.9259259259259259, "support": 55}, "9": {"precision": 0.921875, "recall": 0.8676470588235294, "f1-score": 0.893939393939394, "support": 68}, "10": {"precision": 0.8602150537634409, "recall": 0.9195402298850575, "f1-score": 0.888888888888889, "support": 87}, "11": {"precision": 0.8705882352941177, "recall": 0.8705882352941177, "f1-score": 0.8705882352941176, "support": 85}, "12": {"precision": 0.9010989010989011, "recall": 0.8817204301075269, "f1-score": 0.8913043478260869, "support": 93}, "13": {"precision": 0.9117647058823529, "recall": 0.93, "f1-score": 0.9207920792079208, "support": 100}, "14": {"precision": 0.96, "recall": 0.8470588235294118, "f1-score": 0.8999999999999999, "support": 85}, "15": {"precision": 0.8350515463917526, "recall": 0.9310344827586207, "f1-score": 0.8804347826086957, "support": 87}, "16": {"precision": 0.8585858585858586, "recall": 0.8762886597938144, "f1-score": 0.8673469387755102, "support": 97}, "17": {"precision": 0.8764044943820225, "recall": 0.8571428571428571, "f1-score": 0.8666666666666666, "support": 91}, "18": {"precision": 0.8970588235294118, "recall": 0.8356164383561644, "f1-score": 0.8652482269503545, "support": 73}, "19": {"precision": 0.8923076923076924, "recall": 0.90625, "f1-score": 0.8992248062015504, "support": 64}, "20": {"precision": 0.8292682926829268, "recall": 0.8947368421052632, "f1-score": 0.860759493670886, "support": 38}, "21": {"precision": 0.8421052631578947, "recall": 0.8888888888888888, "f1-score": 0.8648648648648649, "support": 36}, "22": {"precision": 0.8214285714285714, "recall": 0.7931034482758621, "f1-score": 0.8070175438596492, "support": 29}, "23": {"precision": 0.7777777777777778, "recall": 0.7, "f1-score": 0.7368421052631577, "support": 20}, "24": {"precision": 0.7272727272727273, "recall": 0.7272727272727273, "f1-score": 0.7272727272727273, "support": 11}, "25": {"precision": 0.5, "recall": 0.75, "f1-score": 0.6, "support": 4}, "26": {"precision": 1.0, "recall": 0.5, "f1-score": 0.6666666666666666, "support": 2}, "27": {"precision": 1.0, "recall": 1.0, "f1-score": 1.0, "support": 1}, "accuracy": 0.87265625, "macro avg": {"precision": 0.7783160096308256, "recall": 0.7869950055680951, "f1-score": 0.7693960457825735, "support": 1280}, "weighted avg": {"precision": 0.8762529507039046, "recall": 0.87265625, "f1-score": 0.8728465073501699, "support": 1280}}