{"1": {"precision": 0.5, "recall": 0.25, "f1-score": 0.3333333333333333, "support": 4}, "2": {"precision": 0.3333333333333333, "recall": 0.6, "f1-score": 0.42857142857142855, "support": 5}, "3": {"precision": 0.6666666666666666, "recall": 0.6, "f1-score": 0.631578947368421, "support": 10}, "4": {"precision": 0.8888888888888888, "recall": 0.7272727272727273, "f1-score": 0.7999999999999999, "support": 22}, "5": {"precision": 0.7692307692307693, "recall": 0.8, "f1-score": 0.7843137254901961, "support": 25}, "6": {"precision": 0.7419354838709677, "recall": 0.7931034482758621, "f1-score": 0.7666666666666667, "support": 29}, "7": {"precision": 0.7954545454545454, "recall": 0.7777777777777778, "f1-score": 0.7865168539325843, "support": 45}, "8": {"precision": 0.7777777777777778, "recall": 0.7142857142857143, "f1-score": 0.7446808510638298, "support": 49}, "9": {"precision": 0.8, "recall": 0.8674698795180723, "f1-score": 0.8323699421965319, "support": 83}, "10": {"precision": 0.8461538461538461, "recall": 0.7586206896551724, "f1-score": 0.8, "support": 87}, "11": {"precision": 0.8350515463917526, "recall": 0.8804347826086957, "f1-score": 0.8571428571428571, "support": 92}, "12": {"precision": 0.8913043478260869, "recall": 0.8631578947368421, "f1-score": 0.8770053475935828, "support": 95}, "13": {"precision": 0.8532110091743119, "recall": 0.9029126213592233, "f1-score": 0.8773584905660378, "support": 103}, "14": {"precision": 0.8333333333333334, "recall": 0.8252427184466019, "f1-score": 0.8292682926829268, "support": 103}, "15": {"precision": 0.8023255813953488, "recall": 0.8023255813953488, "f1-score": 0.8023255813953488, "support": 86}, "16": {"precision": 0.8850574712643678, "recall": 0.8461538461538461, "f1-score": 0.8651685393258427, "support": 91}, "17": {"precision": 0.825, "recall": 0.88, "f1-score": 0.8516129032258064, "support": 75}, "18": {"precision": 0.8285714285714286, "recall": 0.8923076923076924, "f1-score": 0.8592592592592593, "support": 65}, "19": {"precision": 0.8571428571428571, "recall": 0.8, "f1-score": 0.8275862068965518, "support": 45}, "20": {"precision": 0.7692307692307693, "recall": 0.7894736842105263, "f1-score": 0.7792207792207793, "support": 38}, "21": {"precision": 0.7674418604651163, "recall": 0.825, "f1-score": 0.7951807228915662, "support": 40}, "22": {"precision": 0.7878787878787878, "recall": 0.7428571428571429, "f1-score": 0.7647058823529412, "support": 35}, "23": {"precision": 0.8, "recall": 0.6666666666666666, "f1-score": 0.7272727272727272, "support": 24}, "24": {"precision": 0.7857142857142857, "recall": 0.6875, "f1-score": 0.7333333333333334, "support": 16}, "25": {"precision": 0.36363636363636365, "recall": 0.5714285714285714, "f1-score": 0.4444444444444444, "support": 7}, "26": {"precision": 1.0, "recall": 0.4, "f1-score": 0.5714285714285715, "support": 5}, "27": {"precision": 1.0, "recall": 1.0, "f1-score": 1.0, "support": 1}, "accuracy": 0.81796875, "macro avg": {"precision": 0.7779385538296891, "recall": 0.7505182014428328, "f1-score": 0.754457247690947, "support": 1280}, "weighted avg": {"precision": 0.821433863804154, "recall": 0.81796875, "f1-score": 0.8178052222284119, "support": 1280}}