{"0": {"precision": 0.0, "recall": 0.0, "f1-score": 0.0, "support": 3}, "1": {"precision": 0.5, "recall": 0.5, "f1-score": 0.5, "support": 4}, "2": {"precision": 0.46153846153846156, "recall": 0.5454545454545454, "f1-score": 0.4999999999999999, "support": 11}, "3": {"precision": 0.631578947368421, "recall": 0.6666666666666666, "f1-score": 0.6486486486486486, "support": 18}, "4": {"precision": 0.8, "recall": 0.6153846153846154, "f1-score": 0.6956521739130435, "support": 13}, "5": {"precision": 0.782608695652174, "recall": 0.8571428571428571, "f1-score": 0.8181818181818182, "support": 21}, "6": {"precision": 0.8857142857142857, "recall": 0.8378378378378378, "f1-score": 0.8611111111111112, "support": 37}, "7": {"precision": 0.8048780487804879, "recall": 0.8048780487804879, "f1-score": 0.8048780487804877, "support": 41}, "8": {"precision": 0.8235294117647058, "recall": 0.7636363636363637, "f1-score": 0.7924528301886793, "support": 55}, "9": {"precision": 0.75, "recall": 0.8727272727272727, "f1-score": 0.8067226890756303, "support": 55}, "10": {"precision": 0.8875, "recall": 0.797752808988764, "f1-score": 0.8402366863905325, "support": 89}, "11": {"precision": 0.8152173913043478, "recall": 0.8823529411764706, "f1-score": 0.847457627118644, "support": 85}, "12": {"precision": 0.8636363636363636, "recall": 0.8539325842696629, "f1-score": 0.8587570621468926, "support": 89}, "13": {"precision": 0.9207920792079208, "recall": 0.8611111111111112, "f1-score": 0.8899521531100479, "support": 108}, "14": {"precision": 0.8586956521739131, "recall": 0.8977272727272727, "f1-score": 0.8777777777777778, "support": 88}, "15": {"precision": 0.8411214953271028, "recall": 0.9090909090909091, "f1-score": 0.8737864077669902, "support": 99}, "16": {"precision": 0.8651685393258427, "recall": 0.7938144329896907, "f1-score": 0.8279569892473119, "support": 97}, "17": {"precision": 0.8024691358024691, "recall": 0.8024691358024691, "f1-score": 0.8024691358024691, "support": 81}, "18": {"precision": 0.8395061728395061, "recall": 0.8607594936708861, "f1-score": 0.8500000000000001, "support": 79}, "19": {"precision": 0.8103448275862069, "recall": 0.8392857142857143, "f1-score": 0.8245614035087718, "support": 56}, "20": {"precision": 0.8695652173913043, "recall": 0.7843137254901961, "f1-score": 0.8247422680412372, "support": 51}, "21": {"precision": 0.7333333333333333, "recall": 0.8918918918918919, "f1-score": 0.8048780487804879, "support": 37}, "22": {"precision": 0.6363636363636364, "recall": 0.6363636363636364, "f1-score": 0.6363636363636364, "support": 22}, "23": {"precision": 0.625, "recall": 0.5555555555555556, "f1-score": 0.5882352941176471, "support": 18}, "24": {"precision": 0.6666666666666666, "recall": 0.42857142857142855, "f1-score": 0.5217391304347826, "support": 14}, "25": {"precision": 0.25, "recall": 0.5, "f1-score": 0.3333333333333333, "support": 4}, "26": {"precision": 0.0, "recall": 0.0, "f1-score": 0.0, "support": 2}, "27": {"precision": 0.6666666666666666, "recall": 0.6666666666666666, "f1-score": 0.6666666666666666, "support": 3}, "accuracy": 0.81875, "macro avg": {"precision": 0.6925676795872793, "recall": 0.6937638398672491, "f1-score": 0.6891628907323802, "support": 1280}, "weighted avg": {"precision": 0.8208657942435666, "recall": 0.81875, "f1-score": 0.8179927629259284, "support": 1280}}