{"0": {"precision": 0.0, "recall": 0.0, "f1-score": 0.0, "support": 1}, "1": {"precision": 0.0, "recall": 0.0, "f1-score": 0.0, "support": 4}, "2": {"precision": 0.0, "recall": 0.0, "f1-score": 0.0, "support": 6}, "3": {"precision": 0.13043478260869565, "recall": 0.23076923076923078, "f1-score": 0.16666666666666669, "support": 13}, "4": {"precision": 0.06666666666666667, "recall": 0.1, "f1-score": 0.08, "support": 10}, "5": {"precision": 0.10256410256410256, "recall": 0.13333333333333333, "f1-score": 0.11594202898550725, "support": 30}, "6": {"precision": 0.18518518518518517, "recall": 0.1724137931034483, "f1-score": 0.17857142857142858, "support": 29}, "7": {"precision": 0.06521739130434782, "recall": 0.06976744186046512, "f1-score": 0.06741573033707865, "support": 43}, "8": {"precision": 0.17073170731707318, "recall": 0.1111111111111111, "f1-score": 0.1346153846153846, "support": 63}, "9": {"precision": 0.22413793103448276, "recall": 0.17567567567567569, "f1-score": 0.196969696969697, "support": 74}, "10": {"precision": 0.13636363636363635, "recall": 0.10714285714285714, "f1-score": 0.11999999999999998, "support": 84}, "11": {"precision": 0.05, "recall": 0.02702702702702703, "f1-score": 0.03508771929824561, "support": 74}, "12": {"precision": 0.10588235294117647, "recall": 0.0989010989010989, "f1-score": 0.10227272727272727, "support": 91}, "13": {"precision": 0.08247422680412371, "recall": 0.08791208791208792, "f1-score": 0.0851063829787234, "support": 91}, "14": {"precision": 0.09615384615384616, "recall": 0.11764705882352941, "f1-score": 0.10582010582010581, "support": 85}, "15": {"precision": 0.10476190476190476, "recall": 0.10784313725490197, "f1-score": 0.10628019323671498, "support": 102}, "16": {"precision": 0.08888888888888889, "recall": 0.1411764705882353, "f1-score": 0.10909090909090909, "support": 85}, "17": {"precision": 0.15625, "recall": 0.2127659574468085, "f1-score": 0.1801801801801802, "support": 94}, "18": {"precision": 0.17105263157894737, "recall": 0.16883116883116883, "f1-score": 0.16993464052287582, "support": 77}, "19": {"precision": 0.18333333333333332, "recall": 0.15942028985507245, "f1-score": 0.17054263565891473, "support": 69}, "20": {"precision": 0.1111111111111111, "recall": 0.07317073170731707, "f1-score": 0.08823529411764705, "support": 41}, "21": {"precision": 0.19047619047619047, "recall": 0.1, "f1-score": 0.1311475409836066, "support": 40}, "22": {"precision": 0.13793103448275862, "recall": 0.14814814814814814, "f1-score": 0.14285714285714285, "support": 27}, "23": {"precision": 0.17391304347826086, "recall": 0.18181818181818182, "f1-score": 0.17777777777777776, "support": 22}, "24": {"precision": 0.0, "recall": 0.0, "f1-score": 0.0, "support": 12}, "25": {"precision": 0.0, "recall": 0.0, "f1-score": 0.0, "support": 9}, "26": {"precision": 0.0, "recall": 0.0, "f1-score": 0.0, "support": 4}, "accuracy": 0.121875, "macro avg": {"precision": 0.10124185063165674, "recall": 0.10092128893739626, "f1-score": 0.09868571059041978, "support": 1280}, "weighted avg": {"precision": 0.12492108300073461, "recall": 0.121875, "f1-score": 0.12096566968628371, "support": 1280}}