{"0": {"precision": 0.0, "recall": 0.0, "f1-score": 0.0, "support": 0}, "1": {"precision": 0.0, "recall": 0.0, "f1-score": 0.0, "support": 1}, "2": {"precision": 0.6666666666666666, "recall": 0.25, "f1-score": 0.36363636363636365, "support": 8}, "3": {"precision": 0.36363636363636365, "recall": 0.23529411764705882, "f1-score": 0.2857142857142857, "support": 17}, "4": {"precision": 0.3333333333333333, "recall": 0.2, "f1-score": 0.25, "support": 20}, "5": {"precision": 0.42105263157894735, "recall": 0.2962962962962963, "f1-score": 0.34782608695652173, "support": 27}, "6": {"precision": 0.25925925925925924, "recall": 0.2, "f1-score": 0.22580645161290322, "support": 35}, "7": {"precision": 0.3333333333333333, "recall": 0.3488372093023256, "f1-score": 0.3409090909090909, "support": 43}, "8": {"precision": 0.32, "recall": 0.2962962962962963, "f1-score": 0.30769230769230765, "support": 54}, "9": {"precision": 0.2948717948717949, "recall": 0.34328358208955223, "f1-score": 0.31724137931034485, "support": 67}, "10": {"precision": 0.38636363636363635, "recall": 0.43037974683544306, "f1-score": 0.40718562874251496, "support": 79}, "11": {"precision": 0.43529411764705883, "recall": 0.4157303370786517, "f1-score": 0.42528735632183906, "support": 89}, "12": {"precision": 0.4036697247706422, "recall": 0.4782608695652174, "f1-score": 0.4378109452736319, "support": 92}, "13": {"precision": 0.47368421052631576, "recall": 0.5046728971962616, "f1-score": 0.4886877828054298, "support": 107}, "14": {"precision": 0.4864864864864865, "recall": 0.5346534653465347, "f1-score": 0.509433962264151, "support": 101}, "15": {"precision": 0.41346153846153844, "recall": 0.4725274725274725, "f1-score": 0.441025641025641, "support": 91}, "16": {"precision": 0.4, "recall": 0.35294117647058826, "f1-score": 0.37500000000000006, "support": 85}, "17": {"precision": 0.3854166666666667, "recall": 0.43529411764705883, "f1-score": 0.4088397790055249, "support": 85}, "18": {"precision": 0.27102803738317754, "recall": 0.3670886075949367, "f1-score": 0.3118279569892473, "support": 79}, "19": {"precision": 0.2909090909090909, "recall": 0.26229508196721313, "f1-score": 0.2758620689655173, "support": 61}, "20": {"precision": 0.3157894736842105, "recall": 0.14634146341463414, "f1-score": 0.19999999999999998, "support": 41}, "21": {"precision": 0.42857142857142855, "recall": 0.34615384615384615, "f1-score": 0.3829787234042554, "support": 26}, "22": {"precision": 0.32, "recall": 0.36363636363636365, "f1-score": 0.3404255319148936, "support": 22}, "23": {"precision": 0.2, "recall": 0.09523809523809523, "f1-score": 0.12903225806451613, "support": 21}, "24": {"precision": 0.0, "recall": 0.0, "f1-score": 0.0, "support": 12}, "25": {"precision": 0.16666666666666666, "recall": 0.07692307692307693, "f1-score": 0.10526315789473684, "support": 13}, "26": {"precision": 0.0, "recall": 0.0, "f1-score": 0.0, "support": 4}, "accuracy": 0.37734375, "macro avg": {"precision": 0.3099812763265413, "recall": 0.2760053377491453, "f1-score": 0.2843513614260636, "support": 1280}, "weighted avg": {"precision": 0.37285460888898564, "recall": 0.37734375, "f1-score": 0.37076273241921215, "support": 1280}}