{"0": {"precision": 0.0, "recall": 0.0, "f1-score": 0.0, "support": 1}, "1": {"precision": 0.0, "recall": 0.0, "f1-score": 0.0, "support": 3}, "2": {"precision": 0.25, "recall": 0.1111111111111111, "f1-score": 0.15384615384615383, "support": 9}, "3": {"precision": 0.4444444444444444, "recall": 0.5714285714285714, "f1-score": 0.5, "support": 7}, "4": {"precision": 0.2222222222222222, "recall": 0.10526315789473684, "f1-score": 0.14285714285714285, "support": 19}, "5": {"precision": 0.2777777777777778, "recall": 0.22727272727272727, "f1-score": 0.25, "support": 22}, "6": {"precision": 0.4166666666666667, "recall": 0.29411764705882354, "f1-score": 0.3448275862068966, "support": 34}, "7": {"precision": 0.2222222222222222, "recall": 0.41379310344827586, "f1-score": 0.2891566265060241, "support": 29}, "8": {"precision": 0.4772727272727273, "recall": 0.38181818181818183, "f1-score": 0.42424242424242425, "support": 55}, "9": {"precision": 0.5555555555555556, "recall": 0.6060606060606061, "f1-score": 0.5797101449275361, "support": 66}, "10": {"precision": 0.5, "recall": 0.39080459770114945, "f1-score": 0.4387096774193549, "support": 87}, "11": {"precision": 0.5391304347826087, "recall": 0.5961538461538461, "f1-score": 0.5662100456621004, "support": 104}, "12": {"precision": 0.5470085470085471, "recall": 0.6808510638297872, "f1-score": 0.6066350710900476, "support": 94}, "13": {"precision": 0.6237623762376238, "recall": 0.6, "f1-score": 0.6116504854368933, "support": 105}, "14": {"precision": 0.6404494382022472, "recall": 0.5327102803738317, "f1-score": 0.5816326530612245, "support": 107}, "15": {"precision": 0.5378151260504201, "recall": 0.6213592233009708, "f1-score": 0.5765765765765765, "support": 103}, "16": {"precision": 0.4423076923076923, "recall": 0.5974025974025974, "f1-score": 0.5082872928176796, "support": 77}, "17": {"precision": 0.5072463768115942, "recall": 0.4430379746835443, "f1-score": 0.472972972972973, "support": 79}, "18": {"precision": 0.4, "recall": 0.4788732394366197, "f1-score": 0.4358974358974359, "support": 71}, "19": {"precision": 0.46, "recall": 0.3898305084745763, "f1-score": 0.4220183486238532, "support": 59}, "20": {"precision": 0.5428571428571428, "recall": 0.3958333333333333, "f1-score": 0.4578313253012048, "support": 48}, "21": {"precision": 0.36666666666666664, "recall": 0.3793103448275862, "f1-score": 0.3728813559322034, "support": 29}, "22": {"precision": 0.3939393939393939, "recall": 0.4642857142857143, "f1-score": 0.4262295081967213, "support": 28}, "23": {"precision": 0.35294117647058826, "recall": 0.375, "f1-score": 0.3636363636363636, "support": 16}, "24": {"precision": 0.25, "recall": 0.2, "f1-score": 0.22222222222222224, "support": 15}, "25": {"precision": 0.0, "recall": 0.0, "f1-score": 0.0, "support": 8}, "26": {"precision": 0.0, "recall": 0.0, "f1-score": 0.0, "support": 4}, "27": {"precision": 0.0, "recall": 0.0, "f1-score": 0.0, "support": 1}, "accuracy": 0.49140625, "macro avg": {"precision": 0.35608164241057644, "recall": 0.35201135106773535, "f1-score": 0.3481439790511796, "support": 1280}, "weighted avg": {"precision": 0.48938803308931095, "recall": 0.49140625, "f1-score": 0.4851184694895676, "support": 1280}}