{"1": {"precision": 0.0, "recall": 0.0, "f1-score": 0.0, "support": 4}, "2": {"precision": 0.16666666666666666, "recall": 0.08333333333333333, "f1-score": 0.1111111111111111, "support": 12}, "3": {"precision": 0.4, "recall": 0.375, "f1-score": 0.38709677419354843, "support": 16}, "4": {"precision": 0.25, "recall": 0.17647058823529413, "f1-score": 0.20689655172413793, "support": 17}, "5": {"precision": 0.29411764705882354, "recall": 0.17857142857142858, "f1-score": 0.22222222222222224, "support": 28}, "6": {"precision": 0.48717948717948717, "recall": 0.37254901960784315, "f1-score": 0.42222222222222217, "support": 51}, "7": {"precision": 0.4098360655737705, "recall": 0.5208333333333334, "f1-score": 0.45871559633027525, "support": 48}, "8": {"precision": 0.48333333333333334, "recall": 0.5471698113207547, "f1-score": 0.5132743362831859, "support": 53}, "9": {"precision": 0.5698924731182796, "recall": 0.6708860759493671, "f1-score": 0.616279069767442, "support": 79}, "10": {"precision": 0.5555555555555556, "recall": 0.5421686746987951, "f1-score": 0.5487804878048781, "support": 83}, "11": {"precision": 0.5930232558139535, "recall": 0.6455696202531646, "f1-score": 0.6181818181818183, "support": 79}, "12": {"precision": 0.7425742574257426, "recall": 0.6696428571428571, "f1-score": 0.7042253521126761, "support": 112}, "13": {"precision": 0.5714285714285714, "recall": 0.6419753086419753, "f1-score": 0.6046511627906976, "support": 81}, "14": {"precision": 0.7325581395348837, "recall": 0.6702127659574468, "f1-score": 0.7, "support": 94}, "15": {"precision": 0.5544554455445545, "recall": 0.7, "f1-score": 0.6187845303867403, "support": 80}, "16": {"precision": 0.5789473684210527, "recall": 0.5238095238095238, "f1-score": 0.5500000000000002, "support": 84}, "17": {"precision": 0.648936170212766, "recall": 0.6630434782608695, "f1-score": 0.6559139784946236, "support": 92}, "18": {"precision": 0.6666666666666666, "recall": 0.5909090909090909, "f1-score": 0.6265060240963856, "support": 88}, "19": {"precision": 0.5588235294117647, "recall": 0.6785714285714286, "f1-score": 0.6129032258064516, "support": 56}, "20": {"precision": 0.32558139534883723, "recall": 0.45161290322580644, "f1-score": 0.3783783783783784, "support": 31}, "21": {"precision": 0.48, "recall": 0.36363636363636365, "f1-score": 0.41379310344827586, "support": 33}, "22": {"precision": 0.35294117647058826, "recall": 0.3157894736842105, "f1-score": 0.33333333333333337, "support": 19}, "23": {"precision": 0.38461538461538464, "recall": 0.35714285714285715, "f1-score": 0.3703703703703704, "support": 14}, "24": {"precision": 0.2727272727272727, "recall": 0.25, "f1-score": 0.2608695652173913, "support": 12}, "25": {"precision": 0.4, "recall": 0.25, "f1-score": 0.3076923076923077, "support": 8}, "26": {"precision": 0.0, "recall": 0.0, "f1-score": 0.0, "support": 6}, "accuracy": 0.5625, "macro avg": {"precision": 0.4415330716195367, "recall": 0.4322653052417594, "f1-score": 0.4323923662295567, "support": 1280}, "weighted avg": {"precision": 0.5581745082334166, "recall": 0.5625, "f1-score": 0.5568281988163258, "support": 1280}}