{"0": {"precision": 0.0, "recall": 0.0, "f1-score": 0.0, "support": 27.0}, "1": {"precision": 0.3888888888888889, "recall": 0.6885245901639344, "f1-score": 0.49704142011834324, "support": 61.0}, "2": {"precision": 0.6363636363636364, "recall": 0.12883435582822086, "f1-score": 0.21428571428571427, "support": 163.0}, "3": {"precision": 0.48863636363636365, "recall": 0.45907473309608543, "f1-score": 0.473394495412844, "support": 281.0}, "4": {"precision": 0.5116279069767442, "recall": 0.43626062322946174, "f1-score": 0.47094801223241595, "support": 353.0}, "5": {"precision": 0.46200607902735563, "recall": 0.25249169435215946, "f1-score": 0.326530612244898, "support": 602.0}, "6": {"precision": 0.40189873417721517, "recall": 0.5396600566572238, "f1-score": 0.46070133010882713, "support": 706.0}, "7": {"precision": 0.5063731170336037, "recall": 0.4844789356984479, "f1-score": 0.4951841359773371, "support": 902.0}, "8": {"precision": 0.5041860465116279, "recall": 0.4882882882882883, "f1-score": 0.49610983981693363, "support": 1110.0}, "9": {"precision": 0.5254760679361812, "recall": 0.7345323741007195, "f1-score": 0.6126612661266128, "support": 1390.0}, "10": {"precision": 0.7281134401972873, "recall": 0.6914519906323185, "f1-score": 0.7093093093093094, "support": 1708.0}, "11": {"precision": 0.7625940938042849, "recall": 0.7586405529953917, "f1-score": 0.7606121859659255, "support": 1736.0}, "12": {"precision": 0.7709437963944857, "recall": 0.7893593919652552, "f1-score": 0.7800429184549356, "support": 1842.0}, "13": {"precision": 0.8, "recall": 0.7542016806722689, "f1-score": 0.776426061097594, "support": 1904.0}, "14": {"precision": 0.8161180476730987, "recall": 0.7443064182194618, "f1-score": 0.7785598267460747, "support": 1932.0}, "15": {"precision": 0.7236157122574538, "recall": 0.829175704989154, "f1-score": 0.772807682587819, "support": 1844.0}, "16": {"precision": 0.7341842397336293, "recall": 0.7457722660653889, "f1-score": 0.7399328859060403, "support": 1774.0}, "17": {"precision": 0.7093403004572175, "recall": 0.6662576687116565, "f1-score": 0.6871243277443847, "support": 1630.0}, "18": {"precision": 0.5172205438066465, "recall": 0.601123595505618, "f1-score": 0.5560246833387463, "support": 1424.0}, "19": {"precision": 0.44933920704845814, "recall": 0.523972602739726, "f1-score": 0.4837944664031621, "support": 1168.0}, "20": {"precision": 0.47205707491082044, "recall": 0.44707207207207206, "f1-score": 0.459224985540775, "support": 888.0}, "21": {"precision": 0.41700404858299595, "recall": 0.4352112676056338, "f1-score": 0.4259131633356306, "support": 710.0}, "22": {"precision": 0.2708333333333333, "recall": 0.19012797074954296, "f1-score": 0.22341568206229862, "support": 547.0}, "23": {"precision": 0.36059479553903345, "recall": 0.24619289340101522, "f1-score": 0.29260935143288086, "support": 394.0}, "24": {"precision": 0.35514018691588783, "recall": 0.15139442231075698, "f1-score": 0.21229050279329606, "support": 251.0}, "25": {"precision": 0.38235294117647056, "recall": 0.2582781456953642, "f1-score": 0.30830039525691694, "support": 151.0}, "26": {"precision": 0.48148148148148145, "recall": 0.17105263157894737, "f1-score": 0.2524271844660194, "support": 76.0}, "27": {"precision": 0.7, "recall": 0.2692307692307692, "f1-score": 0.3888888888888889, "support": 26.0}, "accuracy": 0.6294921875, "macro avg": {"precision": 0.5312996458522928, "recall": 0.4816059891626744, "f1-score": 0.4876629045590937, "support": 25600.0}, "weighted avg": {"precision": 0.6290253335019834, "recall": 0.6294921875, "f1-score": 0.6241374121700887, "support": 25600.0}}