{"0": {"precision": 0.0, "recall": 0.0, "f1-score": 0.0, "support": 19.0}, "1": {"precision": 0.5555555555555556, "recall": 0.13157894736842105, "f1-score": 0.2127659574468085, "support": 76.0}, "2": {"precision": 0.3370165745856354, "recall": 0.45185185185185184, "f1-score": 0.3860759493670886, "support": 135.0}, "3": {"precision": 0.452914798206278, "recall": 0.40725806451612906, "f1-score": 0.4288747346072187, "support": 248.0}, "4": {"precision": 0.5446153846153846, "recall": 0.44029850746268656, "f1-score": 0.4869325997248969, "support": 402.0}, "5": {"precision": 0.5414634146341464, "recall": 0.42857142857142855, "f1-score": 0.4784482758620689, "support": 518.0}, "6": {"precision": 0.6595744680851063, "recall": 0.6352459016393442, "f1-score": 0.6471816283924843, "support": 732.0}, "7": {"precision": 0.5945730247406225, "recall": 0.8080260303687635, "f1-score": 0.6850574712643678, "support": 922.0}, "8": {"precision": 0.7193396226415094, "recall": 0.7760814249363868, "f1-score": 0.7466340269277845, "support": 1179.0}, "9": {"precision": 0.7685060565275909, "recall": 0.8030942334739803, "f1-score": 0.7854195323246217, "support": 1422.0}, "10": {"precision": 0.8242830994508847, "recall": 0.8212765957446808, "f1-score": 0.822777101096224, "support": 1645.0}, "11": {"precision": 0.8229342327150084, "recall": 0.8423475258918297, "f1-score": 0.8325277224907592, "support": 1738.0}, "12": {"precision": 0.8627339761769711, "recall": 0.8311475409836065, "f1-score": 0.8466462566100751, "support": 1830.0}, "13": {"precision": 0.9097007223942208, "recall": 0.886375062845651, "f1-score": 0.8978864272981919, "support": 1989.0}, "14": {"precision": 0.9414772727272728, "recall": 0.8856226616782469, "f1-score": 0.9126962269347287, "support": 1871.0}, "15": {"precision": 0.9072478459199189, "recall": 0.9342379958246346, "f1-score": 0.9205451272820776, "support": 1916.0}, "16": {"precision": 0.9399509803921569, "recall": 0.8816091954022989, "f1-score": 0.9098457888493475, "support": 1740.0}, "17": {"precision": 0.9160608063450099, "recall": 0.86625, "f1-score": 0.8904593639575972, "support": 1600.0}, "18": {"precision": 0.8380952380952381, "recall": 0.8084805653710248, "f1-score": 0.823021582733813, "support": 1415.0}, "19": {"precision": 0.7649092480553155, "recall": 0.7749562171628721, "f1-score": 0.7698999565028273, "support": 1142.0}, "20": {"precision": 0.657672849915683, "recall": 0.8657047724750278, "f1-score": 0.7474844274077623, "support": 901.0}, "21": {"precision": 0.7101865136298422, "recall": 0.6716417910447762, "f1-score": 0.6903765690376569, "support": 737.0}, "22": {"precision": 0.6424361493123772, "recall": 0.6135084427767354, "f1-score": 0.6276391554702494, "support": 533.0}, "23": {"precision": 0.4665012406947891, "recall": 0.47117794486215536, "f1-score": 0.46882793017456365, "support": 399.0}, "24": {"precision": 0.4, "recall": 0.3614457831325301, "f1-score": 0.379746835443038, "support": 249.0}, "25": {"precision": 0.40131578947368424, "recall": 0.41216216216216217, "f1-score": 0.40666666666666673, "support": 148.0}, "26": {"precision": 0.3888888888888889, "recall": 0.1076923076923077, "f1-score": 0.16867469879518074, "support": 65.0}, "27": {"precision": 0.8888888888888888, "recall": 0.5517241379310345, "f1-score": 0.6808510638297872, "support": 29.0}, "accuracy": 0.7928515625, "macro avg": {"precision": 0.6591729515238564, "recall": 0.6239059676132346, "f1-score": 0.6304986813034958, "support": 25600.0}, "weighted avg": {"precision": 0.7953432953508042, "recall": 0.7928515625, "f1-score": 0.7917510562704476, "support": 25600.0}}