{"0": {"precision": 0.0, "recall": 0.0, "f1-score": 0.0, "support": 29.0}, "1": {"precision": 0.48717948717948717, "recall": 0.5135135135135135, "f1-score": 0.5, "support": 74.0}, "2": {"precision": 0.5267857142857143, "recall": 0.4041095890410959, "f1-score": 0.45736434108527135, "support": 146.0}, "3": {"precision": 0.5674418604651162, "recall": 0.47843137254901963, "f1-score": 0.5191489361702128, "support": 255.0}, "4": {"precision": 0.6559485530546624, "recall": 0.5204081632653061, "f1-score": 0.5803698435277383, "support": 392.0}, "5": {"precision": 0.5644028103044496, "recall": 0.43189964157706096, "f1-score": 0.4893401015228427, "support": 558.0}, "6": {"precision": 0.5066225165562914, "recall": 0.4358974358974359, "f1-score": 0.4686064318529862, "support": 702.0}, "7": {"precision": 0.4291300097751711, "recall": 0.5122520420070011, "f1-score": 0.4670212765957446, "support": 857.0}, "8": {"precision": 0.40070921985815605, "recall": 0.3040358744394619, "f1-score": 0.34574196838347787, "support": 1115.0}, "9": {"precision": 0.45095693779904306, "recall": 0.5451916124367318, "f1-score": 0.4936170212765958, "support": 1383.0}, "10": {"precision": 0.5283342873497424, "recall": 0.5573671497584541, "f1-score": 0.5424625330590656, "support": 1656.0}, "11": {"precision": 0.607532751091703, "recall": 0.629524886877828, "f1-score": 0.6183333333333333, "support": 1768.0}, "12": {"precision": 0.5482926829268293, "recall": 0.6065839179708581, "f1-score": 0.5759672047143223, "support": 1853.0}, "13": {"precision": 0.6439842209072978, "recall": 0.6478174603174603, "f1-score": 0.645895153313551, "support": 2016.0}, "14": {"precision": 0.6342685370741483, "recall": 0.6846944294213089, "f1-score": 0.65851755526658, "support": 1849.0}, "15": {"precision": 0.6392405063291139, "recall": 0.6719549641760492, "f1-score": 0.6551896207584831, "support": 1954.0}, "16": {"precision": 0.6801745635910225, "recall": 0.6255733944954128, "f1-score": 0.6517323775388292, "support": 1744.0}, "17": {"precision": 0.5922381711855396, "recall": 0.6817625458996328, "f1-score": 0.633854907539118, "support": 1634.0}, "18": {"precision": 0.4577804583835947, "recall": 0.54253037884203, "f1-score": 0.49656526005888135, "support": 1399.0}, "19": {"precision": 0.40755007704160245, "recall": 0.45721694036300775, "f1-score": 0.43095723014256615, "support": 1157.0}, "20": {"precision": 0.5339105339105339, "recall": 0.39029535864978904, "f1-score": 0.45094454600853134, "support": 948.0}, "21": {"precision": 0.3903345724907063, "recall": 0.29329608938547486, "f1-score": 0.33492822966507174, "support": 716.0}, "22": {"precision": 0.3981651376146789, "recall": 0.39454545454545453, "f1-score": 0.3963470319634704, "support": 550.0}, "23": {"precision": 0.3669064748201439, "recall": 0.1457142857142857, "f1-score": 0.2085889570552147, "support": 350.0}, "24": {"precision": 0.5, "recall": 0.26720647773279355, "f1-score": 0.34828496042216356, "support": 247.0}, "25": {"precision": 0.5568181818181818, "recall": 0.362962962962963, "f1-score": 0.4394618834080717, "support": 135.0}, "26": {"precision": 0.5, "recall": 0.03529411764705882, "f1-score": 0.06593406593406594, "support": 85.0}, "27": {"precision": 0.5217391304347826, "recall": 0.42857142857142855, "f1-score": 0.47058823529411764, "support": 28.0}, "accuracy": 0.547578125, "macro avg": {"precision": 0.5034445498659897, "recall": 0.44888041028778275, "f1-score": 0.4623486787817966, "support": 25600.0}, "weighted avg": {"precision": 0.5454479806246356, "recall": 0.547578125, "f1-score": 0.5422241909407144, "support": 25600.0}}