{"0": {"precision": 0.0, "recall": 0.0, "f1-score": 0.0, "support": 20.0}, "1": {"precision": 0.7894736842105263, "recall": 1.0, "f1-score": 0.8823529411764706, "support": 75.0}, "2": {"precision": 0.5942622950819673, "recall": 1.0, "f1-score": 0.7455012853470437, "support": 145.0}, "3": {"precision": 0.7522522522522522, "recall": 0.6278195488721805, "f1-score": 0.6844262295081968, "support": 266.0}, "4": {"precision": 1.0, "recall": 0.8655256723716381, "f1-score": 0.9279161205766709, "support": 409.0}, "5": {"precision": 1.0, "recall": 1.0, "f1-score": 1.0, "support": 565.0}, "6": {"precision": 0.9918809201623816, "recall": 1.0, "f1-score": 0.9959239130434783, "support": 733.0}, "7": {"precision": 0.9955106621773289, "recall": 0.9932810750279956, "f1-score": 0.9943946188340809, "support": 893.0}, "8": {"precision": 0.9991311902693311, "recall": 0.9965337954939342, "f1-score": 0.9978308026030369, "support": 1154.0}, "9": {"precision": 1.0, "recall": 0.999288256227758, "f1-score": 0.9996440014239942, "support": 1405.0}, "10": {"precision": 1.0, "recall": 1.0, "f1-score": 1.0, "support": 1638.0}, "11": {"precision": 0.9988895058300944, "recall": 1.0, "f1-score": 0.9994444444444445, "support": 1799.0}, "12": {"precision": 1.0, "recall": 0.9989212513484358, "f1-score": 0.9994603345925526, "support": 1854.0}, "13": {"precision": 1.0, "recall": 1.0, "f1-score": 1.0, "support": 1941.0}, "14": {"precision": 1.0, "recall": 1.0, "f1-score": 1.0, "support": 1877.0}, "15": {"precision": 1.0, "recall": 1.0, "f1-score": 1.0, "support": 1885.0}, "16": {"precision": 1.0, "recall": 1.0, "f1-score": 1.0, "support": 1822.0}, "17": {"precision": 1.0, "recall": 1.0, "f1-score": 1.0, "support": 1578.0}, "18": {"precision": 1.0, "recall": 1.0, "f1-score": 1.0, "support": 1327.0}, "19": {"precision": 1.0, "recall": 0.9920071047957372, "f1-score": 0.9959875167186805, "support": 1126.0}, "20": {"precision": 0.9903329752953813, "recall": 0.9787685774946921, "f1-score": 0.9845168179391351, "support": 942.0}, "21": {"precision": 0.9730820995962315, "recall": 0.9500657030223391, "f1-score": 0.9614361702127661, "support": 761.0}, "22": {"precision": 0.9166666666666666, "recall": 0.7886792452830189, "f1-score": 0.847870182555781, "support": 530.0}, "23": {"precision": 0.6781609195402298, "recall": 0.6082474226804123, "f1-score": 0.6413043478260869, "support": 388.0}, "24": {"precision": 0.4220532319391635, "recall": 0.4605809128630705, "f1-score": 0.44047619047619047, "support": 241.0}, "25": {"precision": 0.4247787610619469, "recall": 0.631578947368421, "f1-score": 0.5079365079365079, "support": 152.0}, "26": {"precision": 0.17647058823529413, "recall": 0.26666666666666666, "f1-score": 0.21238938053097345, "support": 45.0}, "27": {"precision": 0.46774193548387094, "recall": 1.0, "f1-score": 0.6373626373626373, "support": 29.0}, "accuracy": 0.9712109375, "macro avg": {"precision": 0.8275245602786666, "recall": 0.862784434982725, "f1-score": 0.8377205158253116, "support": 25600.0}, "weighted avg": {"precision": 0.9745575317335391, "recall": 0.9712109375, "f1-score": 0.9720313117026752, "support": 25600.0}}