{"0": {"precision": 0.0, "recall": 0.0, "f1-score": 0.0, "support": 19.0}, "1": {"precision": 0.6730769230769231, "recall": 0.4794520547945205, "f1-score": 0.56, "support": 73.0}, "2": {"precision": 0.676923076923077, "recall": 0.8741721854304636, "f1-score": 0.7630057803468209, "support": 151.0}, "3": {"precision": 0.6910828025477707, "recall": 0.889344262295082, "f1-score": 0.7777777777777778, "support": 244.0}, "4": {"precision": 0.9166666666666666, "recall": 0.8035264483627204, "f1-score": 0.8563758389261744, "support": 397.0}, "5": {"precision": 0.9710669077757685, "recall": 0.9404553415061296, "f1-score": 0.9555160142348754, "support": 571.0}, "6": {"precision": 0.9031847133757962, "recall": 0.9792817679558011, "f1-score": 0.9396951623591784, "support": 724.0}, "7": {"precision": 0.8659594985535197, "recall": 0.9325025960539979, "f1-score": 0.8979999999999999, "support": 963.0}, "8": {"precision": 0.9498069498069498, "recall": 0.8762243989314337, "f1-score": 0.9115331171838814, "support": 1123.0}, "9": {"precision": 0.95836376917458, "recall": 0.9597659107534747, "f1-score": 0.9590643274853801, "support": 1367.0}, "10": {"precision": 0.9790986283474853, "recall": 0.9633676092544987, "f1-score": 0.9711694201490121, "support": 1556.0}, "11": {"precision": 0.9680672268907563, "recall": 0.9818181818181818, "f1-score": 0.9748942172073343, "support": 1760.0}, "12": {"precision": 0.9961622807017544, "recall": 0.9695837780149413, "f1-score": 0.9826933477555436, "support": 1874.0}, "13": {"precision": 0.993798449612403, "recall": 0.9963730569948187, "f1-score": 0.9950840879689522, "support": 1930.0}, "14": {"precision": 1.0, "recall": 0.9925965097831835, "f1-score": 0.9962845010615711, "support": 1891.0}, "15": {"precision": 0.9953608247422681, "recall": 0.9994824016563147, "f1-score": 0.9974173553719009, "support": 1932.0}, "16": {"precision": 0.9994114184814596, "recall": 0.991822429906542, "f1-score": 0.9956024626209322, "support": 1712.0}, "17": {"precision": 0.9957002457002457, "recall": 0.9776839565741857, "f1-score": 0.9866098600121729, "support": 1658.0}, "18": {"precision": 0.9688230709275136, "recall": 0.8728932584269663, "f1-score": 0.9183598079054303, "support": 1424.0}, "19": {"precision": 0.846218487394958, "recall": 0.8384679433805162, "f1-score": 0.8423253868674195, "support": 1201.0}, "20": {"precision": 0.812133072407045, "recall": 0.9304932735426009, "f1-score": 0.8672936259143157, "support": 892.0}, "21": {"precision": 0.9107391910739191, "recall": 0.9355300859598854, "f1-score": 0.9229681978798586, "support": 698.0}, "22": {"precision": 0.8497854077253219, "recall": 0.7779960707269156, "f1-score": 0.8123076923076923, "support": 509.0}, "23": {"precision": 0.6535626535626535, "recall": 0.6100917431192661, "f1-score": 0.631079478054567, "support": 436.0}, "24": {"precision": 0.4564459930313589, "recall": 0.515748031496063, "f1-score": 0.4842883548983364, "support": 254.0}, "25": {"precision": 0.4185022026431718, "recall": 0.7480314960629921, "f1-score": 0.536723163841808, "support": 127.0}, "26": {"precision": 0.30434782608695654, "recall": 0.08641975308641975, "f1-score": 0.1346153846153846, "support": 81.0}, "27": {"precision": 0.44285714285714284, "recall": 0.9393939393939394, "f1-score": 0.6019417475728155, "support": 33.0}, "accuracy": 0.9334375, "macro avg": {"precision": 0.7927551939316952, "recall": 0.8165185173314947, "f1-score": 0.7954509325113976, "support": 25600.0}, "weighted avg": {"precision": 0.9364377101932935, "recall": 0.9334375, "f1-score": 0.9335678720401159, "support": 25600.0}}