{"0": {"precision": 0.0, "recall": 0.0, "f1-score": 0.0, "support": 25.0}, "1": {"precision": 0.027522935779816515, "recall": 0.06741573033707865, "f1-score": 0.03908794788273616, "support": 89.0}, "2": {"precision": 0.07352941176470588, "recall": 0.16891891891891891, "f1-score": 0.10245901639344263, "support": 148.0}, "3": {"precision": 0.06320541760722348, "recall": 0.12389380530973451, "f1-score": 0.08370702541106129, "support": 226.0}, "4": {"precision": 0.0945945945945946, "recall": 0.11764705882352941, "f1-score": 0.10486891385767791, "support": 357.0}, "5": {"precision": 0.10339256865912763, "recall": 0.11657559198542805, "f1-score": 0.10958904109589042, "support": 549.0}, "6": {"precision": 0.0958904109589041, "recall": 0.08057553956834532, "f1-score": 0.08756841282251758, "support": 695.0}, "7": {"precision": 0.09777777777777778, "recall": 0.1193058568329718, "f1-score": 0.1074743527112848, "support": 922.0}, "8": {"precision": 0.11274934952298352, "recall": 0.1159678858162355, "f1-score": 0.11433597185576078, "support": 1121.0}, "9": {"precision": 0.13391877058177826, "recall": 0.08646350106307583, "f1-score": 0.10508182601205858, "support": 1411.0}, "10": {"precision": 0.11751326762699014, "recall": 0.09748427672955975, "f1-score": 0.1065658301821932, "support": 1590.0}, "11": {"precision": 0.12133072407045009, "recall": 0.06866002214839424, "f1-score": 0.0876944837340877, "support": 1806.0}, "12": {"precision": 0.10150375939849623, "recall": 0.05546995377503852, "f1-score": 0.07173696446363334, "support": 1947.0}, "13": {"precision": 0.11162551440329219, "recall": 0.11214470284237726, "f1-score": 0.11188450631606084, "support": 1935.0}, "14": {"precision": 0.10443037974683544, "recall": 0.1382198952879581, "f1-score": 0.11897251013970257, "support": 1910.0}, "15": {"precision": 0.09177820267686425, "recall": 0.12480499219968799, "f1-score": 0.10577346848832085, "support": 1923.0}, "16": {"precision": 0.1050925925925926, "recall": 0.12832108535895986, "f1-score": 0.11555103079664036, "support": 1769.0}, "17": {"precision": 0.10714285714285714, "recall": 0.13027295285359802, "f1-score": 0.11758118701007837, "support": 1612.0}, "18": {"precision": 0.11404087013843112, "recall": 0.12446043165467625, "f1-score": 0.11902304781561748, "support": 1390.0}, "19": {"precision": 0.08860759493670886, "recall": 0.08641975308641975, "f1-score": 0.0875, "support": 1134.0}, "20": {"precision": 0.1095890410958904, "recall": 0.08117249154453213, "f1-score": 0.09326424870466321, "support": 887.0}, "21": {"precision": 0.10050251256281408, "recall": 0.055944055944055944, "f1-score": 0.07187780772686432, "support": 715.0}, "22": {"precision": 0.07648183556405354, "recall": 0.07434944237918216, "f1-score": 0.07540056550424128, "support": 538.0}, "23": {"precision": 0.09925558312655088, "recall": 0.10582010582010581, "f1-score": 0.10243277848911651, "support": 378.0}, "24": {"precision": 0.10679611650485436, "recall": 0.0859375, "f1-score": 0.09523809523809523, "support": 256.0}, "25": {"precision": 0.17333333333333334, "recall": 0.16560509554140126, "f1-score": 0.1693811074918567, "support": 157.0}, "26": {"precision": 0.0625, "recall": 0.05, "f1-score": 0.05555555555555556, "support": 80.0}, "27": {"precision": 0.0, "recall": 0.0, "f1-score": 0.0, "support": 30.0}, "accuracy": 0.1032421875, "macro avg": {"precision": 0.09264662222028308, "recall": 0.09578038020790233, "f1-score": 0.09141448913211278, "support": 25600.0}, "weighted avg": {"precision": 0.10588844536303403, "recall": 0.1032421875, "f1-score": 0.10209448506096253, "support": 25600.0}}