{"0": {"precision": 0.0, "recall": 0.0, "f1-score": 0.0, "support": 24.0}, "1": {"precision": 0.4076923076923077, "recall": 0.6309523809523809, "f1-score": 0.4953271028037383, "support": 84.0}, "2": {"precision": 0.40601503759398494, "recall": 0.3829787234042553, "f1-score": 0.39416058394160586, "support": 141.0}, "3": {"precision": 0.5133079847908745, "recall": 0.5133079847908745, "f1-score": 0.5133079847908745, "support": 263.0}, "4": {"precision": 0.4785714285714286, "recall": 0.3358395989974937, "f1-score": 0.3946980854197349, "support": 399.0}, "5": {"precision": 0.5181818181818182, "recall": 0.32695984703632885, "f1-score": 0.40093786635404455, "support": 523.0}, "6": {"precision": 0.4627906976744186, "recall": 0.2794943820224719, "f1-score": 0.34851138353765326, "support": 712.0}, "7": {"precision": 0.40222575516693165, "recall": 0.5377258235919234, "f1-score": 0.4602091859936335, "support": 941.0}, "8": {"precision": 0.4093886462882096, "recall": 0.319693094629156, "f1-score": 0.35902345619913834, "support": 1173.0}, "9": {"precision": 0.43455497382198954, "recall": 0.4630404463040446, "f1-score": 0.4483457123565159, "support": 1434.0}, "10": {"precision": 0.32465373961218835, "recall": 0.35558252427184467, "f1-score": 0.33941500144801623, "support": 1648.0}, "11": {"precision": 0.4877899877899878, "recall": 0.45787965616045845, "f1-score": 0.4723618090452261, "support": 1745.0}, "12": {"precision": 0.36294092647683807, "recall": 0.4623714131023281, "f1-score": 0.4066666666666667, "support": 1847.0}, "13": {"precision": 0.5107784431137724, "recall": 0.438560411311054, "f1-score": 0.4719225449515906, "support": 1945.0}, "14": {"precision": 0.45702005730659023, "recall": 0.5042149631190727, "f1-score": 0.4794589178356713, "support": 1898.0}, "15": {"precision": 0.4070294784580499, "recall": 0.5497702909647779, "f1-score": 0.4677524429967426, "support": 1959.0}, "16": {"precision": 0.5226666666666666, "recall": 0.4508338125359402, "f1-score": 0.48410003087372644, "support": 1739.0}, "17": {"precision": 0.47772137619853355, "recall": 0.533375314861461, "f1-score": 0.504016661707825, "support": 1588.0}, "18": {"precision": 0.35758953951108585, "recall": 0.4442090395480226, "f1-score": 0.3962204724409449, "support": 1416.0}, "19": {"precision": 0.3833693304535637, "recall": 0.3201082055906222, "f1-score": 0.34889434889434895, "support": 1109.0}, "20": {"precision": 0.4050464807436919, "recall": 0.3481735159817352, "f1-score": 0.37446286065070594, "support": 876.0}, "21": {"precision": 0.35431654676258995, "recall": 0.27399165507649514, "f1-score": 0.30901960784313726, "support": 719.0}, "22": {"precision": 0.4411764705882353, "recall": 0.29469548133595286, "f1-score": 0.35335689045936397, "support": 509.0}, "23": {"precision": 0.27636363636363637, "recall": 0.19487179487179487, "f1-score": 0.22857142857142856, "support": 390.0}, "24": {"precision": 0.415929203539823, "recall": 0.1709090909090909, "f1-score": 0.24226804123711337, "support": 275.0}, "25": {"precision": 0.30434782608695654, "recall": 0.19310344827586207, "f1-score": 0.23628691983122363, "support": 145.0}, "26": {"precision": 0.36363636363636365, "recall": 0.10810810810810811, "f1-score": 0.16666666666666669, "support": 74.0}, "27": {"precision": 0.35294117647058826, "recall": 0.25, "f1-score": 0.2926829268292683, "support": 24.0}, "accuracy": 0.4237890625, "macro avg": {"precision": 0.40135878212718307, "recall": 0.36216967884834117, "f1-score": 0.37102305715523587, "support": 25600.0}, "weighted avg": {"precision": 0.4277148835426747, "recall": 0.4237890625, "f1-score": 0.4200487480173534, "support": 25600.0}}