{"0": {"precision": 0.0, "recall": 0.0, "f1-score": 0.0, "support": 17.0}, "1": {"precision": 0.7662337662337663, "recall": 0.855072463768116, "f1-score": 0.8082191780821918, "support": 69.0}, "2": {"precision": 0.5373665480427047, "recall": 0.993421052631579, "f1-score": 0.697459584295612, "support": 152.0}, "3": {"precision": 0.5156794425087108, "recall": 0.5522388059701493, "f1-score": 0.5333333333333333, "support": 268.0}, "4": {"precision": 0.9299610894941635, "recall": 0.6322751322751323, "f1-score": 0.7527559055118112, "support": 378.0}, "5": {"precision": 0.9006849315068494, "recall": 0.9669117647058824, "f1-score": 0.9326241134751773, "support": 544.0}, "6": {"precision": 0.8876404494382022, "recall": 0.9245773732119635, "f1-score": 0.905732484076433, "support": 769.0}, "7": {"precision": 0.8866442199775533, "recall": 0.8977272727272727, "f1-score": 0.8921513269339356, "support": 880.0}, "8": {"precision": 0.950316169828365, "recall": 0.9124024284475282, "f1-score": 0.9309734513274336, "support": 1153.0}, "9": {"precision": 0.9771754636233951, "recall": 0.9614035087719298, "f1-score": 0.969225327201981, "support": 1425.0}, "10": {"precision": 0.9802224969097652, "recall": 0.9802224969097652, "f1-score": 0.9802224969097652, "support": 1618.0}, "11": {"precision": 0.991907514450867, "recall": 0.9816933638443935, "f1-score": 0.9867740080506038, "support": 1748.0}, "12": {"precision": 0.9983731019522777, "recall": 0.9924528301886792, "f1-score": 0.9954041632873749, "support": 1855.0}, "13": {"precision": 1.0, "recall": 0.9984407484407485, "f1-score": 0.9992197659297789, "support": 1924.0}, "14": {"precision": 1.0, "recall": 1.0, "f1-score": 1.0, "support": 1965.0}, "15": {"precision": 1.0, "recall": 1.0, "f1-score": 1.0, "support": 1808.0}, "16": {"precision": 1.0, "recall": 1.0, "f1-score": 1.0, "support": 1813.0}, "17": {"precision": 1.0, "recall": 1.0, "f1-score": 1.0, "support": 1610.0}, "18": {"precision": 1.0, "recall": 0.9956553222302679, "f1-score": 0.9978229317851959, "support": 1381.0}, "19": {"precision": 0.9946855624446412, "recall": 0.967269595176572, "f1-score": 0.9807860262008734, "support": 1161.0}, "20": {"precision": 0.9590958019375673, "recall": 0.9359243697478992, "f1-score": 0.9473684210526315, "support": 952.0}, "21": {"precision": 0.9164383561643835, "recall": 0.9409282700421941, "f1-score": 0.9285218598195698, "support": 711.0}, "22": {"precision": 0.896551724137931, "recall": 0.7489711934156379, "f1-score": 0.8161434977578477, "support": 486.0}, "23": {"precision": 0.7046004842615012, "recall": 0.7202970297029703, "f1-score": 0.7123623011015912, "support": 404.0}, "24": {"precision": 0.5645756457564576, "recall": 0.6566523605150214, "f1-score": 0.6071428571428572, "support": 233.0}, "25": {"precision": 0.6200873362445415, "recall": 0.8068181818181818, "f1-score": 0.7012345679012346, "support": 176.0}, "26": {"precision": 0.5370370370370371, "recall": 0.4084507042253521, "f1-score": 0.464, "support": 71.0}, "27": {"precision": 0.4264705882352941, "recall": 1.0, "f1-score": 0.5979381443298969, "support": 29.0}, "accuracy": 0.95203125, "macro avg": {"precision": 0.8193481332209276, "recall": 0.85106450959883, "f1-score": 0.8263362766252547, "support": 25600.0}, "weighted avg": {"precision": 0.9558264292174152, "recall": 0.95203125, "f1-score": 0.9526165515805289, "support": 25600.0}}