{"0": {"precision": 0.0, "recall": 0.0, "f1-score": 0.0, "support": 18.0}, "1": {"precision": 0.5555555555555556, "recall": 0.24691358024691357, "f1-score": 0.3418803418803419, "support": 81.0}, "2": {"precision": 0.5051546391752577, "recall": 1.0, "f1-score": 0.6712328767123288, "support": 147.0}, "3": {"precision": 0.4952978056426332, "recall": 0.6610878661087866, "f1-score": 0.5663082437275985, "support": 239.0}, "4": {"precision": 0.8083333333333333, "recall": 0.5464788732394367, "f1-score": 0.6521008403361346, "support": 355.0}, "5": {"precision": 0.8976234003656307, "recall": 0.9143389199255121, "f1-score": 0.9059040590405903, "support": 537.0}, "6": {"precision": 0.7694235588972431, "recall": 0.9164179104477612, "f1-score": 0.8365122615803815, "support": 670.0}, "7": {"precision": 0.7729672650475184, "recall": 0.7991266375545851, "f1-score": 0.785829307568438, "support": 916.0}, "8": {"precision": 0.8503803888419273, "recall": 0.823914823914824, "f1-score": 0.8369384359401, "support": 1221.0}, "9": {"precision": 0.9030837004405287, "recall": 0.8742004264392325, "f1-score": 0.8884073672806067, "support": 1407.0}, "10": {"precision": 0.914375, "recall": 0.9172413793103448, "f1-score": 0.9158059467918622, "support": 1595.0}, "11": {"precision": 0.9122222222222223, "recall": 0.9229904440697021, "f1-score": 0.9175747415479184, "support": 1779.0}, "12": {"precision": 0.970341354224958, "recall": 0.9164904862579282, "f1-score": 0.9426474585485186, "support": 1892.0}, "13": {"precision": 0.9834110938310006, "recall": 0.9728205128205129, "f1-score": 0.9780871358597578, "support": 1950.0}, "14": {"precision": 1.0, "recall": 0.982821447162936, "f1-score": 0.991336308742452, "support": 1921.0}, "15": {"precision": 0.9994869163673679, "recall": 1.0, "f1-score": 0.9997433923530921, "support": 1948.0}, "16": {"precision": 1.0, "recall": 0.9971048060220035, "f1-score": 0.9985503044360684, "support": 1727.0}, "17": {"precision": 0.9969116738727609, "recall": 0.9932307692307693, "f1-score": 0.9950678175092478, "support": 1625.0}, "18": {"precision": 0.991747936984246, "recall": 0.9565846599131693, "f1-score": 0.9738489871086556, "support": 1382.0}, "19": {"precision": 0.9475982532751092, "recall": 0.9019118869492935, "f1-score": 0.924190800681431, "support": 1203.0}, "20": {"precision": 0.8814070351758794, "recall": 0.9300106044538706, "f1-score": 0.9050567595459236, "support": 943.0}, "21": {"precision": 0.9085872576177285, "recall": 0.9331436699857752, "f1-score": 0.9207017543859648, "support": 703.0}, "22": {"precision": 0.8853658536585366, "recall": 0.7378048780487805, "f1-score": 0.8048780487804879, "support": 492.0}, "23": {"precision": 0.6791044776119403, "recall": 0.7036082474226805, "f1-score": 0.6911392405063291, "support": 388.0}, "24": {"precision": 0.5064377682403434, "recall": 0.5412844036697247, "f1-score": 0.5232815964523281, "support": 218.0}, "25": {"precision": 0.5190476190476191, "recall": 0.7730496453900709, "f1-score": 0.6210826210826211, "support": 141.0}, "26": {"precision": 0.4827586206896552, "recall": 0.358974358974359, "f1-score": 0.4117647058823529, "support": 78.0}, "27": {"precision": 0.32, "recall": 1.0, "f1-score": 0.48484848484848486, "support": 24.0}, "accuracy": 0.9123046875, "macro avg": {"precision": 0.7663079546471069, "recall": 0.797198258484249, "f1-score": 0.767311422826072, "support": 25600.0}, "weighted avg": {"precision": 0.9178667509909938, "recall": 0.9123046875, "f1-score": 0.9131629579664456, "support": 25600.0}}