{"0": {"precision": 0.0, "recall": 0.0, "f1-score": 0.0, "support": 27.0}, "1": {"precision": 0.4146341463414634, "recall": 0.265625, "f1-score": 0.3238095238095238, "support": 64.0}, "2": {"precision": 0.5728155339805825, "recall": 0.7421383647798742, "f1-score": 0.6465753424657533, "support": 159.0}, "3": {"precision": 0.74, "recall": 0.6702898550724637, "f1-score": 0.7034220532319393, "support": 276.0}, "4": {"precision": 0.7096774193548387, "recall": 0.859375, "f1-score": 0.7773851590106007, "support": 384.0}, "5": {"precision": 0.7622950819672131, "recall": 0.7322834645669292, "f1-score": 0.746987951807229, "support": 508.0}, "6": {"precision": 0.702819956616052, "recall": 0.8515111695137977, "f1-score": 0.770053475935829, "support": 761.0}, "7": {"precision": 0.7269874476987448, "recall": 0.7756696428571429, "f1-score": 0.7505399568034556, "support": 896.0}, "8": {"precision": 0.8353174603174603, "recall": 0.7626811594202898, "f1-score": 0.7973484848484849, "support": 1104.0}, "9": {"precision": 0.8137573004542504, "recall": 0.8830985915492958, "f1-score": 0.8470111448834853, "support": 1420.0}, "10": {"precision": 0.8571428571428571, "recall": 0.8279702970297029, "f1-score": 0.842304060434372, "support": 1616.0}, "11": {"precision": 0.8928369994359842, "recall": 0.8765227021040974, "f1-score": 0.8846046381670858, "support": 1806.0}, "12": {"precision": 0.9559322033898305, "recall": 0.8990435706695006, "f1-score": 0.9266155531215773, "support": 1882.0}, "13": {"precision": 0.9488126649076517, "recall": 0.9584221748400853, "f1-score": 0.9535932113497746, "support": 1876.0}, "14": {"precision": 0.9803171131765992, "recall": 0.9412073490813648, "f1-score": 0.9603642206748795, "support": 1905.0}, "15": {"precision": 0.9511802575107297, "recall": 0.9736408566721582, "f1-score": 0.9622795115332429, "support": 1821.0}, "16": {"precision": 0.9782863849765259, "recall": 0.9487763232783153, "f1-score": 0.9633054030626986, "support": 1757.0}, "17": {"precision": 0.9850187265917603, "recall": 0.9633699633699634, "f1-score": 0.9740740740740741, "support": 1638.0}, "18": {"precision": 0.9711751662971175, "recall": 0.8938775510204081, "f1-score": 0.9309245483528161, "support": 1470.0}, "19": {"precision": 0.8687552921253175, "recall": 0.9144385026737968, "f1-score": 0.8910117238384716, "support": 1122.0}, "20": {"precision": 0.8736532810969637, "recall": 0.9570815450643777, "f1-score": 0.9134664618535586, "support": 932.0}, "21": {"precision": 0.8873812754409769, "recall": 0.9108635097493036, "f1-score": 0.8989690721649484, "support": 718.0}, "22": {"precision": 0.8260038240917782, "recall": 0.8105065666041276, "f1-score": 0.8181818181818182, "support": 533.0}, "23": {"precision": 0.6610576923076923, "recall": 0.7124352331606217, "f1-score": 0.6857855361596009, "support": 386.0}, "24": {"precision": 0.5868725868725869, "recall": 0.5187713310580204, "f1-score": 0.5507246376811595, "support": 293.0}, "25": {"precision": 0.5114942528735632, "recall": 0.5855263157894737, "f1-score": 0.5460122699386503, "support": 152.0}, "26": {"precision": 0.5555555555555556, "recall": 0.136986301369863, "f1-score": 0.21978021978021975, "support": 73.0}, "27": {"precision": 0.4186046511627907, "recall": 0.8571428571428571, "f1-score": 0.5625000000000001, "support": 21.0}, "accuracy": 0.8806640625, "macro avg": {"precision": 0.7495851832745318, "recall": 0.7581876856584938, "f1-score": 0.7445582161844733, "support": 25600.0}, "weighted avg": {"precision": 0.8829045475125555, "recall": 0.8806640625, "f1-score": 0.8803375226268869, "support": 25600.0}}