{"0": {"precision": 0.0, "recall": 0.0, "f1-score": 0.0, "support": 26.0}, "1": {"precision": 0.7204301075268817, "recall": 1.0, "f1-score": 0.8375, "support": 67.0}, "2": {"precision": 0.6818181818181818, "recall": 1.0, "f1-score": 0.8108108108108109, "support": 165.0}, "3": {"precision": 0.7853658536585366, "recall": 0.6764705882352942, "f1-score": 0.72686230248307, "support": 238.0}, "4": {"precision": 1.0, "recall": 0.8848167539267016, "f1-score": 0.9388888888888889, "support": 382.0}, "5": {"precision": 0.9864864864864865, "recall": 1.0, "f1-score": 0.9931972789115647, "support": 511.0}, "6": {"precision": 0.9860724233983287, "recall": 0.9902097902097902, "f1-score": 0.9881367759944173, "support": 715.0}, "7": {"precision": 0.9787018255578094, "recall": 0.9897435897435898, "f1-score": 0.9841917389087201, "support": 975.0}, "8": {"precision": 0.9954545454545455, "recall": 0.9811827956989247, "f1-score": 0.9882671480144406, "support": 1116.0}, "9": {"precision": 0.9972144846796658, "recall": 0.9965205288796103, "f1-score": 0.9968673860076576, "support": 1437.0}, "10": {"precision": 0.9987893462469734, "recall": 0.9975816203143894, "f1-score": 0.9981851179673321, "support": 1654.0}, "11": {"precision": 0.995609220636663, "recall": 0.998898678414097, "f1-score": 0.9972512369433755, "support": 1816.0}, "12": {"precision": 1.0, "recall": 0.995656894679696, "f1-score": 0.9978237214363439, "support": 1842.0}, "13": {"precision": 1.0, "recall": 1.0, "f1-score": 1.0, "support": 1888.0}, "14": {"precision": 1.0, "recall": 1.0, "f1-score": 1.0, "support": 1957.0}, "15": {"precision": 1.0, "recall": 1.0, "f1-score": 1.0, "support": 1831.0}, "16": {"precision": 1.0, "recall": 1.0, "f1-score": 1.0, "support": 1786.0}, "17": {"precision": 1.0, "recall": 1.0, "f1-score": 1.0, "support": 1588.0}, "18": {"precision": 1.0, "recall": 1.0, "f1-score": 1.0, "support": 1407.0}, "19": {"precision": 1.0, "recall": 0.997270245677889, "f1-score": 0.9986332574031891, "support": 1099.0}, "20": {"precision": 0.9967707212055974, "recall": 0.9967707212055974, "f1-score": 0.9967707212055974, "support": 929.0}, "21": {"precision": 0.9961734693877551, "recall": 0.9987212276214834, "f1-score": 0.9974457215836526, "support": 782.0}, "22": {"precision": 0.9974293059125964, "recall": 0.7238805970149254, "f1-score": 0.8389189189189189, "support": 536.0}, "23": {"precision": 0.6533957845433255, "recall": 0.7265625, "f1-score": 0.6880394574599259, "support": 384.0}, "24": {"precision": 0.5434782608695652, "recall": 0.5387931034482759, "f1-score": 0.5411255411255411, "support": 232.0}, "25": {"precision": 0.49765258215962443, "recall": 0.7412587412587412, "f1-score": 0.5955056179775281, "support": 143.0}, "26": {"precision": 0.3392857142857143, "recall": 0.2676056338028169, "f1-score": 0.2992125984251969, "support": 71.0}, "27": {"precision": 0.30666666666666664, "recall": 1.0, "f1-score": 0.4693877551020408, "support": 23.0}, "accuracy": 0.97421875, "macro avg": {"precision": 0.8377426778748186, "recall": 0.8750694289332793, "f1-score": 0.8458222141274362, "support": 25600.0}, "weighted avg": {"precision": 0.9771067420043797, "recall": 0.97421875, "f1-score": 0.974518849704424, "support": 25600.0}}