{"0": {"precision": 0.0, "recall": 0.0, "f1-score": 0.0, "support": 25.0}, "1": {"precision": 0.43333333333333335, "recall": 0.3291139240506329, "f1-score": 0.37410071942446044, "support": 79.0}, "2": {"precision": 0.3617021276595745, "recall": 0.21656050955414013, "f1-score": 0.2709163346613546, "support": 157.0}, "3": {"precision": 0.48717948717948717, "recall": 0.3153526970954357, "f1-score": 0.3828715365239294, "support": 241.0}, "4": {"precision": 0.4233576642335766, "recall": 0.3143631436314363, "f1-score": 0.3608087091757387, "support": 369.0}, "5": {"precision": 0.3398876404494382, "recall": 0.22120658135283364, "f1-score": 0.26799557032115173, "support": 547.0}, "6": {"precision": 0.43333333333333335, "recall": 0.30101302460202606, "f1-score": 0.35525192143467127, "support": 691.0}, "7": {"precision": 0.2761061946902655, "recall": 0.5336374002280502, "f1-score": 0.36391912908242613, "support": 877.0}, "8": {"precision": 0.26232741617357, "recall": 0.11525129982668977, "f1-score": 0.16014449127031907, "support": 1154.0}, "9": {"precision": 0.29161290322580646, "recall": 0.31608391608391606, "f1-score": 0.30335570469798656, "support": 1430.0}, "10": {"precision": 0.28060724779627816, "recall": 0.34685230024213076, "f1-score": 0.31023280996210073, "support": 1652.0}, "11": {"precision": 0.37604245640636846, "recall": 0.27479224376731304, "f1-score": 0.31754161331626124, "support": 1805.0}, "12": {"precision": 0.2959542656112577, "recall": 0.3724405091311566, "f1-score": 0.32982112227395244, "support": 1807.0}, "13": {"precision": 0.588937093275488, "recall": 0.28340292275574114, "f1-score": 0.38266384778012685, "support": 1916.0}, "14": {"precision": 0.4920721705850191, "recall": 0.46607975142413255, "f1-score": 0.4787234042553191, "support": 1931.0}, "15": {"precision": 0.22847608453837598, "recall": 0.548025613660619, "f1-score": 0.3224996074737007, "support": 1874.0}, "16": {"precision": 0.4255181347150259, "recall": 0.38601645123384254, "f1-score": 0.4048059149722736, "support": 1702.0}, "17": {"precision": 0.3574007220216607, "recall": 0.3680297397769517, "f1-score": 0.3626373626373626, "support": 1614.0}, "18": {"precision": 0.43630573248407645, "recall": 0.3829489867225716, "f1-score": 0.40788983997022704, "support": 1431.0}, "19": {"precision": 0.2432179607109448, "recall": 0.2276707530647986, "f1-score": 0.23518769787426505, "support": 1142.0}, "20": {"precision": 0.28226652675760755, "recall": 0.2807933194154488, "f1-score": 0.2815279958137101, "support": 958.0}, "21": {"precision": 0.3850415512465374, "recall": 0.18607764390896922, "f1-score": 0.2509025270758123, "support": 747.0}, "22": {"precision": 0.4482758620689655, "recall": 0.21507352941176472, "f1-score": 0.2906832298136646, "support": 544.0}, "23": {"precision": 0.358695652173913, "recall": 0.1746031746031746, "f1-score": 0.23487544483985762, "support": 378.0}, "24": {"precision": 0.363013698630137, "recall": 0.19924812030075187, "f1-score": 0.25728155339805825, "support": 266.0}, "25": {"precision": 0.3132530120481928, "recall": 0.174496644295302, "f1-score": 0.22413793103448276, "support": 149.0}, "26": {"precision": 0.5714285714285714, "recall": 0.09090909090909091, "f1-score": 0.1568627450980392, "support": 88.0}, "27": {"precision": 0.5, "recall": 0.19230769230769232, "f1-score": 0.2777777777777778, "support": 26.0}, "accuracy": 0.33546875, "macro avg": {"precision": 0.3662623872420288, "recall": 0.2797268208341647, "f1-score": 0.29876487649853684, "support": 25600.0}, "weighted avg": {"precision": 0.3649586240470411, "recall": 0.33546875, "f1-score": 0.3329845216192989, "support": 25600.0}}