{"0": {"precision": 0.07692307692307693, "recall": 0.037037037037037035, "f1-score": 0.05, "support": 27}, "1": {"precision": 0.14285714285714285, "recall": 0.041666666666666664, "f1-score": 0.06451612903225806, "support": 72}, "2": {"precision": 0.0821917808219178, "recall": 0.1016949152542373, "f1-score": 0.09090909090909091, "support": 177}, "3": {"precision": 0.1111111111111111, "recall": 0.08856088560885608, "f1-score": 0.09856262833675564, "support": 271}, "4": {"precision": 0.12307692307692308, "recall": 0.09925558312655088, "f1-score": 0.1098901098901099, "support": 403}, "5": {"precision": 0.1056338028169014, "recall": 0.08754863813229571, "f1-score": 0.09574468085106383, "support": 514}, "6": {"precision": 0.08198614318706697, "recall": 0.10581222056631892, "f1-score": 0.09238776837996096, "support": 671}, "7": {"precision": 0.07839866555462886, "recall": 0.09978768577494693, "f1-score": 0.08780943484353107, "support": 942}, "8": {"precision": 0.10554371002132196, "recall": 0.09074243813015583, "f1-score": 0.09758501724987678, "support": 1091}, "9": {"precision": 0.09542743538767395, "recall": 0.09809264305177112, "f1-score": 0.0967416862613369, "support": 1468}, "10": {"precision": 0.08591282375236892, "recall": 0.08168168168168168, "f1-score": 0.08374384236453201, "support": 1665}, "11": {"precision": 0.09550118389897395, "recall": 0.07232516437537358, "f1-score": 0.08231292517006802, "support": 1673}, "12": {"precision": 0.09567010309278351, "recall": 0.12649945474372956, "f1-score": 0.10894576191594271, "support": 1834}, "13": {"precision": 0.09055118110236221, "recall": 0.06033578174186779, "f1-score": 0.07241813602015114, "support": 1906}, "14": {"precision": 0.09633312616532007, "recall": 0.08077123501823867, "f1-score": 0.08786848072562359, "support": 1919}, "15": {"precision": 0.08617988091507364, "recall": 0.14458464773922186, "f1-score": 0.1079913606911447, "support": 1902}, "16": {"precision": 0.11651131824234354, "recall": 0.09864712514092447, "f1-score": 0.10683760683760683, "support": 1774}, "17": {"precision": 0.10537482319660538, "recall": 0.0918052988293284, "f1-score": 0.09812314784326638, "support": 1623}, "18": {"precision": 0.1085665818490246, "recall": 0.09026798307475317, "f1-score": 0.09857527916827108, "support": 1418}, "19": {"precision": 0.09680365296803653, "recall": 0.09217391304347826, "f1-score": 0.09443207126948776, "support": 1150}, "20": {"precision": 0.07814761215629522, "recall": 0.11790393013100436, "f1-score": 0.0939947780678851, "support": 916}, "21": {"precision": 0.11253561253561253, "recall": 0.10748299319727891, "f1-score": 0.10995128740431455, "support": 735}, "22": {"precision": 0.14545454545454545, "recall": 0.0855614973262032, "f1-score": 0.10774410774410774, "support": 561}, "23": {"precision": 0.12863070539419086, "recall": 0.07908163265306123, "f1-score": 0.09794628751974724, "support": 392}, "24": {"precision": 0.12040133779264214, "recall": 0.1469387755102041, "f1-score": 0.13235294117647062, "support": 245}, "25": {"precision": 0.05, "recall": 0.10135135135135136, "f1-score": 0.06696428571428571, "support": 148}, "26": {"precision": 0.07547169811320754, "recall": 0.05555555555555555, "f1-score": 0.06399999999999999, "support": 72}, "27": {"precision": 0.07692307692307693, "recall": 0.06451612903225806, "f1-score": 0.07017543859649122, "support": 31}, "accuracy": 0.095859375, "macro avg": {"precision": 0.09886139483250812, "recall": 0.09098867369622679, "f1-score": 0.09173301014226357, "support": 25600}, "weighted avg": {"precision": 0.09838615983096188, "recall": 0.095859375, "f1-score": 0.09517645655223644, "support": 25600}}