{"1": {"precision": 1.0, "recall": 1.0, "f1-score": 1.0, "support": 1.0}, "2": {"precision": 0.125, "recall": 1.0, "f1-score": 0.2222222222222222, "support": 1.0}, "3": {"precision": 0.2222222222222222, "recall": 0.2222222222222222, "f1-score": 0.2222222222222222, "support": 9.0}, "4": {"precision": 0.8, "recall": 0.36363636363636365, "f1-score": 0.5000000000000001, "support": 11.0}, "5": {"precision": 0.9545454545454546, "recall": 0.9545454545454546, "f1-score": 0.9545454545454546, "support": 22.0}, "6": {"precision": 0.875, "recall": 0.9545454545454546, "f1-score": 0.9130434782608695, "support": 22.0}, "7": {"precision": 0.9142857142857143, "recall": 0.9142857142857143, "f1-score": 0.9142857142857143, "support": 35.0}, "8": {"precision": 0.8833333333333333, "recall": 0.9464285714285714, "f1-score": 0.9137931034482758, "support": 56.0}, "9": {"precision": 1.0, "recall": 0.9066666666666666, "f1-score": 0.9510489510489509, "support": 75.0}, "10": {"precision": 1.0, "recall": 1.0, "f1-score": 1.0, "support": 70.0}, "11": {"precision": 1.0, "recall": 1.0, "f1-score": 1.0, "support": 75.0}, "12": {"precision": 1.0, "recall": 1.0, "f1-score": 1.0, "support": 71.0}, "13": {"precision": 1.0, "recall": 1.0, "f1-score": 1.0, "support": 81.0}, "14": {"precision": 1.0, "recall": 1.0, "f1-score": 1.0, "support": 77.0}, "15": {"precision": 1.0, "recall": 1.0, "f1-score": 1.0, "support": 66.0}, "16": {"precision": 1.0, "recall": 1.0, "f1-score": 1.0, "support": 71.0}, "17": {"precision": 1.0, "recall": 1.0, "f1-score": 1.0, "support": 61.0}, "18": {"precision": 1.0, "recall": 1.0, "f1-score": 1.0, "support": 47.0}, "19": {"precision": 1.0, "recall": 0.9761904761904762, "f1-score": 0.9879518072289156, "support": 42.0}, "20": {"precision": 0.96875, "recall": 0.96875, "f1-score": 0.96875, "support": 32.0}, "21": {"precision": 0.9642857142857143, "recall": 0.9, "f1-score": 0.9310344827586207, "support": 30.0}, "22": {"precision": 0.8333333333333334, "recall": 0.8823529411764706, "f1-score": 0.8571428571428571, "support": 17.0}, "23": {"precision": 0.7142857142857143, "recall": 0.5555555555555556, "f1-score": 0.6250000000000001, "support": 9.0}, "24": {"precision": 0.6923076923076923, "recall": 0.6, "f1-score": 0.6428571428571429, "support": 15.0}, "25": {"precision": 0.14285714285714285, "recall": 1.0, "f1-score": 0.25, "support": 1.0}, "26": {"precision": 1.0, "recall": 1.0, "f1-score": 1.0, "support": 3.0}, "accuracy": 0.954, "macro avg": {"precision": 0.8496233200560124, "recall": 0.8901992084712673, "f1-score": 0.8405345167700479, "support": 1000.0}, "weighted avg": {"precision": 0.9636929487179487, "recall": 0.954, "f1-score": 0.9568245599663949, "support": 1000.0}}