{"1": {"precision": 1.0, "recall": 1.0, "f1-score": 1.0, "support": 1.0}, "2": {"precision": 0.6, "recall": 1.0, "f1-score": 0.7499999999999999, "support": 3.0}, "3": {"precision": 0.38461538461538464, "recall": 0.7142857142857143, "f1-score": 0.5, "support": 7.0}, "4": {"precision": 0.75, "recall": 0.5294117647058824, "f1-score": 0.6206896551724139, "support": 17.0}, "5": {"precision": 0.9166666666666666, "recall": 0.88, "f1-score": 0.8979591836734694, "support": 25.0}, "6": {"precision": 0.7241379310344828, "recall": 0.9130434782608695, "f1-score": 0.8076923076923076, "support": 23.0}, "7": {"precision": 0.8205128205128205, "recall": 0.8, "f1-score": 0.810126582278481, "support": 40.0}, "8": {"precision": 0.8888888888888888, "recall": 0.851063829787234, "f1-score": 0.8695652173913044, "support": 47.0}, "9": {"precision": 0.9649122807017544, "recall": 0.9166666666666666, "f1-score": 0.9401709401709402, "support": 60.0}, "10": {"precision": 0.9696969696969697, "recall": 0.9696969696969697, "f1-score": 0.9696969696969697, "support": 66.0}, "11": {"precision": 0.9830508474576272, "recall": 0.9666666666666667, "f1-score": 0.9747899159663865, "support": 60.0}, "12": {"precision": 1.0, "recall": 0.9859154929577465, "f1-score": 0.9929078014184397, "support": 71.0}, "13": {"precision": 1.0, "recall": 1.0, "f1-score": 1.0, "support": 73.0}, "14": {"precision": 1.0, "recall": 1.0, "f1-score": 1.0, "support": 62.0}, "15": {"precision": 1.0, "recall": 1.0, "f1-score": 1.0, "support": 79.0}, "16": {"precision": 1.0, "recall": 1.0, "f1-score": 1.0, "support": 76.0}, "17": {"precision": 1.0, "recall": 1.0, "f1-score": 1.0, "support": 83.0}, "18": {"precision": 1.0, "recall": 0.9655172413793104, "f1-score": 0.9824561403508771, "support": 58.0}, "19": {"precision": 0.95, "recall": 0.926829268292683, "f1-score": 0.9382716049382716, "support": 41.0}, "20": {"precision": 0.8888888888888888, "recall": 0.9230769230769231, "f1-score": 0.9056603773584906, "support": 26.0}, "21": {"precision": 0.9, "recall": 0.8571428571428571, "f1-score": 0.8780487804878048, "support": 21.0}, "22": {"precision": 0.896551724137931, "recall": 0.8666666666666667, "f1-score": 0.8813559322033899, "support": 30.0}, "23": {"precision": 0.75, "recall": 0.8, "f1-score": 0.7741935483870969, "support": 15.0}, "24": {"precision": 0.5714285714285714, "recall": 0.6666666666666666, "f1-score": 0.6153846153846153, "support": 6.0}, "25": {"precision": 0.6666666666666666, "recall": 0.6666666666666666, "f1-score": 0.6666666666666666, "support": 6.0}, "26": {"precision": 0.0, "recall": 0.0, "f1-score": 0.0, "support": 2.0}, "27": {"precision": 0.5, "recall": 1.0, "f1-score": 0.6666666666666666, "support": 2.0}, "accuracy": 0.937, "macro avg": {"precision": 0.8194821348406167, "recall": 0.8592339582562786, "f1-score": 0.8311964039223925, "support": 1000.0}, "weighted avg": {"precision": 0.9428264593244414, "recall": 0.937, "f1-score": 0.938513368946104, "support": 1000.0}}