{"0": {"precision": 0.09090909090909091, "recall": 0.04, "f1-score": 0.05555555555555555, "support": 25}, "1": {"precision": 0.1590909090909091, "recall": 0.09333333333333334, "f1-score": 0.11764705882352941, "support": 75}, "2": {"precision": 0.13714285714285715, "recall": 0.17391304347826086, "f1-score": 0.15335463258785945, "support": 138}, "3": {"precision": 0.10480349344978165, "recall": 0.09266409266409266, "f1-score": 0.0983606557377049, "support": 259}, "4": {"precision": 0.09043927648578812, "recall": 0.09090909090909091, "f1-score": 0.09067357512953368, "support": 385}, "5": {"precision": 0.12544802867383512, "recall": 0.11824324324324324, "f1-score": 0.12173913043478261, "support": 592}, "6": {"precision": 0.12278481012658228, "recall": 0.13287671232876713, "f1-score": 0.12763157894736843, "support": 730}, "7": {"precision": 0.10601092896174863, "recall": 0.1056644880174292, "f1-score": 0.10583742498636114, "support": 918}, "8": {"precision": 0.08574091332712022, "recall": 0.08206958073148975, "f1-score": 0.08386508659981767, "support": 1121}, "9": {"precision": 0.10709010339734121, "recall": 0.10111576011157601, "f1-score": 0.10401721664275465, "support": 1434}, "10": {"precision": 0.10076530612244898, "recall": 0.09500901984365605, "f1-score": 0.09780253791395853, "support": 1663}, "11": {"precision": 0.09257206208425721, "recall": 0.0939786156443444, "f1-score": 0.09327003630270873, "support": 1777}, "12": {"precision": 0.10662525879917184, "recall": 0.1138121546961326, "f1-score": 0.11010154997327633, "support": 1810}, "13": {"precision": 0.09626216077828981, "recall": 0.10091250670960816, "f1-score": 0.09853249475890985, "support": 1863}, "14": {"precision": 0.11197110423116616, "recall": 0.11307972902553413, "f1-score": 0.11252268602540837, "support": 1919}, "15": {"precision": 0.1073558648111332, "recall": 0.11855104281009879, "f1-score": 0.11267605633802816, "support": 1822}, "16": {"precision": 0.1022539857064321, "recall": 0.10586226522481502, "f1-score": 0.1040268456375839, "support": 1757}, "17": {"precision": 0.08439897698209718, "recall": 0.0809319435928878, "f1-score": 0.08262910798122065, "support": 1631}, "18": {"precision": 0.09097744360902256, "recall": 0.08667621776504297, "f1-score": 0.08877476155539253, "support": 1396}, "19": {"precision": 0.11004784688995216, "recall": 0.09349593495934959, "f1-score": 0.1010989010989011, "support": 1230}, "20": {"precision": 0.08299595141700405, "recall": 0.09360730593607305, "f1-score": 0.08798283261802575, "support": 876}, "21": {"precision": 0.09244791666666667, "recall": 0.09766162310866575, "f1-score": 0.09498327759197325, "support": 727}, "22": {"precision": 0.125, "recall": 0.1169811320754717, "f1-score": 0.12085769980506823, "support": 530}, "23": {"precision": 0.10451977401129943, "recall": 0.09462915601023018, "f1-score": 0.09932885906040269, "support": 391}, "24": {"precision": 0.11160714285714286, "recall": 0.09328358208955224, "f1-score": 0.10162601626016261, "support": 268}, "25": {"precision": 0.05263157894736842, "recall": 0.0684931506849315, "f1-score": 0.05952380952380952, "support": 146}, "26": {"precision": 0.05, "recall": 0.025, "f1-score": 0.03333333333333333, "support": 80}, "27": {"precision": 0.07692307692307693, "recall": 0.08108108108108109, "f1-score": 0.07894736842105263, "support": 37}, "accuracy": 0.101171875, "macro avg": {"precision": 0.10102913794291371, "recall": 0.09656556450266993, "f1-score": 0.0977392889158744, "support": 25600}, "weighted avg": {"precision": 0.10125076167090544, "recall": 0.101171875, "f1-score": 0.10102157973329323, "support": 25600}}