{"0": {"precision": 0.0, "recall": 0.0, "f1-score": 0.0, "support": 14.0}, "1": {"precision": 0.5185185185185185, "recall": 0.19444444444444445, "f1-score": 0.2828282828282829, "support": 72.0}, "2": {"precision": 0.5192307692307693, "recall": 0.5625, "f1-score": 0.54, "support": 144.0}, "3": {"precision": 0.6534653465346535, "recall": 0.5136186770428015, "f1-score": 0.5751633986928104, "support": 257.0}, "4": {"precision": 0.5588972431077694, "recall": 0.601078167115903, "f1-score": 0.5792207792207792, "support": 371.0}, "5": {"precision": 0.6533333333333333, "recall": 0.5042881646655232, "f1-score": 0.5692158760890609, "support": 583.0}, "6": {"precision": 0.6194805194805195, "recall": 0.6507503410641201, "f1-score": 0.6347305389221557, "support": 733.0}, "7": {"precision": 0.6524701873935264, "recall": 0.8080168776371308, "f1-score": 0.7219604147031102, "support": 948.0}, "8": {"precision": 0.7658536585365854, "recall": 0.7969543147208121, "f1-score": 0.7810945273631841, "support": 1182.0}, "9": {"precision": 0.8040955631399317, "recall": 0.8378378378378378, "f1-score": 0.8206199930337861, "support": 1406.0}, "10": {"precision": 0.8028083028083028, "recall": 0.833861762840837, "f1-score": 0.8180404354587868, "support": 1577.0}, "11": {"precision": 0.8826008428657435, "recall": 0.8315371525808282, "f1-score": 0.8563084112149533, "support": 1763.0}, "12": {"precision": 0.905448717948718, "recall": 0.901595744680851, "f1-score": 0.9035181236673774, "support": 1880.0}, "13": {"precision": 0.9327686606670196, "recall": 0.9031266017426961, "f1-score": 0.9177083333333333, "support": 1951.0}, "14": {"precision": 0.9448275862068966, "recall": 0.9166237776634071, "f1-score": 0.9305120167189133, "support": 1943.0}, "15": {"precision": 0.9038767923526287, "recall": 0.9561797752808989, "f1-score": 0.9292929292929293, "support": 1780.0}, "16": {"precision": 0.9291428571428572, "recall": 0.9124579124579124, "f1-score": 0.9207248018120046, "support": 1782.0}, "17": {"precision": 0.9319826338639653, "recall": 0.8592394929953302, "f1-score": 0.8941339812565082, "support": 1499.0}, "18": {"precision": 0.8830865159781761, "recall": 0.7707482993197279, "f1-score": 0.8231020704685796, "support": 1470.0}, "19": {"precision": 0.732824427480916, "recall": 0.7585601404741001, "f1-score": 0.7454702329594478, "support": 1139.0}, "20": {"precision": 0.676734693877551, "recall": 0.8856837606837606, "f1-score": 0.7672373900971772, "support": 936.0}, "21": {"precision": 0.735474006116208, "recall": 0.663448275862069, "f1-score": 0.6976069615663524, "support": 725.0}, "22": {"precision": 0.5570698466780238, "recall": 0.6566265060240963, "f1-score": 0.6027649769585254, "support": 498.0}, "23": {"precision": 0.5119047619047619, "recall": 0.5011655011655012, "f1-score": 0.5064782096584216, "support": 429.0}, "24": {"precision": 0.4896265560165975, "recall": 0.4555984555984556, "f1-score": 0.472, "support": 259.0}, "25": {"precision": 0.5, "recall": 0.474025974025974, "f1-score": 0.48666666666666664, "support": 154.0}, "26": {"precision": 0.5714285714285714, "recall": 0.05714285714285714, "f1-score": 0.10389610389610389, "support": 70.0}, "27": {"precision": 0.88, "recall": 0.6285714285714286, "f1-score": 0.7333333333333334, "support": 35.0}, "accuracy": 0.8128125, "macro avg": {"precision": 0.6970339611647337, "recall": 0.658417222987118, "f1-score": 0.6647724567575924, "support": 25600.0}, "weighted avg": {"precision": 0.8159928868464553, "recall": 0.8128125, "f1-score": 0.8117927762712535, "support": 25600.0}}