{"0": {"precision": 0.0, "recall": 0.0, "f1-score": 0.0, "support": 1.0}, "1": {"precision": 0.3333333333333333, "recall": 1.0, "f1-score": 0.5, "support": 2.0}, "2": {"precision": 0.0, "recall": 0.0, "f1-score": 0.0, "support": 7.0}, "3": {"precision": 0.45454545454545453, "recall": 0.38461538461538464, "f1-score": 0.41666666666666663, "support": 13.0}, "4": {"precision": 0.5833333333333334, "recall": 0.3333333333333333, "f1-score": 0.4242424242424242, "support": 21.0}, "5": {"precision": 0.3125, "recall": 0.23809523809523808, "f1-score": 0.27027027027027023, "support": 21.0}, "6": {"precision": 0.46153846153846156, "recall": 0.48, "f1-score": 0.47058823529411764, "support": 25.0}, "7": {"precision": 0.42, "recall": 0.5121951219512195, "f1-score": 0.46153846153846156, "support": 41.0}, "8": {"precision": 0.5, "recall": 0.358974358974359, "f1-score": 0.417910447761194, "support": 39.0}, "9": {"precision": 0.5, "recall": 0.6724137931034483, "f1-score": 0.5735294117647058, "support": 58.0}, "10": {"precision": 0.49056603773584906, "recall": 0.41935483870967744, "f1-score": 0.45217391304347826, "support": 62.0}, "11": {"precision": 0.7017543859649122, "recall": 0.5194805194805194, "f1-score": 0.5970149253731343, "support": 77.0}, "12": {"precision": 0.42696629213483145, "recall": 0.5588235294117647, "f1-score": 0.48407643312101917, "support": 68.0}, "13": {"precision": 0.4583333333333333, "recall": 0.4342105263157895, "f1-score": 0.4459459459459459, "support": 76.0}, "14": {"precision": 0.6363636363636364, "recall": 0.5675675675675675, "f1-score": 0.6000000000000001, "support": 74.0}, "15": {"precision": 0.43333333333333335, "recall": 0.6290322580645161, "f1-score": 0.513157894736842, "support": 62.0}, "16": {"precision": 0.6060606060606061, "recall": 0.5555555555555556, "f1-score": 0.5797101449275361, "support": 72.0}, "17": {"precision": 0.46511627906976744, "recall": 0.6779661016949152, "f1-score": 0.5517241379310345, "support": 59.0}, "18": {"precision": 0.2972972972972973, "recall": 0.3548387096774194, "f1-score": 0.3235294117647059, "support": 62.0}, "19": {"precision": 0.32432432432432434, "recall": 0.2553191489361702, "f1-score": 0.28571428571428575, "support": 47.0}, "20": {"precision": 0.2857142857142857, "recall": 0.15384615384615385, "f1-score": 0.2, "support": 39.0}, "21": {"precision": 0.32142857142857145, "recall": 0.36, "f1-score": 0.33962264150943394, "support": 25.0}, "22": {"precision": 0.4, "recall": 0.375, "f1-score": 0.38709677419354843, "support": 16.0}, "23": {"precision": 0.16666666666666666, "recall": 0.0625, "f1-score": 0.09090909090909091, "support": 16.0}, "24": {"precision": 0.5, "recall": 0.25, "f1-score": 0.3333333333333333, "support": 8.0}, "25": {"precision": 0.3333333333333333, "recall": 0.6666666666666666, "f1-score": 0.4444444444444444, "support": 3.0}, "26": {"precision": 0.0, "recall": 0.0, "f1-score": 0.0, "support": 4.0}, "27": {"precision": 1.0, "recall": 0.5, "f1-score": 0.6666666666666666, "support": 2.0}, "accuracy": 0.464, "macro avg": {"precision": 0.4075896059111189, "recall": 0.40427817164284635, "f1-score": 0.38678092718401214, "support": 1000.0}, "weighted avg": {"precision": 0.46492065600161137, "recall": 0.464, "f1-score": 0.4553324828255432, "support": 1000.0}}