{"0": {"precision": 0.2, "recall": 0.08333333333333333, "f1-score": 0.11764705882352941, "support": 24}, "1": {"precision": 0.3673469387755102, "recall": 0.45569620253164556, "f1-score": 0.4067796610169492, "support": 79}, "2": {"precision": 0.42727272727272725, "recall": 0.28484848484848485, "f1-score": 0.3418181818181818, "support": 165}, "3": {"precision": 0.40540540540540543, "recall": 0.3112033195020747, "f1-score": 0.352112676056338, "support": 241}, "4": {"precision": 0.423728813559322, "recall": 0.410958904109589, "f1-score": 0.41724617524339364, "support": 365}, "5": {"precision": 0.46153846153846156, "recall": 0.287292817679558, "f1-score": 0.3541430192962542, "support": 543}, "6": {"precision": 0.401673640167364, "recall": 0.26229508196721313, "f1-score": 0.31735537190082647, "support": 732}, "7": {"precision": 0.35969868173258, "recall": 0.38703140830800403, "f1-score": 0.37286481210346506, "support": 987}, "8": {"precision": 0.2947462154942119, "recall": 0.28682842287694976, "f1-score": 0.2907334211682038, "support": 1154}, "9": {"precision": 0.3410241980866629, "recall": 0.41592312971859985, "f1-score": 0.3747680890538033, "support": 1457}, "10": {"precision": 0.31661971830985913, "recall": 0.3501557632398754, "f1-score": 0.33254437869822484, "support": 1605}, "11": {"precision": 0.42144302090357383, "recall": 0.3561253561253561, "f1-score": 0.38604076590487957, "support": 1755}, "12": {"precision": 0.3855475763016158, "recall": 0.474585635359116, "f1-score": 0.42545814759782064, "support": 1810}, "13": {"precision": 0.4293537787513691, "recall": 0.4119810825013137, "f1-score": 0.42048806650576565, "support": 1903}, "14": {"precision": 0.46937573616018846, "recall": 0.4011071967790639, "f1-score": 0.4325644504748983, "support": 1987}, "15": {"precision": 0.4033953112368634, "recall": 0.5368477676169984, "f1-score": 0.4606508192937918, "support": 1859}, "16": {"precision": 0.4611275964391691, "recall": 0.44197952218430037, "f1-score": 0.4513505663665408, "support": 1758}, "17": {"precision": 0.4125838060856111, "recall": 0.4781829049611476, "f1-score": 0.4429678848283499, "support": 1673}, "18": {"precision": 0.3121661721068249, "recall": 0.38198983297022515, "f1-score": 0.3435662965382103, "support": 1377}, "19": {"precision": 0.31840390879478825, "recall": 0.3469387755102041, "f1-score": 0.33205944798301484, "support": 1127}, "20": {"precision": 0.357429718875502, "recall": 0.20067643742953778, "f1-score": 0.25703971119133573, "support": 887}, "21": {"precision": 0.2915951972555746, "recall": 0.2560240963855422, "f1-score": 0.272654370489174, "support": 664}, "22": {"precision": 0.2702078521939954, "recall": 0.20930232558139536, "f1-score": 0.23588709677419356, "support": 559}, "23": {"precision": 0.30313588850174217, "recall": 0.2396694214876033, "f1-score": 0.26769230769230773, "support": 363}, "24": {"precision": 0.29878048780487804, "recall": 0.17253521126760563, "f1-score": 0.21875, "support": 284}, "25": {"precision": 0.1836734693877551, "recall": 0.055900621118012424, "f1-score": 0.08571428571428572, "support": 161}, "26": {"precision": 0.3448275862068966, "recall": 0.15625, "f1-score": 0.21505376344086022, "support": 64}, "27": {"precision": 1.0, "recall": 0.058823529411764705, "f1-score": 0.1111111111111111, "support": 17}, "accuracy": 0.3795703125, "macro avg": {"precision": 0.38078935383387336, "recall": 0.3112316637430184, "f1-score": 0.32275221203877535, "support": 25600}, "weighted avg": {"precision": 0.3809950612363428, "recall": 0.3795703125, "f1-score": 0.37545177023348936, "support": 25600}}