{"1": {"precision": 1.0, "recall": 1.0, "f1-score": 1.0, "support": 2.0}, "2": {"precision": 0.6666666666666666, "recall": 1.0, "f1-score": 0.8, "support": 8.0}, "3": {"precision": 0.375, "recall": 0.42857142857142855, "f1-score": 0.39999999999999997, "support": 7.0}, "4": {"precision": 1.0, "recall": 0.5454545454545454, "f1-score": 0.7058823529411764, "support": 11.0}, "5": {"precision": 1.0, "recall": 1.0, "f1-score": 1.0, "support": 18.0}, "6": {"precision": 1.0, "recall": 1.0, "f1-score": 1.0, "support": 33.0}, "7": {"precision": 1.0, "recall": 1.0, "f1-score": 1.0, "support": 31.0}, "8": {"precision": 1.0, "recall": 1.0, "f1-score": 1.0, "support": 44.0}, "9": {"precision": 1.0, "recall": 1.0, "f1-score": 1.0, "support": 66.0}, "10": {"precision": 1.0, "recall": 1.0, "f1-score": 1.0, "support": 65.0}, "11": {"precision": 0.9814814814814815, "recall": 1.0, "f1-score": 0.9906542056074767, "support": 53.0}, "12": {"precision": 1.0, "recall": 0.9863013698630136, "f1-score": 0.993103448275862, "support": 73.0}, "13": {"precision": 1.0, "recall": 1.0, "f1-score": 1.0, "support": 80.0}, "14": {"precision": 1.0, "recall": 1.0, "f1-score": 1.0, "support": 78.0}, "15": {"precision": 1.0, "recall": 1.0, "f1-score": 1.0, "support": 64.0}, "16": {"precision": 1.0, "recall": 1.0, "f1-score": 1.0, "support": 76.0}, "17": {"precision": 1.0, "recall": 1.0, "f1-score": 1.0, "support": 74.0}, "18": {"precision": 1.0, "recall": 1.0, "f1-score": 1.0, "support": 53.0}, "19": {"precision": 1.0, "recall": 1.0, "f1-score": 1.0, "support": 44.0}, "20": {"precision": 1.0, "recall": 1.0, "f1-score": 1.0, "support": 34.0}, "21": {"precision": 1.0, "recall": 1.0, "f1-score": 1.0, "support": 34.0}, "22": {"precision": 1.0, "recall": 0.8095238095238095, "f1-score": 0.8947368421052632, "support": 21.0}, "23": {"precision": 0.6666666666666666, "recall": 0.6153846153846154, "f1-score": 0.64, "support": 13.0}, "24": {"precision": 0.375, "recall": 0.6, "f1-score": 0.4615384615384615, "support": 5.0}, "25": {"precision": 0.8, "recall": 0.8888888888888888, "f1-score": 0.8421052631578948, "support": 9.0}, "26": {"precision": 0.5, "recall": 0.25, "f1-score": 0.3333333333333333, "support": 4.0}, "27": {"precision": 0.0, "recall": 0.0, "f1-score": 0.0, "support": 0.0}, "accuracy": 0.975, "macro avg": {"precision": 0.865363511659808, "recall": 0.8564490613957889, "f1-score": 0.8541242187762766, "support": 1000.0}, "weighted avg": {"precision": 0.9807185185185185, "recall": 0.975, "f1-score": 0.9762953771973444, "support": 1000.0}}