{"0": {"precision": 0.0, "recall": 0.0, "f1-score": 0.0, "support": 2.0}, "1": {"precision": 0.0, "recall": 0.0, "f1-score": 0.0, "support": 3.0}, "2": {"precision": 0.25, "recall": 0.25, "f1-score": 0.25, "support": 4.0}, "3": {"precision": 0.6363636363636364, "recall": 0.5, "f1-score": 0.56, "support": 14.0}, "4": {"precision": 0.48, "recall": 0.6666666666666666, "f1-score": 0.5581395348837209, "support": 18.0}, "5": {"precision": 0.38461538461538464, "recall": 0.38461538461538464, "f1-score": 0.38461538461538464, "support": 13.0}, "6": {"precision": 0.75, "recall": 0.5, "f1-score": 0.6, "support": 30.0}, "7": {"precision": 0.5833333333333334, "recall": 0.7777777777777778, "f1-score": 0.6666666666666666, "support": 36.0}, "8": {"precision": 0.6875, "recall": 0.673469387755102, "f1-score": 0.6804123711340205, "support": 49.0}, "9": {"precision": 0.6363636363636364, "recall": 0.7777777777777778, "f1-score": 0.7000000000000001, "support": 45.0}, "10": {"precision": 0.696969696969697, "recall": 0.7540983606557377, "f1-score": 0.7244094488188977, "support": 61.0}, "11": {"precision": 0.7391304347826086, "recall": 0.7285714285714285, "f1-score": 0.7338129496402879, "support": 70.0}, "12": {"precision": 0.9166666666666666, "recall": 0.7534246575342466, "f1-score": 0.8270676691729323, "support": 73.0}, "13": {"precision": 0.8235294117647058, "recall": 0.8888888888888888, "f1-score": 0.8549618320610687, "support": 63.0}, "14": {"precision": 0.9295774647887324, "recall": 0.8461538461538461, "f1-score": 0.8859060402684563, "support": 78.0}, "15": {"precision": 0.8933333333333333, "recall": 0.8933333333333333, "f1-score": 0.8933333333333333, "support": 75.0}, "16": {"precision": 0.8493150684931506, "recall": 0.8493150684931506, "f1-score": 0.8493150684931505, "support": 73.0}, "17": {"precision": 0.8571428571428571, "recall": 0.7941176470588235, "f1-score": 0.8244274809160305, "support": 68.0}, "18": {"precision": 0.8596491228070176, "recall": 0.7903225806451613, "f1-score": 0.823529411764706, "support": 62.0}, "19": {"precision": 0.7317073170731707, "recall": 0.6521739130434783, "f1-score": 0.6896551724137931, "support": 46.0}, "20": {"precision": 0.58, "recall": 0.9354838709677419, "f1-score": 0.7160493827160493, "support": 31.0}, "21": {"precision": 0.7727272727272727, "recall": 0.5666666666666667, "f1-score": 0.6538461538461539, "support": 30.0}, "22": {"precision": 0.42424242424242425, "recall": 0.7368421052631579, "f1-score": 0.5384615384615385, "support": 19.0}, "23": {"precision": 0.2857142857142857, "recall": 0.11764705882352941, "f1-score": 0.16666666666666666, "support": 17.0}, "24": {"precision": 0.4666666666666667, "recall": 0.5833333333333334, "f1-score": 0.5185185185185186, "support": 12.0}, "25": {"precision": 0.6666666666666666, "recall": 0.4, "f1-score": 0.5, "support": 5.0}, "26": {"precision": 0.0, "recall": 0.0, "f1-score": 0.0, "support": 1.0}, "27": {"precision": 1.0, "recall": 1.0, "f1-score": 1.0, "support": 2.0}, "accuracy": 0.745, "macro avg": {"precision": 0.6036148100184017, "recall": 0.6007385626437584, "f1-score": 0.5928498080139777, "support": 1000.0}, "weighted avg": {"precision": 0.7541886952747686, "recall": 0.745, "f1-score": 0.7430650775053009, "support": 1000.0}}