{"0": {"precision": 0.0, "recall": 0.0, "f1-score": 0.0, "support": 1.0}, "1": {"precision": 1.0, "recall": 0.2857142857142857, "f1-score": 0.4444444444444445, "support": 7.0}, "2": {"precision": 0.2222222222222222, "recall": 0.6666666666666666, "f1-score": 0.3333333333333333, "support": 3.0}, "3": {"precision": 0.75, "recall": 0.6666666666666666, "f1-score": 0.7058823529411765, "support": 9.0}, "4": {"precision": 0.7333333333333333, "recall": 0.8461538461538461, "f1-score": 0.7857142857142856, "support": 13.0}, "5": {"precision": 0.8, "recall": 0.7058823529411765, "f1-score": 0.7500000000000001, "support": 17.0}, "6": {"precision": 0.7037037037037037, "recall": 0.8260869565217391, "f1-score": 0.76, "support": 23.0}, "7": {"precision": 0.7692307692307693, "recall": 0.8333333333333334, "f1-score": 0.8, "support": 36.0}, "8": {"precision": 0.8536585365853658, "recall": 0.8536585365853658, "f1-score": 0.8536585365853658, "support": 41.0}, "9": {"precision": 0.7241379310344828, "recall": 0.875, "f1-score": 0.7924528301886793, "support": 48.0}, "10": {"precision": 0.9056603773584906, "recall": 0.75, "f1-score": 0.8205128205128206, "support": 64.0}, "11": {"precision": 0.9078947368421053, "recall": 0.92, "f1-score": 0.913907284768212, "support": 75.0}, "12": {"precision": 0.92, "recall": 0.8961038961038961, "f1-score": 0.9078947368421053, "support": 77.0}, "13": {"precision": 0.9393939393939394, "recall": 0.9253731343283582, "f1-score": 0.9323308270676692, "support": 67.0}, "14": {"precision": 0.9818181818181818, "recall": 0.8709677419354839, "f1-score": 0.923076923076923, "support": 62.0}, "15": {"precision": 0.9390243902439024, "recall": 0.9746835443037974, "f1-score": 0.9565217391304348, "support": 79.0}, "16": {"precision": 0.9464285714285714, "recall": 0.9137931034482759, "f1-score": 0.9298245614035087, "support": 58.0}, "17": {"precision": 0.9333333333333333, "recall": 0.8333333333333334, "f1-score": 0.8805031446540881, "support": 84.0}, "18": {"precision": 0.7857142857142857, "recall": 0.7457627118644068, "f1-score": 0.7652173913043477, "support": 59.0}, "19": {"precision": 0.625, "recall": 0.5952380952380952, "f1-score": 0.6097560975609756, "support": 42.0}, "20": {"precision": 0.75, "recall": 0.8947368421052632, "f1-score": 0.816, "support": 57.0}, "21": {"precision": 0.7391304347826086, "recall": 0.7727272727272727, "f1-score": 0.7555555555555555, "support": 22.0}, "22": {"precision": 0.7272727272727273, "recall": 0.8, "f1-score": 0.761904761904762, "support": 20.0}, "23": {"precision": 0.5909090909090909, "recall": 0.7647058823529411, "f1-score": 0.6666666666666667, "support": 17.0}, "24": {"precision": 0.5, "recall": 0.4444444444444444, "f1-score": 0.47058823529411764, "support": 9.0}, "25": {"precision": 0.6666666666666666, "recall": 0.5, "f1-score": 0.5714285714285715, "support": 8.0}, "26": {"precision": 0.0, "recall": 0.0, "f1-score": 0.0, "support": 2.0}, "27": {"precision": 0.0, "recall": 0.0, "f1-score": 0.0, "support": 0.0}, "accuracy": 0.835, "macro avg": {"precision": 0.6933761868526351, "recall": 0.6843225945274517, "f1-score": 0.6752562535849301, "support": 1000.0}, "weighted avg": {"precision": 0.8454106430120987, "recall": 0.835, "f1-score": 0.8361340318734007, "support": 1000.0}}