{"0": {"precision": 0.0, "recall": 0.0, "f1-score": 0.0, "support": 32.0}, "1": {"precision": 0.42857142857142855, "recall": 0.6144578313253012, "f1-score": 0.504950495049505, "support": 83.0}, "2": {"precision": 0.4430379746835443, "recall": 0.26119402985074625, "f1-score": 0.3286384976525822, "support": 134.0}, "3": {"precision": 0.6385542168674698, "recall": 0.6463414634146342, "f1-score": 0.6424242424242423, "support": 246.0}, "4": {"precision": 0.6198630136986302, "recall": 0.4891891891891892, "f1-score": 0.5468277945619335, "support": 370.0}, "5": {"precision": 0.6602739726027397, "recall": 0.43112701252236135, "f1-score": 0.5216450216450217, "support": 559.0}, "6": {"precision": 0.5346756152125279, "recall": 0.6240208877284595, "f1-score": 0.5759036144578313, "support": 766.0}, "7": {"precision": 0.5025996533795494, "recall": 0.6480446927374302, "f1-score": 0.5661298194241092, "support": 895.0}, "8": {"precision": 0.5032437442075997, "recall": 0.461734693877551, "f1-score": 0.4815964523281596, "support": 1176.0}, "9": {"precision": 0.5862299465240641, "recall": 0.5986348122866895, "f1-score": 0.5923674434312732, "support": 1465.0}, "10": {"precision": 0.691768826619965, "recall": 0.7208029197080292, "f1-score": 0.7059874888293118, "support": 1644.0}, "11": {"precision": 0.8109028960817717, "recall": 0.8058690744920993, "f1-score": 0.80837814888197, "support": 1772.0}, "12": {"precision": 0.8425531914893617, "recall": 0.8641571194762684, "f1-score": 0.853218421761379, "support": 1833.0}, "13": {"precision": 0.8412180532898315, "recall": 0.8095238095238095, "f1-score": 0.8250666666666667, "support": 1911.0}, "14": {"precision": 0.8417308832246592, "recall": 0.7407407407407407, "f1-score": 0.7880133185349611, "support": 1917.0}, "15": {"precision": 0.7563923756392376, "recall": 0.8804112554112554, "f1-score": 0.8137034258564642, "support": 1848.0}, "16": {"precision": 0.8488745980707395, "recall": 0.7696793002915452, "f1-score": 0.8073394495412843, "support": 1715.0}, "17": {"precision": 0.7501462843768285, "recall": 0.80125, "f1-score": 0.7748564521003324, "support": 1600.0}, "18": {"precision": 0.5405405405405406, "recall": 0.6372194062273715, "f1-score": 0.5849119308740446, "support": 1381.0}, "19": {"precision": 0.49834437086092714, "recall": 0.5075885328836425, "f1-score": 0.5029239766081871, "support": 1186.0}, "20": {"precision": 0.5514450867052023, "recall": 0.5347533632286996, "f1-score": 0.5429709732498577, "support": 892.0}, "21": {"precision": 0.5233022636484687, "recall": 0.5543018335684062, "f1-score": 0.5383561643835616, "support": 709.0}, "22": {"precision": 0.45610687022900764, "recall": 0.4613899613899614, "f1-score": 0.4587332053742802, "support": 518.0}, "23": {"precision": 0.41369047619047616, "recall": 0.34236453201970446, "f1-score": 0.37466307277628036, "support": 406.0}, "24": {"precision": 0.5086206896551724, "recall": 0.22014925373134328, "f1-score": 0.30729166666666663, "support": 268.0}, "25": {"precision": 0.4528301886792453, "recall": 0.3076923076923077, "f1-score": 0.36641221374045807, "support": 156.0}, "26": {"precision": 0.0, "recall": 0.0, "f1-score": 0.0, "support": 92.0}, "27": {"precision": 0.3170731707317073, "recall": 0.5, "f1-score": 0.38805970149253727, "support": 26.0}, "accuracy": 0.67921875, "macro avg": {"precision": 0.5558067975635963, "recall": 0.5440227865470553, "f1-score": 0.5429060592254608, "support": 25600.0}, "weighted avg": {"precision": 0.6786705669623957, "recall": 0.67921875, "f1-score": 0.6758576503228347, "support": 25600.0}}