{"0": {"precision": 0.25, "recall": 0.09090909090909091, "f1-score": 0.13333333333333333, "support": 22}, "1": {"precision": 0.3392857142857143, "recall": 0.2753623188405797, "f1-score": 0.304, "support": 69}, "2": {"precision": 0.541095890410959, "recall": 0.5448275862068965, "f1-score": 0.5429553264604811, "support": 145}, "3": {"precision": 0.6544502617801047, "recall": 0.5841121495327103, "f1-score": 0.617283950617284, "support": 214}, "4": {"precision": 0.7717391304347826, "recall": 0.6301775147928994, "f1-score": 0.6938110749185669, "support": 338}, "5": {"precision": 0.8009259259259259, "recall": 0.6705426356589147, "f1-score": 0.729957805907173, "support": 516}, "6": {"precision": 0.7140939597315437, "recall": 0.7893175074183977, "f1-score": 0.7498238195912617, "support": 674}, "7": {"precision": 0.8246505717916137, "recall": 0.7283950617283951, "f1-score": 0.7735399284862932, "support": 891}, "8": {"precision": 0.8360995850622407, "recall": 0.7151730257320319, "f1-score": 0.7709230033476806, "support": 1127}, "9": {"precision": 0.7733918128654971, "recall": 0.73831123517097, "f1-score": 0.7554444841128168, "support": 1433}, "10": {"precision": 0.7936925098554534, "recall": 0.6966551326412919, "f1-score": 0.7420147420147422, "support": 1734}, "11": {"precision": 0.7731343283582089, "recall": 0.745538284398388, "f1-score": 0.7590855803048064, "support": 1737}, "12": {"precision": 0.7666666666666667, "recall": 0.7867450561197221, "f1-score": 0.776576101292535, "support": 1871}, "13": {"precision": 0.7376811594202899, "recall": 0.7778909831889964, "f1-score": 0.7572526655095462, "support": 1963}, "14": {"precision": 0.7862105825761625, "recall": 0.7555213148433487, "f1-score": 0.7705605028810897, "support": 1947}, "15": {"precision": 0.6672597864768683, "recall": 0.7957559681697612, "f1-score": 0.7258649891120252, "support": 1885}, "16": {"precision": 0.6063977746870653, "recall": 0.7626822157434402, "f1-score": 0.6756198347107437, "support": 1715}, "17": {"precision": 0.6998847926267281, "recall": 0.7574812967581047, "f1-score": 0.7275449101796407, "support": 1604}, "18": {"precision": 0.7263444520081688, "recall": 0.7425191370911621, "f1-score": 0.7343427391603579, "support": 1437}, "19": {"precision": 0.6525998492840994, "recall": 0.7517361111111112, "f1-score": 0.6986688180718031, "support": 1152}, "20": {"precision": 0.7865612648221344, "recall": 0.6753393665158371, "f1-score": 0.7267194157029823, "support": 884}, "21": {"precision": 0.7627365356622998, "recall": 0.6831812255541069, "f1-score": 0.7207702888583218, "support": 767}, "22": {"precision": 0.759090909090909, "recall": 0.626641651031895, "f1-score": 0.6865364850976361, "support": 533}, "23": {"precision": 0.7609427609427609, "recall": 0.5678391959798995, "f1-score": 0.6503597122302158, "support": 398}, "24": {"precision": 0.6612244897959184, "recall": 0.5955882352941176, "f1-score": 0.6266924564796905, "support": 272}, "25": {"precision": 0.6041666666666666, "recall": 0.5117647058823529, "f1-score": 0.554140127388535, "support": 170}, "26": {"precision": 0.725, "recall": 0.35802469135802467, "f1-score": 0.47933884297520657, "support": 81}, "27": {"precision": 0.6, "recall": 0.5714285714285714, "f1-score": 0.5853658536585366, "support": 21}, "accuracy": 0.7316015625, "macro avg": {"precision": 0.6919759779010282, "recall": 0.6403379024678936, "f1-score": 0.6595902425858325, "support": 25600}, "weighted avg": {"precision": 0.7374303164883687, "recall": 0.7316015625, "f1-score": 0.7315102192868482, "support": 25600}}