{"0": {"precision": 0.16666666666666666, "recall": 0.045454545454545456, "f1-score": 0.07142857142857144, "support": 22}, "1": {"precision": 0.12727272727272726, "recall": 0.09333333333333334, "f1-score": 0.1076923076923077, "support": 75}, "2": {"precision": 0.16030534351145037, "recall": 0.12574850299401197, "f1-score": 0.14093959731543623, "support": 167}, "3": {"precision": 0.08695652173913043, "recall": 0.06504065040650407, "f1-score": 0.07441860465116279, "support": 246}, "4": {"precision": 0.12286689419795221, "recall": 0.09278350515463918, "f1-score": 0.10572687224669602, "support": 388}, "5": {"precision": 0.10904872389791183, "recall": 0.0951417004048583, "f1-score": 0.10162162162162161, "support": 494}, "6": {"precision": 0.11171662125340599, "recall": 0.1106612685560054, "f1-score": 0.1111864406779661, "support": 741}, "7": {"precision": 0.11071428571428571, "recall": 0.10043196544276457, "f1-score": 0.10532276330690828, "support": 926}, "8": {"precision": 0.09817131857555342, "recall": 0.08770421324161651, "f1-score": 0.09264305177111716, "support": 1163}, "9": {"precision": 0.10488505747126436, "recall": 0.10267229254571027, "f1-score": 0.10376687988628287, "support": 1422}, "10": {"precision": 0.09569377990430622, "recall": 0.09987515605493133, "f1-score": 0.09773976786805132, "support": 1602}, "11": {"precision": 0.11181192660550458, "recall": 0.1101072840203275, "f1-score": 0.11095305832147938, "support": 1771}, "12": {"precision": 0.09702660406885759, "recall": 0.0998389694041868, "f1-score": 0.09841269841269841, "support": 1863}, "13": {"precision": 0.09684584629053754, "recall": 0.11632870864461047, "f1-score": 0.10569696969696969, "support": 1874}, "14": {"precision": 0.10326086956521739, "recall": 0.1043956043956044, "f1-score": 0.10382513661202186, "support": 2002}, "15": {"precision": 0.10327949094468918, "recall": 0.11337990327780763, "f1-score": 0.10809426229508196, "support": 1861}, "16": {"precision": 0.10938399539435809, "recall": 0.10969976905311778, "f1-score": 0.10954165465552032, "support": 1732}, "17": {"precision": 0.10732833237160992, "recall": 0.11131059245960502, "f1-score": 0.10928319623971797, "support": 1671}, "18": {"precision": 0.10987482614742698, "recall": 0.11150317572335922, "f1-score": 0.1106830122591944, "support": 1417}, "19": {"precision": 0.12687969924812031, "recall": 0.11538461538461539, "f1-score": 0.12085944494180842, "support": 1170}, "20": {"precision": 0.13003095975232198, "recall": 0.1349036402569593, "f1-score": 0.1324224908039937, "support": 934}, "21": {"precision": 0.0851063829787234, "recall": 0.09261939218523878, "f1-score": 0.08870408870408869, "support": 691}, "22": {"precision": 0.09381237524950099, "recall": 0.0912621359223301, "f1-score": 0.09251968503937005, "support": 515}, "23": {"precision": 0.09933774834437085, "recall": 0.0847457627118644, "f1-score": 0.09146341463414634, "support": 354}, "24": {"precision": 0.14450867052023122, "recall": 0.09578544061302682, "f1-score": 0.11520737327188942, "support": 261}, "25": {"precision": 0.06716417910447761, "recall": 0.06474820143884892, "f1-score": 0.06593406593406592, "support": 139}, "26": {"precision": 0.26666666666666666, "recall": 0.05405405405405406, "f1-score": 0.0898876404494382, "support": 74}, "27": {"precision": 0.15384615384615385, "recall": 0.16, "f1-score": 0.1568627450980392, "support": 25}, "accuracy": 0.10578125, "macro avg": {"precision": 0.11787366668940794, "recall": 0.0996040851119456, "f1-score": 0.10438705056555878, "support": 25600}, "weighted avg": {"precision": 0.10669338075711796, "recall": 0.10578125, "f1-score": 0.1057360479862848, "support": 25600}}