{"0": {"precision": 0.0, "recall": 0.0, "f1-score": 0.0, "support": 23}, "1": {"precision": 0.2711864406779661, "recall": 0.4, "f1-score": 0.3232323232323232, "support": 80}, "2": {"precision": 0.27956989247311825, "recall": 0.17218543046357615, "f1-score": 0.21311475409836061, "support": 151}, "3": {"precision": 0.4276315789473684, "recall": 0.21885521885521886, "f1-score": 0.289532293986637, "support": 297}, "4": {"precision": 0.35335689045936397, "recall": 0.26525198938992045, "f1-score": 0.3030303030303031, "support": 377}, "5": {"precision": 0.33746130030959753, "recall": 0.21330724070450097, "f1-score": 0.2613908872901678, "support": 511}, "6": {"precision": 0.35602094240837695, "recall": 0.18810511756569848, "f1-score": 0.2461538461538462, "support": 723}, "7": {"precision": 0.31015625, "recall": 0.4148380355276907, "f1-score": 0.35493965131873045, "support": 957}, "8": {"precision": 0.266260162601626, "recall": 0.22547332185886404, "f1-score": 0.24417520969245107, "support": 1162}, "9": {"precision": 0.2974404236540159, "recall": 0.2440260680666184, "f1-score": 0.2680986475735879, "support": 1381}, "10": {"precision": 0.20933087783916512, "recall": 0.22042663219133807, "f1-score": 0.21473551637279595, "support": 1547}, "11": {"precision": 0.3162743091095189, "recall": 0.3553766532489937, "f1-score": 0.3346872461413485, "support": 1739}, "12": {"precision": 0.2695614789337919, "recall": 0.34002169197396964, "f1-score": 0.30071942446043165, "support": 1844}, "13": {"precision": 0.31906421105027377, "recall": 0.3295629820051414, "f1-score": 0.3242286292362165, "support": 1945}, "14": {"precision": 0.3734142305570877, "recall": 0.3454081632653061, "f1-score": 0.3588656241717466, "support": 1960}, "15": {"precision": 0.28404213811939133, "recall": 0.3805541035023523, "f1-score": 0.32529043789097406, "support": 1913}, "16": {"precision": 0.3712871287128713, "recall": 0.3446295232624928, "f1-score": 0.3574620196604111, "support": 1741}, "17": {"precision": 0.33813333333333334, "recall": 0.3925696594427245, "f1-score": 0.3633237822349571, "support": 1615}, "18": {"precision": 0.27502579979360164, "recall": 0.3711699164345404, "f1-score": 0.3159454653230587, "support": 1436}, "19": {"precision": 0.2594547053649956, "recall": 0.2619893428063943, "f1-score": 0.2607158638974812, "support": 1126}, "20": {"precision": 0.2997076023391813, "recall": 0.22186147186147187, "f1-score": 0.2549751243781095, "support": 924}, "21": {"precision": 0.2587268993839836, "recall": 0.17403314917127072, "f1-score": 0.20809248554913293, "support": 724}, "22": {"precision": 0.25569620253164554, "recall": 0.1797153024911032, "f1-score": 0.2110762800417973, "support": 562}, "23": {"precision": 0.26126126126126126, "recall": 0.16022099447513813, "f1-score": 0.19863013698630136, "support": 362}, "24": {"precision": 0.29411764705882354, "recall": 0.1394422310756972, "f1-score": 0.1891891891891892, "support": 251}, "25": {"precision": 0.21568627450980393, "recall": 0.0728476821192053, "f1-score": 0.10891089108910891, "support": 151}, "26": {"precision": 0.2222222222222222, "recall": 0.08695652173913043, "f1-score": 0.125, "support": 69}, "27": {"precision": 0.3333333333333333, "recall": 0.034482758620689655, "f1-score": 0.0625, "support": 29}, "accuracy": 0.3008203125, "macro avg": {"precision": 0.28769369774949, "recall": 0.241189685789966, "f1-score": 0.250643429749981, "support": 25600}, "weighted avg": {"precision": 0.3027814862582481, "recall": 0.3008203125, "f1-score": 0.29671947242966246, "support": 25600}}