{"0": {"precision": 0.0, "recall": 0.0, "f1-score": 0.0, "support": 38}, "1": {"precision": 0.17886178861788618, "recall": 0.24719101123595505, "f1-score": 0.20754716981132074, "support": 89}, "2": {"precision": 0.2689655172413793, "recall": 0.25161290322580643, "f1-score": 0.26, "support": 155}, "3": {"precision": 0.3096774193548387, "recall": 0.19433198380566802, "f1-score": 0.23880597014925375, "support": 247}, "4": {"precision": 0.29891304347826086, "recall": 0.13959390862944163, "f1-score": 0.19031141868512108, "support": 394}, "5": {"precision": 0.33613445378151263, "recall": 0.21505376344086022, "f1-score": 0.2622950819672131, "support": 558}, "6": {"precision": 0.29069767441860467, "recall": 0.16382699868938402, "f1-score": 0.2095557418273261, "support": 763}, "7": {"precision": 0.24549918166939444, "recall": 0.335946248600224, "f1-score": 0.28368794326241137, "support": 893}, "8": {"precision": 0.19863945578231293, "recall": 0.13129496402877697, "f1-score": 0.1580942068218733, "support": 1112}, "9": {"precision": 0.25925925925925924, "recall": 0.1906810035842294, "f1-score": 0.2197439074762495, "support": 1395}, "10": {"precision": 0.20866590649942987, "recall": 0.22875, "f1-score": 0.21824686940966012, "support": 1600}, "11": {"precision": 0.291044776119403, "recall": 0.196528555431131, "f1-score": 0.23462566844919788, "support": 1786}, "12": {"precision": 0.22626339969372128, "recall": 0.32242225859247137, "f1-score": 0.2659167604049494, "support": 1833}, "13": {"precision": 0.2548913043478261, "recall": 0.24762407602956704, "f1-score": 0.25120514193893945, "support": 1894}, "14": {"precision": 0.2766081871345029, "recall": 0.2424397744746284, "f1-score": 0.2583993444414095, "support": 1951}, "15": {"precision": 0.18716302952503208, "recall": 0.4056761268781302, "f1-score": 0.2561489810260014, "support": 1797}, "16": {"precision": 0.29062870699881377, "recall": 0.26659412404787813, "f1-score": 0.27809307604994327, "support": 1838}, "17": {"precision": 0.22569239835002947, "recall": 0.239375, "f1-score": 0.23233242341522595, "support": 1600}, "18": {"precision": 0.26432748538011697, "recall": 0.3060257278266757, "f1-score": 0.2836523376215877, "support": 1477}, "19": {"precision": 0.184640522875817, "recall": 0.18959731543624161, "f1-score": 0.1870860927152318, "support": 1192}, "20": {"precision": 0.1678082191780822, "recall": 0.1553911205073996, "f1-score": 0.16136114160263448, "support": 946}, "21": {"precision": 0.22014925373134328, "recall": 0.09049079754601227, "f1-score": 0.1282608695652174, "support": 652}, "22": {"precision": 0.24293785310734464, "recall": 0.17131474103585656, "f1-score": 0.2009345794392523, "support": 502}, "23": {"precision": 0.25157232704402516, "recall": 0.1038961038961039, "f1-score": 0.14705882352941177, "support": 385}, "24": {"precision": 0.3333333333333333, "recall": 0.17557251908396945, "f1-score": 0.22999999999999998, "support": 262}, "25": {"precision": 0.17647058823529413, "recall": 0.08, "f1-score": 0.11009174311926606, "support": 150}, "26": {"precision": 0.3333333333333333, "recall": 0.07894736842105263, "f1-score": 0.12765957446808512, "support": 76}, "27": {"precision": 0.0, "recall": 0.0, "f1-score": 0.0, "support": 15}, "accuracy": 0.2362109375, "macro avg": {"precision": 0.23293494351753202, "recall": 0.19179208551598084, "f1-score": 0.2000398166855994, "support": 25600}, "weighted avg": {"precision": 0.24438316676618427, "recall": 0.2362109375, "f1-score": 0.2318599115069163, "support": 25600}}