{"0": {"precision": 0.0, "recall": 0.0, "f1-score": 0.0, "support": 20}, "1": {"precision": 0.08333333333333333, "recall": 0.04938271604938271, "f1-score": 0.06201550387596899, "support": 81}, "2": {"precision": 0.11940298507462686, "recall": 0.15894039735099338, "f1-score": 0.13636363636363635, "support": 151}, "3": {"precision": 0.08620689655172414, "recall": 0.07575757575757576, "f1-score": 0.08064516129032259, "support": 264}, "4": {"precision": 0.0815347721822542, "recall": 0.09418282548476455, "f1-score": 0.08740359897172237, "support": 361}, "5": {"precision": 0.11775700934579439, "recall": 0.11753731343283583, "f1-score": 0.11764705882352941, "support": 536}, "6": {"precision": 0.08616187989556136, "recall": 0.08906882591093117, "f1-score": 0.0875912408759124, "support": 741}, "7": {"precision": 0.09783845278725825, "recall": 0.09706546275395034, "f1-score": 0.09745042492917848, "support": 886}, "8": {"precision": 0.10414902624894158, "recall": 0.1094306049822064, "f1-score": 0.10672451193058569, "support": 1124}, "9": {"precision": 0.09668508287292818, "recall": 0.09408602150537634, "f1-score": 0.09536784741144415, "support": 1488}, "10": {"precision": 0.10084033613445378, "recall": 0.09420289855072464, "f1-score": 0.09740867936309709, "support": 1656}, "11": {"precision": 0.09690844233055886, "recall": 0.09411085450346421, "f1-score": 0.09548916227299356, "support": 1732}, "12": {"precision": 0.11594202898550725, "recall": 0.1152, "f1-score": 0.11556982343499199, "support": 1875}, "13": {"precision": 0.09562982005141388, "recall": 0.09712793733681462, "f1-score": 0.09637305699481866, "support": 1915}, "14": {"precision": 0.10388918486947256, "recall": 0.1024697845507094, "f1-score": 0.10317460317460317, "support": 1903}, "15": {"precision": 0.09361924686192469, "recall": 0.09733550842849374, "f1-score": 0.09544121567581977, "support": 1839}, "16": {"precision": 0.10022396416573348, "recall": 0.09938922820655191, "f1-score": 0.09980485085029271, "support": 1801}, "17": {"precision": 0.09817073170731708, "recall": 0.09829059829059829, "f1-score": 0.09823062843197071, "support": 1638}, "18": {"precision": 0.09791216702663787, "recall": 0.09777138749101366, "f1-score": 0.09784172661870504, "support": 1391}, "19": {"precision": 0.09837467921300257, "recall": 0.10070052539404553, "f1-score": 0.099524015577672, "support": 1142}, "20": {"precision": 0.09281767955801105, "recall": 0.09621993127147767, "f1-score": 0.09448818897637797, "support": 873}, "21": {"precision": 0.09664948453608248, "recall": 0.10330578512396695, "f1-score": 0.09986684420772304, "support": 726}, "22": {"precision": 0.09454545454545454, "recall": 0.10058027079303675, "f1-score": 0.09746954076850983, "support": 517}, "23": {"precision": 0.08250825082508251, "recall": 0.06234413965087282, "f1-score": 0.07102272727272728, "support": 401}, "24": {"precision": 0.09665427509293681, "recall": 0.09027777777777778, "f1-score": 0.0933572710951526, "support": 288}, "25": {"precision": 0.0782122905027933, "recall": 0.09032258064516129, "f1-score": 0.08383233532934133, "support": 155}, "26": {"precision": 0.10714285714285714, "recall": 0.08450704225352113, "f1-score": 0.09448818897637794, "support": 71}, "27": {"precision": 0.08108108108108109, "recall": 0.12, "f1-score": 0.0967741935483871, "support": 25}, "accuracy": 0.0988671875, "macro avg": {"precision": 0.09300683617581226, "recall": 0.09391457119629452, "f1-score": 0.09290592989435222, "support": 25600}, "weighted avg": {"precision": 0.0988039748133791, "recall": 0.0988671875, "f1-score": 0.09873852636237279, "support": 25600}}