{"0": {"precision": 0.0, "recall": 0.0, "f1-score": 0.0, "support": 0.0}, "1": {"precision": 0.0, "recall": 0.0, "f1-score": 0.0, "support": 1.0}, "2": {"precision": 0.0, "recall": 0.0, "f1-score": 0.0, "support": 3.0}, "3": {"precision": 0.0, "recall": 0.0, "f1-score": 0.0, "support": 9.0}, "4": {"precision": 0.17647058823529413, "recall": 0.15789473684210525, "f1-score": 0.16666666666666669, "support": 19.0}, "5": {"precision": 0.07142857142857142, "recall": 0.125, "f1-score": 0.09090909090909091, "support": 16.0}, "6": {"precision": 0.21052631578947367, "recall": 0.14285714285714285, "f1-score": 0.1702127659574468, "support": 28.0}, "7": {"precision": 0.15555555555555556, "recall": 0.22580645161290322, "f1-score": 0.18421052631578946, "support": 31.0}, "8": {"precision": 0.1875, "recall": 0.1, "f1-score": 0.13043478260869568, "support": 60.0}, "9": {"precision": 0.14705882352941177, "recall": 0.09615384615384616, "f1-score": 0.11627906976744186, "support": 52.0}, "10": {"precision": 0.11666666666666667, "recall": 0.16279069767441862, "f1-score": 0.1359223300970874, "support": 43.0}, "11": {"precision": 0.1282051282051282, "recall": 0.07692307692307693, "f1-score": 0.09615384615384616, "support": 65.0}, "12": {"precision": 0.23684210526315788, "recall": 0.13043478260869565, "f1-score": 0.16822429906542055, "support": 69.0}, "13": {"precision": 0.1728395061728395, "recall": 0.16470588235294117, "f1-score": 0.16867469879518074, "support": 85.0}, "14": {"precision": 0.08256880733944955, "recall": 0.1323529411764706, "f1-score": 0.10169491525423728, "support": 68.0}, "15": {"precision": 0.10476190476190476, "recall": 0.13095238095238096, "f1-score": 0.11640211640211642, "support": 84.0}, "16": {"precision": 0.1111111111111111, "recall": 0.1111111111111111, "f1-score": 0.1111111111111111, "support": 72.0}, "17": {"precision": 0.13953488372093023, "recall": 0.16, "f1-score": 0.14906832298136646, "support": 75.0}, "18": {"precision": 0.16923076923076924, "recall": 0.2037037037037037, "f1-score": 0.18487394957983194, "support": 54.0}, "19": {"precision": 0.1111111111111111, "recall": 0.10256410256410256, "f1-score": 0.10666666666666666, "support": 39.0}, "20": {"precision": 0.14285714285714285, "recall": 0.08571428571428572, "f1-score": 0.10714285714285714, "support": 35.0}, "21": {"precision": 0.05, "recall": 0.02631578947368421, "f1-score": 0.034482758620689655, "support": 38.0}, "22": {"precision": 0.043478260869565216, "recall": 0.05263157894736842, "f1-score": 0.04761904761904762, "support": 19.0}, "23": {"precision": 0.09090909090909091, "recall": 0.0625, "f1-score": 0.07407407407407407, "support": 16.0}, "24": {"precision": 0.0, "recall": 0.0, "f1-score": 0.0, "support": 10.0}, "25": {"precision": 0.0, "recall": 0.0, "f1-score": 0.0, "support": 4.0}, "26": {"precision": 0.0, "recall": 0.0, "f1-score": 0.0, "support": 4.0}, "27": {"precision": 0.0, "recall": 0.0, "f1-score": 0.0, "support": 1.0}, "accuracy": 0.123, "macro avg": {"precision": 0.09459486938418478, "recall": 0.08751473252386562, "f1-score": 0.08788656770673801, "support": 1000.0}, "weighted avg": {"precision": 0.1340255019560483, "recall": 0.123, "f1-score": 0.12417642212903059, "support": 1000.0}}