{"0": {"precision": 0.0, "recall": 0.0, "f1-score": 0.0, "support": 1.0}, "1": {"precision": 0.8333333333333334, "recall": 1.0, "f1-score": 0.9090909090909091, "support": 5.0}, "2": {"precision": 0.5, "recall": 1.0, "f1-score": 0.6666666666666666, "support": 8.0}, "3": {"precision": 0.8, "recall": 0.3333333333333333, "f1-score": 0.47058823529411764, "support": 12.0}, "4": {"precision": 1.0, "recall": 0.9565217391304348, "f1-score": 0.9777777777777777, "support": 23.0}, "5": {"precision": 1.0, "recall": 1.0, "f1-score": 1.0, "support": 19.0}, "6": {"precision": 1.0, "recall": 1.0, "f1-score": 1.0, "support": 18.0}, "7": {"precision": 0.9736842105263158, "recall": 1.0, "f1-score": 0.9866666666666666, "support": 37.0}, "8": {"precision": 1.0, "recall": 0.9811320754716981, "f1-score": 0.9904761904761905, "support": 53.0}, "9": {"precision": 1.0, "recall": 1.0, "f1-score": 1.0, "support": 61.0}, "10": {"precision": 1.0, "recall": 1.0, "f1-score": 1.0, "support": 67.0}, "11": {"precision": 0.98, "recall": 1.0, "f1-score": 0.98989898989899, "support": 49.0}, "12": {"precision": 1.0, "recall": 0.9871794871794872, "f1-score": 0.9935483870967742, "support": 78.0}, "13": {"precision": 1.0, "recall": 1.0, "f1-score": 1.0, "support": 66.0}, "14": {"precision": 1.0, "recall": 1.0, "f1-score": 1.0, "support": 84.0}, "15": {"precision": 1.0, "recall": 1.0, "f1-score": 1.0, "support": 70.0}, "16": {"precision": 1.0, "recall": 1.0, "f1-score": 1.0, "support": 53.0}, "17": {"precision": 1.0, "recall": 1.0, "f1-score": 1.0, "support": 71.0}, "18": {"precision": 1.0, "recall": 1.0, "f1-score": 1.0, "support": 55.0}, "19": {"precision": 1.0, "recall": 1.0, "f1-score": 1.0, "support": 47.0}, "20": {"precision": 1.0, "recall": 1.0, "f1-score": 1.0, "support": 33.0}, "21": {"precision": 1.0, "recall": 1.0, "f1-score": 1.0, "support": 25.0}, "22": {"precision": 1.0, "recall": 0.7777777777777778, "f1-score": 0.8750000000000001, "support": 18.0}, "23": {"precision": 0.6923076923076923, "recall": 0.45, "f1-score": 0.5454545454545455, "support": 20.0}, "24": {"precision": 0.26666666666666666, "recall": 0.3076923076923077, "f1-score": 0.28571428571428575, "support": 13.0}, "25": {"precision": 0.3076923076923077, "recall": 0.6666666666666666, "f1-score": 0.42105263157894735, "support": 6.0}, "26": {"precision": 0.3333333333333333, "recall": 0.14285714285714285, "f1-score": 0.2, "support": 7.0}, "27": {"precision": 0.14285714285714285, "recall": 1.0, "f1-score": 0.25, "support": 1.0}, "accuracy": 0.956, "macro avg": {"precision": 0.8153526673827425, "recall": 0.8429700189324588, "f1-score": 0.805783403061281, "support": 1000.0}, "weighted avg": {"precision": 0.9644481472913052, "recall": 0.956, "f1-score": 0.95656815746456, "support": 1000.0}}