{"0": {"precision": 0.0, "recall": 0.0, "f1-score": 0.0, "support": 1.0}, "1": {"precision": 0.2, "recall": 1.0, "f1-score": 0.33333333333333337, "support": 1.0}, "2": {"precision": 0.6666666666666666, "recall": 0.3333333333333333, "f1-score": 0.4444444444444444, "support": 6.0}, "3": {"precision": 0.7692307692307693, "recall": 0.5555555555555556, "f1-score": 0.6451612903225806, "support": 18.0}, "4": {"precision": 0.6666666666666666, "recall": 0.6363636363636364, "f1-score": 0.6511627906976744, "support": 22.0}, "5": {"precision": 0.4444444444444444, "recall": 0.2, "f1-score": 0.2758620689655173, "support": 20.0}, "6": {"precision": 0.38461538461538464, "recall": 0.45454545454545453, "f1-score": 0.41666666666666663, "support": 22.0}, "7": {"precision": 0.5945945945945946, "recall": 0.6470588235294118, "f1-score": 0.619718309859155, "support": 34.0}, "8": {"precision": 0.4583333333333333, "recall": 0.5365853658536586, "f1-score": 0.49438202247191015, "support": 41.0}, "9": {"precision": 0.6274509803921569, "recall": 0.5818181818181818, "f1-score": 0.6037735849056604, "support": 55.0}, "10": {"precision": 0.6410256410256411, "recall": 0.7142857142857143, "f1-score": 0.6756756756756757, "support": 70.0}, "11": {"precision": 0.8524590163934426, "recall": 0.7647058823529411, "f1-score": 0.8062015503875968, "support": 68.0}, "12": {"precision": 0.85, "recall": 0.8947368421052632, "f1-score": 0.8717948717948718, "support": 76.0}, "13": {"precision": 0.8658536585365854, "recall": 0.8875, "f1-score": 0.8765432098765432, "support": 80.0}, "14": {"precision": 0.9113924050632911, "recall": 0.8275862068965517, "f1-score": 0.8674698795180723, "support": 87.0}, "15": {"precision": 0.7631578947368421, "recall": 0.8529411764705882, "f1-score": 0.8055555555555555, "support": 68.0}, "16": {"precision": 0.8333333333333334, "recall": 0.8333333333333334, "f1-score": 0.8333333333333334, "support": 72.0}, "17": {"precision": 0.7777777777777778, "recall": 0.7291666666666666, "f1-score": 0.7526881720430108, "support": 48.0}, "18": {"precision": 0.6041666666666666, "recall": 0.6170212765957447, "f1-score": 0.6105263157894737, "support": 47.0}, "19": {"precision": 0.34545454545454546, "recall": 0.6129032258064516, "f1-score": 0.4418604651162791, "support": 31.0}, "20": {"precision": 0.6, "recall": 0.5, "f1-score": 0.5454545454545454, "support": 36.0}, "21": {"precision": 0.41935483870967744, "recall": 0.5, "f1-score": 0.45614035087719296, "support": 26.0}, "22": {"precision": 0.55, "recall": 0.4074074074074074, "f1-score": 0.46808510638297873, "support": 27.0}, "23": {"precision": 0.5, "recall": 0.4666666666666667, "f1-score": 0.4827586206896552, "support": 15.0}, "24": {"precision": 0.0, "recall": 0.0, "f1-score": 0.0, "support": 12.0}, "25": {"precision": 0.4, "recall": 0.5, "f1-score": 0.4444444444444445, "support": 8.0}, "26": {"precision": 0.0, "recall": 0.0, "f1-score": 0.0, "support": 7.0}, "27": {"precision": 0.0, "recall": 0.0, "f1-score": 0.0, "support": 2.0}, "accuracy": 0.684, "macro avg": {"precision": 0.5259278077729221, "recall": 0.5376255267709487, "f1-score": 0.5151084503073633, "support": 1000.0}, "weighted avg": {"precision": 0.6859655948019959, "recall": 0.684, "f1-score": 0.6803692413757267, "support": 1000.0}}