{"0": {"precision": 0.2, "recall": 0.08333333333333333, "f1-score": 0.11764705882352941, "support": 24}, "1": {"precision": 0.7307692307692307, "recall": 0.36538461538461536, "f1-score": 0.4871794871794871, "support": 104}, "2": {"precision": 0.5771812080536913, "recall": 0.5443037974683544, "f1-score": 0.5602605863192183, "support": 158}, "3": {"precision": 0.6878048780487804, "recall": 0.573170731707317, "f1-score": 0.6252771618625277, "support": 246}, "4": {"precision": 0.7458333333333333, "recall": 0.540785498489426, "f1-score": 0.6269702276707532, "support": 331}, "5": {"precision": 0.8076009501187649, "recall": 0.6390977443609023, "f1-score": 0.7135362014690452, "support": 532}, "6": {"precision": 0.7996715927750411, "recall": 0.6888260254596889, "f1-score": 0.7401215805471125, "support": 707}, "7": {"precision": 0.8, "recall": 0.6637931034482759, "f1-score": 0.7255594817432273, "support": 928}, "8": {"precision": 0.789, "recall": 0.6737830913748932, "f1-score": 0.7268539843390143, "support": 1171}, "9": {"precision": 0.7359760658189978, "recall": 0.7354260089686099, "f1-score": 0.7357009345794393, "support": 1338}, "10": {"precision": 0.8228941684665226, "recall": 0.7016574585635359, "f1-score": 0.757455268389662, "support": 1629}, "11": {"precision": 0.7826633165829145, "recall": 0.6910704381586246, "f1-score": 0.7340206185567011, "support": 1803}, "12": {"precision": 0.5933361811191799, "recall": 0.7234375, "f1-score": 0.6519596338887585, "support": 1920}, "13": {"precision": 0.6296950950066283, "recall": 0.7402597402597403, "f1-score": 0.680515759312321, "support": 1925}, "14": {"precision": 0.5442635966653434, "recall": 0.7323717948717948, "f1-score": 0.6244591209291733, "support": 1872}, "15": {"precision": 0.46701765252400124, "recall": 0.8055555555555556, "f1-score": 0.5912566163497353, "support": 1872}, "16": {"precision": 0.8316400580551524, "recall": 0.6753093694755451, "f1-score": 0.7453658536585366, "support": 1697}, "17": {"precision": 0.8301237964236589, "recall": 0.7104178928781636, "f1-score": 0.7656200444021566, "support": 1699}, "18": {"precision": 0.8456014362657092, "recall": 0.6772106398274622, "f1-score": 0.7520958083832335, "support": 1391}, "19": {"precision": 0.8302845528455285, "recall": 0.6953191489361702, "f1-score": 0.7568318666049096, "support": 1175}, "20": {"precision": 0.8296296296296296, "recall": 0.711864406779661, "f1-score": 0.766248574686431, "support": 944}, "21": {"precision": 0.810064935064935, "recall": 0.694019471488178, "f1-score": 0.747565543071161, "support": 719}, "22": {"precision": 0.7867647058823529, "recall": 0.5879120879120879, "f1-score": 0.6729559748427674, "support": 546}, "23": {"precision": 0.7049180327868853, "recall": 0.5718085106382979, "f1-score": 0.631424375917768, "support": 376}, "24": {"precision": 0.6857142857142857, "recall": 0.631578947368421, "f1-score": 0.6575342465753424, "support": 228}, "25": {"precision": 0.6956521739130435, "recall": 0.5095541401273885, "f1-score": 0.5882352941176471, "support": 157}, "26": {"precision": 0.6379310344827587, "recall": 0.4805194805194805, "f1-score": 0.5481481481481482, "support": 77}, "27": {"precision": 0.8636363636363636, "recall": 0.6129032258064516, "f1-score": 0.7169811320754716, "support": 31}, "accuracy": 0.6969921875, "macro avg": {"precision": 0.7166310097850975, "recall": 0.6235954913986419, "f1-score": 0.6588493065872599, "support": 25600}, "weighted avg": {"precision": 0.7267745482834397, "recall": 0.6969921875, "f1-score": 0.7024795070468781, "support": 25600}}