{"0": {"precision": 0.06666666666666667, "recall": 0.03333333333333333, "f1-score": 0.04444444444444444, "support": 30}, "1": {"precision": 0.0, "recall": 0.0, "f1-score": 0.0, "support": 81}, "2": {"precision": 0.07920792079207921, "recall": 0.11510791366906475, "f1-score": 0.09384164222873899, "support": 139}, "3": {"precision": 0.1583710407239819, "recall": 0.13671875, "f1-score": 0.14675052410901468, "support": 256}, "4": {"precision": 0.08877284595300261, "recall": 0.09392265193370165, "f1-score": 0.0912751677852349, "support": 362}, "5": {"precision": 0.11267605633802817, "recall": 0.1038961038961039, "f1-score": 0.10810810810810813, "support": 539}, "6": {"precision": 0.08466819221967964, "recall": 0.10437235543018336, "f1-score": 0.09349336702463677, "support": 709}, "7": {"precision": 0.0971322849213691, "recall": 0.11589403973509933, "f1-score": 0.10568696527428284, "support": 906}, "8": {"precision": 0.11864406779661017, "recall": 0.09580838323353294, "f1-score": 0.10601041173686702, "support": 1169}, "9": {"precision": 0.07972508591065292, "recall": 0.08, "f1-score": 0.07986230636833046, "support": 1450}, "10": {"precision": 0.10697115384615384, "recall": 0.11301587301587301, "f1-score": 0.10991046619326951, "support": 1575}, "11": {"precision": 0.0987066031313819, "recall": 0.08338125359401956, "f1-score": 0.0903990024937656, "support": 1739}, "12": {"precision": 0.08712613784135241, "recall": 0.10941752857920523, "f1-score": 0.09700772200772201, "support": 1837}, "13": {"precision": 0.09985632183908046, "recall": 0.0702020202020202, "f1-score": 0.08244365361803084, "support": 1980}, "14": {"precision": 0.1029113067027759, "recall": 0.07684529828109202, "f1-score": 0.08798842257597686, "support": 1978}, "15": {"precision": 0.09070221066319896, "recall": 0.1492776886035313, "f1-score": 0.1128412537917088, "support": 1869}, "16": {"precision": 0.09944367176634214, "recall": 0.08223116733755031, "f1-score": 0.09002203336480956, "support": 1739}, "17": {"precision": 0.09429121231558692, "recall": 0.0926860025220681, "f1-score": 0.09348171701112878, "support": 1586}, "18": {"precision": 0.10849909584086799, "recall": 0.08415147265077139, "f1-score": 0.09478672985781991, "support": 1426}, "19": {"precision": 0.088261253309797, "recall": 0.08417508417508418, "f1-score": 0.08616975441619992, "support": 1188}, "20": {"precision": 0.09161490683229814, "recall": 0.12967032967032968, "f1-score": 0.10737033666969974, "support": 910}, "21": {"precision": 0.09226594301221167, "recall": 0.09728183118741059, "f1-score": 0.0947075208913649, "support": 699}, "22": {"precision": 0.09768637532133675, "recall": 0.06946983546617916, "f1-score": 0.08119658119658119, "support": 547}, "23": {"precision": 0.112, "recall": 0.07756232686980609, "f1-score": 0.09165302782324058, "support": 361}, "24": {"precision": 0.1037463976945245, "recall": 0.14173228346456693, "f1-score": 0.11980033277870215, "support": 254}, "25": {"precision": 0.11695906432748537, "recall": 0.12345679012345678, "f1-score": 0.1201201201201201, "support": 162}, "26": {"precision": 0.08602150537634409, "recall": 0.0963855421686747, "f1-score": 0.09090909090909093, "support": 83}, "27": {"precision": 0.08, "recall": 0.07692307692307693, "f1-score": 0.0784313725490196, "support": 26}, "accuracy": 0.0965234375, "macro avg": {"precision": 0.09439026146938602, "recall": 0.09417567628806199, "f1-score": 0.09281114554813961, "support": 25600}, "weighted avg": {"precision": 0.09757920515082974, "recall": 0.0965234375, "f1-score": 0.095505743251753, "support": 25600}}