{"0": {"precision": 0.35714285714285715, "recall": 0.14285714285714285, "f1-score": 0.20408163265306123, "support": 35}, "1": {"precision": 0.46, "recall": 0.323943661971831, "f1-score": 0.38016528925619836, "support": 71}, "2": {"precision": 0.5080213903743316, "recall": 0.6129032258064516, "f1-score": 0.5555555555555556, "support": 155}, "3": {"precision": 0.6726618705035972, "recall": 0.6900369003690037, "f1-score": 0.6812386156648451, "support": 271}, "4": {"precision": 0.7762803234501348, "recall": 0.7309644670050761, "f1-score": 0.7529411764705882, "support": 394}, "5": {"precision": 0.7916666666666666, "recall": 0.8007662835249042, "f1-score": 0.7961904761904762, "support": 522}, "6": {"precision": 0.8141112618724559, "recall": 0.8426966292134831, "f1-score": 0.8281573498964803, "support": 712}, "7": {"precision": 0.827027027027027, "recall": 0.827027027027027, "f1-score": 0.827027027027027, "support": 925}, "8": {"precision": 0.8525469168900804, "recall": 0.8209982788296041, "f1-score": 0.8364752301622096, "support": 1162}, "9": {"precision": 0.8373493975903614, "recall": 0.863950276243094, "f1-score": 0.8504418762746431, "support": 1448}, "10": {"precision": 0.8472568578553616, "recall": 0.8378545006165228, "f1-score": 0.842529448233106, "support": 1622}, "11": {"precision": 0.8716517857142857, "recall": 0.8572996706915478, "f1-score": 0.8644161593801882, "support": 1822}, "12": {"precision": 0.8713255684969495, "recall": 0.861766319253977, "f1-score": 0.8665195808052951, "support": 1823}, "13": {"precision": 0.8572164948453608, "recall": 0.8711367207962284, "f1-score": 0.8641205507924136, "support": 1909}, "14": {"precision": 0.8775090066906845, "recall": 0.8659217877094972, "f1-score": 0.8716768916155421, "support": 1969}, "15": {"precision": 0.8433609958506224, "recall": 0.8822571893651655, "f1-score": 0.862370723945903, "support": 1843}, "16": {"precision": 0.8679471788715486, "recall": 0.8244013683010262, "f1-score": 0.8456140350877193, "support": 1754}, "17": {"precision": 0.8371235402581438, "recall": 0.8697318007662835, "f1-score": 0.8531161916692765, "support": 1566}, "18": {"precision": 0.8428674873280232, "recall": 0.8508771929824561, "f1-score": 0.8468534012368134, "support": 1368}, "19": {"precision": 0.8526315789473684, "recall": 0.8230313293818797, "f1-score": 0.8375700129254631, "support": 1181}, "20": {"precision": 0.8113207547169812, "recall": 0.8269230769230769, "f1-score": 0.819047619047619, "support": 884}, "21": {"precision": 0.8060836501901141, "recall": 0.8491321762349799, "f1-score": 0.8270481144343302, "support": 749}, "22": {"precision": 0.7514563106796116, "recall": 0.7485493230174082, "f1-score": 0.75, "support": 517}, "23": {"precision": 0.7378917378917379, "recall": 0.6692506459948321, "f1-score": 0.7018970189701897, "support": 387}, "24": {"precision": 0.6991525423728814, "recall": 0.7081545064377682, "f1-score": 0.7036247334754797, "support": 233}, "25": {"precision": 0.6149732620320856, "recall": 0.7371794871794872, "f1-score": 0.6705539358600584, "support": 156}, "26": {"precision": 0.6774193548387096, "recall": 0.4666666666666667, "f1-score": 0.5526315789473684, "support": 90}, "27": {"precision": 0.6875, "recall": 0.6875, "f1-score": 0.6875, "support": 32}, "accuracy": 0.8348828125, "macro avg": {"precision": 0.7589819935392136, "recall": 0.7462063448273721, "f1-score": 0.7492630080563518, "support": 25600}, "weighted avg": {"precision": 0.8348680891692554, "recall": 0.8348828125, "f1-score": 0.8344424530008391, "support": 25600}}