{"0": {"precision": 0.5, "recall": 0.037037037037037035, "f1-score": 0.06896551724137931, "support": 27}, "1": {"precision": 0.37349397590361444, "recall": 0.43661971830985913, "f1-score": 0.40259740259740256, "support": 71}, "2": {"precision": 0.4057971014492754, "recall": 0.18791946308724833, "f1-score": 0.25688073394495414, "support": 149}, "3": {"precision": 0.36666666666666664, "recall": 0.32217573221757323, "f1-score": 0.3429844097995546, "support": 239}, "4": {"precision": 0.4630225080385852, "recall": 0.37994722955145116, "f1-score": 0.417391304347826, "support": 379}, "5": {"precision": 0.36338028169014086, "recall": 0.251953125, "f1-score": 0.2975778546712803, "support": 512}, "6": {"precision": 0.4230769230769231, "recall": 0.3656509695290859, "f1-score": 0.3922734026745914, "support": 722}, "7": {"precision": 0.4172661870503597, "recall": 0.4476295479603087, "f1-score": 0.4319148936170213, "support": 907}, "8": {"precision": 0.4082013047530289, "recall": 0.39317773788150806, "f1-score": 0.4005486968449931, "support": 1114}, "9": {"precision": 0.5067733990147784, "recall": 0.5668044077134986, "f1-score": 0.535110533159948, "support": 1452}, "10": {"precision": 0.5352286773794809, "recall": 0.5254854368932039, "f1-score": 0.5303123086344151, "support": 1648}, "11": {"precision": 0.6105324074074074, "recall": 0.6014823261117446, "f1-score": 0.6059735784032166, "support": 1754}, "12": {"precision": 0.6046511627906976, "recall": 0.6867406233491812, "f1-score": 0.6430868167202571, "support": 1893}, "13": {"precision": 0.6416452442159383, "recall": 0.6328600405679513, "f1-score": 0.637222364054123, "support": 1972}, "14": {"precision": 0.6079958463136034, "recall": 0.627545551982851, "f1-score": 0.6176160337552742, "support": 1866}, "15": {"precision": 0.5692883895131086, "recall": 0.6323452938117524, "f1-score": 0.5991623552599162, "support": 1923}, "16": {"precision": 0.5430711610486891, "recall": 0.5561643835616439, "f1-score": 0.5495397942609638, "support": 1825}, "17": {"precision": 0.4790518191841235, "recall": 0.5506970849176173, "f1-score": 0.5123820754716981, "support": 1578}, "18": {"precision": 0.4021879021879022, "recall": 0.45587162654996355, "f1-score": 0.4273504273504274, "support": 1371}, "19": {"precision": 0.3979148566463944, "recall": 0.41750227894257064, "f1-score": 0.40747330960854095, "support": 1097}, "20": {"precision": 0.43333333333333335, "recall": 0.3472222222222222, "f1-score": 0.38552787663107946, "support": 936}, "21": {"precision": 0.36412315930388217, "recall": 0.3626666666666667, "f1-score": 0.3633934535738143, "support": 750}, "22": {"precision": 0.3638297872340426, "recall": 0.3172541743970315, "f1-score": 0.3389494549058474, "support": 539}, "23": {"precision": 0.29310344827586204, "recall": 0.18994413407821228, "f1-score": 0.2305084745762712, "support": 358}, "24": {"precision": 0.40476190476190477, "recall": 0.18149466192170818, "f1-score": 0.2506142506142506, "support": 281}, "25": {"precision": 0.3170731707317073, "recall": 0.09774436090225563, "f1-score": 0.14942528735632182, "support": 133}, "26": {"precision": 0.46153846153846156, "recall": 0.07894736842105263, "f1-score": 0.13483146067415727, "support": 76}, "27": {"precision": 0.6666666666666666, "recall": 0.14285714285714285, "f1-score": 0.23529411764705882, "support": 28}, "accuracy": 0.510703125, "macro avg": {"precision": 0.4615598480777349, "recall": 0.385490726658655, "f1-score": 0.3987467210141637, "support": 25600}, "weighted avg": {"precision": 0.5054924661176711, "recall": 0.510703125, "f1-score": 0.5048811046732915, "support": 25600}}