{"0": {"precision": 0.15384615384615385, "recall": 0.07692307692307693, "f1-score": 0.10256410256410257, "support": 26}, "1": {"precision": 0.4772727272727273, "recall": 0.28, "f1-score": 0.3529411764705883, "support": 75}, "2": {"precision": 0.5, "recall": 0.5960264900662252, "f1-score": 0.5438066465256798, "support": 151}, "3": {"precision": 0.6041666666666666, "recall": 0.6823529411764706, "f1-score": 0.6408839779005524, "support": 255}, "4": {"precision": 0.740506329113924, "recall": 0.59846547314578, "f1-score": 0.6619519094766619, "support": 391}, "5": {"precision": 0.7430278884462151, "recall": 0.6920222634508348, "f1-score": 0.7166186359269933, "support": 539}, "6": {"precision": 0.7527322404371585, "recall": 0.8162962962962963, "f1-score": 0.783226723525231, "support": 675}, "7": {"precision": 0.8122941822173436, "recall": 0.8231368186874305, "f1-score": 0.8176795580110499, "support": 899}, "8": {"precision": 0.8656429942418427, "recall": 0.7926186291739895, "f1-score": 0.8275229357798165, "support": 1138}, "9": {"precision": 0.8359751895244659, "recall": 0.8500350385423966, "f1-score": 0.842946490618485, "support": 1427}, "10": {"precision": 0.8518518518518519, "recall": 0.8267008985879333, "f1-score": 0.8390879478827361, "support": 1558}, "11": {"precision": 0.861631419939577, "recall": 0.8228505481823427, "f1-score": 0.8417945690672962, "support": 1733}, "12": {"precision": 0.8513867085295657, "recall": 0.8456340956340956, "f1-score": 0.8485006518904825, "support": 1924}, "13": {"precision": 0.8226506024096386, "recall": 0.8564977420973406, "f1-score": 0.8392330383480826, "support": 1993}, "14": {"precision": 0.8732394366197183, "recall": 0.8387096774193549, "f1-score": 0.8556263269639067, "support": 1922}, "15": {"precision": 0.7723300970873787, "recall": 0.8567582121701669, "f1-score": 0.8123563952004085, "support": 1857}, "16": {"precision": 0.791005291005291, "recall": 0.8342633928571429, "f1-score": 0.8120586637696905, "support": 1792}, "17": {"precision": 0.8241082410824109, "recall": 0.8251231527093597, "f1-score": 0.8246153846153845, "support": 1624}, "18": {"precision": 0.8212491026561378, "recall": 0.8119233498935415, "f1-score": 0.8165596002855104, "support": 1409}, "19": {"precision": 0.81875, "recall": 0.8172905525846702, "f1-score": 0.8180196253345227, "support": 1122}, "20": {"precision": 0.8164835164835165, "recall": 0.8076086956521739, "f1-score": 0.8120218579234972, "support": 920}, "21": {"precision": 0.7879581151832461, "recall": 0.8257887517146777, "f1-score": 0.8064300066979236, "support": 729}, "22": {"precision": 0.778672032193159, "recall": 0.7428023032629558, "f1-score": 0.7603143418467583, "support": 521}, "23": {"precision": 0.7440633245382586, "recall": 0.7121212121212122, "f1-score": 0.727741935483871, "support": 396}, "24": {"precision": 0.6455223880597015, "recall": 0.6628352490421456, "f1-score": 0.6540642722117203, "support": 261}, "25": {"precision": 0.6027397260273972, "recall": 0.5569620253164557, "f1-score": 0.5789473684210525, "support": 158}, "26": {"precision": 0.6744186046511628, "recall": 0.4027777777777778, "f1-score": 0.5043478260869566, "support": 72}, "27": {"precision": 0.7692307692307693, "recall": 0.6060606060606061, "f1-score": 0.6779661016949152, "support": 33}, "accuracy": 0.8113671875, "macro avg": {"precision": 0.7354555571184028, "recall": 0.7093066168052305, "f1-score": 0.7185652882329955, "support": 25600}, "weighted avg": {"precision": 0.8117793183327022, "recall": 0.8113671875, "f1-score": 0.810753660493424, "support": 25600}}