{"0": {"precision": 0.0, "recall": 0.0, "f1-score": 0.0, "support": 1.0}, "1": {"precision": 0.08333333333333333, "recall": 0.5, "f1-score": 0.14285714285714285, "support": 2.0}, "2": {"precision": 0.08333333333333333, "recall": 0.5, "f1-score": 0.14285714285714285, "support": 2.0}, "3": {"precision": 0.09523809523809523, "recall": 0.2, "f1-score": 0.12903225806451613, "support": 10.0}, "4": {"precision": 0.125, "recall": 0.08333333333333333, "f1-score": 0.1, "support": 12.0}, "5": {"precision": 0.037037037037037035, "recall": 0.047619047619047616, "f1-score": 0.041666666666666664, "support": 21.0}, "6": {"precision": 0.05555555555555555, "recall": 0.038461538461538464, "f1-score": 0.04545454545454546, "support": 26.0}, "7": {"precision": 0.046511627906976744, "recall": 0.06896551724137931, "f1-score": 0.05555555555555555, "support": 29.0}, "8": {"precision": 0.2, "recall": 0.13725490196078433, "f1-score": 0.16279069767441862, "support": 51.0}, "9": {"precision": 0.16279069767441862, "recall": 0.1044776119402985, "f1-score": 0.12727272727272726, "support": 67.0}, "10": {"precision": 0.12244897959183673, "recall": 0.08695652173913043, "f1-score": 0.10169491525423728, "support": 69.0}, "11": {"precision": 0.21428571428571427, "recall": 0.11392405063291139, "f1-score": 0.1487603305785124, "support": 79.0}, "12": {"precision": 0.08333333333333333, "recall": 0.06451612903225806, "f1-score": 0.07272727272727274, "support": 62.0}, "13": {"precision": 0.09782608695652174, "recall": 0.12162162162162163, "f1-score": 0.10843373493975904, "support": 74.0}, "14": {"precision": 0.11538461538461539, "recall": 0.14634146341463414, "f1-score": 0.12903225806451613, "support": 82.0}, "15": {"precision": 0.11666666666666667, "recall": 0.17721518987341772, "f1-score": 0.14070351758793972, "support": 79.0}, "16": {"precision": 0.1038961038961039, "recall": 0.12698412698412698, "f1-score": 0.1142857142857143, "support": 63.0}, "17": {"precision": 0.05, "recall": 0.05454545454545454, "f1-score": 0.05217391304347826, "support": 55.0}, "18": {"precision": 0.057692307692307696, "recall": 0.06666666666666667, "f1-score": 0.061855670103092786, "support": 45.0}, "19": {"precision": 0.15, "recall": 0.125, "f1-score": 0.13636363636363635, "support": 48.0}, "20": {"precision": 0.21739130434782608, "recall": 0.1282051282051282, "f1-score": 0.16129032258064516, "support": 39.0}, "21": {"precision": 0.21052631578947367, "recall": 0.15384615384615385, "f1-score": 0.17777777777777778, "support": 26.0}, "22": {"precision": 0.05, "recall": 0.05, "f1-score": 0.05000000000000001, "support": 20.0}, "23": {"precision": 0.1111111111111111, "recall": 0.16666666666666666, "f1-score": 0.13333333333333333, "support": 12.0}, "24": {"precision": 0.0, "recall": 0.0, "f1-score": 0.0, "support": 11.0}, "25": {"precision": 0.5, "recall": 0.2857142857142857, "f1-score": 0.36363636363636365, "support": 7.0}, "26": {"precision": 0.0, "recall": 0.0, "f1-score": 0.0, "support": 6.0}, "27": {"precision": 0.0, "recall": 0.0, "f1-score": 0.0, "support": 2.0}, "accuracy": 0.111, "macro avg": {"precision": 0.11033436496908074, "recall": 0.1267255503392442, "f1-score": 0.10355555345282123, "support": 1000.0}, "weighted avg": {"precision": 0.1228021905165207, "recall": 0.111, "f1-score": 0.11201422863309356, "support": 1000.0}}