{"0": {"precision": 0.011764705882352941, "recall": 0.043478260869565216, "f1-score": 0.018518518518518517, "support": 23}, "1": {"precision": 0.026515151515151516, "recall": 0.08045977011494253, "f1-score": 0.039886039886039885, "support": 87}, "2": {"precision": 0.029023746701846966, "recall": 0.07857142857142857, "f1-score": 0.04238921001926782, "support": 140}, "3": {"precision": 0.051181102362204724, "recall": 0.10743801652892562, "f1-score": 0.06933333333333334, "support": 242}, "4": {"precision": 0.09635416666666667, "recall": 0.09438775510204081, "f1-score": 0.09536082474226805, "support": 392}, "5": {"precision": 0.10220125786163523, "recall": 0.1252408477842004, "f1-score": 0.11255411255411256, "support": 519}, "6": {"precision": 0.12292358803986711, "recall": 0.1012311901504788, "f1-score": 0.11102775693923482, "support": 731}, "7": {"precision": 0.10710259301014656, "recall": 0.10063559322033898, "f1-score": 0.10376843255051883, "support": 944}, "8": {"precision": 0.11003861003861004, "recall": 0.10344827586206896, "f1-score": 0.1066417212347989, "support": 1102}, "9": {"precision": 0.125, "recall": 0.08565459610027855, "f1-score": 0.10165289256198348, "support": 1436}, "10": {"precision": 0.13615455381784727, "recall": 0.0906307409675444, "f1-score": 0.1088235294117647, "support": 1633}, "11": {"precision": 0.09660421545667447, "recall": 0.09643483343074226, "f1-score": 0.09651945013161742, "support": 1711}, "12": {"precision": 0.09919901417128774, "recall": 0.0844700944386149, "f1-score": 0.09124397846415414, "support": 1906}, "13": {"precision": 0.10806270996640538, "recall": 0.10131233595800525, "f1-score": 0.10457870495800595, "support": 1905}, "14": {"precision": 0.10536182977127859, "recall": 0.14582252205500779, "f1-score": 0.12233347845015237, "support": 1927}, "15": {"precision": 0.08975012748597654, "recall": 0.0918580375782881, "f1-score": 0.0907918493680681, "support": 1916}, "16": {"precision": 0.11374407582938388, "recall": 0.09491525423728814, "f1-score": 0.10348013550970125, "support": 1770}, "17": {"precision": 0.10931174089068826, "recall": 0.16423357664233576, "f1-score": 0.1312591152163345, "support": 1644}, "18": {"precision": 0.09875640087783467, "recall": 0.09761388286334056, "f1-score": 0.09818181818181818, "support": 1383}, "19": {"precision": 0.10516605166051661, "recall": 0.10142348754448399, "f1-score": 0.10326086956521739, "support": 1124}, "20": {"precision": 0.09584086799276673, "recall": 0.058693244739756366, "f1-score": 0.0728021978021978, "support": 903}, "21": {"precision": 0.10613207547169812, "recall": 0.062154696132596686, "f1-score": 0.078397212543554, "support": 724}, "22": {"precision": 0.05357142857142857, "recall": 0.062381852551984876, "f1-score": 0.05764192139737992, "support": 529}, "23": {"precision": 0.13095238095238096, "recall": 0.11139240506329114, "f1-score": 0.12038303693570451, "support": 395}, "24": {"precision": 0.06521739130434782, "recall": 0.04897959183673469, "f1-score": 0.055944055944055944, "support": 245}, "25": {"precision": 0.043256997455470736, "recall": 0.10625, "f1-score": 0.06148282097649185, "support": 160}, "26": {"precision": 0.022727272727272728, "recall": 0.022988505747126436, "f1-score": 0.02285714285714286, "support": 87}, "27": {"precision": 0.0, "recall": 0.0, "f1-score": 0.0, "support": 22}, "accuracy": 0.100390625, "macro avg": {"precision": 0.08435407344577647, "recall": 0.08793217128897893, "f1-score": 0.08289693428762275, "support": 25600}, "weighted avg": {"precision": 0.10403395203568461, "recall": 0.100390625, "f1-score": 0.10029589560610662, "support": 25600}}