{"1": {"precision": 0.0, "recall": 0.0, "f1-score": 0.0, "support": 2.0}, "2": {"precision": 0.0, "recall": 0.0, "f1-score": 0.0, "support": 3.0}, "3": {"precision": 0.3333333333333333, "recall": 0.2222222222222222, "f1-score": 0.26666666666666666, "support": 9.0}, "4": {"precision": 0.2777777777777778, "recall": 0.29411764705882354, "f1-score": 0.28571428571428575, "support": 17.0}, "5": {"precision": 0.1111111111111111, "recall": 0.037037037037037035, "f1-score": 0.05555555555555555, "support": 27.0}, "6": {"precision": 0.25, "recall": 0.2727272727272727, "f1-score": 0.2608695652173913, "support": 33.0}, "7": {"precision": 0.3333333333333333, "recall": 0.4523809523809524, "f1-score": 0.3838383838383838, "support": 42.0}, "8": {"precision": 0.4642857142857143, "recall": 0.25, "f1-score": 0.325, "support": 52.0}, "9": {"precision": 0.40540540540540543, "recall": 0.28846153846153844, "f1-score": 0.33707865168539325, "support": 52.0}, "10": {"precision": 0.3148148148148148, "recall": 0.2786885245901639, "f1-score": 0.2956521739130435, "support": 61.0}, "11": {"precision": 0.4576271186440678, "recall": 0.421875, "f1-score": 0.43902439024390244, "support": 64.0}, "12": {"precision": 0.40186915887850466, "recall": 0.5972222222222222, "f1-score": 0.48044692737430167, "support": 72.0}, "13": {"precision": 0.5454545454545454, "recall": 0.3333333333333333, "f1-score": 0.41379310344827586, "support": 72.0}, "14": {"precision": 0.45121951219512196, "recall": 0.5211267605633803, "f1-score": 0.48366013071895425, "support": 71.0}, "15": {"precision": 0.3235294117647059, "recall": 0.4925373134328358, "f1-score": 0.3905325443786982, "support": 67.0}, "16": {"precision": 0.4470588235294118, "recall": 0.475, "f1-score": 0.4606060606060606, "support": 80.0}, "17": {"precision": 0.38596491228070173, "recall": 0.3793103448275862, "f1-score": 0.38260869565217387, "support": 58.0}, "18": {"precision": 0.23333333333333334, "recall": 0.27450980392156865, "f1-score": 0.2522522522522523, "support": 51.0}, "19": {"precision": 0.3389830508474576, "recall": 0.3508771929824561, "f1-score": 0.3448275862068965, "support": 57.0}, "20": {"precision": 0.15384615384615385, "recall": 0.2, "f1-score": 0.17391304347826086, "support": 30.0}, "21": {"precision": 0.2, "recall": 0.20833333333333334, "f1-score": 0.20408163265306126, "support": 24.0}, "22": {"precision": 0.3333333333333333, "recall": 0.05263157894736842, "f1-score": 0.09090909090909091, "support": 19.0}, "23": {"precision": 0.5714285714285714, "recall": 0.4, "f1-score": 0.47058823529411764, "support": 20.0}, "24": {"precision": 0.3333333333333333, "recall": 0.42857142857142855, "f1-score": 0.375, "support": 7.0}, "25": {"precision": 0.25, "recall": 0.1111111111111111, "f1-score": 0.15384615384615383, "support": 9.0}, "26": {"precision": 0.0, "recall": 0.0, "f1-score": 0.0, "support": 1.0}, "accuracy": 0.363, "macro avg": {"precision": 0.30450164418964354, "recall": 0.28238748529710134, "f1-score": 0.2817871203712662, "support": 1000.0}, "weighted avg": {"precision": 0.3697416898127145, "recall": 0.363, "f1-score": 0.3557621458568795, "support": 1000.0}}