{"0": {"precision": 0.0, "recall": 0.0, "f1-score": 0.0, "support": 29.0}, "1": {"precision": 0.5633802816901409, "recall": 0.5333333333333333, "f1-score": 0.547945205479452, "support": 75.0}, "2": {"precision": 0.6125461254612546, "recall": 0.9822485207100592, "f1-score": 0.7545454545454546, "support": 169.0}, "3": {"precision": 0.5669781931464174, "recall": 0.7250996015936255, "f1-score": 0.6363636363636362, "support": 251.0}, "4": {"precision": 0.9870689655172413, "recall": 0.6222826086956522, "f1-score": 0.7633333333333334, "support": 368.0}, "5": {"precision": 0.9830508474576272, "recall": 0.9942857142857143, "f1-score": 0.9886363636363638, "support": 525.0}, "6": {"precision": 0.9576719576719577, "recall": 0.9877216916780355, "f1-score": 0.9724647414372063, "support": 733.0}, "7": {"precision": 0.9517241379310345, "recall": 0.9627906976744186, "f1-score": 0.9572254335260115, "support": 860.0}, "8": {"precision": 0.9740932642487047, "recall": 0.9641025641025641, "f1-score": 0.9690721649484536, "support": 1170.0}, "9": {"precision": 0.9919058130978661, "recall": 0.9782293178519593, "f1-score": 0.9850200949945195, "support": 1378.0}, "10": {"precision": 0.9851088201603666, "recall": 0.9936452917388793, "f1-score": 0.9893586425079092, "support": 1731.0}, "11": {"precision": 0.9721137757947574, "recall": 0.9853024307518372, "f1-score": 0.978663672094329, "support": 1769.0}, "12": {"precision": 0.9939260077305356, "recall": 0.972972972972973, "f1-score": 0.9833378858235455, "support": 1850.0}, "13": {"precision": 0.996340825927862, "recall": 0.9937434827945777, "f1-score": 0.9950404594100758, "support": 1918.0}, "14": {"precision": 0.9984168865435357, "recall": 0.9921342422653382, "f1-score": 0.9952656496580747, "support": 1907.0}, "15": {"precision": 0.9956850053937433, "recall": 0.99140708915145, "f1-score": 0.9935414424111948, "support": 1862.0}, "16": {"precision": 0.9920859242509893, "recall": 0.9859550561797753, "f1-score": 0.989010989010989, "support": 1780.0}, "17": {"precision": 0.984147114774889, "recall": 0.9916932907348243, "f1-score": 0.9879057924888607, "support": 1565.0}, "18": {"precision": 0.9908256880733946, "recall": 0.9894291754756871, "f1-score": 0.990126939351199, "support": 1419.0}, "19": {"precision": 0.9864253393665159, "recall": 0.9740840035746202, "f1-score": 0.9802158273381296, "support": 1119.0}, "20": {"precision": 0.9691489361702128, "recall": 0.9722518676627535, "f1-score": 0.9706979222163028, "support": 937.0}, "21": {"precision": 0.9621542940320232, "recall": 0.9349363507779349, "f1-score": 0.9483500717360114, "support": 707.0}, "22": {"precision": 0.8959276018099548, "recall": 0.7346938775510204, "f1-score": 0.8073394495412844, "support": 539.0}, "23": {"precision": 0.6433915211970075, "recall": 0.688, "f1-score": 0.6649484536082474, "support": 375.0}, "24": {"precision": 0.5568181818181818, "recall": 0.5464684014869888, "f1-score": 0.5515947467166978, "support": 269.0}, "25": {"precision": 0.5627240143369175, "recall": 0.8722222222222222, "f1-score": 0.6840958605664488, "support": 180.0}, "26": {"precision": 0.5961538461538461, "recall": 0.37349397590361444, "f1-score": 0.45925925925925926, "support": 83.0}, "27": {"precision": 0.37209302325581395, "recall": 1.0, "f1-score": 0.5423728813559322, "support": 32.0}, "accuracy": 0.95578125, "macro avg": {"precision": 0.8229252283218855, "recall": 0.8479474207560665, "f1-score": 0.8244904419056757, "support": 25600.0}, "weighted avg": {"precision": 0.9596825535436903, "recall": 0.95578125, "f1-score": 0.9560477575617881, "support": 25600.0}}