{"1": {"precision": 1.0, "recall": 0.375, "f1-score": 0.5454545454545454, "support": 8.0}, "2": {"precision": 0.14285714285714285, "recall": 0.25, "f1-score": 0.18181818181818182, "support": 4.0}, "3": {"precision": 0.2857142857142857, "recall": 0.3333333333333333, "f1-score": 0.30769230769230765, "support": 6.0}, "4": {"precision": 0.6363636363636364, "recall": 0.4117647058823529, "f1-score": 0.5, "support": 17.0}, "5": {"precision": 0.5384615384615384, "recall": 0.30434782608695654, "f1-score": 0.3888888888888889, "support": 23.0}, "6": {"precision": 0.45, "recall": 0.34615384615384615, "f1-score": 0.3913043478260869, "support": 26.0}, "7": {"precision": 0.36923076923076925, "recall": 0.5581395348837209, "f1-score": 0.4444444444444445, "support": 43.0}, "8": {"precision": 0.21739130434782608, "recall": 0.09433962264150944, "f1-score": 0.13157894736842107, "support": 53.0}, "9": {"precision": 0.26785714285714285, "recall": 0.3333333333333333, "f1-score": 0.297029702970297, "support": 45.0}, "10": {"precision": 0.34328358208955223, "recall": 0.3898305084745763, "f1-score": 0.36507936507936506, "support": 59.0}, "11": {"precision": 0.4666666666666667, "recall": 0.21212121212121213, "f1-score": 0.29166666666666663, "support": 66.0}, "12": {"precision": 0.3644859813084112, "recall": 0.5064935064935064, "f1-score": 0.4239130434782608, "support": 77.0}, "13": {"precision": 0.43137254901960786, "recall": 0.3235294117647059, "f1-score": 0.3697478991596639, "support": 68.0}, "14": {"precision": 0.43859649122807015, "recall": 0.373134328358209, "f1-score": 0.4032258064516129, "support": 67.0}, "15": {"precision": 0.20958083832335328, "recall": 0.5072463768115942, "f1-score": 0.2966101694915254, "support": 69.0}, "16": {"precision": 0.48484848484848486, "recall": 0.3950617283950617, "f1-score": 0.43537414965986393, "support": 81.0}, "17": {"precision": 0.375, "recall": 0.375, "f1-score": 0.375, "support": 72.0}, "18": {"precision": 0.34, "recall": 0.3090909090909091, "f1-score": 0.32380952380952377, "support": 55.0}, "19": {"precision": 0.16666666666666666, "recall": 0.16666666666666666, "f1-score": 0.16666666666666666, "support": 48.0}, "20": {"precision": 0.28125, "recall": 0.24324324324324326, "f1-score": 0.26086956521739135, "support": 37.0}, "21": {"precision": 0.21739130434782608, "recall": 0.1724137931034483, "f1-score": 0.19230769230769232, "support": 29.0}, "22": {"precision": 0.1875, "recall": 0.13043478260869565, "f1-score": 0.15384615384615383, "support": 23.0}, "23": {"precision": 0.3333333333333333, "recall": 0.06666666666666667, "f1-score": 0.1111111111111111, "support": 15.0}, "24": {"precision": 0.16666666666666666, "recall": 0.16666666666666666, "f1-score": 0.16666666666666666, "support": 6.0}, "25": {"precision": 0.0, "recall": 0.0, "f1-score": 0.0, "support": 3.0}, "accuracy": 0.334, "macro avg": {"precision": 0.3485807353732392, "recall": 0.2937604801112086, "f1-score": 0.3009642338430135, "support": 1000.0}, "weighted avg": {"precision": 0.3569360982172117, "recall": 0.334, "f1-score": 0.3295716822648931, "support": 1000.0}}