{"0": {"precision": 0.0, "recall": 0.0, "f1-score": 0.0, "support": 24}, "1": {"precision": 0.1282051282051282, "recall": 0.06097560975609756, "f1-score": 0.08264462809917356, "support": 82}, "2": {"precision": 0.08403361344537816, "recall": 0.07092198581560284, "f1-score": 0.07692307692307693, "support": 141}, "3": {"precision": 0.11328125, "recall": 0.1124031007751938, "f1-score": 0.11284046692607004, "support": 258}, "4": {"precision": 0.08544303797468354, "recall": 0.07142857142857142, "f1-score": 0.07780979827089338, "support": 378}, "5": {"precision": 0.13001912045889102, "recall": 0.12056737588652482, "f1-score": 0.12511499540018398, "support": 564}, "6": {"precision": 0.10641200545702592, "recall": 0.1078838174273859, "f1-score": 0.10714285714285714, "support": 723}, "7": {"precision": 0.1136094674556213, "recall": 0.10212765957446808, "f1-score": 0.10756302521008403, "support": 940}, "8": {"precision": 0.10723860589812333, "recall": 0.10948905109489052, "f1-score": 0.10835214446952597, "support": 1096}, "9": {"precision": 0.1099290780141844, "recall": 0.10778859527121001, "f1-score": 0.10884831460674158, "support": 1438}, "10": {"precision": 0.09147869674185463, "recall": 0.09045848822800495, "f1-score": 0.0909657320872274, "support": 1614}, "11": {"precision": 0.1017897091722595, "recall": 0.10083102493074793, "f1-score": 0.10130809908154746, "support": 1805}, "12": {"precision": 0.12214551248008497, "recall": 0.12182203389830508, "f1-score": 0.12198355873773534, "support": 1888}, "13": {"precision": 0.1105904404873477, "recall": 0.12586666666666665, "f1-score": 0.11773509603392367, "support": 1875}, "14": {"precision": 0.0986639260020555, "recall": 0.10099947396107312, "f1-score": 0.09981804003119314, "support": 1901}, "15": {"precision": 0.10462287104622871, "recall": 0.11832691249312052, "f1-score": 0.11105371900826444, "support": 1817}, "16": {"precision": 0.09670079635949944, "recall": 0.09753298909925416, "f1-score": 0.09711510996858043, "support": 1743}, "17": {"precision": 0.1021671826625387, "recall": 0.10597302504816955, "f1-score": 0.10403530895334175, "support": 1557}, "18": {"precision": 0.11208151382823872, "recall": 0.10968660968660969, "f1-score": 0.11087113030957522, "support": 1404}, "19": {"precision": 0.0962566844919786, "recall": 0.09399477806788512, "f1-score": 0.095112285336856, "support": 1149}, "20": {"precision": 0.10597519729425028, "recall": 0.09968186638388123, "f1-score": 0.10273224043715846, "support": 943}, "21": {"precision": 0.12484700122399021, "recall": 0.136, "f1-score": 0.1301850670070198, "support": 750}, "22": {"precision": 0.12745098039215685, "recall": 0.11206896551724138, "f1-score": 0.11926605504587157, "support": 580}, "23": {"precision": 0.11824324324324324, "recall": 0.08663366336633663, "f1-score": 0.1, "support": 404}, "24": {"precision": 0.10096153846153846, "recall": 0.07777777777777778, "f1-score": 0.08786610878661087, "support": 270}, "25": {"precision": 0.11891891891891893, "recall": 0.13836477987421383, "f1-score": 0.12790697674418605, "support": 159}, "26": {"precision": 0.17647058823529413, "recall": 0.07692307692307693, "f1-score": 0.10714285714285716, "support": 78}, "27": {"precision": 0.0, "recall": 0.0, "f1-score": 0.0, "support": 19}, "accuracy": 0.1066796875, "macro avg": {"precision": 0.10312628956966122, "recall": 0.09487599639115393, "f1-score": 0.09758345327716268, "support": 25600}, "weighted avg": {"precision": 0.10681018371461957, "recall": 0.1066796875, "f1-score": 0.10646681480551409, "support": 25600}}