{"0": {"precision": 0.2, "recall": 0.05263157894736842, "f1-score": 0.08333333333333333, "support": 19}, "1": {"precision": 0.22857142857142856, "recall": 0.10666666666666667, "f1-score": 0.14545454545454548, "support": 75}, "2": {"precision": 0.11170212765957446, "recall": 0.1337579617834395, "f1-score": 0.12173913043478261, "support": 157}, "3": {"precision": 0.11504424778761062, "recall": 0.09454545454545454, "f1-score": 0.10379241516966067, "support": 275}, "4": {"precision": 0.10315186246418338, "recall": 0.08866995073891626, "f1-score": 0.09536423841059603, "support": 406}, "5": {"precision": 0.10515873015873016, "recall": 0.0965391621129326, "f1-score": 0.100664767331434, "support": 549}, "6": {"precision": 0.11397557666214382, "recall": 0.11602209944751381, "f1-score": 0.11498973305954825, "support": 724}, "7": {"precision": 0.11288483466362599, "recall": 0.11498257839721254, "f1-score": 0.1139240506329114, "support": 861}, "8": {"precision": 0.09302325581395349, "recall": 0.09146877748460862, "f1-score": 0.09223946784922393, "support": 1137}, "9": {"precision": 0.09059233449477352, "recall": 0.09135628952916373, "f1-score": 0.09097270818754376, "support": 1423}, "10": {"precision": 0.10694183864915573, "recall": 0.10388821385176185, "f1-score": 0.10539291217257318, "support": 1646}, "11": {"precision": 0.10760869565217392, "recall": 0.1086121777290181, "f1-score": 0.10810810810810811, "support": 1823}, "12": {"precision": 0.09602649006622517, "recall": 0.0932975871313673, "f1-score": 0.09464237149850421, "support": 1865}, "13": {"precision": 0.0981564524165421, "recall": 0.1041776837652036, "f1-score": 0.10107747562852745, "support": 1891}, "14": {"precision": 0.09554140127388536, "recall": 0.09641135511515801, "f1-score": 0.09597440682484673, "support": 1867}, "15": {"precision": 0.1030212976721149, "recall": 0.11099252934898612, "f1-score": 0.10685846390958129, "support": 1874}, "16": {"precision": 0.09901563404748118, "recall": 0.09743589743589744, "f1-score": 0.09821941412981045, "support": 1755}, "17": {"precision": 0.10600706713780919, "recall": 0.11320754716981132, "f1-score": 0.10948905109489052, "support": 1590}, "18": {"precision": 0.11890034364261168, "recall": 0.11556446225784903, "f1-score": 0.11720867208672087, "support": 1497}, "19": {"precision": 0.109107303877367, "recall": 0.10503472222222222, "f1-score": 0.10703228659885007, "support": 1152}, "20": {"precision": 0.10572687224669604, "recall": 0.10762331838565023, "f1-score": 0.10666666666666666, "support": 892}, "21": {"precision": 0.11153358681875793, "recall": 0.11972789115646258, "f1-score": 0.11548556430446194, "support": 735}, "22": {"precision": 0.09053497942386832, "recall": 0.08870967741935484, "f1-score": 0.08961303462321793, "support": 496}, "23": {"precision": 0.11799410029498525, "recall": 0.10335917312661498, "f1-score": 0.11019283746556474, "support": 387}, "24": {"precision": 0.08189655172413793, "recall": 0.07661290322580645, "f1-score": 0.07916666666666666, "support": 248}, "25": {"precision": 0.11643835616438356, "recall": 0.11724137931034483, "f1-score": 0.11683848797250859, "support": 145}, "26": {"precision": 0.11627906976744186, "recall": 0.056179775280898875, "f1-score": 0.07575757575757575, "support": 89}, "27": {"precision": 0.09090909090909091, "recall": 0.13636363636363635, "f1-score": 0.10909090909090909, "support": 22}, "accuracy": 0.1033984375, "macro avg": {"precision": 0.11234798321645544, "recall": 0.10146715892676146, "f1-score": 0.10390318908798442, "support": 25600}, "weighted avg": {"precision": 0.10370569937838017, "recall": 0.1033984375, "f1-score": 0.10334011652384087, "support": 25600}}