{"0": {"precision": 0.0, "recall": 0.0, "f1-score": 0.0, "support": 20}, "1": {"precision": 0.3617021276595745, "recall": 0.20238095238095238, "f1-score": 0.2595419847328244, "support": 84}, "2": {"precision": 0.3146067415730337, "recall": 0.18421052631578946, "f1-score": 0.23236514522821572, "support": 152}, "3": {"precision": 0.42592592592592593, "recall": 0.4166666666666667, "f1-score": 0.4212454212454213, "support": 276}, "4": {"precision": 0.5026315789473684, "recall": 0.45476190476190476, "f1-score": 0.4774999999999999, "support": 420}, "5": {"precision": 0.5213483146067416, "recall": 0.45759368836291914, "f1-score": 0.4873949579831933, "support": 507}, "6": {"precision": 0.5543130990415336, "recall": 0.5058309037900874, "f1-score": 0.5289634146341464, "support": 686}, "7": {"precision": 0.5300713557594292, "recall": 0.556745182012848, "f1-score": 0.5430809399477806, "support": 934}, "8": {"precision": 0.5222876366694701, "recall": 0.5681610247026533, "f1-score": 0.544259421560035, "support": 1093}, "9": {"precision": 0.5982019363762102, "recall": 0.6231988472622478, "f1-score": 0.6104446012702893, "support": 1388}, "10": {"precision": 0.659601798330122, "recall": 0.6220472440944882, "f1-score": 0.6402743142144638, "support": 1651}, "11": {"precision": 0.6730229949523275, "recall": 0.7005253940455342, "f1-score": 0.6864988558352403, "support": 1713}, "12": {"precision": 0.6700302724520686, "recall": 0.729269632070291, "f1-score": 0.6983960031554035, "support": 1821}, "13": {"precision": 0.7185, "recall": 0.7159940209267563, "f1-score": 0.717244821562266, "support": 2007}, "14": {"precision": 0.7267410951621478, "recall": 0.7251989389920425, "f1-score": 0.7259691980881573, "support": 1885}, "15": {"precision": 0.6961113778204513, "recall": 0.743208610968734, "f1-score": 0.7188894397620228, "support": 1951}, "16": {"precision": 0.6672345258375922, "recall": 0.6752873563218391, "f1-score": 0.6712367894887175, "support": 1740}, "17": {"precision": 0.6858485026423957, "recall": 0.6907155529272619, "f1-score": 0.6882734236888627, "support": 1691}, "18": {"precision": 0.6334125098970704, "recall": 0.5943536404160475, "f1-score": 0.6132617861249521, "support": 1346}, "19": {"precision": 0.5625539257981018, "recall": 0.5719298245614035, "f1-score": 0.5672031317964332, "support": 1140}, "20": {"precision": 0.512291052114061, "recall": 0.5814732142857143, "f1-score": 0.5446941975953999, "support": 896}, "21": {"precision": 0.48214285714285715, "recall": 0.5026595744680851, "f1-score": 0.4921875, "support": 752}, "22": {"precision": 0.4962825278810409, "recall": 0.4643478260869565, "f1-score": 0.47978436657681933, "support": 575}, "23": {"precision": 0.3523035230352303, "recall": 0.34574468085106386, "f1-score": 0.348993288590604, "support": 376}, "24": {"precision": 0.42948717948717946, "recall": 0.26171875, "f1-score": 0.3252427184466019, "support": 256}, "25": {"precision": 0.4647887323943662, "recall": 0.22297297297297297, "f1-score": 0.3013698630136986, "support": 148}, "26": {"precision": 0.5454545454545454, "recall": 0.08695652173913043, "f1-score": 0.15000000000000002, "support": 69}, "27": {"precision": 0.8333333333333334, "recall": 0.21739130434782608, "f1-score": 0.3448275862068966, "support": 23}, "accuracy": 0.6229296875, "macro avg": {"precision": 0.540722481081935, "recall": 0.47933374129757916, "f1-score": 0.4935408275267302, "support": 25600}, "weighted avg": {"precision": 0.6198968534865156, "recall": 0.6229296875, "f1-score": 0.6196867975096824, "support": 25600}}