{"0": {"precision": 0.125, "recall": 0.0625, "f1-score": 0.08333333333333333, "support": 32}, "1": {"precision": 0.4098360655737705, "recall": 0.2976190476190476, "f1-score": 0.3448275862068965, "support": 84}, "2": {"precision": 0.4794520547945205, "recall": 0.5, "f1-score": 0.48951048951048953, "support": 140}, "3": {"precision": 0.6418439716312057, "recall": 0.6830188679245283, "f1-score": 0.6617915904936015, "support": 265}, "4": {"precision": 0.7247191011235955, "recall": 0.6972972972972973, "f1-score": 0.7107438016528925, "support": 370}, "5": {"precision": 0.7947154471544715, "recall": 0.6835664335664335, "f1-score": 0.7349624060150376, "support": 572}, "6": {"precision": 0.7144772117962467, "recall": 0.7781021897810219, "f1-score": 0.7449336128581412, "support": 685}, "7": {"precision": 0.7562296858071506, "recall": 0.7489270386266095, "f1-score": 0.7525606469002695, "support": 932}, "8": {"precision": 0.7785365853658537, "recall": 0.7169811320754716, "f1-score": 0.7464920486435921, "support": 1113}, "9": {"precision": 0.760655737704918, "recall": 0.8027681660899654, "f1-score": 0.7811447811447811, "support": 1445}, "10": {"precision": 0.8194789081885856, "recall": 0.8074572127139364, "f1-score": 0.8134236453201971, "support": 1636}, "11": {"precision": 0.7981165391406709, "recall": 0.794841735052755, "f1-score": 0.7964757709251101, "support": 1706}, "12": {"precision": 0.7852459016393443, "recall": 0.7839607201309329, "f1-score": 0.7846027846027845, "support": 1833}, "13": {"precision": 0.7919254658385093, "recall": 0.8108108108108109, "f1-score": 0.8012568735271014, "support": 1887}, "14": {"precision": 0.8216880939072108, "recall": 0.7749077490774908, "f1-score": 0.7976125881714596, "support": 1897}, "15": {"precision": 0.7535383113714007, "recall": 0.8234666666666667, "f1-score": 0.7869520897043832, "support": 1875}, "16": {"precision": 0.7625284738041003, "recall": 0.7564971751412429, "f1-score": 0.7595008508224617, "support": 1770}, "17": {"precision": 0.7366863905325444, "recall": 0.7577601947656726, "f1-score": 0.747074707470747, "support": 1643}, "18": {"precision": 0.7780112044817927, "recall": 0.7604380561259412, "f1-score": 0.7691242644513673, "support": 1461}, "19": {"precision": 0.7302325581395349, "recall": 0.8051282051282052, "f1-score": 0.7658536585365855, "support": 1170}, "20": {"precision": 0.7837837837837838, "recall": 0.7088204038257173, "f1-score": 0.7444196428571428, "support": 941}, "21": {"precision": 0.6857541899441341, "recall": 0.7306547619047619, "f1-score": 0.707492795389049, "support": 672}, "22": {"precision": 0.6714542190305206, "recall": 0.677536231884058, "f1-score": 0.6744815148782687, "support": 552}, "23": {"precision": 0.6446700507614214, "recall": 0.6120481927710844, "f1-score": 0.6279357231149567, "support": 415}, "24": {"precision": 0.5683760683760684, "recall": 0.5341365461847389, "f1-score": 0.5507246376811593, "support": 249}, "25": {"precision": 0.6122448979591837, "recall": 0.5660377358490566, "f1-score": 0.588235294117647, "support": 159}, "26": {"precision": 0.6470588235294118, "recall": 0.30985915492957744, "f1-score": 0.41904761904761906, "support": 71}, "27": {"precision": 0.75, "recall": 0.6, "f1-score": 0.6666666666666665, "support": 25}, "accuracy": 0.7600390625, "macro avg": {"precision": 0.6902235621921411, "recall": 0.6637550616408223, "f1-score": 0.6732564794301336, "support": 25600}, "weighted avg": {"precision": 0.7600411231777067, "recall": 0.7600390625, "f1-score": 0.7592148942926106, "support": 25600}}