{"0": {"precision": 0.0, "recall": 0.0, "f1-score": 0.0, "support": 31}, "1": {"precision": 0.043478260869565216, "recall": 0.015384615384615385, "f1-score": 0.022727272727272728, "support": 65}, "2": {"precision": 0.08695652173913043, "recall": 0.09937888198757763, "f1-score": 0.0927536231884058, "support": 161}, "3": {"precision": 0.09836065573770492, "recall": 0.100418410041841, "f1-score": 0.09937888198757765, "support": 239}, "4": {"precision": 0.093841642228739, "recall": 0.08672086720867209, "f1-score": 0.09014084507042254, "support": 369}, "5": {"precision": 0.11368015414258188, "recall": 0.1057347670250896, "f1-score": 0.10956360259981429, "support": 558}, "6": {"precision": 0.08937823834196891, "recall": 0.09843081312410841, "f1-score": 0.09368635437881873, "support": 701}, "7": {"precision": 0.11050328227571116, "recall": 0.09990108803165183, "f1-score": 0.10493506493506495, "support": 1011}, "8": {"precision": 0.1068840579710145, "recall": 0.10323709536307961, "f1-score": 0.105028927458834, "support": 1143}, "9": {"precision": 0.11565696302124312, "recall": 0.10706482155863073, "f1-score": 0.11119515885022692, "support": 1373}, "10": {"precision": 0.09959931310818546, "recall": 0.11139564660691421, "f1-score": 0.10516772438803262, "support": 1562}, "11": {"precision": 0.08422301304863583, "recall": 0.08231884057971015, "f1-score": 0.0832600410436822, "support": 1725}, "12": {"precision": 0.11299435028248588, "recall": 0.11410788381742738, "f1-score": 0.1135483870967742, "support": 1928}, "13": {"precision": 0.08773730118009236, "recall": 0.09149277688603531, "f1-score": 0.08957569408067052, "support": 1869}, "14": {"precision": 0.10200845665961945, "recall": 0.09887295081967214, "f1-score": 0.1004162330905307, "support": 1952}, "15": {"precision": 0.0983385720700494, "recall": 0.11761546723952739, "f1-score": 0.10711665443873807, "support": 1862}, "16": {"precision": 0.10878417684700407, "recall": 0.10337202874516307, "f1-score": 0.1060090702947846, "support": 1809}, "17": {"precision": 0.11225144323284157, "recall": 0.11061946902654868, "f1-score": 0.11142948105698822, "support": 1582}, "18": {"precision": 0.09206349206349207, "recall": 0.08387563268257411, "f1-score": 0.08777903897086645, "support": 1383}, "19": {"precision": 0.1205240174672489, "recall": 0.11685012701100762, "f1-score": 0.11865864144453997, "support": 1181}, "20": {"precision": 0.09664694280078895, "recall": 0.1078107810781078, "f1-score": 0.10192407696307851, "support": 909}, "21": {"precision": 0.0908004778972521, "recall": 0.10888252148997135, "f1-score": 0.0990228013029316, "support": 698}, "22": {"precision": 0.12064965197215777, "recall": 0.09252669039145907, "f1-score": 0.10473313192346426, "support": 562}, "23": {"precision": 0.11428571428571428, "recall": 0.08311688311688312, "f1-score": 0.09624060150375939, "support": 385}, "24": {"precision": 0.08411214953271028, "recall": 0.07003891050583658, "f1-score": 0.07643312101910829, "support": 257}, "25": {"precision": 0.10810810810810811, "recall": 0.12972972972972974, "f1-score": 0.11793611793611794, "support": 185}, "26": {"precision": 0.04, "recall": 0.024691358024691357, "f1-score": 0.030534351145038167, "support": 81}, "27": {"precision": 0.05, "recall": 0.10526315789473684, "f1-score": 0.06779661016949153, "support": 19}, "accuracy": 0.101796875, "macro avg": {"precision": 0.0922095341744302, "recall": 0.09174472197754509, "f1-score": 0.09096398246660839, "support": 25600}, "weighted avg": {"precision": 0.10201294799715198, "recall": 0.101796875, "f1-score": 0.10161051633544925, "support": 25600}}