{"1": {"precision": 1.0, "recall": 1.0, "f1-score": 1.0, "support": 1.0}, "2": {"precision": 0.3333333333333333, "recall": 1.0, "f1-score": 0.5, "support": 1.0}, "3": {"precision": 0.0, "recall": 0.0, "f1-score": 0.0, "support": 11.0}, "4": {"precision": 0.4444444444444444, "recall": 0.3076923076923077, "f1-score": 0.3636363636363637, "support": 13.0}, "5": {"precision": 0.45454545454545453, "recall": 0.22727272727272727, "f1-score": 0.30303030303030304, "support": 22.0}, "6": {"precision": 0.375, "recall": 0.4090909090909091, "f1-score": 0.3913043478260869, "support": 22.0}, "7": {"precision": 0.4461538461538462, "recall": 0.7073170731707317, "f1-score": 0.5471698113207548, "support": 41.0}, "8": {"precision": 0.3157894736842105, "recall": 0.27906976744186046, "f1-score": 0.29629629629629634, "support": 43.0}, "9": {"precision": 0.5111111111111111, "recall": 0.3770491803278688, "f1-score": 0.43396226415094336, "support": 61.0}, "10": {"precision": 0.4857142857142857, "recall": 0.5666666666666667, "f1-score": 0.523076923076923, "support": 60.0}, "11": {"precision": 0.640625, "recall": 0.5857142857142857, "f1-score": 0.6119402985074627, "support": 70.0}, "12": {"precision": 0.5394736842105263, "recall": 0.5942028985507246, "f1-score": 0.5655172413793104, "support": 69.0}, "13": {"precision": 0.6111111111111112, "recall": 0.6197183098591549, "f1-score": 0.6153846153846154, "support": 71.0}, "14": {"precision": 0.6212121212121212, "recall": 0.5942028985507246, "f1-score": 0.6074074074074075, "support": 69.0}, "15": {"precision": 0.5566037735849056, "recall": 0.7375, "f1-score": 0.6344086021505376, "support": 80.0}, "16": {"precision": 0.6060606060606061, "recall": 0.5128205128205128, "f1-score": 0.5555555555555556, "support": 78.0}, "17": {"precision": 0.6153846153846154, "recall": 0.5882352941176471, "f1-score": 0.6015037593984962, "support": 68.0}, "18": {"precision": 0.4230769230769231, "recall": 0.6470588235294118, "f1-score": 0.5116279069767442, "support": 51.0}, "19": {"precision": 0.39622641509433965, "recall": 0.5, "f1-score": 0.4421052631578948, "support": 42.0}, "20": {"precision": 0.6, "recall": 0.36585365853658536, "f1-score": 0.4545454545454546, "support": 41.0}, "21": {"precision": 0.35714285714285715, "recall": 0.35714285714285715, "f1-score": 0.35714285714285715, "support": 28.0}, "22": {"precision": 0.2857142857142857, "recall": 0.2, "f1-score": 0.23529411764705882, "support": 20.0}, "23": {"precision": 0.375, "recall": 0.2, "f1-score": 0.26086956521739135, "support": 15.0}, "24": {"precision": 0.2, "recall": 0.16666666666666666, "f1-score": 0.1818181818181818, "support": 6.0}, "25": {"precision": 1.0, "recall": 0.23076923076923078, "f1-score": 0.375, "support": 13.0}, "26": {"precision": 0.0, "recall": 0.0, "f1-score": 0.0, "support": 3.0}, "27": {"precision": 0.5, "recall": 1.0, "f1-score": 0.6666666666666666, "support": 1.0}, "accuracy": 0.515, "macro avg": {"precision": 0.4701379015399621, "recall": 0.4731127432563286, "f1-score": 0.44575051119604836, "support": 1000.0}, "weighted avg": {"precision": 0.5183778617863709, "recall": 0.515, "f1-score": 0.5055311675810026, "support": 1000.0}}