{"0": {"precision": 0.0, "recall": 0.0, "f1-score": 0.0, "support": 2.0}, "1": {"precision": 0.3333333333333333, "recall": 0.2, "f1-score": 0.25, "support": 5.0}, "2": {"precision": 0.4166666666666667, "recall": 1.0, "f1-score": 0.5882352941176471, "support": 5.0}, "3": {"precision": 0.6153846153846154, "recall": 0.7272727272727273, "f1-score": 0.6666666666666667, "support": 11.0}, "4": {"precision": 0.5714285714285714, "recall": 0.4444444444444444, "f1-score": 0.5, "support": 9.0}, "5": {"precision": 0.8947368421052632, "recall": 0.8095238095238095, "f1-score": 0.8500000000000001, "support": 21.0}, "6": {"precision": 0.75, "recall": 0.9230769230769231, "f1-score": 0.8275862068965517, "support": 26.0}, "7": {"precision": 0.9024390243902439, "recall": 0.8409090909090909, "f1-score": 0.8705882352941177, "support": 44.0}, "8": {"precision": 0.8372093023255814, "recall": 0.9, "f1-score": 0.8674698795180723, "support": 40.0}, "9": {"precision": 0.8392857142857143, "recall": 0.8703703703703703, "f1-score": 0.8545454545454546, "support": 54.0}, "10": {"precision": 0.8833333333333333, "recall": 0.8548387096774194, "f1-score": 0.8688524590163934, "support": 62.0}, "11": {"precision": 0.9444444444444444, "recall": 0.8793103448275862, "f1-score": 0.9107142857142858, "support": 58.0}, "12": {"precision": 0.9375, "recall": 0.9523809523809523, "f1-score": 0.9448818897637795, "support": 63.0}, "13": {"precision": 0.9577464788732394, "recall": 0.9444444444444444, "f1-score": 0.951048951048951, "support": 72.0}, "14": {"precision": 0.990909090909091, "recall": 0.9646017699115044, "f1-score": 0.9775784753363229, "support": 113.0}, "15": {"precision": 0.9666666666666667, "recall": 0.9830508474576272, "f1-score": 0.9747899159663865, "support": 59.0}, "16": {"precision": 0.9852941176470589, "recall": 0.9852941176470589, "f1-score": 0.9852941176470589, "support": 68.0}, "17": {"precision": 1.0, "recall": 0.9864864864864865, "f1-score": 0.9931972789115647, "support": 74.0}, "18": {"precision": 1.0, "recall": 0.9, "f1-score": 0.9473684210526316, "support": 50.0}, "19": {"precision": 0.9056603773584906, "recall": 0.9056603773584906, "f1-score": 0.9056603773584906, "support": 53.0}, "20": {"precision": 0.8648648648648649, "recall": 0.9142857142857143, "f1-score": 0.888888888888889, "support": 35.0}, "21": {"precision": 0.8571428571428571, "recall": 0.96, "f1-score": 0.9056603773584904, "support": 25.0}, "22": {"precision": 0.8461538461538461, "recall": 0.7857142857142857, "f1-score": 0.8148148148148148, "support": 14.0}, "23": {"precision": 0.8181818181818182, "recall": 0.6, "f1-score": 0.6923076923076923, "support": 15.0}, "24": {"precision": 0.6153846153846154, "recall": 0.6153846153846154, "f1-score": 0.6153846153846154, "support": 13.0}, "25": {"precision": 0.5, "recall": 1.0, "f1-score": 0.6666666666666666, "support": 6.0}, "26": {"precision": 0.0, "recall": 0.0, "f1-score": 0.0, "support": 2.0}, "27": {"precision": 0.5, "recall": 1.0, "f1-score": 0.6666666666666666, "support": 1.0}, "accuracy": 0.902, "macro avg": {"precision": 0.7404916636028684, "recall": 0.7838232153990555, "f1-score": 0.7494595582479363, "support": 1000.0}, "weighted avg": {"precision": 0.9053571536810221, "recall": 0.902, "f1-score": 0.9012905502743096, "support": 1000.0}}