{"1": {"precision": 0.3333333333333333, "recall": 0.3333333333333333, "f1-score": 0.3333333333333333, "support": 3.0}, "2": {"precision": 0.3333333333333333, "recall": 0.3333333333333333, "f1-score": 0.3333333333333333, "support": 6.0}, "3": {"precision": 0.25, "recall": 0.1111111111111111, "f1-score": 0.15384615384615383, "support": 9.0}, "4": {"precision": 0.3333333333333333, "recall": 0.2857142857142857, "f1-score": 0.30769230769230765, "support": 7.0}, "5": {"precision": 0.47058823529411764, "recall": 0.3076923076923077, "f1-score": 0.372093023255814, "support": 26.0}, "6": {"precision": 0.5333333333333333, "recall": 0.22857142857142856, "f1-score": 0.32, "support": 35.0}, "7": {"precision": 0.25, "recall": 0.3142857142857143, "f1-score": 0.27848101265822783, "support": 35.0}, "8": {"precision": 0.20689655172413793, "recall": 0.12, "f1-score": 0.1518987341772152, "support": 50.0}, "9": {"precision": 0.288135593220339, "recall": 0.288135593220339, "f1-score": 0.288135593220339, "support": 59.0}, "10": {"precision": 0.25, "recall": 0.3050847457627119, "f1-score": 0.27480916030534347, "support": 59.0}, "11": {"precision": 0.42592592592592593, "recall": 0.3382352941176471, "f1-score": 0.3770491803278689, "support": 68.0}, "12": {"precision": 0.22727272727272727, "recall": 0.3225806451612903, "f1-score": 0.26666666666666666, "support": 62.0}, "13": {"precision": 0.4878048780487805, "recall": 0.22988505747126436, "f1-score": 0.3125, "support": 87.0}, "14": {"precision": 0.37333333333333335, "recall": 0.4117647058823529, "f1-score": 0.39160839160839156, "support": 68.0}, "15": {"precision": 0.23214285714285715, "recall": 0.6, "f1-score": 0.3347639484978541, "support": 65.0}, "16": {"precision": 0.52, "recall": 0.3291139240506329, "f1-score": 0.40310077519379844, "support": 79.0}, "17": {"precision": 0.3484848484848485, "recall": 0.3898305084745763, "f1-score": 0.36800000000000005, "support": 59.0}, "18": {"precision": 0.32222222222222224, "recall": 0.4461538461538462, "f1-score": 0.3741935483870968, "support": 65.0}, "19": {"precision": 0.058823529411764705, "recall": 0.08108108108108109, "f1-score": 0.06818181818181818, "support": 37.0}, "20": {"precision": 0.3, "recall": 0.18181818181818182, "f1-score": 0.22641509433962265, "support": 33.0}, "21": {"precision": 0.35294117647058826, "recall": 0.17142857142857143, "f1-score": 0.23076923076923078, "support": 35.0}, "22": {"precision": 0.14285714285714285, "recall": 0.07142857142857142, "f1-score": 0.09523809523809523, "support": 14.0}, "23": {"precision": 0.8, "recall": 0.21052631578947367, "f1-score": 0.3333333333333333, "support": 19.0}, "24": {"precision": 0.4444444444444444, "recall": 0.5, "f1-score": 0.47058823529411764, "support": 8.0}, "25": {"precision": 0.5, "recall": 0.2857142857142857, "f1-score": 0.36363636363636365, "support": 7.0}, "26": {"precision": 0.0, "recall": 0.0, "f1-score": 0.0, "support": 5.0}, "accuracy": 0.308, "macro avg": {"precision": 0.3378925691994832, "recall": 0.27680087852293617, "f1-score": 0.2857564358960125, "support": 1000.0}, "weighted avg": {"precision": 0.3465689883542343, "recall": 0.308, "f1-score": 0.3056453150731897, "support": 1000.0}}