{"0": {"precision": 0.08, "recall": 0.08695652173913043, "f1-score": 0.08333333333333333, "support": 23}, "1": {"precision": 0.0851063829787234, "recall": 0.0625, "f1-score": 0.07207207207207207, "support": 64}, "2": {"precision": 0.07751937984496124, "recall": 0.06711409395973154, "f1-score": 0.07194244604316548, "support": 149}, "3": {"precision": 0.08673469387755102, "recall": 0.06692913385826772, "f1-score": 0.07555555555555556, "support": 254}, "4": {"precision": 0.13069908814589665, "recall": 0.10858585858585859, "f1-score": 0.11862068965517242, "support": 396}, "5": {"precision": 0.12028301886792453, "recall": 0.09156193895870736, "f1-score": 0.10397553516819573, "support": 557}, "6": {"precision": 0.10956521739130434, "recall": 0.08725761772853186, "f1-score": 0.09714726291441789, "support": 722}, "7": {"precision": 0.10666666666666667, "recall": 0.10333692142088267, "f1-score": 0.10497539639147076, "support": 929}, "8": {"precision": 0.10428849902534112, "recall": 0.09208261617900172, "f1-score": 0.09780621572212066, "support": 1162}, "9": {"precision": 0.09706362153344208, "recall": 0.08392101551480959, "f1-score": 0.09001512859304082, "support": 1418}, "10": {"precision": 0.10364321608040201, "recall": 0.10377358490566038, "f1-score": 0.10370835952231301, "support": 1590}, "11": {"precision": 0.09631147540983606, "recall": 0.08080229226361031, "f1-score": 0.08787784356497351, "support": 1745}, "12": {"precision": 0.10358767054067711, "recall": 0.10829371368198626, "f1-score": 0.10588842975206611, "support": 1893}, "13": {"precision": 0.09554140127388536, "recall": 0.09819967266775777, "f1-score": 0.09685230024213073, "support": 1833}, "14": {"precision": 0.10084033613445378, "recall": 0.09307135470527404, "f1-score": 0.09680021511158915, "support": 1934}, "15": {"precision": 0.09932967702620353, "recall": 0.1659877800407332, "f1-score": 0.12428516965306902, "support": 1964}, "16": {"precision": 0.11072463768115942, "recall": 0.10977011494252874, "f1-score": 0.11024531024531024, "support": 1740}, "17": {"precision": 0.10103383458646617, "recall": 0.1349654739485248, "f1-score": 0.11556033324375169, "support": 1593}, "18": {"precision": 0.10664819944598337, "recall": 0.11007862759113653, "f1-score": 0.10833626450932113, "support": 1399}, "19": {"precision": 0.09684684684684684, "recall": 0.07497820401046207, "f1-score": 0.0845208845208845, "support": 1147}, "20": {"precision": 0.11432506887052342, "recall": 0.09130913091309131, "f1-score": 0.10152905198776759, "support": 909}, "21": {"precision": 0.09626436781609195, "recall": 0.09436619718309859, "f1-score": 0.0953058321479374, "support": 710}, "22": {"precision": 0.09911894273127753, "recall": 0.07894736842105263, "f1-score": 0.087890625, "support": 570}, "23": {"precision": 0.10509554140127389, "recall": 0.0868421052631579, "f1-score": 0.09510086455331412, "support": 380}, "24": {"precision": 0.08585858585858586, "recall": 0.06589147286821706, "f1-score": 0.07456140350877194, "support": 258}, "25": {"precision": 0.05426356589147287, "recall": 0.043478260869565216, "f1-score": 0.048275862068965524, "support": 161}, "26": {"precision": 0.23076923076923078, "recall": 0.04285714285714286, "f1-score": 0.07228915662650602, "support": 70}, "27": {"precision": 0.09090909090909091, "recall": 0.06666666666666667, "f1-score": 0.07692307692307691, "support": 30}, "accuracy": 0.10203125, "macro avg": {"precision": 0.10317993777161687, "recall": 0.08930446006230672, "f1-score": 0.09290695066536761, "support": 25600}, "weighted avg": {"precision": 0.10246832950985654, "recall": 0.10203125, "f1-score": 0.10089074871833528, "support": 25600}}