{"1": {"precision": 1.0, "recall": 0.5, "f1-score": 0.6666666666666666, "support": 2.0}, "2": {"precision": 1.0, "recall": 0.25, "f1-score": 0.4, "support": 4.0}, "3": {"precision": 0.625, "recall": 0.45454545454545453, "f1-score": 0.5263157894736842, "support": 11.0}, "4": {"precision": 0.46153846153846156, "recall": 0.4, "f1-score": 0.42857142857142855, "support": 15.0}, "5": {"precision": 0.25, "recall": 0.25, "f1-score": 0.25, "support": 12.0}, "6": {"precision": 0.46153846153846156, "recall": 0.5454545454545454, "f1-score": 0.4999999999999999, "support": 22.0}, "7": {"precision": 0.6136363636363636, "recall": 0.7297297297297297, "f1-score": 0.6666666666666666, "support": 37.0}, "8": {"precision": 0.6896551724137931, "recall": 0.851063829787234, "f1-score": 0.761904761904762, "support": 47.0}, "9": {"precision": 0.7323943661971831, "recall": 0.7536231884057971, "f1-score": 0.7428571428571428, "support": 69.0}, "10": {"precision": 0.7636363636363637, "recall": 0.6885245901639344, "f1-score": 0.7241379310344828, "support": 61.0}, "11": {"precision": 0.8805970149253731, "recall": 0.8428571428571429, "f1-score": 0.8613138686131387, "support": 70.0}, "12": {"precision": 0.9384615384615385, "recall": 0.8840579710144928, "f1-score": 0.9104477611940298, "support": 69.0}, "13": {"precision": 0.9090909090909091, "recall": 0.9523809523809523, "f1-score": 0.9302325581395349, "support": 63.0}, "14": {"precision": 0.9864864864864865, "recall": 0.8902439024390244, "f1-score": 0.9358974358974359, "support": 82.0}, "15": {"precision": 0.9176470588235294, "recall": 0.9629629629629629, "f1-score": 0.9397590361445782, "support": 81.0}, "16": {"precision": 0.9047619047619048, "recall": 0.8382352941176471, "f1-score": 0.8702290076335878, "support": 68.0}, "17": {"precision": 0.8405797101449275, "recall": 0.8529411764705882, "f1-score": 0.8467153284671534, "support": 68.0}, "18": {"precision": 0.796875, "recall": 0.8360655737704918, "f1-score": 0.816, "support": 61.0}, "19": {"precision": 0.7380952380952381, "recall": 0.5849056603773585, "f1-score": 0.6526315789473685, "support": 53.0}, "20": {"precision": 0.5714285714285714, "recall": 0.7, "f1-score": 0.6292134831460674, "support": 40.0}, "21": {"precision": 0.5416666666666666, "recall": 0.65, "f1-score": 0.5909090909090908, "support": 20.0}, "22": {"precision": 0.6, "recall": 0.8333333333333334, "f1-score": 0.6976744186046512, "support": 18.0}, "23": {"precision": 0.6666666666666666, "recall": 0.4, "f1-score": 0.5, "support": 15.0}, "24": {"precision": 0.3333333333333333, "recall": 0.3333333333333333, "f1-score": 0.3333333333333333, "support": 6.0}, "25": {"precision": 0.5, "recall": 0.25, "f1-score": 0.3333333333333333, "support": 4.0}, "26": {"precision": 0.0, "recall": 0.0, "f1-score": 0.0, "support": 1.0}, "27": {"precision": 0.0, "recall": 0.0, "f1-score": 0.0, "support": 1.0}, "accuracy": 0.782, "macro avg": {"precision": 0.6564107143646583, "recall": 0.6012688385608898, "f1-score": 0.6116596526495606, "support": 1000.0}, "weighted avg": {"precision": 0.7889790878354763, "recall": 0.782, "f1-score": 0.7811345972832536, "support": 1000.0}}