{"0": {"precision": 0.0, "recall": 0.0, "f1-score": 0.0, "support": 2.0}, "1": {"precision": 0.6, "recall": 1.0, "f1-score": 0.7499999999999999, "support": 3.0}, "2": {"precision": 0.45454545454545453, "recall": 1.0, "f1-score": 0.625, "support": 5.0}, "3": {"precision": 0.3, "recall": 0.3333333333333333, "f1-score": 0.3157894736842105, "support": 9.0}, "4": {"precision": 0.8461538461538461, "recall": 0.6111111111111112, "f1-score": 0.7096774193548387, "support": 18.0}, "5": {"precision": 0.8333333333333334, "recall": 0.8823529411764706, "f1-score": 0.8571428571428571, "support": 17.0}, "6": {"precision": 0.8888888888888888, "recall": 0.9142857142857143, "f1-score": 0.9014084507042254, "support": 35.0}, "7": {"precision": 1.0, "recall": 0.9111111111111111, "f1-score": 0.9534883720930233, "support": 45.0}, "8": {"precision": 1.0, "recall": 1.0, "f1-score": 1.0, "support": 45.0}, "9": {"precision": 1.0, "recall": 1.0, "f1-score": 1.0, "support": 45.0}, "10": {"precision": 1.0, "recall": 1.0, "f1-score": 1.0, "support": 54.0}, "11": {"precision": 1.0, "recall": 1.0, "f1-score": 1.0, "support": 62.0}, "12": {"precision": 1.0, "recall": 1.0, "f1-score": 1.0, "support": 69.0}, "13": {"precision": 1.0, "recall": 1.0, "f1-score": 1.0, "support": 87.0}, "14": {"precision": 1.0, "recall": 1.0, "f1-score": 1.0, "support": 79.0}, "15": {"precision": 1.0, "recall": 1.0, "f1-score": 1.0, "support": 76.0}, "16": {"precision": 1.0, "recall": 1.0, "f1-score": 1.0, "support": 74.0}, "17": {"precision": 1.0, "recall": 0.9836065573770492, "f1-score": 0.9917355371900827, "support": 61.0}, "18": {"precision": 0.98, "recall": 1.0, "f1-score": 0.98989898989899, "support": 49.0}, "19": {"precision": 1.0, "recall": 0.9387755102040817, "f1-score": 0.968421052631579, "support": 49.0}, "20": {"precision": 0.9090909090909091, "recall": 0.9090909090909091, "f1-score": 0.9090909090909091, "support": 33.0}, "21": {"precision": 0.8571428571428571, "recall": 0.9473684210526315, "f1-score": 0.9, "support": 19.0}, "22": {"precision": 0.9411764705882353, "recall": 0.5925925925925926, "f1-score": 0.7272727272727272, "support": 27.0}, "23": {"precision": 0.5, "recall": 0.7857142857142857, "f1-score": 0.6111111111111112, "support": 14.0}, "24": {"precision": 0.7272727272727273, "recall": 0.6153846153846154, "f1-score": 0.6666666666666667, "support": 13.0}, "25": {"precision": 0.5, "recall": 1.0, "f1-score": 0.6666666666666666, "support": 5.0}, "26": {"precision": 1.0, "recall": 1.0, "f1-score": 1.0, "support": 2.0}, "27": {"precision": 1.0, "recall": 1.0, "f1-score": 1.0, "support": 3.0}, "accuracy": 0.949, "macro avg": {"precision": 0.8334858745362946, "recall": 0.8723116822297824, "f1-score": 0.8408346511967103, "support": 1000.0}, "weighted avg": {"precision": 0.9569532987274165, "recall": 0.949, "f1-score": 0.9497644689463196, "support": 1000.0}}