{"0": {"precision": 0.0, "recall": 0.0, "f1-score": 0.0, "support": 3.0}, "1": {"precision": 0.25, "recall": 0.3333333333333333, "f1-score": 0.28571428571428575, "support": 3.0}, "2": {"precision": 0.5, "recall": 0.14285714285714285, "f1-score": 0.22222222222222224, "support": 7.0}, "3": {"precision": 0.5294117647058824, "recall": 1.0, "f1-score": 0.6923076923076924, "support": 9.0}, "4": {"precision": 0.5555555555555556, "recall": 0.3333333333333333, "f1-score": 0.4166666666666667, "support": 15.0}, "5": {"precision": 0.5454545454545454, "recall": 0.35294117647058826, "f1-score": 0.42857142857142855, "support": 17.0}, "6": {"precision": 0.52, "recall": 0.52, "f1-score": 0.52, "support": 25.0}, "7": {"precision": 0.5294117647058824, "recall": 0.5869565217391305, "f1-score": 0.5567010309278351, "support": 46.0}, "8": {"precision": 0.49019607843137253, "recall": 0.5319148936170213, "f1-score": 0.5102040816326531, "support": 47.0}, "9": {"precision": 0.6363636363636364, "recall": 0.6730769230769231, "f1-score": 0.6542056074766355, "support": 52.0}, "10": {"precision": 0.7402597402597403, "recall": 0.7916666666666666, "f1-score": 0.7651006711409396, "support": 72.0}, "11": {"precision": 0.8653846153846154, "recall": 0.7377049180327869, "f1-score": 0.7964601769911505, "support": 61.0}, "12": {"precision": 0.8285714285714286, "recall": 0.90625, "f1-score": 0.8656716417910447, "support": 64.0}, "13": {"precision": 0.8961038961038961, "recall": 0.8117647058823529, "f1-score": 0.8518518518518517, "support": 85.0}, "14": {"precision": 0.7777777777777778, "recall": 0.75, "f1-score": 0.7636363636363638, "support": 56.0}, "15": {"precision": 0.7684210526315789, "recall": 0.9125, "f1-score": 0.8342857142857143, "support": 80.0}, "16": {"precision": 0.7469879518072289, "recall": 0.8378378378378378, "f1-score": 0.7898089171974523, "support": 74.0}, "17": {"precision": 0.6764705882352942, "recall": 0.5974025974025974, "f1-score": 0.6344827586206896, "support": 77.0}, "18": {"precision": 0.5357142857142857, "recall": 0.5882352941176471, "f1-score": 0.5607476635514018, "support": 51.0}, "19": {"precision": 0.5625, "recall": 0.6136363636363636, "f1-score": 0.5869565217391304, "support": 44.0}, "20": {"precision": 0.5454545454545454, "recall": 0.5625, "f1-score": 0.5538461538461538, "support": 32.0}, "21": {"precision": 0.5238095238095238, "recall": 0.3793103448275862, "f1-score": 0.44, "support": 29.0}, "22": {"precision": 0.3333333333333333, "recall": 0.35294117647058826, "f1-score": 0.34285714285714286, "support": 17.0}, "23": {"precision": 0.42857142857142855, "recall": 0.46153846153846156, "f1-score": 0.4444444444444445, "support": 13.0}, "24": {"precision": 0.0, "recall": 0.0, "f1-score": 0.0, "support": 14.0}, "25": {"precision": 0.5, "recall": 0.4, "f1-score": 0.4444444444444445, "support": 5.0}, "26": {"precision": 0.0, "recall": 0.0, "f1-score": 0.0, "support": 1.0}, "27": {"precision": 0.0, "recall": 0.0, "f1-score": 0.0, "support": 1.0}, "accuracy": 0.674, "macro avg": {"precision": 0.5102054826025554, "recall": 0.5063464889585844, "f1-score": 0.49861383863990516, "support": 1000.0}, "weighted avg": {"precision": 0.6662375268251131, "recall": 0.674, "f1-score": 0.6658108163202138, "support": 1000.0}}