{"0": {"precision": 0.0, "recall": 0.0, "f1-score": 0.0, "support": 1.0}, "1": {"precision": 1.0, "recall": 0.4, "f1-score": 0.5714285714285715, "support": 5.0}, "2": {"precision": 0.5, "recall": 0.6, "f1-score": 0.5454545454545454, "support": 5.0}, "3": {"precision": 0.8, "recall": 0.8888888888888888, "f1-score": 0.8421052631578948, "support": 9.0}, "4": {"precision": 0.6666666666666666, "recall": 1.0, "f1-score": 0.8, "support": 8.0}, "5": {"precision": 0.8, "recall": 0.8, "f1-score": 0.8000000000000002, "support": 20.0}, "6": {"precision": 0.7575757575757576, "recall": 0.8620689655172413, "f1-score": 0.8064516129032258, "support": 29.0}, "7": {"precision": 0.7954545454545454, "recall": 0.875, "f1-score": 0.8333333333333334, "support": 40.0}, "8": {"precision": 0.7777777777777778, "recall": 0.7777777777777778, "f1-score": 0.7777777777777778, "support": 45.0}, "9": {"precision": 0.9193548387096774, "recall": 0.8507462686567164, "f1-score": 0.883720930232558, "support": 67.0}, "10": {"precision": 0.9107142857142857, "recall": 0.8947368421052632, "f1-score": 0.9026548672566371, "support": 57.0}, "11": {"precision": 0.8983050847457628, "recall": 0.8983050847457628, "f1-score": 0.8983050847457628, "support": 59.0}, "12": {"precision": 0.9545454545454546, "recall": 0.9264705882352942, "f1-score": 0.9402985074626866, "support": 68.0}, "13": {"precision": 0.9491525423728814, "recall": 0.9655172413793104, "f1-score": 0.9572649572649573, "support": 58.0}, "14": {"precision": 0.9861111111111112, "recall": 0.9342105263157895, "f1-score": 0.9594594594594595, "support": 76.0}, "15": {"precision": 0.9726027397260274, "recall": 0.9861111111111112, "f1-score": 0.9793103448275863, "support": 72.0}, "16": {"precision": 0.9850746268656716, "recall": 0.9705882352941176, "f1-score": 0.9777777777777777, "support": 68.0}, "17": {"precision": 0.9649122807017544, "recall": 0.9482758620689655, "f1-score": 0.9565217391304347, "support": 58.0}, "18": {"precision": 0.9655172413793104, "recall": 0.7887323943661971, "f1-score": 0.8682170542635659, "support": 71.0}, "19": {"precision": 0.7321428571428571, "recall": 0.8723404255319149, "f1-score": 0.7961165048543688, "support": 47.0}, "20": {"precision": 0.8478260869565217, "recall": 0.8863636363636364, "f1-score": 0.8666666666666666, "support": 44.0}, "21": {"precision": 0.8611111111111112, "recall": 0.8857142857142857, "f1-score": 0.8732394366197184, "support": 35.0}, "22": {"precision": 0.7586206896551724, "recall": 0.9166666666666666, "f1-score": 0.830188679245283, "support": 24.0}, "23": {"precision": 0.8181818181818182, "recall": 0.5625, "f1-score": 0.6666666666666666, "support": 16.0}, "24": {"precision": 0.6153846153846154, "recall": 1.0, "f1-score": 0.761904761904762, "support": 8.0}, "25": {"precision": 1.0, "recall": 0.75, "f1-score": 0.8571428571428571, "support": 8.0}, "26": {"precision": 0.0, "recall": 0.0, "f1-score": 0.0, "support": 1.0}, "27": {"precision": 0.5, "recall": 1.0, "f1-score": 0.6666666666666666, "support": 1.0}, "accuracy": 0.888, "macro avg": {"precision": 0.7763225761349564, "recall": 0.7943219571692478, "f1-score": 0.7720955023658488, "support": 1000.0}, "weighted avg": {"precision": 0.8943370252838099, "recall": 0.888, "f1-score": 0.8877703451368558, "support": 1000.0}}