{"0": {"precision": 0.0, "recall": 0.0, "f1-score": 0.0, "support": 29.0}, "1": {"precision": 0.7363636363636363, "recall": 1.0, "f1-score": 0.8481675392670157, "support": 81.0}, "2": {"precision": 0.544, "recall": 1.0, "f1-score": 0.7046632124352332, "support": 136.0}, "3": {"precision": 0.7103825136612022, "recall": 0.5327868852459017, "f1-score": 0.6088992974238876, "support": 244.0}, "4": {"precision": 0.9970414201183432, "recall": 0.8641025641025641, "f1-score": 0.9258241758241759, "support": 390.0}, "5": {"precision": 0.963302752293578, "recall": 0.9980988593155894, "f1-score": 0.9803921568627452, "support": 526.0}, "6": {"precision": 0.9652294853963839, "recall": 0.9719887955182073, "f1-score": 0.9685973482205162, "support": 714.0}, "7": {"precision": 0.980110497237569, "recall": 0.9725877192982456, "f1-score": 0.976334617501376, "support": 912.0}, "8": {"precision": 0.9948364888123924, "recall": 0.9846678023850085, "f1-score": 0.9897260273972603, "support": 1174.0}, "9": {"precision": 0.9951690821256038, "recall": 0.9958563535911602, "f1-score": 0.9955125992405937, "support": 1448.0}, "10": {"precision": 0.996956786366403, "recall": 0.9957446808510638, "f1-score": 0.9963503649635037, "support": 1645.0}, "11": {"precision": 0.9994311717861206, "recall": 0.9971623155505108, "f1-score": 0.9982954545454545, "support": 1762.0}, "12": {"precision": 1.0, "recall": 0.9994643813604713, "f1-score": 0.999732118939191, "support": 1867.0}, "13": {"precision": 1.0, "recall": 1.0, "f1-score": 1.0, "support": 1961.0}, "14": {"precision": 1.0, "recall": 1.0, "f1-score": 1.0, "support": 1898.0}, "15": {"precision": 1.0, "recall": 1.0, "f1-score": 1.0, "support": 1872.0}, "16": {"precision": 1.0, "recall": 1.0, "f1-score": 1.0, "support": 1719.0}, "17": {"precision": 1.0, "recall": 1.0, "f1-score": 1.0, "support": 1643.0}, "18": {"precision": 1.0, "recall": 1.0, "f1-score": 1.0, "support": 1372.0}, "19": {"precision": 1.0, "recall": 0.992, "f1-score": 0.9959839357429718, "support": 1125.0}, "20": {"precision": 0.990228013029316, "recall": 0.9923830250272034, "f1-score": 0.9913043478260869, "support": 919.0}, "21": {"precision": 0.9901960784313726, "recall": 0.9846796657381616, "f1-score": 0.9874301675977654, "support": 718.0}, "22": {"precision": 0.9732360097323601, "recall": 0.7590132827324478, "f1-score": 0.8528784648187634, "support": 527.0}, "23": {"precision": 0.6784810126582278, "recall": 0.6568627450980392, "f1-score": 0.6674968866749689, "support": 408.0}, "24": {"precision": 0.43548387096774194, "recall": 0.453781512605042, "f1-score": 0.4444444444444444, "support": 238.0}, "25": {"precision": 0.4144144144144144, "recall": 0.5897435897435898, "f1-score": 0.4867724867724868, "support": 156.0}, "26": {"precision": 0.21951219512195122, "recall": 0.20689655172413793, "f1-score": 0.21301775147928992, "support": 87.0}, "27": {"precision": 0.29591836734693877, "recall": 1.0, "f1-score": 0.4566929133858268, "support": 29.0}, "accuracy": 0.96734375, "macro avg": {"precision": 0.8171533498522698, "recall": 0.8552793117816908, "f1-score": 0.8245898682629841, "support": 25600.0}, "weighted avg": {"precision": 0.9710603236202097, "recall": 0.96734375, "f1-score": 0.9679904716099895, "support": 25600.0}}