{"0": {"precision": 0.0, "recall": 0.0, "f1-score": 0.0, "support": 32.0}, "1": {"precision": 0.515625, "recall": 0.4852941176470588, "f1-score": 0.5, "support": 68.0}, "2": {"precision": 0.7142857142857143, "recall": 0.9821428571428571, "f1-score": 0.8270676691729324, "support": 168.0}, "3": {"precision": 0.71875, "recall": 0.8734177215189873, "f1-score": 0.7885714285714285, "support": 237.0}, "4": {"precision": 0.8771929824561403, "recall": 0.7936507936507936, "f1-score": 0.8333333333333334, "support": 378.0}, "5": {"precision": 0.911190053285968, "recall": 0.9259927797833934, "f1-score": 0.9185317815577441, "support": 554.0}, "6": {"precision": 0.8195121951219512, "recall": 0.9307479224376731, "f1-score": 0.8715953307392996, "support": 722.0}, "7": {"precision": 0.7881526104417671, "recall": 0.8413719185423365, "f1-score": 0.813893208916537, "support": 933.0}, "8": {"precision": 0.9424242424242424, "recall": 0.8155594405594405, "f1-score": 0.8744142455482662, "support": 1144.0}, "9": {"precision": 0.9626556016597511, "recall": 0.96, "f1-score": 0.9613259668508287, "support": 1450.0}, "10": {"precision": 0.9506024096385542, "recall": 0.9669117647058824, "f1-score": 0.9586877278250304, "support": 1632.0}, "11": {"precision": 0.9481049562682216, "recall": 0.9519906323185011, "f1-score": 0.9500438212094653, "support": 1708.0}, "12": {"precision": 0.9805663520266519, "recall": 0.952021563342318, "f1-score": 0.9660831509846828, "support": 1855.0}, "13": {"precision": 0.9727786337955829, "recall": 0.9818558838776568, "f1-score": 0.9772961816305469, "support": 1929.0}, "14": {"precision": 0.9956780118854673, "recall": 0.9720464135021097, "f1-score": 0.9837203095809981, "support": 1896.0}, "15": {"precision": 0.9932279909706546, "recall": 0.995475113122172, "f1-score": 0.9943502824858758, "support": 1768.0}, "16": {"precision": 0.9988668555240793, "recall": 0.9898933183604717, "f1-score": 0.9943598420755781, "support": 1781.0}, "17": {"precision": 0.9956923076923077, "recall": 0.9800121138703816, "f1-score": 0.9877899877899878, "support": 1651.0}, "18": {"precision": 0.9738058551617874, "recall": 0.9253294289897511, "f1-score": 0.948948948948949, "support": 1366.0}, "19": {"precision": 0.9106529209621993, "recall": 0.9098712446351931, "f1-score": 0.910261914984972, "support": 1165.0}, "20": {"precision": 0.900390625, "recall": 0.9341438703140831, "f1-score": 0.9169567379413227, "support": 987.0}, "21": {"precision": 0.9162162162162162, "recall": 0.946927374301676, "f1-score": 0.9313186813186813, "support": 716.0}, "22": {"precision": 0.9016393442622951, "recall": 0.8549222797927462, "f1-score": 0.8776595744680852, "support": 579.0}, "23": {"precision": 0.7279411764705882, "recall": 0.825, "f1-score": 0.7734375, "support": 360.0}, "24": {"precision": 0.7400881057268722, "recall": 0.610909090909091, "f1-score": 0.6693227091633467, "support": 275.0}, "25": {"precision": 0.5526315789473685, "recall": 0.8344370860927153, "f1-score": 0.6649076517150396, "support": 151.0}, "26": {"precision": 0.5, "recall": 0.0821917808219178, "f1-score": 0.1411764705882353, "support": 73.0}, "27": {"precision": 0.2972972972972973, "recall": 1.0, "f1-score": 0.4583333333333333, "support": 22.0}, "accuracy": 0.933046875, "macro avg": {"precision": 0.8037846084829171, "recall": 0.8329327325085432, "f1-score": 0.8033352782405178, "support": 25600.0}, "weighted avg": {"precision": 0.9353764850545814, "recall": 0.933046875, "f1-score": 0.9326613820121915, "support": 25600.0}}