{"0": {"precision": 0.14285714285714285, "recall": 0.038461538461538464, "f1-score": 0.060606060606060615, "support": 26}, "1": {"precision": 0.17777777777777778, "recall": 0.09876543209876543, "f1-score": 0.12698412698412698, "support": 81}, "2": {"precision": 0.10714285714285714, "recall": 0.1232876712328767, "f1-score": 0.11464968152866241, "support": 146}, "3": {"precision": 0.125, "recall": 0.13654618473895583, "f1-score": 0.13051823416506717, "support": 249}, "4": {"precision": 0.11149825783972125, "recall": 0.08465608465608465, "f1-score": 0.0962406015037594, "support": 378}, "5": {"precision": 0.11065573770491803, "recall": 0.10756972111553785, "f1-score": 0.1090909090909091, "support": 502}, "6": {"precision": 0.09120521172638436, "recall": 0.08045977011494253, "f1-score": 0.08549618320610687, "support": 696}, "7": {"precision": 0.09401709401709402, "recall": 0.09865470852017937, "f1-score": 0.09628008752735229, "support": 892}, "8": {"precision": 0.10270774976657329, "recall": 0.0944206008583691, "f1-score": 0.09838998211091235, "support": 1165}, "9": {"precision": 0.115, "recall": 0.11095796002756719, "f1-score": 0.11294282707821818, "support": 1451}, "10": {"precision": 0.10575139146567718, "recall": 0.10458715596330276, "f1-score": 0.1051660516605166, "support": 1635}, "11": {"precision": 0.1122905027932961, "recall": 0.11154273029966703, "f1-score": 0.11191536748329621, "support": 1802}, "12": {"precision": 0.10858324715615306, "recall": 0.10966057441253264, "f1-score": 0.10911925175370225, "support": 1915}, "13": {"precision": 0.10009765625, "recall": 0.11263736263736264, "f1-score": 0.10599793174767322, "support": 1820}, "14": {"precision": 0.10436527847466132, "recall": 0.10749354005167959, "f1-score": 0.10590631364562117, "support": 1935}, "15": {"precision": 0.10758293838862559, "recall": 0.1227027027027027, "f1-score": 0.11464646464646465, "support": 1850}, "16": {"precision": 0.11648351648351649, "recall": 0.11876750700280111, "f1-score": 0.11761442441054092, "support": 1785}, "17": {"precision": 0.09467455621301775, "recall": 0.10062893081761007, "f1-score": 0.09756097560975609, "support": 1590}, "18": {"precision": 0.10627674750356633, "recall": 0.10485573539760731, "f1-score": 0.10556145944031171, "support": 1421}, "19": {"precision": 0.09295774647887324, "recall": 0.08439897698209718, "f1-score": 0.08847184986595175, "support": 1173}, "20": {"precision": 0.10645933014354067, "recall": 0.09549356223175966, "f1-score": 0.1006787330316742, "support": 932}, "21": {"precision": 0.09439124487004104, "recall": 0.09517241379310344, "f1-score": 0.09478021978021976, "support": 725}, "22": {"precision": 0.1047008547008547, "recall": 0.09315589353612168, "f1-score": 0.09859154929577466, "support": 526}, "23": {"precision": 0.08974358974358974, "recall": 0.07179487179487179, "f1-score": 0.07977207977207977, "support": 390}, "24": {"precision": 0.07657657657657657, "recall": 0.06938775510204082, "f1-score": 0.0728051391862955, "support": 245}, "25": {"precision": 0.09230769230769231, "recall": 0.11612903225806452, "f1-score": 0.10285714285714286, "support": 155}, "26": {"precision": 0.16279069767441862, "recall": 0.08333333333333333, "f1-score": 0.11023622047244094, "support": 84}, "27": {"precision": 0.1111111111111111, "recall": 0.12903225806451613, "f1-score": 0.11940298507462685, "support": 31}, "accuracy": 0.1048828125, "macro avg": {"precision": 0.10946451811313143, "recall": 0.10016264315021398, "f1-score": 0.10258153048340231, "support": 25600}, "weighted avg": {"precision": 0.10504721533269441, "recall": 0.1048828125, "f1-score": 0.10467811471545688, "support": 25600}}