{"1": {"precision": 1.0, "recall": 1.0, "f1-score": 1.0, "support": 2.0}, "2": {"precision": 0.35714285714285715, "recall": 1.0, "f1-score": 0.5263157894736842, "support": 5.0}, "3": {"precision": 0.16666666666666666, "recall": 0.18181818181818182, "f1-score": 0.17391304347826086, "support": 11.0}, "4": {"precision": 1.0, "recall": 0.4444444444444444, "f1-score": 0.6153846153846153, "support": 18.0}, "5": {"precision": 0.9393939393939394, "recall": 1.0, "f1-score": 0.96875, "support": 31.0}, "6": {"precision": 0.95, "recall": 0.95, "f1-score": 0.9500000000000001, "support": 40.0}, "7": {"precision": 0.9444444444444444, "recall": 0.9444444444444444, "f1-score": 0.9444444444444444, "support": 36.0}, "8": {"precision": 0.9767441860465116, "recall": 0.9545454545454546, "f1-score": 0.9655172413793104, "support": 44.0}, "9": {"precision": 1.0, "recall": 0.9830508474576272, "f1-score": 0.9914529914529915, "support": 59.0}, "10": {"precision": 1.0, "recall": 1.0, "f1-score": 1.0, "support": 61.0}, "11": {"precision": 0.984375, "recall": 1.0, "f1-score": 0.9921259842519685, "support": 63.0}, "12": {"precision": 1.0, "recall": 0.9859154929577465, "f1-score": 0.9929078014184397, "support": 71.0}, "13": {"precision": 1.0, "recall": 1.0, "f1-score": 1.0, "support": 75.0}, "14": {"precision": 1.0, "recall": 1.0, "f1-score": 1.0, "support": 70.0}, "15": {"precision": 1.0, "recall": 1.0, "f1-score": 1.0, "support": 66.0}, "16": {"precision": 1.0, "recall": 1.0, "f1-score": 1.0, "support": 68.0}, "17": {"precision": 1.0, "recall": 1.0, "f1-score": 1.0, "support": 61.0}, "18": {"precision": 1.0, "recall": 1.0, "f1-score": 1.0, "support": 56.0}, "19": {"precision": 1.0, "recall": 1.0, "f1-score": 1.0, "support": 39.0}, "20": {"precision": 1.0, "recall": 0.98, "f1-score": 0.98989898989899, "support": 50.0}, "21": {"precision": 0.95, "recall": 0.95, "f1-score": 0.9500000000000001, "support": 20.0}, "22": {"precision": 0.9444444444444444, "recall": 0.85, "f1-score": 0.8947368421052632, "support": 20.0}, "23": {"precision": 0.7272727272727273, "recall": 0.6153846153846154, "f1-score": 0.6666666666666667, "support": 13.0}, "24": {"precision": 0.5454545454545454, "recall": 0.5454545454545454, "f1-score": 0.5454545454545454, "support": 11.0}, "25": {"precision": 0.375, "recall": 0.6, "f1-score": 0.4615384615384615, "support": 5.0}, "26": {"precision": 0.3333333333333333, "recall": 0.3333333333333333, "f1-score": 0.3333333333333333, "support": 3.0}, "27": {"precision": 0.5, "recall": 1.0, "f1-score": 0.6666666666666666, "support": 2.0}, "accuracy": 0.954, "macro avg": {"precision": 0.8405285979333137, "recall": 0.8636441244385331, "f1-score": 0.8381150895165793, "support": 1000.0}, "weighted avg": {"precision": 0.9629510632697406, "recall": 0.954, "f1-score": 0.9553290501722989, "support": 1000.0}}