{"0": {"precision": 0.125, "recall": 0.047619047619047616, "f1-score": 0.06896551724137931, "support": 21}, "1": {"precision": 0.13636363636363635, "recall": 0.06382978723404255, "f1-score": 0.08695652173913043, "support": 94}, "2": {"precision": 0.11707317073170732, "recall": 0.14814814814814814, "f1-score": 0.13079019073569484, "support": 162}, "3": {"precision": 0.1, "recall": 0.09465020576131687, "f1-score": 0.09725158562367867, "support": 243}, "4": {"precision": 0.08333333333333333, "recall": 0.07816711590296496, "f1-score": 0.08066759388038942, "support": 371}, "5": {"precision": 0.11152416356877323, "recall": 0.10989010989010989, "f1-score": 0.1107011070110701, "support": 546}, "6": {"precision": 0.12311901504787962, "recall": 0.12802275960170698, "f1-score": 0.12552301255230128, "support": 703}, "7": {"precision": 0.09662921348314607, "recall": 0.09492273730684327, "f1-score": 0.0957683741648107, "support": 906}, "8": {"precision": 0.09541284403669725, "recall": 0.0942883046237534, "f1-score": 0.09484724122207022, "support": 1103}, "9": {"precision": 0.10589907604832978, "recall": 0.10478199718706048, "f1-score": 0.10533757511488158, "support": 1422}, "10": {"precision": 0.10736196319018405, "recall": 0.10849349039057657, "f1-score": 0.10792476102374343, "support": 1613}, "11": {"precision": 0.10741971207087486, "recall": 0.1085618354784555, "f1-score": 0.1079877539660451, "support": 1787}, "12": {"precision": 0.10065288356909684, "recall": 0.10076252723311546, "f1-score": 0.10070767555797494, "support": 1836}, "13": {"precision": 0.093, "recall": 0.09272183449651047, "f1-score": 0.09286070893659512, "support": 2006}, "14": {"precision": 0.10380803338549817, "recall": 0.10142711518858308, "f1-score": 0.10260376385666409, "support": 1962}, "15": {"precision": 0.10451680672268908, "recall": 0.10886214442013128, "f1-score": 0.10664523043944267, "support": 1828}, "16": {"precision": 0.11458915595304639, "recall": 0.1174785100286533, "f1-score": 0.11601584606677984, "support": 1745}, "17": {"precision": 0.09823062843197071, "recall": 0.09775349119611415, "f1-score": 0.09799147900182592, "support": 1647}, "18": {"precision": 0.11103542234332425, "recall": 0.11584932480454868, "f1-score": 0.11339130434782609, "support": 1407}, "19": {"precision": 0.09254498714652956, "recall": 0.09782608695652174, "f1-score": 0.09511228533685599, "support": 1104}, "20": {"precision": 0.09402654867256637, "recall": 0.09381898454746136, "f1-score": 0.09392265193370164, "support": 906}, "21": {"precision": 0.1039671682626539, "recall": 0.10841654778887304, "f1-score": 0.10614525139664804, "support": 701}, "22": {"precision": 0.08840864440078586, "recall": 0.0800711743772242, "f1-score": 0.08403361344537816, "support": 562}, "23": {"precision": 0.11551155115511551, "recall": 0.08974358974358974, "f1-score": 0.10101010101010101, "support": 390}, "24": {"precision": 0.10077519379844961, "recall": 0.10038610038610038, "f1-score": 0.10058027079303676, "support": 259}, "25": {"precision": 0.1118421052631579, "recall": 0.10303030303030303, "f1-score": 0.10725552050473186, "support": 165}, "26": {"precision": 0.14035087719298245, "recall": 0.08602150537634409, "f1-score": 0.10666666666666666, "support": 93}, "27": {"precision": 0.02702702702702703, "recall": 0.05555555555555555, "f1-score": 0.03636363636363636, "support": 18}, "accuracy": 0.103125, "macro avg": {"precision": 0.10390797004283771, "recall": 0.09753929765263056, "f1-score": 0.09907240142618072, "support": 25600}, "weighted avg": {"precision": 0.1032305704325561, "recall": 0.103125, "f1-score": 0.10302924190836171, "support": 25600}}