{"0": {"precision": 0.0, "recall": 0.0, "f1-score": 0.0, "support": 2.0}, "1": {"precision": 0.0, "recall": 0.0, "f1-score": 0.0, "support": 1.0}, "2": {"precision": 0.25, "recall": 0.25, "f1-score": 0.25, "support": 8.0}, "3": {"precision": 0.25, "recall": 0.16666666666666666, "f1-score": 0.2, "support": 12.0}, "4": {"precision": 0.375, "recall": 0.17647058823529413, "f1-score": 0.24, "support": 17.0}, "5": {"precision": 0.6470588235294118, "recall": 0.5238095238095238, "f1-score": 0.5789473684210527, "support": 21.0}, "6": {"precision": 0.6363636363636364, "recall": 0.25925925925925924, "f1-score": 0.368421052631579, "support": 27.0}, "7": {"precision": 0.375, "recall": 0.6923076923076923, "f1-score": 0.48648648648648646, "support": 26.0}, "8": {"precision": 0.4444444444444444, "recall": 0.18181818181818182, "f1-score": 0.2580645161290322, "support": 44.0}, "9": {"precision": 0.3442622950819672, "recall": 0.44680851063829785, "f1-score": 0.38888888888888884, "support": 47.0}, "10": {"precision": 0.4032258064516129, "recall": 0.35714285714285715, "f1-score": 0.3787878787878788, "support": 70.0}, "11": {"precision": 0.49019607843137253, "recall": 0.36764705882352944, "f1-score": 0.4201680672268907, "support": 68.0}, "12": {"precision": 0.25, "recall": 0.36619718309859156, "f1-score": 0.29714285714285715, "support": 71.0}, "13": {"precision": 0.4090909090909091, "recall": 0.2535211267605634, "f1-score": 0.3130434782608696, "support": 71.0}, "14": {"precision": 0.4, "recall": 0.4857142857142857, "f1-score": 0.43870967741935485, "support": 70.0}, "15": {"precision": 0.3761467889908257, "recall": 0.4880952380952381, "f1-score": 0.42487046632124353, "support": 84.0}, "16": {"precision": 0.4942528735632184, "recall": 0.5657894736842105, "f1-score": 0.5276073619631901, "support": 76.0}, "17": {"precision": 0.4925373134328358, "recall": 0.559322033898305, "f1-score": 0.5238095238095237, "support": 59.0}, "18": {"precision": 0.3333333333333333, "recall": 0.3448275862068966, "f1-score": 0.33898305084745767, "support": 58.0}, "19": {"precision": 0.1935483870967742, "recall": 0.36363636363636365, "f1-score": 0.2526315789473685, "support": 33.0}, "20": {"precision": 0.43478260869565216, "recall": 0.20833333333333334, "f1-score": 0.28169014084507044, "support": 48.0}, "21": {"precision": 0.17647058823529413, "recall": 0.125, "f1-score": 0.14634146341463414, "support": 24.0}, "22": {"precision": 0.30434782608695654, "recall": 0.3684210526315789, "f1-score": 0.3333333333333333, "support": 19.0}, "23": {"precision": 0.4166666666666667, "recall": 0.22727272727272727, "f1-score": 0.29411764705882354, "support": 22.0}, "24": {"precision": 0.25, "recall": 0.14285714285714285, "f1-score": 0.18181818181818182, "support": 7.0}, "25": {"precision": 0.2, "recall": 0.14285714285714285, "f1-score": 0.16666666666666666, "support": 7.0}, "26": {"precision": 0.0, "recall": 0.0, "f1-score": 0.0, "support": 5.0}, "27": {"precision": 0.0, "recall": 0.0, "f1-score": 0.0, "support": 3.0}, "accuracy": 0.376, "macro avg": {"precision": 0.31952601355338967, "recall": 0.2879919653124173, "f1-score": 0.288947488800728, "support": 1000.0}, "weighted avg": {"precision": 0.3911293461942, "recall": 0.376, "f1-score": 0.3689525526434986, "support": 1000.0}}