{"0": {"precision": 0.0, "recall": 0.0, "f1-score": 0.0, "support": 2.0}, "1": {"precision": 0.7777777777777778, "recall": 1.0, "f1-score": 0.8750000000000001, "support": 7.0}, "2": {"precision": 0.6666666666666666, "recall": 1.0, "f1-score": 0.8, "support": 4.0}, "3": {"precision": 0.6153846153846154, "recall": 0.8, "f1-score": 0.6956521739130435, "support": 10.0}, "4": {"precision": 1.0, "recall": 0.6875, "f1-score": 0.8148148148148148, "support": 16.0}, "5": {"precision": 0.9444444444444444, "recall": 1.0, "f1-score": 0.9714285714285714, "support": 17.0}, "6": {"precision": 0.9565217391304348, "recall": 0.9565217391304348, "f1-score": 0.9565217391304348, "support": 23.0}, "7": {"precision": 0.9666666666666667, "recall": 0.9666666666666667, "f1-score": 0.9666666666666667, "support": 30.0}, "8": {"precision": 0.9787234042553191, "recall": 0.9787234042553191, "f1-score": 0.9787234042553191, "support": 47.0}, "9": {"precision": 1.0, "recall": 0.98, "f1-score": 0.98989898989899, "support": 50.0}, "10": {"precision": 1.0, "recall": 1.0, "f1-score": 1.0, "support": 79.0}, "11": {"precision": 1.0, "recall": 1.0, "f1-score": 1.0, "support": 66.0}, "12": {"precision": 1.0, "recall": 1.0, "f1-score": 1.0, "support": 77.0}, "13": {"precision": 0.9875, "recall": 1.0, "f1-score": 0.9937106918238994, "support": 79.0}, "14": {"precision": 1.0, "recall": 0.9887640449438202, "f1-score": 0.9943502824858756, "support": 89.0}, "15": {"precision": 1.0, "recall": 1.0, "f1-score": 1.0, "support": 72.0}, "16": {"precision": 1.0, "recall": 1.0, "f1-score": 1.0, "support": 69.0}, "17": {"precision": 1.0, "recall": 0.9795918367346939, "f1-score": 0.9896907216494846, "support": 49.0}, "18": {"precision": 0.975609756097561, "recall": 1.0, "f1-score": 0.9876543209876543, "support": 40.0}, "19": {"precision": 1.0, "recall": 0.9565217391304348, "f1-score": 0.9777777777777777, "support": 46.0}, "20": {"precision": 0.9574468085106383, "recall": 1.0, "f1-score": 0.9782608695652174, "support": 45.0}, "21": {"precision": 1.0, "recall": 0.9259259259259259, "f1-score": 0.9615384615384615, "support": 27.0}, "22": {"precision": 0.8666666666666667, "recall": 0.5909090909090909, "f1-score": 0.7027027027027029, "support": 22.0}, "23": {"precision": 0.4375, "recall": 0.5384615384615384, "f1-score": 0.4827586206896552, "support": 13.0}, "24": {"precision": 0.3333333333333333, "recall": 0.3, "f1-score": 0.3157894736842105, "support": 10.0}, "25": {"precision": 0.2222222222222222, "recall": 0.3333333333333333, "f1-score": 0.26666666666666666, "support": 6.0}, "26": {"precision": 0.3333333333333333, "recall": 0.5, "f1-score": 0.4, "support": 4.0}, "27": {"precision": 0.3333333333333333, "recall": 1.0, "f1-score": 0.5, "support": 1.0}, "accuracy": 0.953, "macro avg": {"precision": 0.7983260988508217, "recall": 0.8386756899818307, "f1-score": 0.8071288196314087, "support": 1000.0}, "weighted avg": {"precision": 0.9585300094473942, "recall": 0.953, "f1-score": 0.9538834036160827, "support": 1000.0}}