{"0": {"precision": 0.0, "recall": 0.0, "f1-score": 0.0, "support": 22}, "1": {"precision": 0.07575757575757576, "recall": 0.05813953488372093, "f1-score": 0.06578947368421052, "support": 86}, "2": {"precision": 0.0935672514619883, "recall": 0.1, "f1-score": 0.09667673716012085, "support": 160}, "3": {"precision": 0.0821917808219178, "recall": 0.07003891050583658, "f1-score": 0.07563025210084034, "support": 257}, "4": {"precision": 0.10298102981029811, "recall": 0.09268292682926829, "f1-score": 0.0975609756097561, "support": 410}, "5": {"precision": 0.10745233968804159, "recall": 0.11567164179104478, "f1-score": 0.11141060197663973, "support": 536}, "6": {"precision": 0.1008827238335435, "recall": 0.1095890410958904, "f1-score": 0.10505581089954037, "support": 730}, "7": {"precision": 0.08167770419426049, "recall": 0.08096280087527352, "f1-score": 0.08131868131868132, "support": 914}, "8": {"precision": 0.09740259740259741, "recall": 0.089666951323655, "f1-score": 0.09337483325922633, "support": 1171}, "9": {"precision": 0.1037673496364838, "recall": 0.10629654705484089, "f1-score": 0.10501672240802674, "support": 1477}, "10": {"precision": 0.09398496240601503, "recall": 0.09202453987730061, "f1-score": 0.0929944203347799, "support": 1630}, "11": {"precision": 0.10584343991179714, "recall": 0.10372771474878444, "f1-score": 0.10477489768076398, "support": 1851}, "12": {"precision": 0.10945008008542445, "recall": 0.10997854077253219, "f1-score": 0.10971367407010972, "support": 1864}, "13": {"precision": 0.1076923076923077, "recall": 0.10741687979539642, "f1-score": 0.10755441741357234, "support": 1955}, "14": {"precision": 0.09066666666666667, "recall": 0.08970976253298153, "f1-score": 0.09018567639257295, "support": 1895}, "15": {"precision": 0.09421402969790067, "recall": 0.10227904391328516, "f1-score": 0.09808102345415777, "support": 1799}, "16": {"precision": 0.09212827988338193, "recall": 0.08936651583710407, "f1-score": 0.09072638530002872, "support": 1768}, "17": {"precision": 0.10012360939431397, "recall": 0.10358056265984655, "f1-score": 0.10182275298554368, "support": 1564}, "18": {"precision": 0.10511159107271419, "recall": 0.10743193524650478, "f1-score": 0.10625909752547308, "support": 1359}, "19": {"precision": 0.09840425531914894, "recall": 0.09593777009507347, "f1-score": 0.09715536105032824, "support": 1157}, "20": {"precision": 0.09334763948497854, "recall": 0.09549945115257959, "f1-score": 0.09441128594682584, "support": 911}, "21": {"precision": 0.10253164556962026, "recall": 0.11722141823444283, "f1-score": 0.10938555030384875, "support": 691}, "22": {"precision": 0.09271523178807947, "recall": 0.08155339805825243, "f1-score": 0.08677685950413223, "support": 515}, "23": {"precision": 0.09915014164305949, "recall": 0.09210526315789473, "f1-score": 0.09549795361527967, "support": 380}, "24": {"precision": 0.08450704225352113, "recall": 0.07086614173228346, "f1-score": 0.07708779443254819, "support": 254}, "25": {"precision": 0.049689440993788817, "recall": 0.05673758865248227, "f1-score": 0.052980132450331126, "support": 141}, "26": {"precision": 0.08108108108108109, "recall": 0.04, "f1-score": 0.05357142857142857, "support": 75}, "27": {"precision": 0.05, "recall": 0.07142857142857142, "f1-score": 0.058823529411764705, "support": 28}, "accuracy": 0.0983984375, "macro avg": {"precision": 0.08915434991251807, "recall": 0.08749690900910166, "f1-score": 0.08784415460216181, "support": 25600}, "weighted avg": {"precision": 0.09829918077116488, "recall": 0.0983984375, "f1-score": 0.09824803227085376, "support": 25600}}