{"1": {"precision": 1.0, "recall": 1.0, "f1-score": 1.0, "support": 3.0}, "2": {"precision": 0.4, "recall": 1.0, "f1-score": 0.5714285714285715, "support": 2.0}, "3": {"precision": 0.8, "recall": 0.7272727272727273, "f1-score": 0.761904761904762, "support": 11.0}, "4": {"precision": 1.0, "recall": 0.8947368421052632, "f1-score": 0.9444444444444444, "support": 19.0}, "5": {"precision": 1.0, "recall": 1.0, "f1-score": 1.0, "support": 23.0}, "6": {"precision": 0.92, "recall": 1.0, "f1-score": 0.9583333333333334, "support": 23.0}, "7": {"precision": 1.0, "recall": 0.9459459459459459, "f1-score": 0.9722222222222222, "support": 37.0}, "8": {"precision": 0.9787234042553191, "recall": 1.0, "f1-score": 0.989247311827957, "support": 46.0}, "9": {"precision": 0.9791666666666666, "recall": 0.9791666666666666, "f1-score": 0.9791666666666666, "support": 48.0}, "10": {"precision": 0.984375, "recall": 0.984375, "f1-score": 0.984375, "support": 64.0}, "11": {"precision": 0.9866666666666667, "recall": 0.9866666666666667, "f1-score": 0.9866666666666668, "support": 75.0}, "12": {"precision": 1.0, "recall": 0.9878048780487805, "f1-score": 0.9938650306748467, "support": 82.0}, "13": {"precision": 1.0, "recall": 1.0, "f1-score": 1.0, "support": 80.0}, "14": {"precision": 1.0, "recall": 1.0, "f1-score": 1.0, "support": 72.0}, "15": {"precision": 1.0, "recall": 1.0, "f1-score": 1.0, "support": 73.0}, "16": {"precision": 1.0, "recall": 1.0, "f1-score": 1.0, "support": 70.0}, "17": {"precision": 1.0, "recall": 1.0, "f1-score": 1.0, "support": 63.0}, "18": {"precision": 1.0, "recall": 1.0, "f1-score": 1.0, "support": 49.0}, "19": {"precision": 1.0, "recall": 0.9523809523809523, "f1-score": 0.975609756097561, "support": 42.0}, "20": {"precision": 0.9333333333333333, "recall": 0.9333333333333333, "f1-score": 0.9333333333333333, "support": 30.0}, "21": {"precision": 0.9333333333333333, "recall": 0.9655172413793104, "f1-score": 0.9491525423728815, "support": 29.0}, "22": {"precision": 0.9411764705882353, "recall": 0.8421052631578947, "f1-score": 0.8888888888888888, "support": 19.0}, "23": {"precision": 0.8235294117647058, "recall": 1.0, "f1-score": 0.9032258064516129, "support": 14.0}, "24": {"precision": 1.0, "recall": 0.6875, "f1-score": 0.8148148148148148, "support": 16.0}, "25": {"precision": 0.5833333333333334, "recall": 1.0, "f1-score": 0.7368421052631579, "support": 7.0}, "26": {"precision": 1.0, "recall": 1.0, "f1-score": 1.0, "support": 2.0}, "27": {"precision": 1.0, "recall": 1.0, "f1-score": 1.0, "support": 1.0}, "accuracy": 0.976, "macro avg": {"precision": 0.935690282220059, "recall": 0.9587705747021311, "f1-score": 0.9386489354219156, "support": 1000.0}, "weighted avg": {"precision": 0.9803430413016271, "recall": 0.976, "f1-score": 0.9767144671545681, "support": 1000.0}}