{"1": {"precision": 1.0, "recall": 0.3333333333333333, "f1-score": 0.5, "support": 3.0}, "2": {"precision": 0.625, "recall": 1.0, "f1-score": 0.7692307692307693, "support": 5.0}, "3": {"precision": 0.6363636363636364, "recall": 0.875, "f1-score": 0.7368421052631579, "support": 8.0}, "4": {"precision": 0.8, "recall": 0.6666666666666666, "f1-score": 0.7272727272727272, "support": 12.0}, "5": {"precision": 0.9523809523809523, "recall": 0.9090909090909091, "f1-score": 0.9302325581395349, "support": 22.0}, "6": {"precision": 0.875, "recall": 0.9545454545454546, "f1-score": 0.9130434782608695, "support": 22.0}, "7": {"precision": 0.8648648648648649, "recall": 0.9142857142857143, "f1-score": 0.888888888888889, "support": 35.0}, "8": {"precision": 0.9375, "recall": 0.8571428571428571, "f1-score": 0.8955223880597014, "support": 35.0}, "9": {"precision": 1.0, "recall": 0.9701492537313433, "f1-score": 0.9848484848484849, "support": 67.0}, "10": {"precision": 0.984375, "recall": 1.0, "f1-score": 0.9921259842519685, "support": 63.0}, "11": {"precision": 1.0, "recall": 0.984375, "f1-score": 0.9921259842519685, "support": 64.0}, "12": {"precision": 1.0, "recall": 1.0, "f1-score": 1.0, "support": 76.0}, "13": {"precision": 1.0, "recall": 1.0, "f1-score": 1.0, "support": 59.0}, "14": {"precision": 1.0, "recall": 1.0, "f1-score": 1.0, "support": 75.0}, "15": {"precision": 0.9864864864864865, "recall": 1.0, "f1-score": 0.9931972789115647, "support": 73.0}, "16": {"precision": 1.0, "recall": 0.9692307692307692, "f1-score": 0.9843749999999999, "support": 65.0}, "17": {"precision": 0.984375, "recall": 1.0, "f1-score": 0.9921259842519685, "support": 63.0}, "18": {"precision": 1.0, "recall": 0.9508196721311475, "f1-score": 0.9747899159663865, "support": 61.0}, "19": {"precision": 0.9423076923076923, "recall": 0.8909090909090909, "f1-score": 0.9158878504672897, "support": 55.0}, "20": {"precision": 0.8536585365853658, "recall": 0.8536585365853658, "f1-score": 0.8536585365853658, "support": 41.0}, "21": {"precision": 0.8285714285714286, "recall": 0.9666666666666667, "f1-score": 0.8923076923076922, "support": 30.0}, "22": {"precision": 0.9411764705882353, "recall": 0.6666666666666666, "f1-score": 0.7804878048780487, "support": 24.0}, "23": {"precision": 0.5263157894736842, "recall": 0.9090909090909091, "f1-score": 0.6666666666666666, "support": 11.0}, "24": {"precision": 0.7142857142857143, "recall": 0.45454545454545453, "f1-score": 0.5555555555555556, "support": 11.0}, "25": {"precision": 0.6111111111111112, "recall": 0.9166666666666666, "f1-score": 0.7333333333333334, "support": 12.0}, "26": {"precision": 1.0, "recall": 0.3333333333333333, "f1-score": 0.5, "support": 6.0}, "27": {"precision": 0.5, "recall": 1.0, "f1-score": 0.6666666666666666, "support": 2.0}, "accuracy": 0.941, "macro avg": {"precision": 0.8727323215933026, "recall": 0.8657843316526795, "f1-score": 0.8458957649651339, "support": 1000.0}, "weighted avg": {"precision": 0.9493980749299441, "recall": 0.941, "f1-score": 0.9408659252765403, "support": 1000.0}}