{"0": {"precision": 0.375, "recall": 0.1, "f1-score": 0.15789473684210528, "support": 30}, "1": {"precision": 0.4117647058823529, "recall": 0.1590909090909091, "f1-score": 0.22950819672131148, "support": 88}, "2": {"precision": 0.39375, "recall": 0.4405594405594406, "f1-score": 0.4158415841584159, "support": 143}, "3": {"precision": 0.5691056910569106, "recall": 0.5263157894736842, "f1-score": 0.5468749999999999, "support": 266}, "4": {"precision": 0.5680628272251309, "recall": 0.5651041666666666, "f1-score": 0.566579634464752, "support": 384}, "5": {"precision": 0.6351039260969977, "recall": 0.5350194552529183, "f1-score": 0.5807814149947202, "support": 514}, "6": {"precision": 0.62890625, "recall": 0.688034188034188, "f1-score": 0.6571428571428571, "support": 702}, "7": {"precision": 0.6924731182795699, "recall": 0.7203579418344519, "f1-score": 0.706140350877193, "support": 894}, "8": {"precision": 0.7502374169040835, "recall": 0.7066189624329159, "f1-score": 0.727775218793183, "support": 1118}, "9": {"precision": 0.7447951645399598, "recall": 0.7932761087267525, "f1-score": 0.7682715621752684, "support": 1398}, "10": {"precision": 0.7902912621359224, "recall": 0.7679245283018868, "f1-score": 0.7789473684210527, "support": 1590}, "11": {"precision": 0.7956403269754768, "recall": 0.8004385964912281, "f1-score": 0.7980322492484286, "support": 1824}, "12": {"precision": 0.7884717080909571, "recall": 0.796049119060331, "f1-score": 0.7922422954303932, "support": 1873}, "13": {"precision": 0.8110552763819096, "recall": 0.7911764705882353, "f1-score": 0.8009925558312655, "support": 2040}, "14": {"precision": 0.775950668036999, "recall": 0.7964135021097046, "f1-score": 0.7860489328474752, "support": 1896}, "15": {"precision": 0.760284408329101, "recall": 0.8166939443535188, "f1-score": 0.787480273540242, "support": 1833}, "16": {"precision": 0.7565368971528181, "recall": 0.7640845070422535, "f1-score": 0.7602919708029197, "support": 1704}, "17": {"precision": 0.784301606922126, "recall": 0.7544589774078478, "f1-score": 0.769090909090909, "support": 1682}, "18": {"precision": 0.7666916729182296, "recall": 0.7352517985611511, "f1-score": 0.7506426735218509, "support": 1390}, "19": {"precision": 0.6964980544747081, "recall": 0.7682403433476395, "f1-score": 0.7306122448979592, "support": 1165}, "20": {"precision": 0.6967963386727689, "recall": 0.6534334763948498, "f1-score": 0.6744186046511628, "support": 932}, "21": {"precision": 0.6047678795483061, "recall": 0.6895565092989986, "f1-score": 0.6443850267379679, "support": 699}, "22": {"precision": 0.587037037037037, "recall": 0.5936329588014981, "f1-score": 0.590316573556797, "support": 534}, "23": {"precision": 0.4831730769230769, "recall": 0.5101522842639594, "f1-score": 0.49629629629629635, "support": 394}, "24": {"precision": 0.5302325581395348, "recall": 0.4351145038167939, "f1-score": 0.4779874213836478, "support": 262}, "25": {"precision": 0.4, "recall": 0.2753623188405797, "f1-score": 0.32618025751072965, "support": 138}, "26": {"precision": 0.6875, "recall": 0.12359550561797752, "f1-score": 0.20952380952380953, "support": 89}, "27": {"precision": 0.5454545454545454, "recall": 0.3333333333333333, "f1-score": 0.41379310344827586, "support": 18}, "accuracy": 0.7342578125, "macro avg": {"precision": 0.6439243720420901, "recall": 0.5942603442751325, "f1-score": 0.6051461829611068, "support": 25600}, "weighted avg": {"precision": 0.7332366368869994, "recall": 0.7342578125, "f1-score": 0.7321049774410584, "support": 25600}}