{"0": {"precision": 0.0, "recall": 0.0, "f1-score": 0.0, "support": 20.0}, "1": {"precision": 0.7674418604651163, "recall": 1.0, "f1-score": 0.868421052631579, "support": 66.0}, "2": {"precision": 0.6772727272727272, "recall": 1.0, "f1-score": 0.8075880758807588, "support": 149.0}, "3": {"precision": 0.7121212121212122, "recall": 0.7258687258687259, "f1-score": 0.7189292543021032, "support": 259.0}, "4": {"precision": 0.996969696969697, "recall": 0.8123456790123457, "f1-score": 0.8952380952380952, "support": 405.0}, "5": {"precision": 0.9960079840319361, "recall": 0.998, "f1-score": 0.997002997002997, "support": 500.0}, "6": {"precision": 0.9918918918918919, "recall": 0.9972826086956522, "f1-score": 0.9945799457994581, "support": 736.0}, "7": {"precision": 0.9862142099681867, "recall": 0.9935897435897436, "f1-score": 0.9898882384246939, "support": 936.0}, "8": {"precision": 0.9975062344139651, "recall": 0.989282769991756, "f1-score": 0.9933774834437087, "support": 1213.0}, "9": {"precision": 0.9985734664764622, "recall": 0.9978617248752673, "f1-score": 0.9982174688057041, "support": 1403.0}, "10": {"precision": 0.998745294855709, "recall": 0.998745294855709, "f1-score": 0.998745294855709, "support": 1594.0}, "11": {"precision": 0.9965397923875432, "recall": 0.9988439306358381, "f1-score": 0.997690531177829, "support": 1730.0}, "12": {"precision": 1.0, "recall": 0.9968135953266065, "f1-score": 0.9984042553191489, "support": 1883.0}, "13": {"precision": 0.9984756097560976, "recall": 1.0, "f1-score": 0.9992372234935164, "support": 1965.0}, "14": {"precision": 1.0, "recall": 0.998452810727179, "f1-score": 0.9992258064516129, "support": 1939.0}, "15": {"precision": 1.0, "recall": 1.0, "f1-score": 1.0, "support": 1775.0}, "16": {"precision": 1.0, "recall": 1.0, "f1-score": 1.0, "support": 1734.0}, "17": {"precision": 1.0, "recall": 1.0, "f1-score": 1.0, "support": 1567.0}, "18": {"precision": 1.0, "recall": 1.0, "f1-score": 1.0, "support": 1426.0}, "19": {"precision": 1.0, "recall": 0.9878472222222222, "f1-score": 0.993886462882096, "support": 1152.0}, "20": {"precision": 0.984994640943194, "recall": 0.9745493107104984, "f1-score": 0.9797441364605545, "support": 943.0}, "21": {"precision": 0.9656652360515021, "recall": 0.9097035040431267, "f1-score": 0.936849410131853, "support": 742.0}, "22": {"precision": 0.8589473684210527, "recall": 0.7611940298507462, "f1-score": 0.8071216617210683, "support": 536.0}, "23": {"precision": 0.670076726342711, "recall": 0.6421568627450981, "f1-score": 0.6558197747183979, "support": 408.0}, "24": {"precision": 0.4690909090909091, "recall": 0.4742647058823529, "f1-score": 0.4716636197440585, "support": 272.0}, "25": {"precision": 0.4559386973180077, "recall": 0.7828947368421053, "f1-score": 0.576271186440678, "support": 152.0}, "26": {"precision": 0.37735849056603776, "recall": 0.2777777777777778, "f1-score": 0.32, "support": 72.0}, "27": {"precision": 0.30666666666666664, "recall": 1.0, "f1-score": 0.4693877551020408, "support": 23.0}, "accuracy": 0.96828125, "macro avg": {"precision": 0.8288035255718081, "recall": 0.8684812512018839, "f1-score": 0.8381174903581308, "support": 25600.0}, "weighted avg": {"precision": 0.9713351990022338, "recall": 0.96828125, "f1-score": 0.9689002175392694, "support": 25600.0}}