{"0": {"precision": 0.0, "recall": 0.0, "f1-score": 0.0, "support": 20.0}, "1": {"precision": 0.004524886877828055, "recall": 0.015151515151515152, "f1-score": 0.006968641114982579, "support": 66.0}, "2": {"precision": 0.0525, "recall": 0.14093959731543623, "f1-score": 0.07650273224043716, "support": 149.0}, "3": {"precision": 0.10599078341013825, "recall": 0.1776061776061776, "f1-score": 0.13275613275613277, "support": 259.0}, "4": {"precision": 0.0893854748603352, "recall": 0.07901234567901234, "f1-score": 0.08387942332896461, "support": 405.0}, "5": {"precision": 0.07865168539325842, "recall": 0.098, "f1-score": 0.08726625111308994, "support": 500.0}, "6": {"precision": 0.10334788937409024, "recall": 0.09646739130434782, "f1-score": 0.09978917779339423, "support": 736.0}, "7": {"precision": 0.12942122186495178, "recall": 0.172008547008547, "f1-score": 0.1477064220183486, "support": 936.0}, "8": {"precision": 0.08706677937447169, "recall": 0.08491343775762572, "f1-score": 0.08597662771285476, "support": 1213.0}, "9": {"precision": 0.09090909090909091, "recall": 0.05987170349251604, "f1-score": 0.07219596046411689, "support": 1403.0}, "10": {"precision": 0.10972346119536129, "recall": 0.07716436637390213, "f1-score": 0.09060773480662983, "support": 1594.0}, "11": {"precision": 0.12115891132572432, "recall": 0.07976878612716763, "f1-score": 0.0962007668177065, "support": 1730.0}, "12": {"precision": 0.11420059582919563, "recall": 0.061072756240042485, "f1-score": 0.07958477508650519, "support": 1883.0}, "13": {"precision": 0.11744804253262446, "recall": 0.12366412213740458, "f1-score": 0.1204759543877045, "support": 1965.0}, "14": {"precision": 0.10967993754879, "recall": 0.14492006188757092, "f1-score": 0.12486114196845147, "support": 1939.0}, "15": {"precision": 0.0807920792079208, "recall": 0.11492957746478873, "f1-score": 0.09488372093023256, "support": 1775.0}, "16": {"precision": 0.10178748758689175, "recall": 0.1182237600922722, "f1-score": 0.10939167556029882, "support": 1734.0}, "17": {"precision": 0.10697674418604651, "recall": 0.13209955328653478, "f1-score": 0.1182181610508281, "support": 1567.0}, "18": {"precision": 0.09399167162403331, "recall": 0.11079943899018233, "f1-score": 0.10170582555519794, "support": 1426.0}, "19": {"precision": 0.10521662245800177, "recall": 0.1032986111111111, "f1-score": 0.10424879544459044, "support": 1152.0}, "20": {"precision": 0.12861736334405144, "recall": 0.08483563096500531, "f1-score": 0.10223642172523963, "support": 943.0}, "21": {"precision": 0.10882956878850103, "recall": 0.07142857142857142, "f1-score": 0.08624898291293734, "support": 742.0}, "22": {"precision": 0.0784313725490196, "recall": 0.05970149253731343, "f1-score": 0.06779661016949153, "support": 536.0}, "23": {"precision": 0.14985590778097982, "recall": 0.12745098039215685, "f1-score": 0.13774834437086092, "support": 408.0}, "24": {"precision": 0.10138248847926268, "recall": 0.08088235294117647, "f1-score": 0.08997955010224949, "support": 272.0}, "25": {"precision": 0.16, "recall": 0.13157894736842105, "f1-score": 0.1444043321299639, "support": 152.0}, "26": {"precision": 0.0392156862745098, "recall": 0.027777777777777776, "f1-score": 0.03252032520325203, "support": 72.0}, "27": {"precision": 0.0, "recall": 0.0, "f1-score": 0.0, "support": 23.0}, "accuracy": 0.102421875, "macro avg": {"precision": 0.09175377688482422, "recall": 0.09191312508702063, "f1-score": 0.08907694595587363, "support": 25600.0}, "weighted avg": {"precision": 0.10496779307902884, "recall": 0.102421875, "f1-score": 0.10120589428722086, "support": 25600.0}}