{"0": {"precision": 0.0, "recall": 0.0, "f1-score": 0.0, "support": 29.0}, "1": {"precision": 0.3595505617977528, "recall": 0.3950617283950617, "f1-score": 0.37647058823529406, "support": 81.0}, "2": {"precision": 0.3224043715846995, "recall": 0.4338235294117647, "f1-score": 0.36990595611285265, "support": 136.0}, "3": {"precision": 0.36, "recall": 0.14754098360655737, "f1-score": 0.20930232558139533, "support": 244.0}, "4": {"precision": 0.4388185654008439, "recall": 0.26666666666666666, "f1-score": 0.3317384370015949, "support": 390.0}, "5": {"precision": 0.39215686274509803, "recall": 0.1520912547528517, "f1-score": 0.2191780821917808, "support": 526.0}, "6": {"precision": 0.4090909090909091, "recall": 0.21428571428571427, "f1-score": 0.28125, "support": 714.0}, "7": {"precision": 0.307909604519774, "recall": 0.23903508771929824, "f1-score": 0.26913580246913577, "support": 912.0}, "8": {"precision": 0.2952202436738519, "recall": 0.2683134582623509, "f1-score": 0.2811244979919679, "support": 1174.0}, "9": {"precision": 0.283495145631068, "recall": 0.40331491712707185, "f1-score": 0.3329532497149373, "support": 1448.0}, "10": {"precision": 0.20986920332936979, "recall": 0.21458966565349544, "f1-score": 0.21220318605350164, "support": 1645.0}, "11": {"precision": 0.38006482982171796, "recall": 0.26617480136208854, "f1-score": 0.3130841121495327, "support": 1762.0}, "12": {"precision": 0.28931875525651807, "recall": 0.36850562399571507, "f1-score": 0.32414605418138986, "support": 1867.0}, "13": {"precision": 0.5373256767842494, "recall": 0.33401325854156044, "f1-score": 0.4119496855345912, "support": 1961.0}, "14": {"precision": 0.4523305084745763, "recall": 0.4499473129610116, "f1-score": 0.45113576333861594, "support": 1898.0}, "15": {"precision": 0.26673960612691466, "recall": 0.6511752136752137, "f1-score": 0.3784538963054952, "support": 1872.0}, "16": {"precision": 0.42353951890034364, "recall": 0.28679464805119254, "f1-score": 0.34200485605272285, "support": 1719.0}, "17": {"precision": 0.3517203713817586, "recall": 0.39196591600730374, "f1-score": 0.37075417386298215, "support": 1643.0}, "18": {"precision": 0.2361111111111111, "recall": 0.2602040816326531, "f1-score": 0.24757281553398058, "support": 1372.0}, "19": {"precision": 0.18983050847457628, "recall": 0.14933333333333335, "f1-score": 0.16716417910447762, "support": 1125.0}, "20": {"precision": 0.24253285543608125, "recall": 0.22089227421109903, "f1-score": 0.23120728929384965, "support": 919.0}, "21": {"precision": 0.3611650485436893, "recall": 0.2590529247910863, "f1-score": 0.3017031630170316, "support": 718.0}, "22": {"precision": 0.36507936507936506, "recall": 0.21821631878557876, "f1-score": 0.27315914489311166, "support": 527.0}, "23": {"precision": 0.3605769230769231, "recall": 0.18382352941176472, "f1-score": 0.24350649350649348, "support": 408.0}, "24": {"precision": 0.2857142857142857, "recall": 0.19327731092436976, "f1-score": 0.2305764411027569, "support": 238.0}, "25": {"precision": 0.2727272727272727, "recall": 0.15384615384615385, "f1-score": 0.19672131147540986, "support": 156.0}, "26": {"precision": 0.24675324675324675, "recall": 0.21839080459770116, "f1-score": 0.23170731707317072, "support": 87.0}, "27": {"precision": 0.6, "recall": 0.20689655172413793, "f1-score": 0.3076923076923077, "support": 29.0}, "accuracy": 0.3185546875, "macro avg": {"precision": 0.3300016196941428, "recall": 0.269544037990457, "f1-score": 0.28235004033822786, "support": 25600.0}, "weighted avg": {"precision": 0.33786778113279875, "recall": 0.3185546875, "f1-score": 0.31348678476702346, "support": 25600.0}}