{"0": {"precision": 0.0, "recall": 0.0, "f1-score": 0.0, "support": 16.0}, "1": {"precision": 0.38562091503267976, "recall": 0.7283950617283951, "f1-score": 0.5042735042735043, "support": 81.0}, "2": {"precision": 0.43157894736842106, "recall": 0.2662337662337662, "f1-score": 0.3293172690763052, "support": 154.0}, "3": {"precision": 0.5873015873015873, "recall": 0.45121951219512196, "f1-score": 0.5103448275862069, "support": 246.0}, "4": {"precision": 0.49825783972125437, "recall": 0.3743455497382199, "f1-score": 0.42750373692077726, "support": 382.0}, "5": {"precision": 0.48894348894348894, "recall": 0.34851138353765326, "f1-score": 0.4069529652351739, "support": 571.0}, "6": {"precision": 0.47494033412887826, "recall": 0.279887482419128, "f1-score": 0.35221238938053095, "support": 711.0}, "7": {"precision": 0.3573351278600269, "recall": 0.5860927152317881, "f1-score": 0.4439799331103679, "support": 906.0}, "8": {"precision": 0.3324022346368715, "recall": 0.2117437722419929, "f1-score": 0.25869565217391305, "support": 1124.0}, "9": {"precision": 0.3836026331538001, "recall": 0.45949820788530465, "f1-score": 0.4181343770384866, "support": 1395.0}, "10": {"precision": 0.34013109978150036, "recall": 0.28014397120575885, "f1-score": 0.30723684210526314, "support": 1667.0}, "11": {"precision": 0.4464968152866242, "recall": 0.3955981941309255, "f1-score": 0.41950927588270503, "support": 1772.0}, "12": {"precision": 0.3442684766214178, "recall": 0.4980905619203492, "f1-score": 0.40713489409141584, "support": 1833.0}, "13": {"precision": 0.4914506343077772, "recall": 0.45645491803278687, "f1-score": 0.4733067729083666, "support": 1952.0}, "14": {"precision": 0.4955935717988595, "recall": 0.4930376482723053, "f1-score": 0.49431230610134436, "support": 1939.0}, "15": {"precision": 0.41106382978723405, "recall": 0.5204741379310345, "f1-score": 0.4593437945791727, "support": 1856.0}, "16": {"precision": 0.5432584269662921, "recall": 0.5348451327433629, "f1-score": 0.5390189520624302, "support": 1808.0}, "17": {"precision": 0.3935589519650655, "recall": 0.4621794871794872, "f1-score": 0.4251179245283019, "support": 1560.0}, "18": {"precision": 0.32838038632986627, "recall": 0.31280962491153574, "f1-score": 0.32040594418267493, "support": 1413.0}, "19": {"precision": 0.3, "recall": 0.3706972639011474, "f1-score": 0.3316225819186735, "support": 1133.0}, "20": {"precision": 0.3906810035842294, "recall": 0.23825136612021858, "f1-score": 0.29599456890699255, "support": 915.0}, "21": {"precision": 0.3448735019973369, "recall": 0.349527665317139, "f1-score": 0.3471849865951743, "support": 741.0}, "22": {"precision": 0.3719512195121951, "recall": 0.2297551789077213, "f1-score": 0.2840512223515716, "support": 531.0}, "23": {"precision": 0.35447761194029853, "recall": 0.2553763440860215, "f1-score": 0.296875, "support": 372.0}, "24": {"precision": 0.4768211920529801, "recall": 0.25806451612903225, "f1-score": 0.33488372093023255, "support": 279.0}, "25": {"precision": 0.4032258064516129, "recall": 0.1736111111111111, "f1-score": 0.24271844660194178, "support": 144.0}, "26": {"precision": 0.5, "recall": 0.05263157894736842, "f1-score": 0.09523809523809525, "support": 76.0}, "27": {"precision": 0.8333333333333334, "recall": 0.21739130434782608, "f1-score": 0.3448275862068966, "support": 23.0}, "accuracy": 0.406484375, "macro avg": {"precision": 0.4181981774951297, "recall": 0.3501738377288036, "f1-score": 0.35964991321380424, "support": 25600.0}, "weighted avg": {"precision": 0.41191531454004426, "recall": 0.406484375, "f1-score": 0.4013811229760275, "support": 25600.0}}