{"0": {"precision": 0.0, "recall": 0.0, "f1-score": 0.0, "support": 23.0}, "1": {"precision": 0.5294117647058824, "recall": 0.45569620253164556, "f1-score": 0.4897959183673469, "support": 79.0}, "2": {"precision": 0.551219512195122, "recall": 0.7337662337662337, "f1-score": 0.6295264623955432, "support": 154.0}, "3": {"precision": 0.5302491103202847, "recall": 0.6008064516129032, "f1-score": 0.5633270321361058, "support": 248.0}, "4": {"precision": 0.6298076923076923, "recall": 0.6787564766839378, "f1-score": 0.6533665835411472, "support": 386.0}, "5": {"precision": 0.6863117870722434, "recall": 0.7092337917485265, "f1-score": 0.697584541062802, "support": 509.0}, "6": {"precision": 0.7462068965517241, "recall": 0.7534818941504178, "f1-score": 0.7498267498267499, "support": 718.0}, "7": {"precision": 0.806378132118451, "recall": 0.8290398126463701, "f1-score": 0.8175519630484989, "support": 854.0}, "8": {"precision": 0.8175559380378657, "recall": 0.8612873980054397, "f1-score": 0.8388520971302429, "support": 1103.0}, "9": {"precision": 0.8641188959660298, "recall": 0.8598591549295774, "f1-score": 0.861983762795623, "support": 1420.0}, "10": {"precision": 0.9061326658322904, "recall": 0.8888888888888888, "f1-score": 0.8974279516578866, "support": 1629.0}, "11": {"precision": 0.9490035169988277, "recall": 0.9136568848758465, "f1-score": 0.9309948246118459, "support": 1772.0}, "12": {"precision": 0.9581749049429658, "recall": 0.9529983792544571, "f1-score": 0.9555796316359697, "support": 1851.0}, "13": {"precision": 0.972458688032048, "recall": 0.9632936507936508, "f1-score": 0.9678544729628706, "support": 2016.0}, "14": {"precision": 0.99679658302189, "recall": 0.9698701298701299, "f1-score": 0.9831490258030542, "support": 1925.0}, "15": {"precision": 0.9935656836461126, "recall": 0.9893219434063001, "f1-score": 0.9914392723381488, "support": 1873.0}, "16": {"precision": 0.9899944413563091, "recall": 0.9856115107913669, "f1-score": 0.987798114254021, "support": 1807.0}, "17": {"precision": 0.9847581179589132, "recall": 0.9531751122514432, "f1-score": 0.96870925684485, "support": 1559.0}, "18": {"precision": 0.9438202247191011, "recall": 0.8166666666666667, "f1-score": 0.8756515264333582, "support": 1440.0}, "19": {"precision": 0.7605381165919283, "recall": 0.7557932263814616, "f1-score": 0.7581582476531069, "support": 1122.0}, "20": {"precision": 0.7406049495875344, "recall": 0.8568398727465536, "f1-score": 0.7944936086529008, "support": 943.0}, "21": {"precision": 0.7806637806637806, "recall": 0.7493074792243767, "f1-score": 0.7646643109540634, "support": 722.0}, "22": {"precision": 0.65, "recall": 0.7033582089552238, "f1-score": 0.6756272401433692, "support": 536.0}, "23": {"precision": 0.5256723716381418, "recall": 0.5733333333333334, "f1-score": 0.548469387755102, "support": 375.0}, "24": {"precision": 0.46703296703296704, "recall": 0.6513409961685823, "f1-score": 0.544, "support": 261.0}, "25": {"precision": 0.5388888888888889, "recall": 0.5914634146341463, "f1-score": 0.563953488372093, "support": 164.0}, "26": {"precision": 0.8571428571428571, "recall": 0.1411764705882353, "f1-score": 0.2424242424242424, "support": 85.0}, "27": {"precision": 0.5, "recall": 0.8846153846153846, "f1-score": 0.6388888888888888, "support": 26.0}, "accuracy": 0.87375, "macro avg": {"precision": 0.7384467316903518, "recall": 0.7436656774828964, "f1-score": 0.7282535214889226, "support": 25600.0}, "weighted avg": {"precision": 0.8795204289448144, "recall": 0.87375, "f1-score": 0.8748883802573488, "support": 25600.0}}