{"0": {"precision": 0.0, "recall": 0.0, "f1-score": 0.0, "support": 20.0}, "1": {"precision": 0.75, "recall": 0.975, "f1-score": 0.8478260869565216, "support": 80.0}, "2": {"precision": 0.6707818930041153, "recall": 0.9644970414201184, "f1-score": 0.7912621359223302, "support": 169.0}, "3": {"precision": 0.6550387596899225, "recall": 0.6842105263157895, "f1-score": 0.6693069306930692, "support": 247.0}, "4": {"precision": 0.9927797833935018, "recall": 0.7554945054945055, "f1-score": 0.858034321372855, "support": 364.0}, "5": {"precision": 0.9582577132486388, "recall": 0.9962264150943396, "f1-score": 0.9768732654949123, "support": 530.0}, "6": {"precision": 0.9585062240663901, "recall": 0.9678770949720671, "f1-score": 0.9631688672689368, "support": 716.0}, "7": {"precision": 0.955531453362256, "recall": 0.9670691547749726, "f1-score": 0.96126568466994, "support": 911.0}, "8": {"precision": 0.9947780678851175, "recall": 0.9653716216216216, "f1-score": 0.9798542648949848, "support": 1184.0}, "9": {"precision": 0.9992826398852224, "recall": 0.995711222301644, "f1-score": 0.9974937343358397, "support": 1399.0}, "10": {"precision": 0.9962756052141527, "recall": 0.9993773349937733, "f1-score": 0.9978240596829345, "support": 1606.0}, "11": {"precision": 0.9890992541594952, "recall": 0.9965317919075144, "f1-score": 0.9928016124388138, "support": 1730.0}, "12": {"precision": 0.9978586723768736, "recall": 0.9899097185342538, "f1-score": 0.9938683017861903, "support": 1883.0}, "13": {"precision": 0.9984455958549223, "recall": 0.9979285344381149, "f1-score": 0.9981869981869983, "support": 1931.0}, "14": {"precision": 1.0, "recall": 0.996816976127321, "f1-score": 0.9984059511158342, "support": 1885.0}, "15": {"precision": 0.9984399375975039, "recall": 1.0, "f1-score": 0.9992193598750976, "support": 1920.0}, "16": {"precision": 1.0, "recall": 0.9953188999414863, "f1-score": 0.9976539589442814, "support": 1709.0}, "17": {"precision": 0.9951719975859988, "recall": 0.9803804994054697, "f1-score": 0.9877208745133275, "support": 1682.0}, "18": {"precision": 0.9761904761904762, "recall": 0.9861516034985423, "f1-score": 0.981145757795504, "support": 1372.0}, "19": {"precision": 0.982695810564663, "recall": 0.9341991341991343, "f1-score": 0.9578339991122948, "support": 1155.0}, "20": {"precision": 0.9178378378378378, "recall": 0.9278688524590164, "f1-score": 0.9228260869565217, "support": 915.0}, "21": {"precision": 0.9088397790055248, "recall": 0.8891891891891892, "f1-score": 0.8989071038251365, "support": 740.0}, "22": {"precision": 0.8273684210526315, "recall": 0.695575221238938, "f1-score": 0.7557692307692309, "support": 565.0}, "23": {"precision": 0.5904761904761905, "recall": 0.6342710997442456, "f1-score": 0.6115906288532676, "support": 391.0}, "24": {"precision": 0.47619047619047616, "recall": 0.5138339920948617, "f1-score": 0.49429657794676807, "support": 253.0}, "25": {"precision": 0.48535564853556484, "recall": 0.7733333333333333, "f1-score": 0.5964010282776349, "support": 150.0}, "26": {"precision": 0.32653061224489793, "recall": 0.2318840579710145, "f1-score": 0.2711864406779661, "support": 69.0}, "27": {"precision": 0.3076923076923077, "recall": 1.0, "f1-score": 0.47058823529411764, "support": 24.0}, "accuracy": 0.955390625, "macro avg": {"precision": 0.8110508984683813, "recall": 0.8505009936096881, "f1-score": 0.8204039820593324, "support": 25600.0}, "weighted avg": {"precision": 0.9589161407271287, "recall": 0.955390625, "f1-score": 0.9561105313567326, "support": 25600.0}}