{"0": {"precision": 0.0, "recall": 0.0, "f1-score": 0.0, "support": 30.0}, "1": {"precision": 0.3464052287581699, "recall": 0.6385542168674698, "f1-score": 0.4491525423728813, "support": 83.0}, "2": {"precision": 0.45054945054945056, "recall": 0.2971014492753623, "f1-score": 0.35807860262008734, "support": 138.0}, "3": {"precision": 0.6368159203980099, "recall": 0.4758364312267658, "f1-score": 0.5446808510638297, "support": 269.0}, "4": {"precision": 0.5745341614906833, "recall": 0.4755784061696658, "f1-score": 0.520393811533052, "support": 389.0}, "5": {"precision": 0.6688741721854304, "recall": 0.390715667311412, "f1-score": 0.4932844932844933, "support": 517.0}, "6": {"precision": 0.5690721649484536, "recall": 0.38873239436619716, "f1-score": 0.4619246861924686, "support": 710.0}, "7": {"precision": 0.4306826178747361, "recall": 0.6673936750272628, "f1-score": 0.5235243798118049, "support": 917.0}, "8": {"precision": 0.49945828819068255, "recall": 0.39100932994062765, "f1-score": 0.4386298763082778, "support": 1179.0}, "9": {"precision": 0.5559006211180124, "recall": 0.5136298421807748, "f1-score": 0.5339299030574198, "support": 1394.0}, "10": {"precision": 0.480726872246696, "recall": 0.5439252336448598, "f1-score": 0.5103770827243496, "support": 1605.0}, "11": {"precision": 0.594455190199871, "recall": 0.5229722064662508, "f1-score": 0.556427278213639, "support": 1763.0}, "12": {"precision": 0.5066195939982348, "recall": 0.6252723311546841, "f1-score": 0.559726962457338, "support": 1836.0}, "13": {"precision": 0.6293001186239621, "recall": 0.5474716202270382, "f1-score": 0.5855408388520971, "support": 1938.0}, "14": {"precision": 0.6149906890130353, "recall": 0.6624874623871615, "f1-score": 0.637856108160309, "support": 1994.0}, "15": {"precision": 0.549977588525325, "recall": 0.6596774193548387, "f1-score": 0.59985333659252, "support": 1860.0}, "16": {"precision": 0.6045232273838631, "recall": 0.55406162464986, "f1-score": 0.578193510669395, "support": 1785.0}, "17": {"precision": 0.5264919129949804, "recall": 0.5683323299217339, "f1-score": 0.546612623045744, "support": 1661.0}, "18": {"precision": 0.3918776371308017, "recall": 0.535688536409517, "f1-score": 0.45263478525738654, "support": 1387.0}, "19": {"precision": 0.3644148430066603, "recall": 0.3507326007326007, "f1-score": 0.35744283714419034, "support": 1092.0}, "20": {"precision": 0.44847112117780297, "recall": 0.4168421052631579, "f1-score": 0.4320785597381342, "support": 950.0}, "21": {"precision": 0.4204946996466431, "recall": 0.3238095238095238, "f1-score": 0.36587240584166025, "support": 735.0}, "22": {"precision": 0.3314121037463977, "recall": 0.2286282306163022, "f1-score": 0.2705882352941177, "support": 503.0}, "23": {"precision": 0.40460526315789475, "recall": 0.3407202216066482, "f1-score": 0.36992481203007527, "support": 361.0}, "24": {"precision": 0.3870967741935484, "recall": 0.200836820083682, "f1-score": 0.2644628099173554, "support": 239.0}, "25": {"precision": 0.37777777777777777, "recall": 0.23776223776223776, "f1-score": 0.2918454935622318, "support": 143.0}, "26": {"precision": 0.5454545454545454, "recall": 0.061855670103092786, "f1-score": 0.1111111111111111, "support": 97.0}, "27": {"precision": 0.6, "recall": 0.36, "f1-score": 0.45, "support": 25.0}, "accuracy": 0.517734375, "macro avg": {"precision": 0.48253509227827385, "recall": 0.42784384237709744, "f1-score": 0.43800528345914164, "support": 25600.0}, "weighted avg": {"precision": 0.5222753306463512, "recall": 0.517734375, "f1-score": 0.5134562797778162, "support": 25600.0}}