{"0": {"precision": 0.5154061624649859, "recall": 0.518796992481203, "f1-score": 0.5170960187353629, "support": 1064.0}, "1": {"precision": 0.4759467758444217, "recall": 0.4725609756097561, "f1-score": 0.47424783273839877, "support": 984.0}, "accuracy": 0.49658203125, "macro avg": {"precision": 0.4956764691547038, "recall": 0.49567898404547955, "f1-score": 0.49567192573688085, "support": 2048.0}, "weighted avg": {"precision": 0.49644716029963676, "recall": 0.49658203125, "f1-score": 0.49650880436963407, "support": 2048.0}}