{"0": {"precision": 0.5112244897959184, "recall": 0.46822429906542057, "f1-score": 0.48878048780487804, "support": 1070.0}, "1": {"precision": 0.46722846441947563, "recall": 0.5102249488752556, "f1-score": 0.48778103616813295, "support": 978.0}, "accuracy": 0.48828125, "macro avg": {"precision": 0.489226477107697, "recall": 0.48922462397033806, "f1-score": 0.4882807619865055, "support": 2048.0}, "weighted avg": {"precision": 0.4902146690839257, "recall": 0.48828125, "f1-score": 0.4883032106072527, "support": 2048.0}}