{"0": {"precision": 0.5128449096098954, "recall": 0.5222868217054264, "f1-score": 0.5175228036485837, "support": 1032.0}, "1": {"precision": 0.5055165496489469, "recall": 0.49606299212598426, "f1-score": 0.5007451564828614, "support": 1016.0}, "accuracy": 0.50927734375, "macro avg": {"precision": 0.5091807296294211, "recall": 0.5091749069157053, "f1-score": 0.5091339800657226, "support": 2048.0}, "weighted avg": {"precision": 0.5092093560355186, "recall": 0.50927734375, "f1-score": 0.5091995177499637, "support": 2048.0}}