{"0": {"precision": 0.5323809523809524, "recall": 0.5390549662487946, "f1-score": 0.535697172975563, "support": 1037.0}, "1": {"precision": 0.5210420841683366, "recall": 0.5143422354104846, "f1-score": 0.5176704828272772, "support": 1011.0}, "accuracy": 0.52685546875, "macro avg": {"precision": 0.5267115182746445, "recall": 0.5266986008296396, "f1-score": 0.5266838279014201, "support": 2048.0}, "weighted avg": {"precision": 0.5267834935123222, "recall": 0.52685546875, "f1-score": 0.5267982551338066, "support": 2048.0}}