{"0": {"precision": 0.7504950495049505, "recall": 0.7595190380761523, "f1-score": 0.754980079681275, "support": 998.0}, "1": {"precision": 0.7687861271676301, "recall": 0.76, "f1-score": 0.764367816091954, "support": 1050.0}, "accuracy": 0.759765625, "macro avg": {"precision": 0.7596405883362902, "recall": 0.7597595190380761, "f1-score": 0.7596739478866146, "support": 2048.0}, "weighted avg": {"precision": 0.7598727992831797, "recall": 0.759765625, "f1-score": 0.7597931281340158, "support": 2048.0}}