{"0": {"precision": 0.7376387487386479, "recall": 0.7223320158102767, "f1-score": 0.7299051422865702, "support": 1012.0}, "1": {"precision": 0.7341532639545885, "recall": 0.749034749034749, "f1-score": 0.7415193502150025, "support": 1036.0}, "accuracy": 0.73583984375, "macro avg": {"precision": 0.7358960063466182, "recall": 0.7356833824225129, "f1-score": 0.7357122462507864, "support": 2048.0}, "weighted avg": {"precision": 0.7358755835842116, "recall": 0.73583984375, "f1-score": 0.735780298250367, "support": 2048.0}}