{"0": {"precision": 0.7419962335216572, "recall": 0.7710371819960861, "f1-score": 0.7562380038387715, "support": 1022.0}, "1": {"precision": 0.7626774847870182, "recall": 0.732943469785575, "f1-score": 0.7475149105367793, "support": 1026.0}, "accuracy": 0.751953125, "macro avg": {"precision": 0.7523368591543378, "recall": 0.7519903258908305, "f1-score": 0.7518764571877754, "support": 2048.0}, "weighted avg": {"precision": 0.7523570556887765, "recall": 0.751953125, "f1-score": 0.7518679385419726, "support": 2048.0}}