{"0": {"precision": 0.7714285714285715, "recall": 0.7736389684813754, "f1-score": 0.7725321888412017, "support": 1047.0}, "1": {"precision": 0.7625250501002004, "recall": 0.7602397602397603, "f1-score": 0.7613806903451726, "support": 1001.0}, "accuracy": 0.76708984375, "macro avg": {"precision": 0.766976810764386, "recall": 0.7669393643605678, "f1-score": 0.7669564395931872, "support": 2048.0}, "weighted avg": {"precision": 0.7670768014824292, "recall": 0.76708984375, "f1-score": 0.7670816761485625, "support": 2048.0}}