{"0": {"precision": 0.7467043314500942, "recall": 0.7721518987341772, "f1-score": 0.7592149353757779, "support": 1027.0}, "1": {"precision": 0.7626774847870182, "recall": 0.7365328109696376, "f1-score": 0.7493771798704535, "support": 1021.0}, "accuracy": 0.75439453125, "macro avg": {"precision": 0.7546909081185562, "recall": 0.7543423548519075, "f1-score": 0.7542960576231157, "support": 2048.0}, "weighted avg": {"precision": 0.7546675099447229, "recall": 0.75439453125, "f1-score": 0.7543104683977817, "support": 2048.0}}