{"0": {"precision": 0.7217821782178218, "recall": 0.7393509127789046, "f1-score": 0.7304609218436873, "support": 986.0}, "1": {"precision": 0.7524084778420038, "recall": 0.7354048964218456, "f1-score": 0.7438095238095239, "support": 1062.0}, "accuracy": 0.7373046875, "macro avg": {"precision": 0.7370953280299128, "recall": 0.7373779046003751, "f1-score": 0.7371352228266056, "support": 2048.0}, "weighted avg": {"precision": 0.7376635894487209, "recall": 0.7373046875, "f1-score": 0.7373829019646436, "support": 2048.0}}