{"0": {"precision": 0.7255297679112008, "recall": 0.7168494516450648, "f1-score": 0.7211634904714144, "support": 1003.0}, "1": {"precision": 0.7313150425733207, "recall": 0.7397129186602871, "f1-score": 0.7354900095147479, "support": 1045.0}, "accuracy": 0.728515625, "macro avg": {"precision": 0.7284224052422608, "recall": 0.7282811851526759, "f1-score": 0.7283267499930811, "support": 2048.0}, "weighted avg": {"precision": 0.7284817269062767, "recall": 0.728515625, "f1-score": 0.7284736527762403, "support": 2048.0}}