{"0": {"precision": 0.7477295660948536, "recall": 0.7462235649546828, "f1-score": 0.7469758064516129, "support": 993.0}, "1": {"precision": 0.7615894039735099, "recall": 0.7630331753554502, "f1-score": 0.762310606060606, "support": 1055.0}, "accuracy": 0.7548828125, "macro avg": {"precision": 0.7546594850341818, "recall": 0.7546283701550665, "f1-score": 0.7546432062561095, "support": 2048.0}, "weighted avg": {"precision": 0.7548692775020716, "recall": 0.7548828125, "f1-score": 0.7548753248048783, "support": 2048.0}}