{"0": {"precision": 0.7702448210922788, "recall": 0.7709707822808671, "f1-score": 0.7706076307112577, "support": 1061.0}, "1": {"precision": 0.7535496957403651, "recall": 0.7527862208713273, "f1-score": 0.7531677648251395, "support": 987.0}, "accuracy": 0.76220703125, "macro avg": {"precision": 0.7618972584163219, "recall": 0.7618785015760972, "f1-score": 0.7618876977681985, "support": 2048.0}, "weighted avg": {"precision": 0.7621988793333243, "recall": 0.76220703125, "f1-score": 0.7622027734702428, "support": 2048.0}}