{"0": {"precision": 0.7465346534653465, "recall": 0.7725409836065574, "f1-score": 0.7593152064451157, "support": 976.0}, "1": {"precision": 0.7861271676300579, "recall": 0.7611940298507462, "f1-score": 0.7734597156398104, "support": 1072.0}, "accuracy": 0.7666015625, "macro avg": {"precision": 0.7663309105477022, "recall": 0.7668675067286519, "f1-score": 0.766387461042463, "support": 2048.0}, "weighted avg": {"precision": 0.7672588600984376, "recall": 0.7666015625, "f1-score": 0.7667189729767137, "support": 2048.0}}