{"0": {"precision": 0.7542857142857143, "recall": 0.7674418604651163, "f1-score": 0.760806916426513, "support": 1032.0}, "1": {"precision": 0.7595190380761523, "recall": 0.7460629921259843, "f1-score": 0.7527308838133069, "support": 1016.0}, "accuracy": 0.7568359375, "macro avg": {"precision": 0.7569023761809333, "recall": 0.7567524262955503, "f1-score": 0.7567689001199099, "support": 2048.0}, "weighted avg": {"precision": 0.7568819335098769, "recall": 0.7568359375, "f1-score": 0.7568004471223053, "support": 2048.0}}