{"0": {"precision": 0.496468213925328, "recall": 0.4871287128712871, "f1-score": 0.4917541229385307, "support": 1010.0}, "1": {"precision": 0.5099337748344371, "recall": 0.5192678227360308, "f1-score": 0.5145584725536994, "support": 1038.0}, "accuracy": 0.50341796875, "macro avg": {"precision": 0.5032009943798825, "recall": 0.503198267803659, "f1-score": 0.503156297746115, "support": 2048.0}, "weighted avg": {"precision": 0.5032930441126596, "recall": 0.50341796875, "f1-score": 0.5033121868548125, "support": 2048.0}}