{"0": {"precision": 0.49405940594059405, "recall": 0.4779693486590038, "f1-score": 0.48588120740019475, "support": 1044.0}, "1": {"precision": 0.4749518304431599, "recall": 0.4910358565737052, "f1-score": 0.48285994123408427, "support": 1004.0}, "accuracy": 0.484375, "macro avg": {"precision": 0.484505618191877, "recall": 0.48450260261635447, "f1-score": 0.4843705743171395, "support": 2048.0}, "weighted avg": {"precision": 0.4846922156088441, "recall": 0.484375, "f1-score": 0.48440007886954295, "support": 2048.0}}