{"0": {"precision": 0.5037664783427496, "recall": 0.5234833659491194, "f1-score": 0.5134357005758158, "support": 1022.0}, "1": {"precision": 0.5060851926977687, "recall": 0.48635477582846004, "f1-score": 0.4960238568588469, "support": 1026.0}, "accuracy": 0.5048828125, "macro avg": {"precision": 0.5049258355202592, "recall": 0.5049190708887897, "f1-score": 0.5047297787173314, "support": 2048.0}, "weighted avg": {"precision": 0.5049280998897465, "recall": 0.5048828125, "f1-score": 0.5047127749637015, "support": 2048.0}}