{"0": {"precision": 0.5014005602240896, "recall": 0.5259549461312438, "f1-score": 0.5133843212237093, "support": 1021.0}, "1": {"precision": 0.5046059365404298, "recall": 0.4800389483933788, "f1-score": 0.49201596806387227, "support": 1027.0}, "accuracy": 0.5029296875, "macro avg": {"precision": 0.5030032483822597, "recall": 0.5029969472623113, "f1-score": 0.5027001446437908, "support": 2048.0}, "weighted avg": {"precision": 0.5030079437577231, "recall": 0.5029296875, "f1-score": 0.5026688433452168, "support": 2048.0}}