{"0": {"precision": 0.0, "recall": 0.0, "f1-score": 0.0, "support": 1}, "1": {"precision": 1.0, "recall": 0.25, "f1-score": 0.4, "support": 4}, "2": {"precision": 0.7142857142857143, "recall": 0.5555555555555556, "f1-score": 0.6250000000000001, "support": 9}, "3": {"precision": 0.5384615384615384, "recall": 0.5833333333333334, "f1-score": 0.5599999999999999, "support": 12}, "4": {"precision": 0.8, "recall": 0.6666666666666666, "f1-score": 0.7272727272727272, "support": 24}, "5": {"precision": 0.8620689655172413, "recall": 0.8333333333333334, "f1-score": 0.847457627118644, "support": 30}, "6": {"precision": 0.8484848484848485, "recall": 0.8235294117647058, "f1-score": 0.8358208955223881, "support": 34}, "7": {"precision": 0.76, "recall": 0.7916666666666666, "f1-score": 0.7755102040816326, "support": 48}, "8": {"precision": 0.8444444444444444, "recall": 0.7307692307692307, "f1-score": 0.7835051546391751, "support": 52}, "9": {"precision": 0.7236842105263158, "recall": 0.7534246575342466, "f1-score": 0.738255033557047, "support": 73}, "10": {"precision": 0.8192771084337349, "recall": 0.7157894736842105, "f1-score": 0.7640449438202247, "support": 95}, "11": {"precision": 0.7733333333333333, "recall": 0.6904761904761905, "f1-score": 0.729559748427673, "support": 84}, "12": {"precision": 0.6929824561403509, "recall": 0.7745098039215687, "f1-score": 0.7314814814814816, "support": 102}, "13": {"precision": 0.592, "recall": 0.7872340425531915, "f1-score": 0.6757990867579908, "support": 94}, "14": {"precision": 0.6987951807228916, "recall": 0.6744186046511628, "f1-score": 0.6863905325443787, "support": 86}, "15": {"precision": 0.61, "recall": 0.7261904761904762, "f1-score": 0.6630434782608696, "support": 84}, "16": {"precision": 0.7948717948717948, "recall": 0.7469879518072289, "f1-score": 0.7701863354037267, "support": 83}, "17": {"precision": 0.6842105263157895, "recall": 0.7558139534883721, "f1-score": 0.7182320441988952, "support": 86}, "18": {"precision": 0.61, "recall": 0.7261904761904762, "f1-score": 0.6630434782608696, "support": 84}, "19": {"precision": 0.75, "recall": 0.5294117647058824, "f1-score": 0.6206896551724139, "support": 51}, "20": {"precision": 0.8333333333333334, "recall": 0.625, "f1-score": 0.7142857142857143, "support": 40}, "21": {"precision": 0.7586206896551724, "recall": 0.7096774193548387, "f1-score": 0.7333333333333333, "support": 31}, "22": {"precision": 0.8421052631578947, "recall": 0.5517241379310345, "f1-score": 0.6666666666666666, "support": 29}, "23": {"precision": 0.7222222222222222, "recall": 0.5652173913043478, "f1-score": 0.6341463414634146, "support": 23}, "24": {"precision": 0.7, "recall": 0.7, "f1-score": 0.7, "support": 10}, "25": {"precision": 0.7777777777777778, "recall": 0.7777777777777778, "f1-score": 0.7777777777777778, "support": 9}, "26": {"precision": 0.0, "recall": 0.0, "f1-score": 0.0, "support": 2}, "27": {"precision": 0.0, "recall": 0.0, "f1-score": 0.0, "support": 0}, "accuracy": 0.715625, "macro avg": {"precision": 0.6696771217030142, "recall": 0.6087392257021607, "f1-score": 0.6264822235731087, "support": 1280}, "weighted avg": {"precision": 0.7270858173798314, "recall": 0.715625, "f1-score": 0.715700796165389, "support": 1280}}