{"1": {"precision": 0.5, "recall": 1.0, "f1-score": 0.6666666666666666, "support": 2}, "2": {"precision": 1.0, "recall": 0.75, "f1-score": 0.8571428571428571, "support": 12}, "3": {"precision": 0.8888888888888888, "recall": 0.7272727272727273, "f1-score": 0.7999999999999999, "support": 11}, "4": {"precision": 0.8333333333333334, "recall": 0.8695652173913043, "f1-score": 0.851063829787234, "support": 23}, "5": {"precision": 0.8529411764705882, "recall": 0.8055555555555556, "f1-score": 0.8285714285714286, "support": 36}, "6": {"precision": 0.7368421052631579, "recall": 0.8, "f1-score": 0.7671232876712328, "support": 35}, "7": {"precision": 0.8043478260869565, "recall": 0.8604651162790697, "f1-score": 0.8314606741573034, "support": 43}, "8": {"precision": 0.9375, "recall": 0.8490566037735849, "f1-score": 0.8910891089108911, "support": 53}, "9": {"precision": 0.7887323943661971, "recall": 0.875, "f1-score": 0.8296296296296297, "support": 64}, "10": {"precision": 0.8556701030927835, "recall": 0.8645833333333334, "f1-score": 0.8601036269430052, "support": 96}, "11": {"precision": 0.9101123595505618, "recall": 0.84375, "f1-score": 0.8756756756756756, "support": 96}, "12": {"precision": 0.8247422680412371, "recall": 0.8695652173913043, "f1-score": 0.8465608465608465, "support": 92}, "13": {"precision": 0.8351648351648352, "recall": 0.8085106382978723, "f1-score": 0.8216216216216216, "support": 94}, "14": {"precision": 0.8556701030927835, "recall": 0.9120879120879121, "f1-score": 0.8829787234042552, "support": 91}, "15": {"precision": 0.8315789473684211, "recall": 0.8315789473684211, "f1-score": 0.8315789473684211, "support": 95}, "16": {"precision": 0.8607594936708861, "recall": 0.7640449438202247, "f1-score": 0.8095238095238095, "support": 89}, "17": {"precision": 0.8181818181818182, "recall": 0.9130434782608695, "f1-score": 0.863013698630137, "support": 69}, "18": {"precision": 0.9322033898305084, "recall": 0.8088235294117647, "f1-score": 0.8661417322834646, "support": 68}, "19": {"precision": 0.7777777777777778, "recall": 0.9245283018867925, "f1-score": 0.8448275862068966, "support": 53}, "20": {"precision": 0.8695652173913043, "recall": 0.8163265306122449, "f1-score": 0.8421052631578948, "support": 49}, "21": {"precision": 0.95, "recall": 0.9047619047619048, "f1-score": 0.9268292682926829, "support": 42}, "22": {"precision": 0.75, "recall": 0.8076923076923077, "f1-score": 0.7777777777777779, "support": 26}, "23": {"precision": 0.8, "recall": 0.7272727272727273, "f1-score": 0.761904761904762, "support": 22}, "24": {"precision": 0.8, "recall": 0.8888888888888888, "f1-score": 0.8421052631578948, "support": 9}, "25": {"precision": 0.75, "recall": 0.8571428571428571, "f1-score": 0.7999999999999999, "support": 7}, "26": {"precision": 1.0, "recall": 0.3333333333333333, "f1-score": 0.5, "support": 3}, "accuracy": 0.84453125, "macro avg": {"precision": 0.8370773860604631, "recall": 0.8235711566090385, "f1-score": 0.8182883109633227, "support": 1280}, "weighted avg": {"precision": 0.8489757015448358, "recall": 0.84453125, "f1-score": 0.8445095805380344, "support": 1280}}