{"0": {"precision": 0.0, "recall": 0.0, "f1-score": 0.0, "support": 2}, "1": {"precision": 0.5, "recall": 0.6666666666666666, "f1-score": 0.5714285714285715, "support": 3}, "2": {"precision": 0.5, "recall": 0.5, "f1-score": 0.5, "support": 6}, "3": {"precision": 0.75, "recall": 0.8, "f1-score": 0.7741935483870969, "support": 15}, "4": {"precision": 0.8571428571428571, "recall": 0.782608695652174, "f1-score": 0.8181818181818182, "support": 23}, "5": {"precision": 0.8846153846153846, "recall": 0.9583333333333334, "f1-score": 0.9199999999999999, "support": 24}, "6": {"precision": 0.9117647058823529, "recall": 0.96875, "f1-score": 0.9393939393939394, "support": 32}, "7": {"precision": 0.9454545454545454, "recall": 0.9122807017543859, "f1-score": 0.9285714285714285, "support": 57}, "8": {"precision": 0.94, "recall": 0.9215686274509803, "f1-score": 0.9306930693069307, "support": 51}, "9": {"precision": 0.8787878787878788, "recall": 0.9508196721311475, "f1-score": 0.9133858267716536, "support": 61}, "10": {"precision": 0.9550561797752809, "recall": 0.9042553191489362, "f1-score": 0.9289617486338798, "support": 94}, "11": {"precision": 0.9186046511627907, "recall": 0.9404761904761905, "f1-score": 0.9294117647058823, "support": 84}, "12": {"precision": 0.9238095238095239, "recall": 0.9065420560747663, "f1-score": 0.9150943396226416, "support": 107}, "13": {"precision": 0.8910891089108911, "recall": 0.8823529411764706, "f1-score": 0.8866995073891626, "support": 102}, "14": {"precision": 0.9108910891089109, "recall": 0.8932038834951457, "f1-score": 0.9019607843137256, "support": 103}, "15": {"precision": 0.8902439024390244, "recall": 0.9733333333333334, "f1-score": 0.9299363057324841, "support": 75}, "16": {"precision": 0.9848484848484849, "recall": 0.9420289855072463, "f1-score": 0.962962962962963, "support": 69}, "17": {"precision": 0.9142857142857143, "recall": 0.8767123287671232, "f1-score": 0.8951048951048951, "support": 73}, "18": {"precision": 0.8395061728395061, "recall": 0.8947368421052632, "f1-score": 0.8662420382165605, "support": 76}, "19": {"precision": 0.8596491228070176, "recall": 0.8305084745762712, "f1-score": 0.8448275862068966, "support": 59}, "20": {"precision": 0.8596491228070176, "recall": 0.9074074074074074, "f1-score": 0.8828828828828829, "support": 54}, "21": {"precision": 0.9285714285714286, "recall": 0.8478260869565217, "f1-score": 0.8863636363636365, "support": 46}, "22": {"precision": 0.8076923076923077, "recall": 0.84, "f1-score": 0.8235294117647058, "support": 25}, "23": {"precision": 0.8666666666666667, "recall": 0.7647058823529411, "f1-score": 0.8125, "support": 17}, "24": {"precision": 0.6875, "recall": 0.9166666666666666, "f1-score": 0.7857142857142857, "support": 12}, "25": {"precision": 0.8, "recall": 0.6666666666666666, "f1-score": 0.7272727272727272, "support": 6}, "26": {"precision": 0.5, "recall": 0.5, "f1-score": 0.5, "support": 2}, "27": {"precision": 1.0, "recall": 0.5, "f1-score": 0.6666666666666666, "support": 2}, "accuracy": 0.89609375, "macro avg": {"precision": 0.8109224588431279, "recall": 0.8017303843464157, "f1-score": 0.8014992766284085, "support": 1280}, "weighted avg": {"precision": 0.8968011712459452, "recall": 0.89609375, "f1-score": 0.8954969174026959, "support": 1280}}