{"0": {"precision": 0.0, "recall": 0.0, "f1-score": 0.0, "support": 1}, "1": {"precision": 0.5, "recall": 0.6666666666666666, "f1-score": 0.5714285714285715, "support": 3}, "2": {"precision": 0.6666666666666666, "recall": 0.8, "f1-score": 0.7272727272727272, "support": 5}, "3": {"precision": 0.7391304347826086, "recall": 0.9444444444444444, "f1-score": 0.8292682926829269, "support": 18}, "4": {"precision": 0.9, "recall": 0.5, "f1-score": 0.6428571428571429, "support": 18}, "5": {"precision": 0.8947368421052632, "recall": 0.9444444444444444, "f1-score": 0.918918918918919, "support": 36}, "6": {"precision": 0.9642857142857143, "recall": 0.8709677419354839, "f1-score": 0.9152542372881356, "support": 31}, "7": {"precision": 0.9230769230769231, "recall": 0.9473684210526315, "f1-score": 0.935064935064935, "support": 38}, "8": {"precision": 0.9384615384615385, "recall": 0.9682539682539683, "f1-score": 0.953125, "support": 63}, "9": {"precision": 0.9024390243902439, "recall": 0.8705882352941177, "f1-score": 0.8862275449101796, "support": 85}, "10": {"precision": 0.8076923076923077, "recall": 0.8513513513513513, "f1-score": 0.8289473684210527, "support": 74}, "11": {"precision": 0.927710843373494, "recall": 0.8651685393258427, "f1-score": 0.8953488372093023, "support": 89}, "12": {"precision": 0.8842105263157894, "recall": 0.9333333333333333, "f1-score": 0.9081081081081082, "support": 90}, "13": {"precision": 0.8842105263157894, "recall": 0.9130434782608695, "f1-score": 0.8983957219251336, "support": 92}, "14": {"precision": 0.9425287356321839, "recall": 0.8817204301075269, "f1-score": 0.9111111111111111, "support": 93}, "15": {"precision": 0.8952380952380953, "recall": 0.9690721649484536, "f1-score": 0.9306930693069307, "support": 97}, "16": {"precision": 0.9125, "recall": 0.9125, "f1-score": 0.9125, "support": 80}, "17": {"precision": 0.8833333333333333, "recall": 0.8833333333333333, "f1-score": 0.8833333333333333, "support": 60}, "18": {"precision": 0.9285714285714286, "recall": 0.8666666666666667, "f1-score": 0.896551724137931, "support": 75}, "19": {"precision": 0.8666666666666667, "recall": 0.8125, "f1-score": 0.8387096774193549, "support": 48}, "20": {"precision": 0.8, "recall": 0.9166666666666666, "f1-score": 0.854368932038835, "support": 48}, "21": {"precision": 0.94, "recall": 0.8703703703703703, "f1-score": 0.9038461538461539, "support": 54}, "22": {"precision": 0.8928571428571429, "recall": 0.9259259259259259, "f1-score": 0.9090909090909091, "support": 27}, "23": {"precision": 0.95, "recall": 0.8636363636363636, "f1-score": 0.9047619047619048, "support": 22}, "24": {"precision": 0.625, "recall": 1.0, "f1-score": 0.7692307692307693, "support": 10}, "25": {"precision": 0.8461538461538461, "recall": 0.6875, "f1-score": 0.7586206896551724, "support": 16}, "26": {"precision": 0.6, "recall": 0.6, "f1-score": 0.6, "support": 5}, "27": {"precision": 0.0, "recall": 0.0, "f1-score": 0.0, "support": 2}, "accuracy": 0.88828125, "macro avg": {"precision": 0.7862668069971085, "recall": 0.7951972337863735, "f1-score": 0.7851084171435551, "support": 1280}, "weighted avg": {"precision": 0.8900796269535413, "recall": 0.88828125, "f1-score": 0.8868982050812398, "support": 1280}}