{"1": {"precision": 0.0, "recall": 0.0, "f1-score": 0.0, "support": 4}, "2": {"precision": 0.16666666666666666, "recall": 0.25, "f1-score": 0.2, "support": 4}, "3": {"precision": 0.5384615384615384, "recall": 0.4375, "f1-score": 0.4827586206896552, "support": 16}, "4": {"precision": 0.6129032258064516, "recall": 0.7916666666666666, "f1-score": 0.6909090909090909, "support": 24}, "5": {"precision": 0.8260869565217391, "recall": 0.76, "f1-score": 0.7916666666666667, "support": 25}, "6": {"precision": 0.7692307692307693, "recall": 0.7142857142857143, "f1-score": 0.7407407407407408, "support": 28}, "7": {"precision": 0.76, "recall": 0.8260869565217391, "f1-score": 0.7916666666666667, "support": 46}, "8": {"precision": 0.9074074074074074, "recall": 0.7903225806451613, "f1-score": 0.8448275862068966, "support": 62}, "9": {"precision": 0.828125, "recall": 0.8983050847457628, "f1-score": 0.8617886178861789, "support": 59}, "10": {"precision": 0.8658536585365854, "recall": 0.8875, "f1-score": 0.8765432098765432, "support": 80}, "11": {"precision": 0.8433734939759037, "recall": 0.8235294117647058, "f1-score": 0.8333333333333334, "support": 85}, "12": {"precision": 0.8690476190476191, "recall": 0.8295454545454546, "f1-score": 0.8488372093023256, "support": 88}, "13": {"precision": 0.8865979381443299, "recall": 0.8775510204081632, "f1-score": 0.882051282051282, "support": 98}, "14": {"precision": 0.85, "recall": 0.8673469387755102, "f1-score": 0.8585858585858585, "support": 98}, "15": {"precision": 0.7476635514018691, "recall": 0.8888888888888888, "f1-score": 0.8121827411167512, "support": 90}, "16": {"precision": 0.8076923076923077, "recall": 0.7850467289719626, "f1-score": 0.7962085308056873, "support": 107}, "17": {"precision": 0.7931034482758621, "recall": 0.7666666666666667, "f1-score": 0.7796610169491527, "support": 90}, "18": {"precision": 0.796875, "recall": 0.75, "f1-score": 0.7727272727272727, "support": 68}, "19": {"precision": 0.7543859649122807, "recall": 0.8113207547169812, "f1-score": 0.7818181818181817, "support": 53}, "20": {"precision": 0.8536585365853658, "recall": 0.7446808510638298, "f1-score": 0.7954545454545454, "support": 47}, "21": {"precision": 0.8709677419354839, "recall": 0.84375, "f1-score": 0.8571428571428571, "support": 32}, "22": {"precision": 0.8, "recall": 0.7407407407407407, "f1-score": 0.7692307692307692, "support": 27}, "23": {"precision": 0.5789473684210527, "recall": 0.6470588235294118, "f1-score": 0.6111111111111113, "support": 17}, "24": {"precision": 0.5, "recall": 0.5833333333333334, "f1-score": 0.5384615384615384, "support": 12}, "25": {"precision": 0.4, "recall": 0.5, "f1-score": 0.4444444444444445, "support": 12}, "26": {"precision": 0.0, "recall": 0.0, "f1-score": 0.0, "support": 6}, "27": {"precision": 0.0, "recall": 0.0, "f1-score": 0.0, "support": 2}, "accuracy": 0.8, "macro avg": {"precision": 0.6528536367786382, "recall": 0.659819504306322, "f1-score": 0.6541537737843536, "support": 1280}, "weighted avg": {"precision": 0.7995124326221976, "recall": 0.8, "f1-score": 0.7982240383073631, "support": 1280}}