{"1": {"precision": 1.0, "recall": 0.4, "f1-score": 0.5714285714285715, "support": 5}, "2": {"precision": 0.5833333333333334, "recall": 0.875, "f1-score": 0.7000000000000001, "support": 8}, "3": {"precision": 0.75, "recall": 0.8181818181818182, "f1-score": 0.7826086956521738, "support": 11}, "4": {"precision": 0.8, "recall": 0.75, "f1-score": 0.7741935483870969, "support": 16}, "5": {"precision": 0.875, "recall": 0.8076923076923077, "f1-score": 0.8400000000000001, "support": 26}, "6": {"precision": 0.868421052631579, "recall": 0.868421052631579, "f1-score": 0.868421052631579, "support": 38}, "7": {"precision": 0.8666666666666667, "recall": 0.8813559322033898, "f1-score": 0.8739495798319329, "support": 59}, "8": {"precision": 0.7931034482758621, "recall": 0.8363636363636363, "f1-score": 0.8141592920353982, "support": 55}, "9": {"precision": 0.8793103448275862, "recall": 0.7611940298507462, "f1-score": 0.8160000000000001, "support": 67}, "10": {"precision": 0.8947368421052632, "recall": 0.9239130434782609, "f1-score": 0.9090909090909092, "support": 92}, "11": {"precision": 0.8313253012048193, "recall": 0.8734177215189873, "f1-score": 0.8518518518518519, "support": 79}, "12": {"precision": 0.8648648648648649, "recall": 0.7901234567901234, "f1-score": 0.8258064516129032, "support": 81}, "13": {"precision": 0.8454545454545455, "recall": 0.8691588785046729, "f1-score": 0.8571428571428571, "support": 107}, "14": {"precision": 0.7878787878787878, "recall": 0.8666666666666667, "f1-score": 0.8253968253968254, "support": 90}, "15": {"precision": 0.9238095238095239, "recall": 0.8660714285714286, "f1-score": 0.8940092165898618, "support": 112}, "16": {"precision": 0.8837209302325582, "recall": 0.9047619047619048, "f1-score": 0.8941176470588236, "support": 84}, "17": {"precision": 0.8481012658227848, "recall": 0.8933333333333333, "f1-score": 0.8701298701298702, "support": 75}, "18": {"precision": 0.9056603773584906, "recall": 0.7741935483870968, "f1-score": 0.8347826086956522, "support": 62}, "19": {"precision": 0.782608695652174, "recall": 0.9152542372881356, "f1-score": 0.8437499999999999, "support": 59}, "20": {"precision": 0.9069767441860465, "recall": 0.7959183673469388, "f1-score": 0.8478260869565216, "support": 49}, "21": {"precision": 0.8666666666666667, "recall": 0.9285714285714286, "f1-score": 0.896551724137931, "support": 28}, "22": {"precision": 0.8064516129032258, "recall": 0.8620689655172413, "f1-score": 0.8333333333333334, "support": 29}, "23": {"precision": 0.8947368421052632, "recall": 0.6296296296296297, "f1-score": 0.7391304347826088, "support": 27}, "24": {"precision": 0.6923076923076923, "recall": 0.8181818181818182, "f1-score": 0.7500000000000001, "support": 11}, "25": {"precision": 0.7, "recall": 1.0, "f1-score": 0.8235294117647058, "support": 7}, "26": {"precision": 0.0, "recall": 0.0, "f1-score": 0.0, "support": 2}, "27": {"precision": 0.0, "recall": 0.0, "f1-score": 0.0, "support": 1}, "accuracy": 0.84921875, "macro avg": {"precision": 0.772264279195842, "recall": 0.7670175261285609, "f1-score": 0.7606374062411632, "support": 1280}, "weighted avg": {"precision": 0.8530877592149105, "recall": 0.84921875, "f1-score": 0.8483960558621909, "support": 1280}}