{"0": {"precision": 0.0, "recall": 0.0, "f1-score": 0.0, "support": 2}, "1": {"precision": 0.4, "recall": 1.0, "f1-score": 0.5714285714285715, "support": 2}, "2": {"precision": 1.0, "recall": 0.5, "f1-score": 0.6666666666666666, "support": 10}, "3": {"precision": 0.75, "recall": 0.8, "f1-score": 0.7741935483870969, "support": 15}, "4": {"precision": 0.6111111111111112, "recall": 0.6470588235294118, "f1-score": 0.6285714285714287, "support": 17}, "5": {"precision": 0.8125, "recall": 0.7647058823529411, "f1-score": 0.787878787878788, "support": 34}, "6": {"precision": 0.7959183673469388, "recall": 0.9512195121951219, "f1-score": 0.8666666666666666, "support": 41}, "7": {"precision": 0.803921568627451, "recall": 0.8367346938775511, "f1-score": 0.8200000000000001, "support": 49}, "8": {"precision": 0.7636363636363637, "recall": 0.7241379310344828, "f1-score": 0.7433628318584072, "support": 58}, "9": {"precision": 0.8194444444444444, "recall": 0.7972972972972973, "f1-score": 0.8082191780821918, "support": 74}, "10": {"precision": 0.8571428571428571, "recall": 0.8780487804878049, "f1-score": 0.8674698795180722, "support": 82}, "11": {"precision": 0.8571428571428571, "recall": 0.8461538461538461, "f1-score": 0.8516129032258064, "support": 78}, "12": {"precision": 0.8133333333333334, "recall": 0.7922077922077922, "f1-score": 0.8026315789473685, "support": 77}, "13": {"precision": 0.84375, "recall": 0.8350515463917526, "f1-score": 0.8393782383419689, "support": 97}, "14": {"precision": 0.8117647058823529, "recall": 0.8313253012048193, "f1-score": 0.8214285714285715, "support": 83}, "15": {"precision": 0.83, "recall": 0.8736842105263158, "f1-score": 0.8512820512820513, "support": 95}, "16": {"precision": 0.7931034482758621, "recall": 0.7840909090909091, "f1-score": 0.7885714285714285, "support": 88}, "17": {"precision": 0.782608695652174, "recall": 0.782608695652174, "f1-score": 0.782608695652174, "support": 92}, "18": {"precision": 0.8032786885245902, "recall": 0.7313432835820896, "f1-score": 0.765625, "support": 67}, "19": {"precision": 0.859375, "recall": 0.859375, "f1-score": 0.859375, "support": 64}, "20": {"precision": 0.8363636363636363, "recall": 0.8846153846153846, "f1-score": 0.8598130841121494, "support": 52}, "21": {"precision": 0.8, "recall": 0.875, "f1-score": 0.8358208955223881, "support": 32}, "22": {"precision": 0.8636363636363636, "recall": 0.6551724137931034, "f1-score": 0.7450980392156864, "support": 29}, "23": {"precision": 0.5714285714285714, "recall": 0.75, "f1-score": 0.6486486486486486, "support": 16}, "24": {"precision": 0.6428571428571429, "recall": 0.6, "f1-score": 0.6206896551724138, "support": 15}, "25": {"precision": 0.42857142857142855, "recall": 0.5, "f1-score": 0.4615384615384615, "support": 6}, "26": {"precision": 0.5, "recall": 0.3333333333333333, "f1-score": 0.4, "support": 3}, "27": {"precision": 0.0, "recall": 0.0, "f1-score": 0.0, "support": 2}, "accuracy": 0.80625, "macro avg": {"precision": 0.701817449427767, "recall": 0.7083273084759333, "f1-score": 0.6953064218113215, "support": 1280}, "weighted avg": {"precision": 0.8066129087994887, "recall": 0.80625, "f1-score": 0.8045133963249922, "support": 1280}}