{"0": {"precision": 0.0, "recall": 0.0, "f1-score": 0.0, "support": 2}, "1": {"precision": 0.3333333333333333, "recall": 0.5, "f1-score": 0.4, "support": 2}, "2": {"precision": 0.6, "recall": 0.6, "f1-score": 0.6, "support": 5}, "3": {"precision": 0.9230769230769231, "recall": 0.8571428571428571, "f1-score": 0.888888888888889, "support": 14}, "4": {"precision": 0.8421052631578947, "recall": 0.8421052631578947, "f1-score": 0.8421052631578947, "support": 19}, "5": {"precision": 0.7916666666666666, "recall": 0.76, "f1-score": 0.7755102040816326, "support": 25}, "6": {"precision": 0.8780487804878049, "recall": 0.8780487804878049, "f1-score": 0.8780487804878049, "support": 41}, "7": {"precision": 0.8958333333333334, "recall": 0.9772727272727273, "f1-score": 0.9347826086956522, "support": 44}, "8": {"precision": 0.9245283018867925, "recall": 0.9423076923076923, "f1-score": 0.9333333333333333, "support": 52}, "9": {"precision": 0.935064935064935, "recall": 0.9473684210526315, "f1-score": 0.9411764705882352, "support": 76}, "10": {"precision": 0.9125, "recall": 0.8795180722891566, "f1-score": 0.8957055214723926, "support": 83}, "11": {"precision": 0.898876404494382, "recall": 0.8695652173913043, "f1-score": 0.8839779005524863, "support": 92}, "12": {"precision": 0.9081632653061225, "recall": 0.9175257731958762, "f1-score": 0.9128205128205128, "support": 97}, "13": {"precision": 0.8723404255319149, "recall": 0.9111111111111111, "f1-score": 0.891304347826087, "support": 90}, "14": {"precision": 0.8269230769230769, "recall": 0.8686868686868687, "f1-score": 0.8472906403940886, "support": 99}, "15": {"precision": 0.875, "recall": 0.8155339805825242, "f1-score": 0.8442211055276382, "support": 103}, "16": {"precision": 0.8804347826086957, "recall": 0.9, "f1-score": 0.8901098901098902, "support": 90}, "17": {"precision": 0.8795180722891566, "recall": 0.9240506329113924, "f1-score": 0.9012345679012346, "support": 79}, "18": {"precision": 0.9375, "recall": 0.8695652173913043, "f1-score": 0.9022556390977444, "support": 69}, "19": {"precision": 0.8478260869565217, "recall": 0.8478260869565217, "f1-score": 0.8478260869565218, "support": 46}, "20": {"precision": 0.868421052631579, "recall": 0.8461538461538461, "f1-score": 0.8571428571428572, "support": 39}, "21": {"precision": 0.9591836734693877, "recall": 0.94, "f1-score": 0.9494949494949495, "support": 50}, "22": {"precision": 0.8571428571428571, "recall": 0.96, "f1-score": 0.9056603773584904, "support": 25}, "23": {"precision": 0.875, "recall": 0.8235294117647058, "f1-score": 0.8484848484848485, "support": 17}, "24": {"precision": 0.9, "recall": 0.8181818181818182, "f1-score": 0.8571428571428572, "support": 11}, "25": {"precision": 0.6666666666666666, "recall": 0.4, "f1-score": 0.5, "support": 5}, "26": {"precision": 0.42857142857142855, "recall": 1.0, "f1-score": 0.6, "support": 3}, "27": {"precision": 0.0, "recall": 0.0, "f1-score": 0.0, "support": 2}, "accuracy": 0.8828125, "macro avg": {"precision": 0.7684901903428383, "recall": 0.7819819206442155, "f1-score": 0.7688756304112873, "support": 1280}, "weighted avg": {"precision": 0.8820501988022696, "recall": 0.8828125, "f1-score": 0.8815258868268723, "support": 1280}}