{"0": {"precision": 0.0, "recall": 0.0, "f1-score": 0.0, "support": 3}, "1": {"precision": 0.25, "recall": 1.0, "f1-score": 0.4, "support": 2}, "2": {"precision": 0.6666666666666666, "recall": 0.4444444444444444, "f1-score": 0.5333333333333333, "support": 9}, "3": {"precision": 0.7692307692307693, "recall": 0.8333333333333334, "f1-score": 0.8, "support": 12}, "4": {"precision": 0.9285714285714286, "recall": 0.7647058823529411, "f1-score": 0.8387096774193549, "support": 17}, "5": {"precision": 0.7931034482758621, "recall": 1.0, "f1-score": 0.8846153846153846, "support": 23}, "6": {"precision": 0.918918918918919, "recall": 0.85, "f1-score": 0.8831168831168831, "support": 40}, "7": {"precision": 0.8863636363636364, "recall": 0.8863636363636364, "f1-score": 0.8863636363636365, "support": 44}, "8": {"precision": 0.9402985074626866, "recall": 0.8873239436619719, "f1-score": 0.9130434782608696, "support": 71}, "9": {"precision": 0.8695652173913043, "recall": 0.9090909090909091, "f1-score": 0.888888888888889, "support": 66}, "10": {"precision": 0.9117647058823529, "recall": 0.8157894736842105, "f1-score": 0.861111111111111, "support": 76}, "11": {"precision": 0.8666666666666667, "recall": 0.8863636363636364, "f1-score": 0.8764044943820225, "support": 88}, "12": {"precision": 0.8854166666666666, "recall": 0.9340659340659341, "f1-score": 0.909090909090909, "support": 91}, "13": {"precision": 0.8888888888888888, "recall": 0.9090909090909091, "f1-score": 0.8988764044943819, "support": 88}, "14": {"precision": 0.9029126213592233, "recall": 0.9029126213592233, "f1-score": 0.9029126213592235, "support": 103}, "15": {"precision": 0.9215686274509803, "recall": 0.9215686274509803, "f1-score": 0.9215686274509803, "support": 102}, "16": {"precision": 0.8983050847457628, "recall": 0.8412698412698413, "f1-score": 0.8688524590163935, "support": 63}, "17": {"precision": 0.8620689655172413, "recall": 0.8620689655172413, "f1-score": 0.8620689655172413, "support": 87}, "18": {"precision": 0.7727272727272727, "recall": 0.864406779661017, "f1-score": 0.8159999999999998, "support": 59}, "19": {"precision": 0.9375, "recall": 0.8823529411764706, "f1-score": 0.9090909090909091, "support": 68}, "20": {"precision": 0.84, "recall": 0.9545454545454546, "f1-score": 0.8936170212765958, "support": 44}, "21": {"precision": 0.92, "recall": 0.8518518518518519, "f1-score": 0.8846153846153846, "support": 54}, "22": {"precision": 0.8181818181818182, "recall": 0.782608695652174, "f1-score": 0.8, "support": 23}, "23": {"precision": 0.9285714285714286, "recall": 0.7222222222222222, "f1-score": 0.8125000000000001, "support": 18}, "24": {"precision": 0.7142857142857143, "recall": 0.9090909090909091, "f1-score": 0.8, "support": 11}, "25": {"precision": 0.8461538461538461, "recall": 0.9166666666666666, "f1-score": 0.8799999999999999, "support": 12}, "26": {"precision": 0.6666666666666666, "recall": 0.5, "f1-score": 0.5714285714285715, "support": 4}, "27": {"precision": 0.5, "recall": 0.5, "f1-score": 0.5, "support": 2}, "accuracy": 0.8765625, "macro avg": {"precision": 0.7894427702373502, "recall": 0.8047192028184279, "f1-score": 0.7855788843154313, "support": 1280}, "weighted avg": {"precision": 0.8795369482842904, "recall": 0.8765625, "f1-score": 0.8761539564924353, "support": 1280}}