{"0": {"precision": 0.0, "recall": 0.0, "f1-score": 0.0, "support": 2}, "1": {"precision": 0.0, "recall": 0.0, "f1-score": 0.0, "support": 0}, "2": {"precision": 0.4444444444444444, "recall": 0.3333333333333333, "f1-score": 0.380952380952381, "support": 12}, "3": {"precision": 0.5833333333333334, "recall": 0.6363636363636364, "f1-score": 0.6086956521739131, "support": 11}, "4": {"precision": 0.7894736842105263, "recall": 0.7142857142857143, "f1-score": 0.7500000000000001, "support": 21}, "5": {"precision": 0.8387096774193549, "recall": 0.8387096774193549, "f1-score": 0.8387096774193549, "support": 31}, "6": {"precision": 0.7941176470588235, "recall": 0.84375, "f1-score": 0.8181818181818182, "support": 32}, "7": {"precision": 0.8958333333333334, "recall": 0.9148936170212766, "f1-score": 0.9052631578947369, "support": 47}, "8": {"precision": 0.84375, "recall": 0.8709677419354839, "f1-score": 0.8571428571428571, "support": 62}, "9": {"precision": 0.8170731707317073, "recall": 0.8072289156626506, "f1-score": 0.812121212121212, "support": 83}, "10": {"precision": 0.7195121951219512, "recall": 0.7468354430379747, "f1-score": 0.732919254658385, "support": 79}, "11": {"precision": 0.7959183673469388, "recall": 0.7878787878787878, "f1-score": 0.7918781725888324, "support": 99}, "12": {"precision": 0.8737864077669902, "recall": 0.8333333333333334, "f1-score": 0.8530805687203792, "support": 108}, "13": {"precision": 0.8431372549019608, "recall": 0.9148936170212766, "f1-score": 0.8775510204081632, "support": 94}, "14": {"precision": 0.8536585365853658, "recall": 0.8641975308641975, "f1-score": 0.8588957055214724, "support": 81}, "15": {"precision": 0.7415730337078652, "recall": 0.8148148148148148, "f1-score": 0.7764705882352941, "support": 81}, "16": {"precision": 0.8279569892473119, "recall": 0.77, "f1-score": 0.7979274611398963, "support": 100}, "17": {"precision": 0.8309859154929577, "recall": 0.7866666666666666, "f1-score": 0.8082191780821917, "support": 75}, "18": {"precision": 0.8260869565217391, "recall": 0.8142857142857143, "f1-score": 0.8201438848920863, "support": 70}, "19": {"precision": 0.8780487804878049, "recall": 0.6792452830188679, "f1-score": 0.7659574468085106, "support": 53}, "20": {"precision": 0.6956521739130435, "recall": 0.9142857142857143, "f1-score": 0.7901234567901234, "support": 35}, "21": {"precision": 0.8571428571428571, "recall": 0.631578947368421, "f1-score": 0.7272727272727273, "support": 38}, "22": {"precision": 0.5428571428571428, "recall": 0.7916666666666666, "f1-score": 0.6440677966101694, "support": 24}, "23": {"precision": 0.4, "recall": 0.5, "f1-score": 0.4444444444444445, "support": 16}, "24": {"precision": 0.5, "recall": 0.2857142857142857, "f1-score": 0.36363636363636365, "support": 14}, "25": {"precision": 0.375, "recall": 0.375, "f1-score": 0.375, "support": 8}, "26": {"precision": 0.5, "recall": 1.0, "f1-score": 0.6666666666666666, "support": 1}, "27": {"precision": 1.0, "recall": 0.3333333333333333, "f1-score": 0.5, "support": 3}, "accuracy": 0.79140625, "macro avg": {"precision": 0.6810018536294804, "recall": 0.6715450990825537, "f1-score": 0.663047196155785, "support": 1280}, "weighted avg": {"precision": 0.796702785846163, "recall": 0.79140625, "f1-score": 0.7907897751099245, "support": 1280}}