{"2": {"precision": 1.0, "recall": 0.5, "f1-score": 0.6666666666666666, "support": 6}, "3": {"precision": 0.7647058823529411, "recall": 1.0, "f1-score": 0.8666666666666666, "support": 13}, "4": {"precision": 0.8, "recall": 0.9230769230769231, "f1-score": 0.8571428571428571, "support": 13}, "5": {"precision": 0.9166666666666666, "recall": 0.868421052631579, "f1-score": 0.8918918918918918, "support": 38}, "6": {"precision": 0.8888888888888888, "recall": 0.8421052631578947, "f1-score": 0.8648648648648649, "support": 38}, "7": {"precision": 0.8679245283018868, "recall": 0.9019607843137255, "f1-score": 0.8846153846153846, "support": 51}, "8": {"precision": 0.8541666666666666, "recall": 0.8723404255319149, "f1-score": 0.8631578947368421, "support": 47}, "9": {"precision": 0.9117647058823529, "recall": 0.8857142857142857, "f1-score": 0.8985507246376812, "support": 70}, "10": {"precision": 0.9024390243902439, "recall": 0.8809523809523809, "f1-score": 0.8915662650602411, "support": 84}, "11": {"precision": 0.8405797101449275, "recall": 0.8529411764705882, "f1-score": 0.8467153284671534, "support": 68}, "12": {"precision": 0.9090909090909091, "recall": 0.9, "f1-score": 0.9045226130653266, "support": 100}, "13": {"precision": 0.8627450980392157, "recall": 0.9166666666666666, "f1-score": 0.888888888888889, "support": 96}, "14": {"precision": 0.9285714285714286, "recall": 0.8764044943820225, "f1-score": 0.9017341040462428, "support": 89}, "15": {"precision": 0.9351851851851852, "recall": 0.9181818181818182, "f1-score": 0.9266055045871558, "support": 110}, "16": {"precision": 0.8526315789473684, "recall": 0.9529411764705882, "f1-score": 0.9, "support": 85}, "17": {"precision": 0.9560439560439561, "recall": 0.8877551020408163, "f1-score": 0.9206349206349207, "support": 98}, "18": {"precision": 0.9, "recall": 0.9, "f1-score": 0.9, "support": 60}, "19": {"precision": 0.9523809523809523, "recall": 0.9090909090909091, "f1-score": 0.9302325581395349, "support": 66}, "20": {"precision": 0.875, "recall": 0.8571428571428571, "f1-score": 0.8659793814432989, "support": 49}, "21": {"precision": 0.8108108108108109, "recall": 0.8333333333333334, "f1-score": 0.8219178082191781, "support": 36}, "22": {"precision": 0.7333333333333333, "recall": 0.8461538461538461, "f1-score": 0.7857142857142856, "support": 26}, "23": {"precision": 0.8125, "recall": 0.7222222222222222, "f1-score": 0.7647058823529411, "support": 18}, "24": {"precision": 0.5714285714285714, "recall": 0.8, "f1-score": 0.6666666666666666, "support": 5}, "25": {"precision": 0.6666666666666666, "recall": 0.5, "f1-score": 0.5714285714285715, "support": 8}, "26": {"precision": 0.6666666666666666, "recall": 0.8, "f1-score": 0.7272727272727272, "support": 5}, "27": {"precision": 1.0, "recall": 1.0, "f1-score": 1.0, "support": 1}, "accuracy": 0.88515625, "macro avg": {"precision": 0.8530842780946014, "recall": 0.8518232583667067, "f1-score": 0.8464670175849995, "support": 1280}, "weighted avg": {"precision": 0.8880458965488707, "recall": 0.88515625, "f1-score": 0.8852010825487684, "support": 1280}}