{"0": {"precision": 0.0, "recall": 0.0, "f1-score": 0.0, "support": 1}, "1": {"precision": 0.5, "recall": 0.75, "f1-score": 0.6, "support": 4}, "2": {"precision": 0.42857142857142855, "recall": 0.5, "f1-score": 0.4615384615384615, "support": 6}, "3": {"precision": 0.5454545454545454, "recall": 0.6, "f1-score": 0.5714285714285713, "support": 10}, "4": {"precision": 0.85, "recall": 0.7391304347826086, "f1-score": 0.7906976744186046, "support": 23}, "5": {"precision": 0.8571428571428571, "recall": 0.6666666666666666, "f1-score": 0.75, "support": 27}, "6": {"precision": 0.6666666666666666, "recall": 0.8695652173913043, "f1-score": 0.7547169811320754, "support": 23}, "7": {"precision": 0.9245283018867925, "recall": 0.8909090909090909, "f1-score": 0.9074074074074073, "support": 55}, "8": {"precision": 0.8923076923076924, "recall": 0.8787878787878788, "f1-score": 0.8854961832061069, "support": 66}, "9": {"precision": 0.8571428571428571, "recall": 0.8955223880597015, "f1-score": 0.8759124087591241, "support": 67}, "10": {"precision": 0.8877551020408163, "recall": 0.90625, "f1-score": 0.8969072164948454, "support": 96}, "11": {"precision": 0.9042553191489362, "recall": 0.8762886597938144, "f1-score": 0.8900523560209425, "support": 97}, "12": {"precision": 0.8584905660377359, "recall": 0.900990099009901, "f1-score": 0.8792270531400966, "support": 101}, "13": {"precision": 0.8924731182795699, "recall": 0.8829787234042553, "f1-score": 0.8877005347593583, "support": 94}, "14": {"precision": 0.8666666666666667, "recall": 0.8333333333333334, "f1-score": 0.8496732026143791, "support": 78}, "15": {"precision": 0.8539325842696629, "recall": 0.7835051546391752, "f1-score": 0.8172043010752688, "support": 97}, "16": {"precision": 0.7684210526315789, "recall": 0.7684210526315789, "f1-score": 0.7684210526315788, "support": 95}, "17": {"precision": 0.7236842105263158, "recall": 0.7971014492753623, "f1-score": 0.7586206896551724, "support": 69}, "18": {"precision": 0.8055555555555556, "recall": 0.8529411764705882, "f1-score": 0.8285714285714286, "support": 68}, "19": {"precision": 0.8888888888888888, "recall": 0.8, "f1-score": 0.8421052631578948, "support": 60}, "20": {"precision": 0.7555555555555555, "recall": 0.8717948717948718, "f1-score": 0.8095238095238095, "support": 39}, "21": {"precision": 0.8, "recall": 0.7741935483870968, "f1-score": 0.7868852459016393, "support": 31}, "22": {"precision": 0.7692307692307693, "recall": 0.6896551724137931, "f1-score": 0.7272727272727274, "support": 29}, "23": {"precision": 0.6470588235294118, "recall": 0.6111111111111112, "f1-score": 0.6285714285714287, "support": 18}, "24": {"precision": 0.6875, "recall": 0.7333333333333333, "f1-score": 0.7096774193548386, "support": 15}, "25": {"precision": 0.42857142857142855, "recall": 0.5, "f1-score": 0.4615384615384615, "support": 6}, "26": {"precision": 1.0, "recall": 0.4, "f1-score": 0.5714285714285715, "support": 5}, "27": {"precision": 0.0, "recall": 0.0, "f1-score": 0.0, "support": 0}, "accuracy": 0.828125, "macro avg": {"precision": 0.7164233567894904, "recall": 0.7061599772212664, "f1-score": 0.703949230342957, "support": 1280}, "weighted avg": {"precision": 0.8330793007415427, "recall": 0.828125, "f1-score": 0.8287478303454302, "support": 1280}}