{"0": {"precision": 1.0, "recall": 0.5, "f1-score": 0.6666666666666666, "support": 2}, "1": {"precision": 0.3333333333333333, "recall": 1.0, "f1-score": 0.5, "support": 2}, "2": {"precision": 0.75, "recall": 0.5, "f1-score": 0.6, "support": 12}, "3": {"precision": 0.7894736842105263, "recall": 0.9375, "f1-score": 0.8571428571428572, "support": 16}, "4": {"precision": 0.9375, "recall": 0.8333333333333334, "f1-score": 0.8823529411764706, "support": 18}, "5": {"precision": 0.896551724137931, "recall": 0.896551724137931, "f1-score": 0.896551724137931, "support": 29}, "6": {"precision": 0.9230769230769231, "recall": 0.8275862068965517, "f1-score": 0.8727272727272727, "support": 29}, "7": {"precision": 0.9347826086956522, "recall": 0.9555555555555556, "f1-score": 0.945054945054945, "support": 45}, "8": {"precision": 0.9259259259259259, "recall": 0.9090909090909091, "f1-score": 0.9174311926605504, "support": 55}, "9": {"precision": 0.8524590163934426, "recall": 0.9122807017543859, "f1-score": 0.8813559322033898, "support": 57}, "10": {"precision": 0.9456521739130435, "recall": 0.9157894736842105, "f1-score": 0.9304812834224598, "support": 95}, "11": {"precision": 0.8762886597938144, "recall": 0.9239130434782609, "f1-score": 0.8994708994708995, "support": 92}, "12": {"precision": 0.8860759493670886, "recall": 0.8641975308641975, "f1-score": 0.8749999999999999, "support": 81}, "13": {"precision": 0.9191919191919192, "recall": 0.8921568627450981, "f1-score": 0.9054726368159205, "support": 102}, "14": {"precision": 0.9203539823008849, "recall": 0.9285714285714286, "f1-score": 0.9244444444444444, "support": 112}, "15": {"precision": 0.9021739130434783, "recall": 0.9431818181818182, "f1-score": 0.9222222222222224, "support": 88}, "16": {"precision": 0.9120879120879121, "recall": 0.8556701030927835, "f1-score": 0.8829787234042552, "support": 97}, "17": {"precision": 0.8472222222222222, "recall": 0.8714285714285714, "f1-score": 0.8591549295774648, "support": 70}, "18": {"precision": 0.8846153846153846, "recall": 0.9452054794520548, "f1-score": 0.9139072847682119, "support": 73}, "19": {"precision": 0.8913043478260869, "recall": 0.8367346938775511, "f1-score": 0.8631578947368421, "support": 49}, "20": {"precision": 0.9111111111111111, "recall": 0.8723404255319149, "f1-score": 0.891304347826087, "support": 47}, "21": {"precision": 0.8571428571428571, "recall": 0.9230769230769231, "f1-score": 0.888888888888889, "support": 26}, "22": {"precision": 0.9090909090909091, "recall": 0.8333333333333334, "f1-score": 0.8695652173913043, "support": 36}, "23": {"precision": 0.8, "recall": 0.8333333333333334, "f1-score": 0.816326530612245, "support": 24}, "24": {"precision": 0.625, "recall": 0.7142857142857143, "f1-score": 0.6666666666666666, "support": 7}, "25": {"precision": 0.8, "recall": 0.8888888888888888, "f1-score": 0.8421052631578948, "support": 9}, "26": {"precision": 1.0, "recall": 0.6, "f1-score": 0.7499999999999999, "support": 5}, "27": {"precision": 0.6666666666666666, "recall": 1.0, "f1-score": 0.8, "support": 2}, "accuracy": 0.89140625, "macro avg": {"precision": 0.8534671865766826, "recall": 0.8540716448069555, "f1-score": 0.8400153844705674, "support": 1280}, "weighted avg": {"precision": 0.8944940910910582, "recall": 0.89140625, "f1-score": 0.891429757849939, "support": 1280}}