{"0": {"precision": 0.0, "recall": 0.0, "f1-score": 0.0, "support": 1}, "1": {"precision": 0.4, "recall": 0.5, "f1-score": 0.4444444444444445, "support": 4}, "2": {"precision": 0.375, "recall": 0.2727272727272727, "f1-score": 0.3157894736842105, "support": 11}, "3": {"precision": 0.47058823529411764, "recall": 0.6153846153846154, "f1-score": 0.5333333333333333, "support": 13}, "4": {"precision": 0.8571428571428571, "recall": 0.6666666666666666, "f1-score": 0.75, "support": 18}, "5": {"precision": 0.9090909090909091, "recall": 1.0, "f1-score": 0.9523809523809523, "support": 30}, "6": {"precision": 0.9696969696969697, "recall": 0.9411764705882353, "f1-score": 0.955223880597015, "support": 34}, "7": {"precision": 0.9215686274509803, "recall": 0.9215686274509803, "f1-score": 0.9215686274509803, "support": 51}, "8": {"precision": 0.9387755102040817, "recall": 0.8679245283018868, "f1-score": 0.9019607843137256, "support": 53}, "9": {"precision": 0.8253968253968254, "recall": 0.9122807017543859, "f1-score": 0.8666666666666667, "support": 57}, "10": {"precision": 0.9135802469135802, "recall": 0.8505747126436781, "f1-score": 0.8809523809523809, "support": 87}, "11": {"precision": 0.8409090909090909, "recall": 0.891566265060241, "f1-score": 0.8654970760233919, "support": 83}, "12": {"precision": 0.900990099009901, "recall": 0.875, "f1-score": 0.8878048780487806, "support": 104}, "13": {"precision": 0.9247311827956989, "recall": 0.8514851485148515, "f1-score": 0.8865979381443299, "support": 101}, "14": {"precision": 0.8282828282828283, "recall": 0.8817204301075269, "f1-score": 0.8541666666666666, "support": 93}, "15": {"precision": 0.8666666666666667, "recall": 0.8666666666666667, "f1-score": 0.8666666666666667, "support": 90}, "16": {"precision": 0.8823529411764706, "recall": 0.8333333333333334, "f1-score": 0.8571428571428571, "support": 90}, "17": {"precision": 0.8295454545454546, "recall": 0.8902439024390244, "f1-score": 0.8588235294117648, "support": 82}, "18": {"precision": 0.8771929824561403, "recall": 0.9090909090909091, "f1-score": 0.8928571428571428, "support": 55}, "19": {"precision": 0.8955223880597015, "recall": 0.9523809523809523, "f1-score": 0.923076923076923, "support": 63}, "20": {"precision": 0.9090909090909091, "recall": 0.8888888888888888, "f1-score": 0.8988764044943819, "support": 45}, "21": {"precision": 0.8928571428571429, "recall": 0.8928571428571429, "f1-score": 0.8928571428571429, "support": 28}, "22": {"precision": 0.8928571428571429, "recall": 0.9259259259259259, "f1-score": 0.9090909090909091, "support": 27}, "23": {"precision": 0.8571428571428571, "recall": 0.75, "f1-score": 0.7999999999999999, "support": 24}, "24": {"precision": 0.7083333333333334, "recall": 0.85, "f1-score": 0.7727272727272727, "support": 20}, "25": {"precision": 0.5454545454545454, "recall": 0.6666666666666666, "f1-score": 0.6, "support": 9}, "26": {"precision": 1.0, "recall": 0.16666666666666666, "f1-score": 0.2857142857142857, "support": 6}, "27": {"precision": 1.0, "recall": 1.0, "f1-score": 1.0, "support": 1}, "accuracy": 0.865625, "macro avg": {"precision": 0.7940274909224359, "recall": 0.77288558907559, "f1-score": 0.7705078655980795, "support": 1280}, "weighted avg": {"precision": 0.868348327351381, "recall": 0.865625, "f1-score": 0.8643152893801446, "support": 1280}}