{"0": {"precision": 0.0, "recall": 0.0, "f1-score": 0.0, "support": 1}, "1": {"precision": 0.5, "recall": 0.3333333333333333, "f1-score": 0.4, "support": 3}, "2": {"precision": 0.7142857142857143, "recall": 0.8333333333333334, "f1-score": 0.7692307692307692, "support": 6}, "3": {"precision": 0.8333333333333334, "recall": 0.9090909090909091, "f1-score": 0.8695652173913043, "support": 11}, "4": {"precision": 0.9285714285714286, "recall": 0.8666666666666667, "f1-score": 0.896551724137931, "support": 15}, "5": {"precision": 0.8387096774193549, "recall": 0.9629629629629629, "f1-score": 0.896551724137931, "support": 27}, "6": {"precision": 0.9411764705882353, "recall": 0.8205128205128205, "f1-score": 0.8767123287671232, "support": 39}, "7": {"precision": 0.9019607843137255, "recall": 0.9583333333333334, "f1-score": 0.9292929292929293, "support": 48}, "8": {"precision": 0.971830985915493, "recall": 0.8961038961038961, "f1-score": 0.9324324324324325, "support": 77}, "9": {"precision": 0.8767123287671232, "recall": 0.8648648648648649, "f1-score": 0.870748299319728, "support": 74}, "10": {"precision": 0.9038461538461539, "recall": 0.9215686274509803, "f1-score": 0.9126213592233009, "support": 102}, "11": {"precision": 0.9230769230769231, "recall": 0.935064935064935, "f1-score": 0.9290322580645162, "support": 77}, "12": {"precision": 0.925531914893617, "recall": 0.9157894736842105, "f1-score": 0.9206349206349206, "support": 95}, "13": {"precision": 0.8910891089108911, "recall": 0.9278350515463918, "f1-score": 0.9090909090909091, "support": 97}, "14": {"precision": 0.9111111111111111, "recall": 0.9111111111111111, "f1-score": 0.9111111111111111, "support": 90}, "15": {"precision": 0.9342105263157895, "recall": 0.8765432098765432, "f1-score": 0.9044585987261147, "support": 81}, "16": {"precision": 0.8620689655172413, "recall": 0.8928571428571429, "f1-score": 0.8771929824561403, "support": 84}, "17": {"precision": 0.8333333333333334, "recall": 0.8974358974358975, "f1-score": 0.8641975308641975, "support": 78}, "18": {"precision": 0.8666666666666667, "recall": 0.8524590163934426, "f1-score": 0.8595041322314049, "support": 61}, "19": {"precision": 0.851063829787234, "recall": 0.8333333333333334, "f1-score": 0.8421052631578947, "support": 48}, "20": {"precision": 0.8653846153846154, "recall": 0.8490566037735849, "f1-score": 0.8571428571428571, "support": 53}, "21": {"precision": 0.8703703703703703, "recall": 0.8867924528301887, "f1-score": 0.8785046728971964, "support": 53}, "22": {"precision": 0.8235294117647058, "recall": 0.7, "f1-score": 0.7567567567567567, "support": 20}, "23": {"precision": 0.8636363636363636, "recall": 0.9047619047619048, "f1-score": 0.8837209302325582, "support": 21}, "24": {"precision": 0.9, "recall": 1.0, "f1-score": 0.9473684210526316, "support": 9}, "25": {"precision": 1.0, "recall": 0.7142857142857143, "f1-score": 0.8333333333333333, "support": 7}, "26": {"precision": 0.75, "recall": 1.0, "f1-score": 0.8571428571428571, "support": 3}, "accuracy": 0.89140625, "macro avg": {"precision": 0.8326481488077564, "recall": 0.8320035775780558, "f1-score": 0.8290742340306981, "support": 1280}, "weighted avg": {"precision": 0.8918896566501319, "recall": 0.89140625, "f1-score": 0.8907410359639908, "support": 1280}}