{"0": {"precision": 0.0, "recall": 0.0, "f1-score": 0.0, "support": 1}, "1": {"precision": 0.5, "recall": 0.6, "f1-score": 0.5454545454545454, "support": 5}, "2": {"precision": 0.7777777777777778, "recall": 0.6363636363636364, "f1-score": 0.7000000000000001, "support": 11}, "3": {"precision": 0.6, "recall": 0.6666666666666666, "f1-score": 0.631578947368421, "support": 9}, "4": {"precision": 0.6875, "recall": 0.6111111111111112, "f1-score": 0.6470588235294118, "support": 18}, "5": {"precision": 0.7777777777777778, "recall": 0.6774193548387096, "f1-score": 0.7241379310344828, "support": 31}, "6": {"precision": 0.7692307692307693, "recall": 0.8888888888888888, "f1-score": 0.8247422680412372, "support": 45}, "7": {"precision": 0.851063829787234, "recall": 0.8888888888888888, "f1-score": 0.8695652173913044, "support": 45}, "8": {"precision": 0.9285714285714286, "recall": 0.8333333333333334, "f1-score": 0.8783783783783784, "support": 78}, "9": {"precision": 0.8192771084337349, "recall": 0.8717948717948718, "f1-score": 0.84472049689441, "support": 78}, "10": {"precision": 0.8375, "recall": 0.7976190476190477, "f1-score": 0.8170731707317073, "support": 84}, "11": {"precision": 0.8316831683168316, "recall": 0.8936170212765957, "f1-score": 0.8615384615384615, "support": 94}, "12": {"precision": 0.9024390243902439, "recall": 0.8131868131868132, "f1-score": 0.8554913294797688, "support": 91}, "13": {"precision": 0.7634408602150538, "recall": 0.8255813953488372, "f1-score": 0.7932960893854749, "support": 86}, "14": {"precision": 0.865979381443299, "recall": 0.8484848484848485, "f1-score": 0.8571428571428571, "support": 99}, "15": {"precision": 0.8470588235294118, "recall": 0.9230769230769231, "f1-score": 0.8834355828220859, "support": 78}, "16": {"precision": 0.8493150684931506, "recall": 0.8266666666666667, "f1-score": 0.8378378378378378, "support": 75}, "17": {"precision": 0.8055555555555556, "recall": 0.8169014084507042, "f1-score": 0.8111888111888113, "support": 71}, "18": {"precision": 0.859375, "recall": 0.8088235294117647, "f1-score": 0.8333333333333333, "support": 68}, "19": {"precision": 0.8947368421052632, "recall": 0.8947368421052632, "f1-score": 0.8947368421052632, "support": 57}, "20": {"precision": 0.9411764705882353, "recall": 0.8888888888888888, "f1-score": 0.9142857142857143, "support": 54}, "21": {"precision": 0.7948717948717948, "recall": 0.8857142857142857, "f1-score": 0.8378378378378378, "support": 35}, "22": {"precision": 0.6956521739130435, "recall": 0.7272727272727273, "f1-score": 0.711111111111111, "support": 22}, "23": {"precision": 0.8260869565217391, "recall": 0.7916666666666666, "f1-score": 0.8085106382978724, "support": 24}, "24": {"precision": 0.7272727272727273, "recall": 0.7272727272727273, "f1-score": 0.7272727272727273, "support": 11}, "25": {"precision": 0.2857142857142857, "recall": 0.5, "f1-score": 0.36363636363636365, "support": 4}, "26": {"precision": 1.0, "recall": 0.3333333333333333, "f1-score": 0.5, "support": 6}, "accuracy": 0.83203125, "macro avg": {"precision": 0.7570021046114577, "recall": 0.7399003658023037, "f1-score": 0.7397542709666451, "support": 1280}, "weighted avg": {"precision": 0.8355809752078308, "recall": 0.83203125, "f1-score": 0.8317244765475662, "support": 1280}}