{"0": {"precision": 0.0, "recall": 0.0, "f1-score": 0.0, "support": 0}, "1": {"precision": 0.6, "recall": 0.75, "f1-score": 0.6666666666666665, "support": 4}, "2": {"precision": 0.4, "recall": 0.2222222222222222, "f1-score": 0.2857142857142857, "support": 9}, "3": {"precision": 0.4166666666666667, "recall": 0.45454545454545453, "f1-score": 0.43478260869565216, "support": 11}, "4": {"precision": 0.5, "recall": 0.625, "f1-score": 0.5555555555555556, "support": 16}, "5": {"precision": 0.72, "recall": 0.5454545454545454, "f1-score": 0.6206896551724138, "support": 33}, "6": {"precision": 0.6666666666666666, "recall": 0.6451612903225806, "f1-score": 0.6557377049180327, "support": 31}, "7": {"precision": 0.78, "recall": 0.9069767441860465, "f1-score": 0.8387096774193548, "support": 43}, "8": {"precision": 0.7166666666666667, "recall": 0.8113207547169812, "f1-score": 0.7610619469026548, "support": 53}, "9": {"precision": 0.9076923076923077, "recall": 0.6781609195402298, "f1-score": 0.7763157894736842, "support": 87}, "10": {"precision": 0.7280701754385965, "recall": 0.9222222222222223, "f1-score": 0.8137254901960784, "support": 90}, "11": {"precision": 0.8461538461538461, "recall": 0.7333333333333333, "f1-score": 0.7857142857142856, "support": 90}, "12": {"precision": 0.8641975308641975, "recall": 0.8974358974358975, "f1-score": 0.880503144654088, "support": 78}, "13": {"precision": 0.8961038961038961, "recall": 0.75, "f1-score": 0.8165680473372781, "support": 92}, "14": {"precision": 0.7583333333333333, "recall": 0.883495145631068, "f1-score": 0.8161434977578474, "support": 103}, "15": {"precision": 0.8352941176470589, "recall": 0.8160919540229885, "f1-score": 0.8255813953488372, "support": 87}, "16": {"precision": 0.8415841584158416, "recall": 0.8854166666666666, "f1-score": 0.8629441624365483, "support": 96}, "17": {"precision": 0.8375, "recall": 0.7976190476190477, "f1-score": 0.8170731707317073, "support": 84}, "18": {"precision": 0.8088235294117647, "recall": 0.8088235294117647, "f1-score": 0.8088235294117648, "support": 68}, "19": {"precision": 0.7627118644067796, "recall": 0.8653846153846154, "f1-score": 0.8108108108108109, "support": 52}, "20": {"precision": 0.7678571428571429, "recall": 0.8775510204081632, "f1-score": 0.819047619047619, "support": 49}, "21": {"precision": 0.7083333333333334, "recall": 0.5666666666666667, "f1-score": 0.6296296296296297, "support": 30}, "22": {"precision": 0.7058823529411765, "recall": 0.48, "f1-score": 0.5714285714285713, "support": 25}, "23": {"precision": 0.55, "recall": 0.6470588235294118, "f1-score": 0.5945945945945946, "support": 17}, "24": {"precision": 0.8333333333333334, "recall": 0.5263157894736842, "f1-score": 0.6451612903225806, "support": 19}, "25": {"precision": 0.4, "recall": 0.5714285714285714, "f1-score": 0.47058823529411764, "support": 7}, "26": {"precision": 0.3333333333333333, "recall": 0.3333333333333333, "f1-score": 0.3333333333333333, "support": 3}, "27": {"precision": 0.0, "recall": 0.0, "f1-score": 0.0, "support": 3}, "accuracy": 0.78046875, "macro avg": {"precision": 0.649471580545212, "recall": 0.6428935195555534, "f1-score": 0.6391751678059997, "support": 1280}, "weighted avg": {"precision": 0.786811798263604, "recall": 0.78046875, "f1-score": 0.7780539963328309, "support": 1280}}