{"0": {"precision": 0.0, "recall": 0.0, "f1-score": 0.0, "support": 1}, "1": {"precision": 0.0, "recall": 0.0, "f1-score": 0.0, "support": 1}, "2": {"precision": 0.6666666666666666, "recall": 0.6666666666666666, "f1-score": 0.6666666666666666, "support": 6}, "3": {"precision": 0.9230769230769231, "recall": 0.8571428571428571, "f1-score": 0.888888888888889, "support": 14}, "4": {"precision": 0.5714285714285714, "recall": 0.8, "f1-score": 0.6666666666666666, "support": 10}, "5": {"precision": 0.875, "recall": 0.84, "f1-score": 0.8571428571428572, "support": 25}, "6": {"precision": 0.9302325581395349, "recall": 0.9523809523809523, "f1-score": 0.9411764705882352, "support": 42}, "7": {"precision": 0.9555555555555556, "recall": 0.9347826086956522, "f1-score": 0.945054945054945, "support": 46}, "8": {"precision": 0.96, "recall": 0.8888888888888888, "f1-score": 0.923076923076923, "support": 54}, "9": {"precision": 0.8918918918918919, "recall": 0.9166666666666666, "f1-score": 0.9041095890410958, "support": 72}, "10": {"precision": 0.8876404494382022, "recall": 0.9294117647058824, "f1-score": 0.9080459770114941, "support": 85}, "11": {"precision": 0.9146341463414634, "recall": 0.9036144578313253, "f1-score": 0.9090909090909091, "support": 83}, "12": {"precision": 0.9113924050632911, "recall": 0.9113924050632911, "f1-score": 0.9113924050632911, "support": 79}, "13": {"precision": 0.9145299145299145, "recall": 0.8842975206611571, "f1-score": 0.8991596638655462, "support": 121}, "14": {"precision": 0.8089887640449438, "recall": 0.8470588235294118, "f1-score": 0.8275862068965517, "support": 85}, "15": {"precision": 0.8979591836734694, "recall": 0.9072164948453608, "f1-score": 0.9025641025641026, "support": 97}, "16": {"precision": 0.8979591836734694, "recall": 0.9072164948453608, "f1-score": 0.9025641025641026, "support": 97}, "17": {"precision": 0.8591549295774648, "recall": 0.8472222222222222, "f1-score": 0.8531468531468532, "support": 72}, "18": {"precision": 0.9367088607594937, "recall": 0.8705882352941177, "f1-score": 0.9024390243902438, "support": 85}, "19": {"precision": 0.864406779661017, "recall": 0.9107142857142857, "f1-score": 0.8869565217391304, "support": 56}, "20": {"precision": 0.9111111111111111, "recall": 0.8723404255319149, "f1-score": 0.891304347826087, "support": 47}, "21": {"precision": 0.8484848484848485, "recall": 0.875, "f1-score": 0.8615384615384615, "support": 32}, "22": {"precision": 0.9047619047619048, "recall": 0.8636363636363636, "f1-score": 0.8837209302325582, "support": 22}, "23": {"precision": 0.631578947368421, "recall": 0.8, "f1-score": 0.7058823529411765, "support": 15}, "24": {"precision": 0.7142857142857143, "recall": 0.5882352941176471, "f1-score": 0.6451612903225806, "support": 17}, "25": {"precision": 0.7333333333333333, "recall": 0.8461538461538461, "f1-score": 0.7857142857142856, "support": 13}, "26": {"precision": 0.5, "recall": 0.3333333333333333, "f1-score": 0.4, "support": 3}, "accuracy": 0.88359375, "macro avg": {"precision": 0.7744734312173039, "recall": 0.776072615108415, "f1-score": 0.7729277941493945, "support": 1280}, "weighted avg": {"precision": 0.8851552985582375, "recall": 0.88359375, "f1-score": 0.8836240754602509, "support": 1280}}