{"0": {"precision": 0.0, "recall": 0.0, "f1-score": 0.0, "support": 2}, "1": {"precision": 0.6, "recall": 0.75, "f1-score": 0.6666666666666665, "support": 4}, "2": {"precision": 0.75, "recall": 1.0, "f1-score": 0.8571428571428571, "support": 9}, "3": {"precision": 0.45454545454545453, "recall": 0.7142857142857143, "f1-score": 0.5555555555555556, "support": 7}, "4": {"precision": 0.875, "recall": 0.56, "f1-score": 0.6829268292682927, "support": 25}, "5": {"precision": 0.5238095238095238, "recall": 0.7857142857142857, "f1-score": 0.6285714285714286, "support": 14}, "6": {"precision": 0.84, "recall": 0.7, "f1-score": 0.7636363636363636, "support": 30}, "7": {"precision": 0.8571428571428571, "recall": 0.9130434782608695, "f1-score": 0.8842105263157894, "support": 46}, "8": {"precision": 0.8947368421052632, "recall": 0.9107142857142857, "f1-score": 0.9026548672566371, "support": 56}, "9": {"precision": 0.9315068493150684, "recall": 0.9066666666666666, "f1-score": 0.918918918918919, "support": 75}, "10": {"precision": 0.9425287356321839, "recall": 0.9318181818181818, "f1-score": 0.9371428571428572, "support": 88}, "11": {"precision": 0.9294117647058824, "recall": 0.9404761904761905, "f1-score": 0.9349112426035503, "support": 84}, "12": {"precision": 0.9504950495049505, "recall": 0.9056603773584906, "f1-score": 0.927536231884058, "support": 106}, "13": {"precision": 0.8771929824561403, "recall": 0.9259259259259259, "f1-score": 0.9009009009009009, "support": 108}, "14": {"precision": 0.9175257731958762, "recall": 0.8725490196078431, "f1-score": 0.8944723618090452, "support": 102}, "15": {"precision": 0.8666666666666667, "recall": 0.896551724137931, "f1-score": 0.8813559322033899, "support": 87}, "16": {"precision": 0.9047619047619048, "recall": 0.8636363636363636, "f1-score": 0.8837209302325582, "support": 88}, "17": {"precision": 0.8648648648648649, "recall": 0.9142857142857143, "f1-score": 0.888888888888889, "support": 70}, "18": {"precision": 0.8823529411764706, "recall": 0.9090909090909091, "f1-score": 0.8955223880597014, "support": 66}, "19": {"precision": 0.8939393939393939, "recall": 0.9365079365079365, "f1-score": 0.9147286821705426, "support": 63}, "20": {"precision": 0.9714285714285714, "recall": 0.8095238095238095, "f1-score": 0.8831168831168832, "support": 42}, "21": {"precision": 0.7619047619047619, "recall": 0.9696969696969697, "f1-score": 0.8533333333333334, "support": 33}, "22": {"precision": 0.9230769230769231, "recall": 0.75, "f1-score": 0.8275862068965517, "support": 32}, "23": {"precision": 0.9, "recall": 0.8571428571428571, "f1-score": 0.8780487804878048, "support": 21}, "24": {"precision": 0.6666666666666666, "recall": 0.8, "f1-score": 0.7272727272727272, "support": 10}, "25": {"precision": 0.8, "recall": 0.5, "f1-score": 0.6153846153846154, "support": 8}, "26": {"precision": 0.75, "recall": 1.0, "f1-score": 0.8571428571428571, "support": 3}, "27": {"precision": 1.0, "recall": 1.0, "f1-score": 1.0, "support": 1}, "accuracy": 0.88359375, "macro avg": {"precision": 0.804627090246408, "recall": 0.822260371780391, "f1-score": 0.8057624940308133, "support": 1280}, "weighted avg": {"precision": 0.88831102533855, "recall": 0.88359375, "f1-score": 0.8831146506542173, "support": 1280}}