{"0": {"precision": 0.0, "recall": 0.0, "f1-score": 0.0, "support": 1}, "1": {"precision": 0.0, "recall": 0.0, "f1-score": 0.0, "support": 0}, "2": {"precision": 0.5714285714285714, "recall": 0.8, "f1-score": 0.6666666666666666, "support": 5}, "3": {"precision": 1.0, "recall": 0.6666666666666666, "f1-score": 0.8, "support": 9}, "4": {"precision": 0.8636363636363636, "recall": 1.0, "f1-score": 0.9268292682926829, "support": 19}, "5": {"precision": 0.96, "recall": 0.8888888888888888, "f1-score": 0.923076923076923, "support": 27}, "6": {"precision": 0.9583333333333334, "recall": 0.8518518518518519, "f1-score": 0.9019607843137256, "support": 27}, "7": {"precision": 0.9, "recall": 0.9473684210526315, "f1-score": 0.9230769230769231, "support": 38}, "8": {"precision": 0.9444444444444444, "recall": 0.8793103448275862, "f1-score": 0.9107142857142858, "support": 58}, "9": {"precision": 0.8611111111111112, "recall": 0.9538461538461539, "f1-score": 0.9051094890510949, "support": 65}, "10": {"precision": 0.9178082191780822, "recall": 0.8589743589743589, "f1-score": 0.8874172185430463, "support": 78}, "11": {"precision": 0.875, "recall": 0.8316831683168316, "f1-score": 0.8527918781725888, "support": 101}, "12": {"precision": 0.8350515463917526, "recall": 0.8804347826086957, "f1-score": 0.8571428571428571, "support": 92}, "13": {"precision": 0.8631578947368421, "recall": 0.8723404255319149, "f1-score": 0.8677248677248677, "support": 94}, "14": {"precision": 0.8541666666666666, "recall": 0.845360824742268, "f1-score": 0.8497409326424871, "support": 97}, "15": {"precision": 0.8375, "recall": 0.8375, "f1-score": 0.8375, "support": 80}, "16": {"precision": 0.8817204301075269, "recall": 0.9010989010989011, "f1-score": 0.8913043478260869, "support": 91}, "17": {"precision": 0.9102564102564102, "recall": 0.922077922077922, "f1-score": 0.9161290322580644, "support": 77}, "18": {"precision": 0.8928571428571429, "recall": 0.9493670886075949, "f1-score": 0.920245398773006, "support": 79}, "19": {"precision": 0.9491525423728814, "recall": 0.8484848484848485, "f1-score": 0.896, "support": 66}, "20": {"precision": 0.8947368421052632, "recall": 0.9272727272727272, "f1-score": 0.9107142857142856, "support": 55}, "21": {"precision": 0.8421052631578947, "recall": 0.8421052631578947, "f1-score": 0.8421052631578947, "support": 38}, "22": {"precision": 0.7857142857142857, "recall": 0.7857142857142857, "f1-score": 0.7857142857142857, "support": 28}, "23": {"precision": 0.896551724137931, "recall": 0.8125, "f1-score": 0.8524590163934426, "support": 32}, "24": {"precision": 0.6470588235294118, "recall": 0.9166666666666666, "f1-score": 0.7586206896551724, "support": 12}, "25": {"precision": 0.8571428571428571, "recall": 0.75, "f1-score": 0.7999999999999999, "support": 8}, "26": {"precision": 1.0, "recall": 0.6666666666666666, "f1-score": 0.8, "support": 3}, "accuracy": 0.8765625, "macro avg": {"precision": 0.8073679434188435, "recall": 0.7939326021131614, "f1-score": 0.7956683116263107, "support": 1280}, "weighted avg": {"precision": 0.8795462038606618, "recall": 0.8765625, "f1-score": 0.876645070119028, "support": 1280}}