{"1": {"precision": 1.0, "recall": 0.3333333333333333, "f1-score": 0.5, "support": 3}, "2": {"precision": 0.42857142857142855, "recall": 0.6, "f1-score": 0.5, "support": 5}, "3": {"precision": 0.6666666666666666, "recall": 0.6, "f1-score": 0.631578947368421, "support": 10}, "4": {"precision": 0.8947368421052632, "recall": 0.8947368421052632, "f1-score": 0.8947368421052632, "support": 19}, "5": {"precision": 0.9655172413793104, "recall": 0.9655172413793104, "f1-score": 0.9655172413793104, "support": 29}, "6": {"precision": 0.8888888888888888, "recall": 0.9411764705882353, "f1-score": 0.9142857142857143, "support": 34}, "7": {"precision": 0.8913043478260869, "recall": 0.9111111111111111, "f1-score": 0.9010989010989011, "support": 45}, "8": {"precision": 0.9508196721311475, "recall": 0.8787878787878788, "f1-score": 0.9133858267716536, "support": 66}, "9": {"precision": 0.8554216867469879, "recall": 0.9466666666666667, "f1-score": 0.8987341772151898, "support": 75}, "10": {"precision": 0.9473684210526315, "recall": 0.9, "f1-score": 0.9230769230769231, "support": 80}, "11": {"precision": 0.9183673469387755, "recall": 0.9574468085106383, "f1-score": 0.9375000000000001, "support": 94}, "12": {"precision": 0.9102564102564102, "recall": 0.8352941176470589, "f1-score": 0.8711656441717791, "support": 85}, "13": {"precision": 0.88, "recall": 0.8888888888888888, "f1-score": 0.8844221105527638, "support": 99}, "14": {"precision": 0.898989898989899, "recall": 0.89, "f1-score": 0.8944723618090452, "support": 100}, "15": {"precision": 0.8505747126436781, "recall": 0.8809523809523809, "f1-score": 0.8654970760233917, "support": 84}, "16": {"precision": 0.8809523809523809, "recall": 0.8222222222222222, "f1-score": 0.8505747126436781, "support": 90}, "17": {"precision": 0.8505747126436781, "recall": 0.8604651162790697, "f1-score": 0.8554913294797688, "support": 86}, "18": {"precision": 0.863013698630137, "recall": 0.8181818181818182, "f1-score": 0.8400000000000001, "support": 77}, "19": {"precision": 0.8035714285714286, "recall": 0.9375, "f1-score": 0.8653846153846154, "support": 48}, "20": {"precision": 0.9423076923076923, "recall": 0.9423076923076923, "f1-score": 0.9423076923076923, "support": 52}, "21": {"precision": 0.9444444444444444, "recall": 0.9444444444444444, "f1-score": 0.9444444444444444, "support": 36}, "22": {"precision": 0.875, "recall": 0.875, "f1-score": 0.875, "support": 24}, "23": {"precision": 0.7333333333333333, "recall": 0.7857142857142857, "f1-score": 0.7586206896551724, "support": 14}, "24": {"precision": 0.7692307692307693, "recall": 0.7692307692307693, "f1-score": 0.7692307692307693, "support": 13}, "25": {"precision": 0.625, "recall": 0.8333333333333334, "f1-score": 0.7142857142857143, "support": 6}, "26": {"precision": 0.5, "recall": 0.25, "f1-score": 0.3333333333333333, "support": 4}, "27": {"precision": 1.0, "recall": 0.5, "f1-score": 0.6666666666666666, "support": 2}, "accuracy": 0.88203125, "macro avg": {"precision": 0.8420337786781866, "recall": 0.8060115341364592, "f1-score": 0.8115115456774155, "support": 1280}, "weighted avg": {"precision": 0.8839699383481214, "recall": 0.88203125, "f1-score": 0.8814703171081806, "support": 1280}}