{"0": {"precision": 0.0, "recall": 0.0, "f1-score": 0.0, "support": 2}, "1": {"precision": 0.6666666666666666, "recall": 0.6666666666666666, "f1-score": 0.6666666666666666, "support": 3}, "2": {"precision": 0.5714285714285714, "recall": 0.6666666666666666, "f1-score": 0.6153846153846153, "support": 6}, "3": {"precision": 0.5, "recall": 0.6, "f1-score": 0.5454545454545454, "support": 5}, "4": {"precision": 0.8125, "recall": 0.6190476190476191, "f1-score": 0.7027027027027026, "support": 21}, "5": {"precision": 0.8, "recall": 0.8484848484848485, "f1-score": 0.823529411764706, "support": 33}, "6": {"precision": 0.7954545454545454, "recall": 0.8536585365853658, "f1-score": 0.8235294117647058, "support": 41}, "7": {"precision": 0.7674418604651163, "recall": 0.868421052631579, "f1-score": 0.8148148148148148, "support": 38}, "8": {"precision": 0.7796610169491526, "recall": 0.7796610169491526, "f1-score": 0.7796610169491526, "support": 59}, "9": {"precision": 0.7887323943661971, "recall": 0.6746987951807228, "f1-score": 0.7272727272727272, "support": 83}, "10": {"precision": 0.6712328767123288, "recall": 0.7777777777777778, "f1-score": 0.7205882352941178, "support": 63}, "11": {"precision": 0.8275862068965517, "recall": 0.7422680412371134, "f1-score": 0.782608695652174, "support": 97}, "12": {"precision": 0.7111111111111111, "recall": 0.7619047619047619, "f1-score": 0.735632183908046, "support": 84}, "13": {"precision": 0.8090909090909091, "recall": 0.8317757009345794, "f1-score": 0.8202764976958525, "support": 107}, "14": {"precision": 0.8181818181818182, "recall": 0.8181818181818182, "f1-score": 0.8181818181818182, "support": 88}, "15": {"precision": 0.8617021276595744, "recall": 0.8181818181818182, "f1-score": 0.839378238341969, "support": 99}, "16": {"precision": 0.7888888888888889, "recall": 0.8554216867469879, "f1-score": 0.8208092485549133, "support": 83}, "17": {"precision": 0.8235294117647058, "recall": 0.813953488372093, "f1-score": 0.8187134502923977, "support": 86}, "18": {"precision": 0.7051282051282052, "recall": 0.859375, "f1-score": 0.7746478873239436, "support": 64}, "19": {"precision": 0.9122807017543859, "recall": 0.7123287671232876, "f1-score": 0.8, "support": 73}, "20": {"precision": 0.7777777777777778, "recall": 0.84, "f1-score": 0.8076923076923077, "support": 50}, "21": {"precision": 0.7575757575757576, "recall": 0.7352941176470589, "f1-score": 0.746268656716418, "support": 34}, "22": {"precision": 0.7894736842105263, "recall": 0.7142857142857143, "f1-score": 0.7500000000000001, "support": 21}, "23": {"precision": 0.9090909090909091, "recall": 0.7142857142857143, "f1-score": 0.8, "support": 14}, "24": {"precision": 0.6666666666666666, "recall": 0.75, "f1-score": 0.7058823529411765, "support": 8}, "25": {"precision": 0.7, "recall": 0.6363636363636364, "f1-score": 0.6666666666666666, "support": 11}, "26": {"precision": 0.5, "recall": 1.0, "f1-score": 0.6666666666666666, "support": 3}, "27": {"precision": 1.0, "recall": 0.5, "f1-score": 0.6666666666666666, "support": 4}, "accuracy": 0.78515625, "macro avg": {"precision": 0.7325429324228703, "recall": 0.7306679730448209, "f1-score": 0.7228462673346348, "support": 1280}, "weighted avg": {"precision": 0.790095635460771, "recall": 0.78515625, "f1-score": 0.7845969900416729, "support": 1280}}