{"0": {"precision": 0.0, "recall": 0.0, "f1-score": 0.0, "support": 2}, "1": {"precision": 0.5, "recall": 0.3333333333333333, "f1-score": 0.4, "support": 3}, "2": {"precision": 0.6363636363636364, "recall": 0.875, "f1-score": 0.7368421052631579, "support": 8}, "3": {"precision": 0.8333333333333334, "recall": 0.8823529411764706, "f1-score": 0.8571428571428571, "support": 17}, "4": {"precision": 1.0, "recall": 0.7142857142857143, "f1-score": 0.8333333333333333, "support": 28}, "5": {"precision": 0.7419354838709677, "recall": 0.8846153846153846, "f1-score": 0.8070175438596492, "support": 26}, "6": {"precision": 0.8205128205128205, "recall": 0.8648648648648649, "f1-score": 0.8421052631578947, "support": 37}, "7": {"precision": 0.85, "recall": 0.8292682926829268, "f1-score": 0.8395061728395061, "support": 41}, "8": {"precision": 0.8888888888888888, "recall": 0.927536231884058, "f1-score": 0.9078014184397163, "support": 69}, "9": {"precision": 0.9295774647887324, "recall": 0.9166666666666666, "f1-score": 0.9230769230769231, "support": 72}, "10": {"precision": 0.9302325581395349, "recall": 0.8695652173913043, "f1-score": 0.898876404494382, "support": 92}, "11": {"precision": 0.8658536585365854, "recall": 0.8987341772151899, "f1-score": 0.8819875776397516, "support": 79}, "12": {"precision": 0.8604651162790697, "recall": 0.9135802469135802, "f1-score": 0.8862275449101796, "support": 81}, "13": {"precision": 0.9361702127659575, "recall": 0.8888888888888888, "f1-score": 0.9119170984455959, "support": 99}, "14": {"precision": 0.8876404494382022, "recall": 0.8977272727272727, "f1-score": 0.8926553672316383, "support": 88}, "15": {"precision": 0.8085106382978723, "recall": 0.8636363636363636, "f1-score": 0.8351648351648351, "support": 88}, "16": {"precision": 0.9, "recall": 0.8372093023255814, "f1-score": 0.8674698795180723, "support": 86}, "17": {"precision": 0.891566265060241, "recall": 0.9135802469135802, "f1-score": 0.9024390243902438, "support": 81}, "18": {"precision": 0.8695652173913043, "recall": 0.8955223880597015, "f1-score": 0.8823529411764706, "support": 67}, "19": {"precision": 0.9298245614035088, "recall": 0.8688524590163934, "f1-score": 0.8983050847457625, "support": 61}, "20": {"precision": 0.7727272727272727, "recall": 0.8717948717948718, "f1-score": 0.8192771084337349, "support": 39}, "21": {"precision": 0.8823529411764706, "recall": 0.7894736842105263, "f1-score": 0.8333333333333333, "support": 38}, "22": {"precision": 0.75, "recall": 0.84, "f1-score": 0.7924528301886793, "support": 25}, "23": {"precision": 0.75, "recall": 0.75, "f1-score": 0.75, "support": 24}, "24": {"precision": 0.7692307692307693, "recall": 0.7142857142857143, "f1-score": 0.7407407407407408, "support": 14}, "25": {"precision": 0.5555555555555556, "recall": 0.625, "f1-score": 0.5882352941176471, "support": 8}, "26": {"precision": 1.0, "recall": 0.3333333333333333, "f1-score": 0.5, "support": 6}, "27": {"precision": 0.5, "recall": 1.0, "f1-score": 0.6666666666666666, "support": 1}, "accuracy": 0.8671875, "macro avg": {"precision": 0.787868101562883, "recall": 0.7856824141507758, "f1-score": 0.7748188338682419, "support": 1280}, "weighted avg": {"precision": 0.8702108788806322, "recall": 0.8671875, "f1-score": 0.8663534613038024, "support": 1280}}