{"0": {"precision": 0.0, "recall": 0.0, "f1-score": 0.0, "support": 1}, "1": {"precision": 0.0, "recall": 0.0, "f1-score": 0.0, "support": 3}, "2": {"precision": 0.5, "recall": 0.18181818181818182, "f1-score": 0.26666666666666666, "support": 11}, "3": {"precision": 0.2777777777777778, "recall": 0.5555555555555556, "f1-score": 0.3703703703703704, "support": 9}, "4": {"precision": 0.5, "recall": 0.43478260869565216, "f1-score": 0.46511627906976744, "support": 23}, "5": {"precision": 0.65, "recall": 0.3170731707317073, "f1-score": 0.42622950819672134, "support": 41}, "6": {"precision": 0.6666666666666666, "recall": 0.6, "f1-score": 0.631578947368421, "support": 40}, "7": {"precision": 0.5106382978723404, "recall": 0.6, "f1-score": 0.5517241379310344, "support": 40}, "8": {"precision": 0.6521739130434783, "recall": 0.46875, "f1-score": 0.5454545454545454, "support": 64}, "9": {"precision": 0.5396825396825397, "recall": 0.4594594594594595, "f1-score": 0.49635036496350365, "support": 74}, "10": {"precision": 0.4935064935064935, "recall": 0.4810126582278481, "f1-score": 0.4871794871794871, "support": 79}, "11": {"precision": 0.4864864864864865, "recall": 0.3829787234042553, "f1-score": 0.42857142857142855, "support": 94}, "12": {"precision": 0.30177514792899407, "recall": 0.5795454545454546, "f1-score": 0.39688715953307396, "support": 88}, "13": {"precision": 0.43037974683544306, "recall": 0.4, "f1-score": 0.4146341463414635, "support": 85}, "14": {"precision": 0.6144578313253012, "recall": 0.504950495049505, "f1-score": 0.5543478260869564, "support": 101}, "15": {"precision": 0.3644859813084112, "recall": 0.45348837209302323, "f1-score": 0.40414507772020725, "support": 86}, "16": {"precision": 0.4431818181818182, "recall": 0.43820224719101125, "f1-score": 0.4406779661016949, "support": 89}, "17": {"precision": 0.4329896907216495, "recall": 0.49411764705882355, "f1-score": 0.46153846153846156, "support": 85}, "18": {"precision": 0.5588235294117647, "recall": 0.5277777777777778, "f1-score": 0.5428571428571428, "support": 72}, "19": {"precision": 0.352112676056338, "recall": 0.45454545454545453, "f1-score": 0.3968253968253968, "support": 55}, "20": {"precision": 0.5384615384615384, "recall": 0.42424242424242425, "f1-score": 0.47457627118644075, "support": 33}, "21": {"precision": 0.5142857142857142, "recall": 0.4864864864864865, "f1-score": 0.5, "support": 37}, "22": {"precision": 0.4444444444444444, "recall": 0.36363636363636365, "f1-score": 0.39999999999999997, "support": 22}, "23": {"precision": 0.3157894736842105, "recall": 0.25, "f1-score": 0.27906976744186046, "support": 24}, "24": {"precision": 0.2, "recall": 0.16666666666666666, "f1-score": 0.1818181818181818, "support": 12}, "25": {"precision": 0.6666666666666666, "recall": 0.25, "f1-score": 0.36363636363636365, "support": 8}, "26": {"precision": 0.0, "recall": 0.0, "f1-score": 0.0, "support": 3}, "27": {"precision": 0.0, "recall": 0.0, "f1-score": 0.0, "support": 1}, "accuracy": 0.45703125, "macro avg": {"precision": 0.40909951551243123, "recall": 0.36696749097091613, "f1-score": 0.37429483917354245, "support": 1280}, "weighted avg": {"precision": 0.4796216906502645, "recall": 0.45703125, "f1-score": 0.4587587385959779, "support": 1280}}