{"0": {"precision": 0.0, "recall": 0.0, "f1-score": 0.0, "support": 1}, "1": {"precision": 0.3333333333333333, "recall": 0.25, "f1-score": 0.28571428571428575, "support": 4}, "2": {"precision": 0.75, "recall": 0.6666666666666666, "f1-score": 0.7058823529411765, "support": 9}, "3": {"precision": 0.6666666666666666, "recall": 0.631578947368421, "f1-score": 0.6486486486486486, "support": 19}, "4": {"precision": 0.7619047619047619, "recall": 0.6956521739130435, "f1-score": 0.7272727272727272, "support": 23}, "5": {"precision": 0.8333333333333334, "recall": 0.967741935483871, "f1-score": 0.8955223880597015, "support": 31}, "6": {"precision": 0.8157894736842105, "recall": 0.8378378378378378, "f1-score": 0.8266666666666665, "support": 37}, "7": {"precision": 0.8292682926829268, "recall": 0.7083333333333334, "f1-score": 0.7640449438202247, "support": 48}, "8": {"precision": 0.8153846153846154, "recall": 0.8548387096774194, "f1-score": 0.8346456692913387, "support": 62}, "9": {"precision": 0.7543859649122807, "recall": 0.8775510204081632, "f1-score": 0.8113207547169812, "support": 49}, "10": {"precision": 0.8764044943820225, "recall": 0.8571428571428571, "f1-score": 0.8666666666666666, "support": 91}, "11": {"precision": 0.7777777777777778, "recall": 0.7466666666666667, "f1-score": 0.761904761904762, "support": 75}, "12": {"precision": 0.8137254901960784, "recall": 0.8556701030927835, "f1-score": 0.8341708542713568, "support": 97}, "13": {"precision": 0.8194444444444444, "recall": 0.7662337662337663, "f1-score": 0.7919463087248323, "support": 77}, "14": {"precision": 0.8469387755102041, "recall": 0.8556701030927835, "f1-score": 0.8512820512820514, "support": 97}, "15": {"precision": 0.7422680412371134, "recall": 0.7741935483870968, "f1-score": 0.7578947368421053, "support": 93}, "16": {"precision": 0.7959183673469388, "recall": 0.75, "f1-score": 0.7722772277227722, "support": 104}, "17": {"precision": 0.810126582278481, "recall": 0.810126582278481, "f1-score": 0.810126582278481, "support": 79}, "18": {"precision": 0.8169014084507042, "recall": 0.8787878787878788, "f1-score": 0.8467153284671534, "support": 66}, "19": {"precision": 0.9038461538461539, "recall": 0.8545454545454545, "f1-score": 0.8785046728971962, "support": 55}, "20": {"precision": 0.9259259259259259, "recall": 0.9259259259259259, "f1-score": 0.9259259259259259, "support": 54}, "21": {"precision": 0.95, "recall": 0.926829268292683, "f1-score": 0.9382716049382716, "support": 41}, "22": {"precision": 0.7894736842105263, "recall": 0.7142857142857143, "f1-score": 0.7500000000000001, "support": 21}, "23": {"precision": 0.75, "recall": 0.7058823529411765, "f1-score": 0.7272727272727272, "support": 17}, "24": {"precision": 0.6153846153846154, "recall": 0.7272727272727273, "f1-score": 0.6666666666666667, "support": 11}, "25": {"precision": 0.5333333333333333, "recall": 0.8, "f1-score": 0.64, "support": 10}, "26": {"precision": 0.4, "recall": 0.2857142857142857, "f1-score": 0.3333333333333333, "support": 7}, "27": {"precision": 0.0, "recall": 0.0, "f1-score": 0.0, "support": 2}, "accuracy": 0.81015625, "macro avg": {"precision": 0.704554840579516, "recall": 0.7044695664053228, "f1-score": 0.7018813530830733, "support": 1280}, "weighted avg": {"precision": 0.8097638821203275, "recall": 0.81015625, "f1-score": 0.8087515101550459, "support": 1280}}