{"0": {"precision": 0.0, "recall": 0.0, "f1-score": 0.0, "support": 1}, "1": {"precision": 0.5, "recall": 0.375, "f1-score": 0.42857142857142855, "support": 8}, "2": {"precision": 0.375, "recall": 0.375, "f1-score": 0.375, "support": 8}, "3": {"precision": 0.7142857142857143, "recall": 0.9090909090909091, "f1-score": 0.8, "support": 11}, "4": {"precision": 1.0, "recall": 0.5714285714285714, "f1-score": 0.7272727272727273, "support": 7}, "5": {"precision": 0.8275862068965517, "recall": 0.9230769230769231, "f1-score": 0.8727272727272727, "support": 26}, "6": {"precision": 0.8809523809523809, "recall": 0.8604651162790697, "f1-score": 0.8705882352941177, "support": 43}, "7": {"precision": 0.8235294117647058, "recall": 0.8235294117647058, "f1-score": 0.8235294117647058, "support": 51}, "8": {"precision": 0.8421052631578947, "recall": 0.8135593220338984, "f1-score": 0.8275862068965518, "support": 59}, "9": {"precision": 0.8840579710144928, "recall": 0.8591549295774648, "f1-score": 0.8714285714285713, "support": 71}, "10": {"precision": 0.8352941176470589, "recall": 0.8875, "f1-score": 0.8606060606060607, "support": 80}, "11": {"precision": 0.8571428571428571, "recall": 0.8764044943820225, "f1-score": 0.8666666666666666, "support": 89}, "12": {"precision": 0.8876404494382022, "recall": 0.9080459770114943, "f1-score": 0.8977272727272727, "support": 87}, "13": {"precision": 0.9292929292929293, "recall": 0.92, "f1-score": 0.9246231155778895, "support": 100}, "14": {"precision": 0.9148936170212766, "recall": 0.9148936170212766, "f1-score": 0.9148936170212766, "support": 94}, "15": {"precision": 0.8863636363636364, "recall": 0.8764044943820225, "f1-score": 0.8813559322033898, "support": 89}, "16": {"precision": 0.8513513513513513, "recall": 0.8289473684210527, "f1-score": 0.8400000000000001, "support": 76}, "17": {"precision": 0.8795180722891566, "recall": 0.8295454545454546, "f1-score": 0.8538011695906433, "support": 88}, "18": {"precision": 0.7903225806451613, "recall": 0.875, "f1-score": 0.8305084745762712, "support": 56}, "19": {"precision": 0.8571428571428571, "recall": 0.8852459016393442, "f1-score": 0.8709677419354839, "support": 61}, "20": {"precision": 0.7959183673469388, "recall": 0.78, "f1-score": 0.7878787878787878, "support": 50}, "21": {"precision": 0.7368421052631579, "recall": 0.7567567567567568, "f1-score": 0.7466666666666667, "support": 37}, "22": {"precision": 0.75, "recall": 0.8181818181818182, "f1-score": 0.7826086956521738, "support": 33}, "23": {"precision": 0.7894736842105263, "recall": 0.6521739130434783, "f1-score": 0.7142857142857143, "support": 23}, "24": {"precision": 0.5714285714285714, "recall": 0.5714285714285714, "f1-score": 0.5714285714285714, "support": 14}, "25": {"precision": 0.6363636363636364, "recall": 0.5833333333333334, "f1-score": 0.6086956521739131, "support": 12}, "26": {"precision": 0.6666666666666666, "recall": 0.4, "f1-score": 0.5, "support": 5}, "27": {"precision": 1.0, "recall": 1.0, "f1-score": 1.0, "support": 1}, "accuracy": 0.8453125, "macro avg": {"precision": 0.7672561588459189, "recall": 0.7455059601213632, "f1-score": 0.7517649283195056, "support": 1280}, "weighted avg": {"precision": 0.8456547049098626, "recall": 0.8453125, "f1-score": 0.8443932820073765, "support": 1280}}