{"1": {"precision": 0.0, "recall": 0.0, "f1-score": 0.0, "support": 2}, "2": {"precision": 0.25, "recall": 0.1, "f1-score": 0.14285714285714288, "support": 10}, "3": {"precision": 0.3, "recall": 0.16666666666666666, "f1-score": 0.21428571428571427, "support": 18}, "4": {"precision": 0.3793103448275862, "recall": 0.6111111111111112, "f1-score": 0.46808510638297873, "support": 18}, "5": {"precision": 0.6, "recall": 0.5217391304347826, "f1-score": 0.5581395348837209, "support": 23}, "6": {"precision": 0.6086956521739131, "recall": 0.9032258064516129, "f1-score": 0.7272727272727272, "support": 31}, "7": {"precision": 0.6976744186046512, "recall": 0.6382978723404256, "f1-score": 0.6666666666666666, "support": 47}, "8": {"precision": 0.75, "recall": 0.8181818181818182, "f1-score": 0.7826086956521738, "support": 66}, "9": {"precision": 0.835820895522388, "recall": 0.8, "f1-score": 0.8175182481751825, "support": 70}, "10": {"precision": 0.8641975308641975, "recall": 0.8235294117647058, "f1-score": 0.8433734939759034, "support": 85}, "11": {"precision": 0.8795180722891566, "recall": 0.7849462365591398, "f1-score": 0.8295454545454544, "support": 93}, "12": {"precision": 0.8064516129032258, "recall": 0.8620689655172413, "f1-score": 0.8333333333333334, "support": 87}, "13": {"precision": 0.8235294117647058, "recall": 0.84, "f1-score": 0.8316831683168315, "support": 100}, "14": {"precision": 0.8173076923076923, "recall": 0.7727272727272727, "f1-score": 0.794392523364486, "support": 110}, "15": {"precision": 0.7636363636363637, "recall": 0.8235294117647058, "f1-score": 0.7924528301886793, "support": 102}, "16": {"precision": 0.7701149425287356, "recall": 0.7976190476190477, "f1-score": 0.783625730994152, "support": 84}, "17": {"precision": 0.7971014492753623, "recall": 0.7142857142857143, "f1-score": 0.7534246575342466, "support": 77}, "18": {"precision": 0.618421052631579, "recall": 0.7966101694915254, "f1-score": 0.6962962962962964, "support": 59}, "19": {"precision": 0.9047619047619048, "recall": 0.5846153846153846, "f1-score": 0.7102803738317757, "support": 65}, "20": {"precision": 0.7916666666666666, "recall": 0.9047619047619048, "f1-score": 0.8444444444444444, "support": 42}, "21": {"precision": 0.6875, "recall": 0.8148148148148148, "f1-score": 0.7457627118644067, "support": 27}, "22": {"precision": 0.5789473684210527, "recall": 0.6111111111111112, "f1-score": 0.5945945945945946, "support": 18}, "23": {"precision": 0.46153846153846156, "recall": 0.35294117647058826, "f1-score": 0.4000000000000001, "support": 17}, "24": {"precision": 0.35294117647058826, "recall": 0.4, "f1-score": 0.37500000000000006, "support": 15}, "25": {"precision": 0.5454545454545454, "recall": 0.6666666666666666, "f1-score": 0.6, "support": 9}, "26": {"precision": 0.0, "recall": 0.0, "f1-score": 0.0, "support": 3}, "27": {"precision": 1.0, "recall": 0.5, "f1-score": 0.6666666666666666, "support": 2}, "accuracy": 0.75234375, "macro avg": {"precision": 0.6253551689867693, "recall": 0.6151648034576385, "f1-score": 0.610085559856577, "support": 1280}, "weighted avg": {"precision": 0.7557828258521208, "recall": 0.75234375, "f1-score": 0.7488852451140335, "support": 1280}}