{"0": {"precision": 0.0, "recall": 0.0, "f1-score": 0.0, "support": 1}, "1": {"precision": 0.14285714285714285, "recall": 0.5, "f1-score": 0.22222222222222224, "support": 2}, "2": {"precision": 0.0, "recall": 0.0, "f1-score": 0.0, "support": 8}, "3": {"precision": 0.7368421052631579, "recall": 0.8235294117647058, "f1-score": 0.7777777777777778, "support": 17}, "4": {"precision": 0.7272727272727273, "recall": 0.9411764705882353, "f1-score": 0.8205128205128205, "support": 17}, "5": {"precision": 0.9166666666666666, "recall": 0.5, "f1-score": 0.6470588235294118, "support": 22}, "6": {"precision": 0.68, "recall": 0.8095238095238095, "f1-score": 0.7391304347826089, "support": 21}, "7": {"precision": 0.864406779661017, "recall": 0.9444444444444444, "f1-score": 0.9026548672566371, "support": 54}, "8": {"precision": 0.9298245614035088, "recall": 0.8548387096774194, "f1-score": 0.8907563025210085, "support": 62}, "9": {"precision": 0.819672131147541, "recall": 0.847457627118644, "f1-score": 0.8333333333333333, "support": 59}, "10": {"precision": 0.875, "recall": 0.875, "f1-score": 0.875, "support": 96}, "11": {"precision": 0.875, "recall": 0.8850574712643678, "f1-score": 0.8800000000000001, "support": 87}, "12": {"precision": 0.8805970149253731, "recall": 0.8676470588235294, "f1-score": 0.874074074074074, "support": 68}, "13": {"precision": 0.926829268292683, "recall": 0.8260869565217391, "f1-score": 0.8735632183908046, "support": 92}, "14": {"precision": 0.8210526315789474, "recall": 0.8764044943820225, "f1-score": 0.8478260869565217, "support": 89}, "15": {"precision": 0.8604651162790697, "recall": 0.8604651162790697, "f1-score": 0.8604651162790697, "support": 86}, "16": {"precision": 0.8631578947368421, "recall": 0.8723404255319149, "f1-score": 0.8677248677248677, "support": 94}, "17": {"precision": 0.8526315789473684, "recall": 0.9204545454545454, "f1-score": 0.8852459016393441, "support": 88}, "18": {"precision": 0.935064935064935, "recall": 0.9113924050632911, "f1-score": 0.923076923076923, "support": 79}, "19": {"precision": 0.9672131147540983, "recall": 0.8676470588235294, "f1-score": 0.9147286821705426, "support": 68}, "20": {"precision": 0.8225806451612904, "recall": 0.9107142857142857, "f1-score": 0.864406779661017, "support": 56}, "21": {"precision": 0.7906976744186046, "recall": 0.8095238095238095, "f1-score": 0.8, "support": 42}, "22": {"precision": 0.9, "recall": 0.6923076923076923, "f1-score": 0.7826086956521738, "support": 26}, "23": {"precision": 0.7727272727272727, "recall": 0.8947368421052632, "f1-score": 0.8292682926829269, "support": 19}, "24": {"precision": 0.7857142857142857, "recall": 0.5789473684210527, "f1-score": 0.6666666666666667, "support": 19}, "25": {"precision": 0.4444444444444444, "recall": 0.5714285714285714, "f1-score": 0.5, "support": 7}, "26": {"precision": 0.0, "recall": 0.0, "f1-score": 0.0, "support": 0}, "27": {"precision": 1.0, "recall": 1.0, "f1-score": 1.0, "support": 1}, "accuracy": 0.85234375, "macro avg": {"precision": 0.7210970711184633, "recall": 0.7300401633843551, "f1-score": 0.7170750673896699, "support": 1280}, "weighted avg": {"precision": 0.8569234480956572, "recall": 0.85234375, "f1-score": 0.8517191306118008, "support": 1280}}