{"0": {"precision": 1.0, "recall": 0.5, "f1-score": 0.6666666666666666, "support": 2}, "1": {"precision": 1.0, "recall": 0.2857142857142857, "f1-score": 0.4444444444444445, "support": 7}, "2": {"precision": 0.3333333333333333, "recall": 0.6666666666666666, "f1-score": 0.4444444444444444, "support": 6}, "3": {"precision": 0.7333333333333333, "recall": 0.6470588235294118, "f1-score": 0.6875, "support": 17}, "4": {"precision": 0.7619047619047619, "recall": 0.8, "f1-score": 0.7804878048780488, "support": 20}, "5": {"precision": 0.9642857142857143, "recall": 0.9310344827586207, "f1-score": 0.9473684210526316, "support": 29}, "6": {"precision": 0.8787878787878788, "recall": 0.8285714285714286, "f1-score": 0.8529411764705883, "support": 35}, "7": {"precision": 0.7872340425531915, "recall": 0.925, "f1-score": 0.8505747126436781, "support": 40}, "8": {"precision": 0.8909090909090909, "recall": 0.9245283018867925, "f1-score": 0.9074074074074073, "support": 53}, "9": {"precision": 0.8918918918918919, "recall": 0.8918918918918919, "f1-score": 0.8918918918918919, "support": 74}, "10": {"precision": 0.9125, "recall": 0.8390804597701149, "f1-score": 0.8742514970059879, "support": 87}, "11": {"precision": 0.896551724137931, "recall": 0.9069767441860465, "f1-score": 0.9017341040462429, "support": 86}, "12": {"precision": 0.9369369369369369, "recall": 0.896551724137931, "f1-score": 0.9162995594713657, "support": 116}, "13": {"precision": 0.8627450980392157, "recall": 0.8979591836734694, "f1-score": 0.8799999999999999, "support": 98}, "14": {"precision": 0.8314606741573034, "recall": 0.8705882352941177, "f1-score": 0.8505747126436781, "support": 85}, "15": {"precision": 0.8902439024390244, "recall": 0.8295454545454546, "f1-score": 0.8588235294117648, "support": 88}, "16": {"precision": 0.8846153846153846, "recall": 0.8734177215189873, "f1-score": 0.8789808917197452, "support": 79}, "17": {"precision": 0.8275862068965517, "recall": 0.8888888888888888, "f1-score": 0.8571428571428572, "support": 81}, "18": {"precision": 0.8701298701298701, "recall": 0.8375, "f1-score": 0.8535031847133757, "support": 80}, "19": {"precision": 0.8048780487804879, "recall": 0.8461538461538461, "f1-score": 0.8250000000000001, "support": 39}, "20": {"precision": 0.9122807017543859, "recall": 0.9122807017543859, "f1-score": 0.9122807017543859, "support": 57}, "21": {"precision": 0.8709677419354839, "recall": 0.8709677419354839, "f1-score": 0.8709677419354839, "support": 31}, "22": {"precision": 0.8695652173913043, "recall": 0.8, "f1-score": 0.8333333333333333, "support": 25}, "23": {"precision": 0.7777777777777778, "recall": 0.7777777777777778, "f1-score": 0.7777777777777778, "support": 18}, "24": {"precision": 0.5833333333333334, "recall": 0.875, "f1-score": 0.7000000000000001, "support": 8}, "25": {"precision": 0.8, "recall": 0.8, "f1-score": 0.8000000000000002, "support": 15}, "26": {"precision": 0.0, "recall": 0.0, "f1-score": 0.0, "support": 3}, "27": {"precision": 0.0, "recall": 0.0, "f1-score": 0.0, "support": 1}, "accuracy": 0.86328125, "macro avg": {"precision": 0.7776161666187209, "recall": 0.7543983700234144, "f1-score": 0.7522998878877072, "support": 1280}, "weighted avg": {"precision": 0.8673437257350327, "recall": 0.86328125, "f1-score": 0.8629861772874745, "support": 1280}}