{"0": {"precision": 0.0, "recall": 0.0, "f1-score": 0.0, "support": 1}, "1": {"precision": 0.5, "recall": 0.6666666666666666, "f1-score": 0.5714285714285715, "support": 3}, "2": {"precision": 0.6363636363636364, "recall": 0.6363636363636364, "f1-score": 0.6363636363636364, "support": 11}, "3": {"precision": 0.625, "recall": 0.7692307692307693, "f1-score": 0.6896551724137931, "support": 13}, "4": {"precision": 0.9473684210526315, "recall": 0.782608695652174, "f1-score": 0.8571428571428571, "support": 23}, "5": {"precision": 0.7741935483870968, "recall": 0.8888888888888888, "f1-score": 0.8275862068965517, "support": 27}, "6": {"precision": 0.8333333333333334, "recall": 0.875, "f1-score": 0.8536585365853658, "support": 40}, "7": {"precision": 0.9555555555555556, "recall": 0.8113207547169812, "f1-score": 0.8775510204081634, "support": 53}, "8": {"precision": 0.8048780487804879, "recall": 0.8461538461538461, "f1-score": 0.8250000000000001, "support": 39}, "9": {"precision": 0.84375, "recall": 0.8709677419354839, "f1-score": 0.8571428571428571, "support": 62}, "10": {"precision": 0.8444444444444444, "recall": 0.8735632183908046, "f1-score": 0.8587570621468928, "support": 87}, "11": {"precision": 0.896551724137931, "recall": 0.8666666666666667, "f1-score": 0.8813559322033899, "support": 90}, "12": {"precision": 0.8809523809523809, "recall": 0.8505747126436781, "f1-score": 0.8654970760233917, "support": 87}, "13": {"precision": 0.8645833333333334, "recall": 0.8469387755102041, "f1-score": 0.8556701030927835, "support": 98}, "14": {"precision": 0.8041237113402062, "recall": 0.8666666666666667, "f1-score": 0.8342245989304814, "support": 90}, "15": {"precision": 0.8260869565217391, "recall": 0.8085106382978723, "f1-score": 0.8172043010752688, "support": 94}, "16": {"precision": 0.8409090909090909, "recall": 0.8222222222222222, "f1-score": 0.8314606741573033, "support": 90}, "17": {"precision": 0.8461538461538461, "recall": 0.8354430379746836, "f1-score": 0.840764331210191, "support": 79}, "18": {"precision": 0.8076923076923077, "recall": 0.9, "f1-score": 0.8513513513513514, "support": 70}, "19": {"precision": 0.9032258064516129, "recall": 0.7777777777777778, "f1-score": 0.835820895522388, "support": 72}, "20": {"precision": 0.8125, "recall": 0.8863636363636364, "f1-score": 0.8478260869565218, "support": 44}, "21": {"precision": 0.8181818181818182, "recall": 0.84375, "f1-score": 0.8307692307692308, "support": 32}, "22": {"precision": 0.7741935483870968, "recall": 0.8275862068965517, "f1-score": 0.7999999999999999, "support": 29}, "23": {"precision": 0.6666666666666666, "recall": 0.7142857142857143, "f1-score": 0.689655172413793, "support": 14}, "24": {"precision": 0.7857142857142857, "recall": 0.6470588235294118, "f1-score": 0.7096774193548386, "support": 17}, "25": {"precision": 0.5714285714285714, "recall": 0.5714285714285714, "f1-score": 0.5714285714285714, "support": 7}, "26": {"precision": 1.0, "recall": 0.8333333333333334, "f1-score": 0.9090909090909091, "support": 6}, "27": {"precision": 1.0, "recall": 1.0, "f1-score": 1.0, "support": 2}, "accuracy": 0.8375, "macro avg": {"precision": 0.7808518227067169, "recall": 0.7828346786284373, "f1-score": 0.7795029490753251, "support": 1280}, "weighted avg": {"precision": 0.8404081825465743, "recall": 0.8375, "f1-score": 0.8375681955399494, "support": 1280}}