{"0": {"precision": 1.0, "recall": 1.0, "f1-score": 1.0, "support": 1}, "1": {"precision": 1.0, "recall": 1.0, "f1-score": 1.0, "support": 4}, "2": {"precision": 0.8333333333333334, "recall": 1.0, "f1-score": 0.9090909090909091, "support": 5}, "3": {"precision": 1.0, "recall": 0.5454545454545454, "f1-score": 0.7058823529411764, "support": 11}, "4": {"precision": 0.6875, "recall": 0.7333333333333333, "f1-score": 0.7096774193548386, "support": 30}, "5": {"precision": 0.7857142857142857, "recall": 0.8048780487804879, "f1-score": 0.7951807228915663, "support": 41}, "6": {"precision": 0.84375, "recall": 0.8181818181818182, "f1-score": 0.8307692307692308, "support": 33}, "7": {"precision": 0.7073170731707317, "recall": 0.8529411764705882, "f1-score": 0.7733333333333334, "support": 34}, "8": {"precision": 0.9322033898305084, "recall": 0.8088235294117647, "f1-score": 0.8661417322834646, "support": 68}, "9": {"precision": 0.8103448275862069, "recall": 0.7966101694915254, "f1-score": 0.8034188034188032, "support": 59}, "10": {"precision": 0.7887323943661971, "recall": 0.8, "f1-score": 0.7943262411347518, "support": 70}, "11": {"precision": 0.8414634146341463, "recall": 0.8313253012048193, "f1-score": 0.8363636363636364, "support": 83}, "12": {"precision": 0.8952380952380953, "recall": 0.9306930693069307, "f1-score": 0.9126213592233011, "support": 101}, "13": {"precision": 0.8607594936708861, "recall": 0.9066666666666666, "f1-score": 0.8831168831168831, "support": 75}, "14": {"precision": 0.9052631578947369, "recall": 0.8349514563106796, "f1-score": 0.8686868686868687, "support": 103}, "15": {"precision": 0.8333333333333334, "recall": 0.8522727272727273, "f1-score": 0.8426966292134833, "support": 88}, "16": {"precision": 0.8383838383838383, "recall": 0.8736842105263158, "f1-score": 0.8556701030927836, "support": 95}, "17": {"precision": 0.8780487804878049, "recall": 0.8372093023255814, "f1-score": 0.8571428571428572, "support": 86}, "18": {"precision": 0.8837209302325582, "recall": 0.9156626506024096, "f1-score": 0.8994082840236686, "support": 83}, "19": {"precision": 0.8620689655172413, "recall": 0.8928571428571429, "f1-score": 0.8771929824561403, "support": 56}, "20": {"precision": 0.8863636363636364, "recall": 0.9069767441860465, "f1-score": 0.896551724137931, "support": 43}, "21": {"precision": 0.8529411764705882, "recall": 0.7631578947368421, "f1-score": 0.8055555555555555, "support": 38}, "22": {"precision": 0.7575757575757576, "recall": 0.7575757575757576, "f1-score": 0.7575757575757576, "support": 33}, "23": {"precision": 0.6666666666666666, "recall": 0.7777777777777778, "f1-score": 0.717948717948718, "support": 18}, "24": {"precision": 0.6, "recall": 0.6, "f1-score": 0.6, "support": 10}, "25": {"precision": 0.6666666666666666, "recall": 0.6666666666666666, "f1-score": 0.6666666666666666, "support": 9}, "26": {"precision": 0.0, "recall": 0.0, "f1-score": 0.0, "support": 2}, "27": {"precision": 1.0, "recall": 1.0, "f1-score": 1.0, "support": 1}, "accuracy": 0.8421875, "macro avg": {"precision": 0.8077639006120435, "recall": 0.8038464281835868, "f1-score": 0.8023220989436546, "support": 1280}, "weighted avg": {"precision": 0.8437590606110497, "recall": 0.8421875, "f1-score": 0.8415117993147699, "support": 1280}}