{"0": {"precision": 0.0, "recall": 0.0, "f1-score": 0.0, "support": 1}, "1": {"precision": 0.6666666666666666, "recall": 0.5, "f1-score": 0.5714285714285715, "support": 8}, "2": {"precision": 0.4166666666666667, "recall": 0.8333333333333334, "f1-score": 0.5555555555555556, "support": 6}, "3": {"precision": 0.9090909090909091, "recall": 0.5882352941176471, "f1-score": 0.7142857142857143, "support": 17}, "4": {"precision": 0.72, "recall": 0.9, "f1-score": 0.7999999999999999, "support": 20}, "5": {"precision": 0.8461538461538461, "recall": 0.7333333333333333, "f1-score": 0.7857142857142856, "support": 30}, "6": {"precision": 0.875, "recall": 0.8333333333333334, "f1-score": 0.8536585365853658, "support": 42}, "7": {"precision": 0.8888888888888888, "recall": 0.975609756097561, "f1-score": 0.9302325581395349, "support": 41}, "8": {"precision": 0.8863636363636364, "recall": 0.8478260869565217, "f1-score": 0.8666666666666666, "support": 46}, "9": {"precision": 0.88, "recall": 0.9041095890410958, "f1-score": 0.8918918918918919, "support": 73}, "10": {"precision": 0.8194444444444444, "recall": 0.9076923076923077, "f1-score": 0.8613138686131386, "support": 65}, "11": {"precision": 0.9102564102564102, "recall": 0.8255813953488372, "f1-score": 0.8658536585365854, "support": 86}, "12": {"precision": 0.9135802469135802, "recall": 0.9135802469135802, "f1-score": 0.9135802469135802, "support": 81}, "13": {"precision": 0.9047619047619048, "recall": 0.9620253164556962, "f1-score": 0.9325153374233128, "support": 79}, "14": {"precision": 0.9454545454545454, "recall": 0.9122807017543859, "f1-score": 0.9285714285714285, "support": 114}, "15": {"precision": 0.9072164948453608, "recall": 0.9263157894736842, "f1-score": 0.9166666666666665, "support": 95}, "16": {"precision": 0.8795180722891566, "recall": 0.8902439024390244, "f1-score": 0.8848484848484849, "support": 82}, "17": {"precision": 0.7727272727272727, "recall": 0.7640449438202247, "f1-score": 0.768361581920904, "support": 89}, "18": {"precision": 0.6575342465753424, "recall": 0.7384615384615385, "f1-score": 0.6956521739130435, "support": 65}, "19": {"precision": 0.8148148148148148, "recall": 0.7333333333333333, "f1-score": 0.7719298245614035, "support": 60}, "20": {"precision": 0.868421052631579, "recall": 0.7333333333333333, "f1-score": 0.7951807228915663, "support": 45}, "21": {"precision": 0.8333333333333334, "recall": 0.8888888888888888, "f1-score": 0.8602150537634408, "support": 45}, "22": {"precision": 0.8285714285714286, "recall": 0.90625, "f1-score": 0.8656716417910447, "support": 32}, "23": {"precision": 0.9130434782608695, "recall": 0.84, "f1-score": 0.8749999999999999, "support": 25}, "24": {"precision": 0.75, "recall": 0.7058823529411765, "f1-score": 0.7272727272727272, "support": 17}, "25": {"precision": 0.5833333333333334, "recall": 0.7, "f1-score": 0.6363636363636365, "support": 10}, "26": {"precision": 0.5, "recall": 0.6666666666666666, "f1-score": 0.5714285714285715, "support": 3}, "27": {"precision": 0.0, "recall": 0.0, "f1-score": 0.0, "support": 3}, "accuracy": 0.85, "macro avg": {"precision": 0.7461014890372853, "recall": 0.7546557658476967, "f1-score": 0.7442806930623972, "support": 1280}, "weighted avg": {"precision": 0.8521825462642265, "recall": 0.85, "f1-score": 0.848930326570283, "support": 1280}}