{"0": {"precision": 0.0, "recall": 0.0, "f1-score": 0.0, "support": 1}, "1": {"precision": 0.42857142857142855, "recall": 1.0, "f1-score": 0.6, "support": 3}, "2": {"precision": 0.375, "recall": 0.5, "f1-score": 0.42857142857142855, "support": 6}, "3": {"precision": 0.6428571428571429, "recall": 0.47368421052631576, "f1-score": 0.5454545454545454, "support": 19}, "4": {"precision": 0.8181818181818182, "recall": 0.75, "f1-score": 0.7826086956521738, "support": 24}, "5": {"precision": 0.7857142857142857, "recall": 0.9565217391304348, "f1-score": 0.8627450980392156, "support": 23}, "6": {"precision": 1.0, "recall": 0.8846153846153846, "f1-score": 0.9387755102040816, "support": 26}, "7": {"precision": 0.9473684210526315, "recall": 0.9310344827586207, "f1-score": 0.9391304347826087, "support": 58}, "8": {"precision": 0.8571428571428571, "recall": 0.9152542372881356, "f1-score": 0.8852459016393444, "support": 59}, "9": {"precision": 0.9365079365079365, "recall": 0.8676470588235294, "f1-score": 0.9007633587786259, "support": 68}, "10": {"precision": 0.8409090909090909, "recall": 0.9135802469135802, "f1-score": 0.8757396449704142, "support": 81}, "11": {"precision": 0.922077922077922, "recall": 0.8255813953488372, "f1-score": 0.8711656441717791, "support": 86}, "12": {"precision": 0.9130434782608695, "recall": 0.8936170212765957, "f1-score": 0.9032258064516129, "support": 94}, "13": {"precision": 0.826530612244898, "recall": 0.9310344827586207, "f1-score": 0.8756756756756757, "support": 87}, "14": {"precision": 0.9158878504672897, "recall": 0.9074074074074074, "f1-score": 0.9116279069767442, "support": 108}, "15": {"precision": 0.9101123595505618, "recall": 0.8709677419354839, "f1-score": 0.8901098901098902, "support": 93}, "16": {"precision": 0.8279569892473119, "recall": 0.8953488372093024, "f1-score": 0.8603351955307263, "support": 86}, "17": {"precision": 0.8524590163934426, "recall": 0.8, "f1-score": 0.8253968253968254, "support": 65}, "18": {"precision": 0.925, "recall": 0.9024390243902439, "f1-score": 0.9135802469135802, "support": 82}, "19": {"precision": 0.9152542372881356, "recall": 0.8709677419354839, "f1-score": 0.8925619834710744, "support": 62}, "20": {"precision": 0.8571428571428571, "recall": 0.9056603773584906, "f1-score": 0.8807339449541285, "support": 53}, "21": {"precision": 0.8888888888888888, "recall": 0.9090909090909091, "f1-score": 0.8988764044943819, "support": 44}, "22": {"precision": 0.8333333333333334, "recall": 0.8333333333333334, "f1-score": 0.8333333333333334, "support": 18}, "23": {"precision": 1.0, "recall": 0.7272727272727273, "f1-score": 0.8421052631578948, "support": 11}, "24": {"precision": 0.8888888888888888, "recall": 0.8888888888888888, "f1-score": 0.8888888888888888, "support": 9}, "25": {"precision": 0.5, "recall": 1.0, "f1-score": 0.6666666666666666, "support": 4}, "26": {"precision": 1.0, "recall": 0.5, "f1-score": 0.6666666666666666, "support": 8}, "27": {"precision": 0.6666666666666666, "recall": 1.0, "f1-score": 0.8, "support": 2}, "accuracy": 0.875, "macro avg": {"precision": 0.7955534314781522, "recall": 0.8162124017236545, "f1-score": 0.7921423200340111, "support": 1280}, "weighted avg": {"precision": 0.880035132641696, "recall": 0.875, "f1-score": 0.8749084518679057, "support": 1280}}