{"1": {"precision": 0.6666666666666666, "recall": 0.6666666666666666, "f1-score": 0.6666666666666666, "support": 3}, "2": {"precision": 0.5, "recall": 0.2, "f1-score": 0.28571428571428575, "support": 5}, "3": {"precision": 0.6, "recall": 0.46153846153846156, "f1-score": 0.5217391304347826, "support": 13}, "4": {"precision": 0.45454545454545453, "recall": 0.38461538461538464, "f1-score": 0.41666666666666663, "support": 13}, "5": {"precision": 0.9333333333333333, "recall": 0.5384615384615384, "f1-score": 0.6829268292682926, "support": 26}, "6": {"precision": 0.7307692307692307, "recall": 0.6785714285714286, "f1-score": 0.7037037037037038, "support": 28}, "7": {"precision": 0.7714285714285715, "recall": 0.675, "f1-score": 0.72, "support": 40}, "8": {"precision": 0.9302325581395349, "recall": 0.6896551724137931, "f1-score": 0.7920792079207921, "support": 58}, "9": {"precision": 0.803030303030303, "recall": 0.803030303030303, "f1-score": 0.803030303030303, "support": 66}, "10": {"precision": 0.6095238095238096, "recall": 0.8, "f1-score": 0.6918918918918919, "support": 80}, "11": {"precision": 0.7411764705882353, "recall": 0.7325581395348837, "f1-score": 0.736842105263158, "support": 86}, "12": {"precision": 0.7065217391304348, "recall": 0.7222222222222222, "f1-score": 0.7142857142857144, "support": 90}, "13": {"precision": 0.7010309278350515, "recall": 0.7472527472527473, "f1-score": 0.723404255319149, "support": 91}, "14": {"precision": 0.7314814814814815, "recall": 0.7523809523809524, "f1-score": 0.7417840375586856, "support": 105}, "15": {"precision": 0.6065573770491803, "recall": 0.6666666666666666, "f1-score": 0.6351931330472104, "support": 111}, "16": {"precision": 0.5083333333333333, "recall": 0.8026315789473685, "f1-score": 0.6224489795918366, "support": 76}, "17": {"precision": 0.6867469879518072, "recall": 0.6951219512195121, "f1-score": 0.6909090909090909, "support": 82}, "18": {"precision": 0.7763157894736842, "recall": 0.6704545454545454, "f1-score": 0.7195121951219512, "support": 88}, "19": {"precision": 0.7868852459016393, "recall": 0.8421052631578947, "f1-score": 0.8135593220338982, "support": 57}, "20": {"precision": 0.8974358974358975, "recall": 0.625, "f1-score": 0.736842105263158, "support": 56}, "21": {"precision": 0.7586206896551724, "recall": 0.6666666666666666, "f1-score": 0.7096774193548386, "support": 33}, "22": {"precision": 0.8666666666666667, "recall": 0.5909090909090909, "f1-score": 0.7027027027027029, "support": 22}, "23": {"precision": 1.0, "recall": 0.45, "f1-score": 0.6206896551724138, "support": 20}, "24": {"precision": 0.6666666666666666, "recall": 0.6666666666666666, "f1-score": 0.6666666666666666, "support": 15}, "25": {"precision": 0.7777777777777778, "recall": 0.6363636363636364, "f1-score": 0.7000000000000001, "support": 11}, "26": {"precision": 0.0, "recall": 0.0, "f1-score": 0.0, "support": 4}, "27": {"precision": 0.0, "recall": 0.0, "f1-score": 0.0, "support": 1}, "accuracy": 0.70390625, "macro avg": {"precision": 0.6745091473475532, "recall": 0.59868663269409, "f1-score": 0.6229235580588096, "support": 1280}, "weighted avg": {"precision": 0.723275901511313, "recall": 0.70390625, "f1-score": 0.704659113654032, "support": 1280}}