{"0": {"precision": 0.0, "recall": 0.0, "f1-score": 0.0, "support": 1}, "1": {"precision": 0.5, "recall": 0.75, "f1-score": 0.6, "support": 4}, "2": {"precision": 0.8, "recall": 0.4444444444444444, "f1-score": 0.5714285714285714, "support": 9}, "3": {"precision": 0.5833333333333334, "recall": 0.875, "f1-score": 0.7000000000000001, "support": 8}, "4": {"precision": 0.8260869565217391, "recall": 0.7916666666666666, "f1-score": 0.8085106382978724, "support": 24}, "5": {"precision": 0.9142857142857143, "recall": 0.8888888888888888, "f1-score": 0.9014084507042254, "support": 36}, "6": {"precision": 0.8378378378378378, "recall": 0.9393939393939394, "f1-score": 0.8857142857142858, "support": 33}, "7": {"precision": 0.9375, "recall": 0.75, "f1-score": 0.8333333333333334, "support": 40}, "8": {"precision": 0.9076923076923077, "recall": 0.9516129032258065, "f1-score": 0.9291338582677167, "support": 62}, "9": {"precision": 0.9054054054054054, "recall": 0.9710144927536232, "f1-score": 0.937062937062937, "support": 69}, "10": {"precision": 0.9866666666666667, "recall": 0.8809523809523809, "f1-score": 0.930817610062893, "support": 84}, "11": {"precision": 0.9195402298850575, "recall": 0.963855421686747, "f1-score": 0.9411764705882354, "support": 83}, "12": {"precision": 0.9240506329113924, "recall": 0.948051948051948, "f1-score": 0.9358974358974359, "support": 77}, "13": {"precision": 0.9191919191919192, "recall": 0.900990099009901, "f1-score": 0.91, "support": 101}, "14": {"precision": 0.8823529411764706, "recall": 0.8426966292134831, "f1-score": 0.8620689655172413, "support": 89}, "15": {"precision": 0.8983050847457628, "recall": 0.9380530973451328, "f1-score": 0.9177489177489178, "support": 113}, "16": {"precision": 0.927710843373494, "recall": 0.9390243902439024, "f1-score": 0.9333333333333333, "support": 82}, "17": {"precision": 0.9130434782608695, "recall": 0.9130434782608695, "f1-score": 0.9130434782608695, "support": 69}, "18": {"precision": 0.9294117647058824, "recall": 0.9404761904761905, "f1-score": 0.9349112426035503, "support": 84}, "19": {"precision": 0.9565217391304348, "recall": 0.9166666666666666, "f1-score": 0.9361702127659574, "support": 72}, "20": {"precision": 0.875, "recall": 0.9130434782608695, "f1-score": 0.8936170212765957, "support": 46}, "21": {"precision": 0.8214285714285714, "recall": 0.8846153846153846, "f1-score": 0.8518518518518519, "support": 26}, "22": {"precision": 0.9130434782608695, "recall": 0.84, "f1-score": 0.8749999999999999, "support": 25}, "23": {"precision": 0.8571428571428571, "recall": 0.7058823529411765, "f1-score": 0.7741935483870968, "support": 17}, "24": {"precision": 0.6666666666666666, "recall": 0.8571428571428571, "f1-score": 0.75, "support": 14}, "25": {"precision": 0.8333333333333334, "recall": 0.625, "f1-score": 0.7142857142857143, "support": 8}, "26": {"precision": 1.0, "recall": 1.0, "f1-score": 1.0, "support": 4}, "accuracy": 0.90234375, "macro avg": {"precision": 0.8309463615539476, "recall": 0.8285746559348474, "f1-score": 0.8237299213847643, "support": 1280}, "weighted avg": {"precision": 0.9052755414253296, "recall": 0.90234375, "f1-score": 0.9019599984523389, "support": 1280}}