{"0": {"precision": 0.0, "recall": 0.0, "f1-score": 0.0, "support": 1}, "1": {"precision": 0.6, "recall": 0.75, "f1-score": 0.6666666666666665, "support": 4}, "2": {"precision": 0.5, "recall": 0.5714285714285714, "f1-score": 0.5333333333333333, "support": 7}, "3": {"precision": 0.6666666666666666, "recall": 0.46153846153846156, "f1-score": 0.5454545454545455, "support": 13}, "4": {"precision": 0.5517241379310345, "recall": 0.7272727272727273, "f1-score": 0.6274509803921569, "support": 22}, "5": {"precision": 0.7333333333333333, "recall": 0.6470588235294118, "f1-score": 0.6875, "support": 34}, "6": {"precision": 0.9137931034482759, "recall": 0.8833333333333333, "f1-score": 0.8983050847457628, "support": 60}, "7": {"precision": 0.803921568627451, "recall": 0.82, "f1-score": 0.8118811881188118, "support": 50}, "8": {"precision": 0.7922077922077922, "recall": 0.8026315789473685, "f1-score": 0.7973856209150327, "support": 76}, "9": {"precision": 0.7301587301587301, "recall": 0.7931034482758621, "f1-score": 0.7603305785123967, "support": 58}, "10": {"precision": 0.7901234567901234, "recall": 0.7901234567901234, "f1-score": 0.7901234567901234, "support": 81}, "11": {"precision": 0.8172043010752689, "recall": 0.7755102040816326, "f1-score": 0.7958115183246073, "support": 98}, "12": {"precision": 0.782608695652174, "recall": 0.7741935483870968, "f1-score": 0.7783783783783783, "support": 93}, "13": {"precision": 0.8023255813953488, "recall": 0.7931034482758621, "f1-score": 0.7976878612716762, "support": 87}, "14": {"precision": 0.8289473684210527, "recall": 0.8076923076923077, "f1-score": 0.8181818181818182, "support": 78}, "15": {"precision": 0.8279569892473119, "recall": 0.8461538461538461, "f1-score": 0.8369565217391305, "support": 91}, "16": {"precision": 0.8488372093023255, "recall": 0.8021978021978022, "f1-score": 0.8248587570621468, "support": 91}, "17": {"precision": 0.7777777777777778, "recall": 0.8536585365853658, "f1-score": 0.8139534883720929, "support": 82}, "18": {"precision": 0.6885245901639344, "recall": 0.7636363636363637, "f1-score": 0.7241379310344828, "support": 55}, "19": {"precision": 0.7959183673469388, "recall": 0.7222222222222222, "f1-score": 0.7572815533980582, "support": 54}, "20": {"precision": 0.7647058823529411, "recall": 0.78, "f1-score": 0.7722772277227723, "support": 50}, "21": {"precision": 0.8846153846153846, "recall": 0.71875, "f1-score": 0.7931034482758621, "support": 32}, "22": {"precision": 0.7241379310344828, "recall": 0.8076923076923077, "f1-score": 0.7636363636363636, "support": 26}, "23": {"precision": 0.6666666666666666, "recall": 0.5882352941176471, "f1-score": 0.625, "support": 17}, "24": {"precision": 0.5714285714285714, "recall": 1.0, "f1-score": 0.7272727272727273, "support": 8}, "25": {"precision": 0.8571428571428571, "recall": 0.6666666666666666, "f1-score": 0.75, "support": 9}, "26": {"precision": 0.0, "recall": 0.0, "f1-score": 0.0, "support": 1}, "27": {"precision": 1.0, "recall": 0.5, "f1-score": 0.6666666666666666, "support": 2}, "accuracy": 0.78515625, "macro avg": {"precision": 0.704311677242373, "recall": 0.6945072481723207, "f1-score": 0.6915584184380578, "support": 1280}, "weighted avg": {"precision": 0.788087155579567, "recall": 0.78515625, "f1-score": 0.7847834519313664, "support": 1280}}