{"1": {"precision": 0.75, "recall": 0.42857142857142855, "f1-score": 0.5454545454545454, "support": 7}, "2": {"precision": 0.3333333333333333, "recall": 0.6666666666666666, "f1-score": 0.4444444444444444, "support": 3}, "3": {"precision": 0.8, "recall": 0.5, "f1-score": 0.6153846153846154, "support": 8}, "4": {"precision": 0.7058823529411765, "recall": 0.6666666666666666, "f1-score": 0.6857142857142857, "support": 18}, "5": {"precision": 0.7941176470588235, "recall": 0.8181818181818182, "f1-score": 0.8059701492537314, "support": 33}, "6": {"precision": 0.7906976744186046, "recall": 0.7727272727272727, "f1-score": 0.7816091954022988, "support": 44}, "7": {"precision": 0.7551020408163265, "recall": 0.7708333333333334, "f1-score": 0.7628865979381444, "support": 48}, "8": {"precision": 0.8653846153846154, "recall": 0.8035714285714286, "f1-score": 0.8333333333333334, "support": 56}, "9": {"precision": 0.7741935483870968, "recall": 0.9056603773584906, "f1-score": 0.8347826086956522, "support": 53}, "10": {"precision": 0.8488372093023255, "recall": 0.8488372093023255, "f1-score": 0.8488372093023255, "support": 86}, "11": {"precision": 0.8461538461538461, "recall": 0.7951807228915663, "f1-score": 0.8198757763975155, "support": 83}, "12": {"precision": 0.7904761904761904, "recall": 0.83, "f1-score": 0.8097560975609757, "support": 100}, "13": {"precision": 0.7058823529411765, "recall": 0.759493670886076, "f1-score": 0.7317073170731707, "support": 79}, "14": {"precision": 0.7764705882352941, "recall": 0.7096774193548387, "f1-score": 0.7415730337078652, "support": 93}, "15": {"precision": 0.7311827956989247, "recall": 0.7906976744186046, "f1-score": 0.7597765363128492, "support": 86}, "16": {"precision": 0.8571428571428571, "recall": 0.7912087912087912, "f1-score": 0.8228571428571427, "support": 91}, "17": {"precision": 0.7857142857142857, "recall": 0.825, "f1-score": 0.8048780487804876, "support": 80}, "18": {"precision": 0.8255813953488372, "recall": 0.8160919540229885, "f1-score": 0.8208092485549133, "support": 87}, "19": {"precision": 0.855072463768116, "recall": 0.7866666666666666, "f1-score": 0.8194444444444444, "support": 75}, "20": {"precision": 0.7115384615384616, "recall": 0.8043478260869565, "f1-score": 0.7551020408163265, "support": 46}, "21": {"precision": 0.825, "recall": 0.7674418604651163, "f1-score": 0.7951807228915662, "support": 43}, "22": {"precision": 0.8260869565217391, "recall": 0.8260869565217391, "f1-score": 0.8260869565217391, "support": 23}, "23": {"precision": 0.8125, "recall": 0.6842105263157895, "f1-score": 0.742857142857143, "support": 19}, "24": {"precision": 0.46153846153846156, "recall": 0.75, "f1-score": 0.5714285714285714, "support": 8}, "25": {"precision": 0.2, "recall": 0.2, "f1-score": 0.20000000000000004, "support": 5}, "26": {"precision": 0.3333333333333333, "recall": 0.2, "f1-score": 0.25, "support": 5}, "27": {"precision": 1.0, "recall": 1.0, "f1-score": 1.0, "support": 1}, "accuracy": 0.78671875, "macro avg": {"precision": 0.7318971262982898, "recall": 0.7228822322303172, "f1-score": 0.7196203727825217, "support": 1280}, "weighted avg": {"precision": 0.790658702177433, "recall": 0.78671875, "f1-score": 0.7867760804533995, "support": 1280}}