{"0": {"precision": 0.0, "recall": 0.0, "f1-score": 0.0, "support": 1}, "1": {"precision": 0.5, "recall": 1.0, "f1-score": 0.6666666666666666, "support": 1}, "2": {"precision": 0.0, "recall": 0.0, "f1-score": 0.0, "support": 3}, "3": {"precision": 0.6470588235294118, "recall": 0.7857142857142857, "f1-score": 0.7096774193548386, "support": 14}, "4": {"precision": 0.6, "recall": 0.4090909090909091, "f1-score": 0.4864864864864865, "support": 22}, "5": {"precision": 0.5, "recall": 0.6111111111111112, "f1-score": 0.55, "support": 18}, "6": {"precision": 0.6, "recall": 0.6923076923076923, "f1-score": 0.6428571428571429, "support": 39}, "7": {"precision": 0.6458333333333334, "recall": 0.62, "f1-score": 0.6326530612244898, "support": 50}, "8": {"precision": 0.5892857142857143, "recall": 0.5892857142857143, "f1-score": 0.5892857142857143, "support": 56}, "9": {"precision": 0.631578947368421, "recall": 0.5783132530120482, "f1-score": 0.6037735849056604, "support": 83}, "10": {"precision": 0.5846153846153846, "recall": 0.5757575757575758, "f1-score": 0.5801526717557253, "support": 66}, "11": {"precision": 0.6767676767676768, "recall": 0.6767676767676768, "f1-score": 0.6767676767676768, "support": 99}, "12": {"precision": 0.62, "recall": 0.62, "f1-score": 0.62, "support": 100}, "13": {"precision": 0.6739130434782609, "recall": 0.6326530612244898, "f1-score": 0.6526315789473685, "support": 98}, "14": {"precision": 0.7079646017699115, "recall": 0.7476635514018691, "f1-score": 0.7272727272727274, "support": 107}, "15": {"precision": 0.7468354430379747, "recall": 0.6344086021505376, "f1-score": 0.6860465116279071, "support": 93}, "16": {"precision": 0.6057692307692307, "recall": 0.7682926829268293, "f1-score": 0.6774193548387097, "support": 82}, "17": {"precision": 0.6867469879518072, "recall": 0.7037037037037037, "f1-score": 0.6951219512195121, "support": 81}, "18": {"precision": 0.6216216216216216, "recall": 0.6571428571428571, "f1-score": 0.6388888888888888, "support": 70}, "19": {"precision": 0.525, "recall": 0.5, "f1-score": 0.5121951219512195, "support": 42}, "20": {"precision": 0.5333333333333333, "recall": 0.5217391304347826, "f1-score": 0.5274725274725275, "support": 46}, "21": {"precision": 0.45714285714285713, "recall": 0.47058823529411764, "f1-score": 0.46376811594202894, "support": 34}, "22": {"precision": 0.5185185185185185, "recall": 0.5185185185185185, "f1-score": 0.5185185185185185, "support": 27}, "23": {"precision": 0.5263157894736842, "recall": 0.43478260869565216, "f1-score": 0.47619047619047616, "support": 23}, "24": {"precision": 0.2, "recall": 0.21428571428571427, "f1-score": 0.20689655172413796, "support": 14}, "25": {"precision": 0.125, "recall": 0.16666666666666666, "f1-score": 0.14285714285714288, "support": 6}, "26": {"precision": 0.0, "recall": 0.0, "f1-score": 0.0, "support": 3}, "27": {"precision": 0.0, "recall": 0.0, "f1-score": 0.0, "support": 2}, "accuracy": 0.6203125, "macro avg": {"precision": 0.4829750466784693, "recall": 0.5045997696604554, "f1-score": 0.48869999613412735, "support": 1280}, "weighted avg": {"precision": 0.6189860118436145, "recall": 0.6203125, "f1-score": 0.6177470555637596, "support": 1280}}