{"0": {"precision": 1.0, "recall": 0.3333333333333333, "f1-score": 0.5, "support": 3}, "1": {"precision": 0.3333333333333333, "recall": 1.0, "f1-score": 0.5, "support": 1}, "2": {"precision": 1.0, "recall": 1.0, "f1-score": 1.0, "support": 4}, "3": {"precision": 0.875, "recall": 1.0, "f1-score": 0.9333333333333333, "support": 14}, "4": {"precision": 1.0, "recall": 0.8235294117647058, "f1-score": 0.9032258064516129, "support": 17}, "5": {"precision": 0.9545454545454546, "recall": 0.84, "f1-score": 0.8936170212765958, "support": 25}, "6": {"precision": 0.8148148148148148, "recall": 0.88, "f1-score": 0.8461538461538461, "support": 25}, "7": {"precision": 0.8888888888888888, "recall": 0.9302325581395349, "f1-score": 0.9090909090909092, "support": 43}, "8": {"precision": 0.9444444444444444, "recall": 0.8360655737704918, "f1-score": 0.8869565217391304, "support": 61}, "9": {"precision": 0.875, "recall": 0.9090909090909091, "f1-score": 0.8917197452229298, "support": 77}, "10": {"precision": 0.9066666666666666, "recall": 0.9066666666666666, "f1-score": 0.9066666666666666, "support": 75}, "11": {"precision": 0.8888888888888888, "recall": 0.9411764705882353, "f1-score": 0.9142857142857143, "support": 85}, "12": {"precision": 0.9438202247191011, "recall": 0.8936170212765957, "f1-score": 0.9180327868852459, "support": 94}, "13": {"precision": 0.897196261682243, "recall": 0.96, "f1-score": 0.927536231884058, "support": 100}, "14": {"precision": 0.8983050847457628, "recall": 0.9217391304347826, "f1-score": 0.9098712446351932, "support": 115}, "15": {"precision": 0.9611650485436893, "recall": 0.868421052631579, "f1-score": 0.9124423963133641, "support": 114}, "16": {"precision": 0.8571428571428571, "recall": 0.9523809523809523, "f1-score": 0.9022556390977443, "support": 63}, "17": {"precision": 0.9076923076923077, "recall": 0.8939393939393939, "f1-score": 0.900763358778626, "support": 66}, "18": {"precision": 0.8529411764705882, "recall": 0.8656716417910447, "f1-score": 0.8592592592592593, "support": 67}, "19": {"precision": 0.8709677419354839, "recall": 0.8181818181818182, "f1-score": 0.84375, "support": 66}, "20": {"precision": 0.8666666666666667, "recall": 0.8297872340425532, "f1-score": 0.8478260869565217, "support": 47}, "21": {"precision": 0.8292682926829268, "recall": 0.8947368421052632, "f1-score": 0.860759493670886, "support": 38}, "22": {"precision": 0.8571428571428571, "recall": 0.8888888888888888, "f1-score": 0.8727272727272727, "support": 27}, "23": {"precision": 0.9545454545454546, "recall": 0.8076923076923077, "f1-score": 0.875, "support": 26}, "24": {"precision": 0.75, "recall": 0.8, "f1-score": 0.7741935483870969, "support": 15}, "25": {"precision": 0.5555555555555556, "recall": 0.7142857142857143, "f1-score": 0.6250000000000001, "support": 7}, "26": {"precision": 0.6, "recall": 0.75, "f1-score": 0.6666666666666665, "support": 4}, "27": {"precision": 1.0, "recall": 1.0, "f1-score": 1.0, "support": 1}, "accuracy": 0.89140625, "macro avg": {"precision": 0.8601425721824282, "recall": 0.8664084614644562, "f1-score": 0.8493261981958097, "support": 1280}, "weighted avg": {"precision": 0.8954546366656002, "recall": 0.89140625, "f1-score": 0.8916135327807962, "support": 1280}}