{"0": {"precision": 0.0, "recall": 0.0, "f1-score": 0.0, "support": 3}, "1": {"precision": 0.5, "recall": 0.42857142857142855, "f1-score": 0.4615384615384615, "support": 7}, "2": {"precision": 0.42857142857142855, "recall": 1.0, "f1-score": 0.6, "support": 3}, "3": {"precision": 0.8181818181818182, "recall": 0.75, "f1-score": 0.7826086956521738, "support": 12}, "4": {"precision": 0.7857142857142857, "recall": 0.6875, "f1-score": 0.7333333333333334, "support": 16}, "5": {"precision": 0.875, "recall": 0.8076923076923077, "f1-score": 0.8400000000000001, "support": 26}, "6": {"precision": 0.7941176470588235, "recall": 0.8709677419354839, "f1-score": 0.8307692307692308, "support": 31}, "7": {"precision": 0.7222222222222222, "recall": 0.7647058823529411, "f1-score": 0.7428571428571428, "support": 34}, "8": {"precision": 0.8181818181818182, "recall": 0.7758620689655172, "f1-score": 0.7964601769911505, "support": 58}, "9": {"precision": 0.8405797101449275, "recall": 0.8285714285714286, "f1-score": 0.8345323741007195, "support": 70}, "10": {"precision": 0.8674698795180723, "recall": 0.9230769230769231, "f1-score": 0.8944099378881989, "support": 78}, "11": {"precision": 0.8958333333333334, "recall": 0.86, "f1-score": 0.8775510204081632, "support": 100}, "12": {"precision": 0.8425925925925926, "recall": 0.8272727272727273, "f1-score": 0.834862385321101, "support": 110}, "13": {"precision": 0.7745098039215687, "recall": 0.8315789473684211, "f1-score": 0.8020304568527918, "support": 95}, "14": {"precision": 0.8695652173913043, "recall": 0.8163265306122449, "f1-score": 0.8421052631578948, "support": 98}, "15": {"precision": 0.8780487804878049, "recall": 0.9113924050632911, "f1-score": 0.8944099378881988, "support": 79}, "16": {"precision": 0.881578947368421, "recall": 0.8375, "f1-score": 0.8589743589743589, "support": 80}, "17": {"precision": 0.8777777777777778, "recall": 0.8977272727272727, "f1-score": 0.8876404494382022, "support": 88}, "18": {"precision": 0.8717948717948718, "recall": 0.918918918918919, "f1-score": 0.8947368421052632, "support": 74}, "19": {"precision": 0.9375, "recall": 0.8823529411764706, "f1-score": 0.9090909090909091, "support": 68}, "20": {"precision": 0.8372093023255814, "recall": 0.9230769230769231, "f1-score": 0.878048780487805, "support": 39}, "21": {"precision": 0.8611111111111112, "recall": 0.775, "f1-score": 0.8157894736842106, "support": 40}, "22": {"precision": 0.8611111111111112, "recall": 0.9393939393939394, "f1-score": 0.8985507246376813, "support": 33}, "23": {"precision": 0.8888888888888888, "recall": 0.8888888888888888, "f1-score": 0.8888888888888888, "support": 9}, "24": {"precision": 1.0, "recall": 0.9411764705882353, "f1-score": 0.9696969696969697, "support": 17}, "25": {"precision": 1.0, "recall": 1.0, "f1-score": 1.0, "support": 8}, "26": {"precision": 0.6666666666666666, "recall": 1.0, "f1-score": 0.8, "support": 2}, "27": {"precision": 1.0, "recall": 0.5, "f1-score": 0.6666666666666666, "support": 2}, "accuracy": 0.8515625, "macro avg": {"precision": 0.799793829084444, "recall": 0.8066983480804774, "f1-score": 0.7941268743010542, "support": 1280}, "weighted avg": {"precision": 0.8526294421036221, "recall": 0.8515625, "f1-score": 0.8509021404379908, "support": 1280}}