{"0": {"precision": 0.0, "recall": 0.0, "f1-score": 0.0, "support": 2}, "1": {"precision": 0.3333333333333333, "recall": 0.5, "f1-score": 0.4, "support": 2}, "2": {"precision": 0.5, "recall": 0.5, "f1-score": 0.5, "support": 4}, "3": {"precision": 0.7142857142857143, "recall": 0.45454545454545453, "f1-score": 0.5555555555555556, "support": 11}, "4": {"precision": 0.75, "recall": 0.6, "f1-score": 0.6666666666666665, "support": 20}, "5": {"precision": 0.7619047619047619, "recall": 0.5517241379310345, "f1-score": 0.64, "support": 29}, "6": {"precision": 0.6923076923076923, "recall": 0.6923076923076923, "f1-score": 0.6923076923076923, "support": 26}, "7": {"precision": 0.7857142857142857, "recall": 0.676923076923077, "f1-score": 0.7272727272727272, "support": 65}, "8": {"precision": 0.7105263157894737, "recall": 0.5869565217391305, "f1-score": 0.6428571428571428, "support": 46}, "9": {"precision": 0.765625, "recall": 0.6621621621621622, "f1-score": 0.7101449275362318, "support": 74}, "10": {"precision": 0.7777777777777778, "recall": 0.6511627906976745, "f1-score": 0.7088607594936709, "support": 86}, "11": {"precision": 0.7093023255813954, "recall": 0.7093023255813954, "f1-score": 0.7093023255813953, "support": 86}, "12": {"precision": 0.7339449541284404, "recall": 0.7619047619047619, "f1-score": 0.7476635514018691, "support": 105}, "13": {"precision": 0.5087719298245614, "recall": 0.6744186046511628, "f1-score": 0.58, "support": 86}, "14": {"precision": 0.6666666666666666, "recall": 0.7555555555555555, "f1-score": 0.7083333333333334, "support": 90}, "15": {"precision": 0.6206896551724138, "recall": 0.6990291262135923, "f1-score": 0.6575342465753424, "support": 103}, "16": {"precision": 0.6538461538461539, "recall": 0.68, "f1-score": 0.6666666666666666, "support": 75}, "17": {"precision": 0.6941176470588235, "recall": 0.7283950617283951, "f1-score": 0.710843373493976, "support": 81}, "18": {"precision": 0.5148514851485149, "recall": 0.7761194029850746, "f1-score": 0.6190476190476191, "support": 67}, "19": {"precision": 0.7857142857142857, "recall": 0.6226415094339622, "f1-score": 0.6947368421052631, "support": 53}, "20": {"precision": 0.9111111111111111, "recall": 0.7321428571428571, "f1-score": 0.8118811881188118, "support": 56}, "21": {"precision": 0.7333333333333333, "recall": 0.5641025641025641, "f1-score": 0.6376811594202899, "support": 39}, "22": {"precision": 0.6153846153846154, "recall": 0.5925925925925926, "f1-score": 0.6037735849056604, "support": 27}, "23": {"precision": 0.5833333333333334, "recall": 0.3333333333333333, "f1-score": 0.4242424242424242, "support": 21}, "24": {"precision": 0.6470588235294118, "recall": 0.8461538461538461, "f1-score": 0.7333333333333334, "support": 13}, "25": {"precision": 0.8333333333333334, "recall": 0.625, "f1-score": 0.7142857142857143, "support": 8}, "26": {"precision": 0.6666666666666666, "recall": 0.5, "f1-score": 0.5714285714285715, "support": 4}, "27": {"precision": 0.0, "recall": 0.0, "f1-score": 0.0, "support": 1}, "accuracy": 0.678125, "macro avg": {"precision": 0.631057185748075, "recall": 0.5884454777744758, "f1-score": 0.6012292644867843, "support": 1280}, "weighted avg": {"precision": 0.6924234911810111, "recall": 0.678125, "f1-score": 0.6788881481913258, "support": 1280}}