{"0": {"precision": 0.0, "recall": 0.0, "f1-score": 0.0, "support": 1}, "1": {"precision": 0.5, "recall": 0.3333333333333333, "f1-score": 0.4, "support": 3}, "2": {"precision": 0.6666666666666666, "recall": 0.8, "f1-score": 0.7272727272727272, "support": 5}, "3": {"precision": 0.8888888888888888, "recall": 0.8888888888888888, "f1-score": 0.8888888888888888, "support": 18}, "4": {"precision": 0.8636363636363636, "recall": 0.8636363636363636, "f1-score": 0.8636363636363636, "support": 22}, "5": {"precision": 0.8846153846153846, "recall": 0.92, "f1-score": 0.9019607843137256, "support": 25}, "6": {"precision": 0.96, "recall": 0.8888888888888888, "f1-score": 0.923076923076923, "support": 27}, "7": {"precision": 0.875, "recall": 0.9459459459459459, "f1-score": 0.9090909090909091, "support": 37}, "8": {"precision": 0.9622641509433962, "recall": 0.8947368421052632, "f1-score": 0.9272727272727272, "support": 57}, "9": {"precision": 0.8852459016393442, "recall": 0.9152542372881356, "f1-score": 0.9, "support": 59}, "10": {"precision": 0.9090909090909091, "recall": 0.9090909090909091, "f1-score": 0.9090909090909091, "support": 77}, "11": {"precision": 0.9381443298969072, "recall": 0.9578947368421052, "f1-score": 0.9479166666666666, "support": 95}, "12": {"precision": 0.9310344827586207, "recall": 0.9418604651162791, "f1-score": 0.9364161849710984, "support": 86}, "13": {"precision": 0.9532710280373832, "recall": 0.9622641509433962, "f1-score": 0.9577464788732395, "support": 106}, "14": {"precision": 0.9186046511627907, "recall": 0.8494623655913979, "f1-score": 0.88268156424581, "support": 93}, "15": {"precision": 0.8349514563106796, "recall": 0.8958333333333334, "f1-score": 0.864321608040201, "support": 96}, "16": {"precision": 0.93, "recall": 0.8773584905660378, "f1-score": 0.9029126213592233, "support": 106}, "17": {"precision": 0.9302325581395349, "recall": 0.9195402298850575, "f1-score": 0.9248554913294798, "support": 87}, "18": {"precision": 0.922077922077922, "recall": 0.9594594594594594, "f1-score": 0.9403973509933775, "support": 74}, "19": {"precision": 0.8888888888888888, "recall": 0.851063829787234, "f1-score": 0.8695652173913044, "support": 47}, "20": {"precision": 0.8148148148148148, "recall": 0.9166666666666666, "f1-score": 0.8627450980392156, "support": 48}, "21": {"precision": 0.9767441860465116, "recall": 0.875, "f1-score": 0.923076923076923, "support": 48}, "22": {"precision": 0.8421052631578947, "recall": 0.8, "f1-score": 0.8205128205128205, "support": 20}, "23": {"precision": 0.6666666666666666, "recall": 0.8, "f1-score": 0.7272727272727272, "support": 15}, "24": {"precision": 0.875, "recall": 0.8235294117647058, "f1-score": 0.8484848484848485, "support": 17}, "25": {"precision": 0.625, "recall": 1.0, "f1-score": 0.7692307692307693, "support": 5}, "26": {"precision": 0.5, "recall": 0.2, "f1-score": 0.28571428571428575, "support": 5}, "27": {"precision": 0.0, "recall": 0.0, "f1-score": 0.0, "support": 1}, "accuracy": 0.9015625, "macro avg": {"precision": 0.783676589765699, "recall": 0.7853467338976214, "f1-score": 0.7790764603158987, "support": 1280}, "weighted avg": {"precision": 0.9031296678256039, "recall": 0.9015625, "f1-score": 0.9011222952647318, "support": 1280}}