{"1": {"precision": 0.5, "recall": 0.6666666666666666, "f1-score": 0.5714285714285715, "support": 3}, "2": {"precision": 0.6, "recall": 0.3, "f1-score": 0.4, "support": 10}, "3": {"precision": 0.5625, "recall": 0.6923076923076923, "f1-score": 0.6206896551724138, "support": 13}, "4": {"precision": 0.6521739130434783, "recall": 0.6, "f1-score": 0.6250000000000001, "support": 25}, "5": {"precision": 0.6111111111111112, "recall": 0.7333333333333333, "f1-score": 0.6666666666666666, "support": 30}, "6": {"precision": 0.7317073170731707, "recall": 0.7142857142857143, "f1-score": 0.7228915662650603, "support": 42}, "7": {"precision": 0.7547169811320755, "recall": 0.8163265306122449, "f1-score": 0.7843137254901962, "support": 49}, "8": {"precision": 0.85, "recall": 0.6938775510204082, "f1-score": 0.7640449438202247, "support": 49}, "9": {"precision": 0.7941176470588235, "recall": 0.8709677419354839, "f1-score": 0.8307692307692308, "support": 62}, "10": {"precision": 0.9078947368421053, "recall": 0.7666666666666667, "f1-score": 0.8313253012048194, "support": 90}, "11": {"precision": 0.7961165048543689, "recall": 0.8367346938775511, "f1-score": 0.8159203980099503, "support": 98}, "12": {"precision": 0.7978723404255319, "recall": 0.8152173913043478, "f1-score": 0.8064516129032258, "support": 92}, "13": {"precision": 0.7835051546391752, "recall": 0.8085106382978723, "f1-score": 0.7958115183246073, "support": 94}, "14": {"precision": 0.8, "recall": 0.8, "f1-score": 0.8000000000000002, "support": 90}, "15": {"precision": 0.8043478260869565, "recall": 0.8131868131868132, "f1-score": 0.8087431693989071, "support": 91}, "16": {"precision": 0.8717948717948718, "recall": 0.7816091954022989, "f1-score": 0.8242424242424243, "support": 87}, "17": {"precision": 0.7605633802816901, "recall": 0.782608695652174, "f1-score": 0.7714285714285714, "support": 69}, "18": {"precision": 0.6973684210526315, "recall": 0.828125, "f1-score": 0.7571428571428572, "support": 64}, "19": {"precision": 0.7540983606557377, "recall": 0.7931034482758621, "f1-score": 0.7731092436974789, "support": 58}, "20": {"precision": 0.8095238095238095, "recall": 0.7391304347826086, "f1-score": 0.7727272727272727, "support": 46}, "21": {"precision": 0.7142857142857143, "recall": 0.7692307692307693, "f1-score": 0.7407407407407408, "support": 39}, "22": {"precision": 0.7241379310344828, "recall": 0.7, "f1-score": 0.711864406779661, "support": 30}, "23": {"precision": 0.7058823529411765, "recall": 0.46153846153846156, "f1-score": 0.558139534883721, "support": 26}, "24": {"precision": 0.55, "recall": 0.7333333333333333, "f1-score": 0.6285714285714286, "support": 15}, "25": {"precision": 0.3333333333333333, "recall": 0.2, "f1-score": 0.25, "support": 5}, "26": {"precision": 0.3333333333333333, "recall": 0.5, "f1-score": 0.4, "support": 2}, "27": {"precision": 0.0, "recall": 0.0, "f1-score": 0.0, "support": 1}, "accuracy": 0.771875, "macro avg": {"precision": 0.6740883348334658, "recall": 0.6746948433966778, "f1-score": 0.6678526977654826, "support": 1280}, "weighted avg": {"precision": 0.7753731343572988, "recall": 0.771875, "f1-score": 0.7707324344214236, "support": 1280}}