{"0": {"precision": 0.0, "recall": 0.0, "f1-score": 0.0, "support": 1}, "1": {"precision": 0.5714285714285714, "recall": 0.8, "f1-score": 0.6666666666666666, "support": 5}, "2": {"precision": 0.625, "recall": 0.45454545454545453, "f1-score": 0.5263157894736842, "support": 11}, "3": {"precision": 0.5384615384615384, "recall": 0.7777777777777778, "f1-score": 0.6363636363636364, "support": 9}, "4": {"precision": 0.9285714285714286, "recall": 0.896551724137931, "f1-score": 0.912280701754386, "support": 29}, "5": {"precision": 0.9629629629629629, "recall": 0.8666666666666667, "f1-score": 0.912280701754386, "support": 30}, "6": {"precision": 0.8333333333333334, "recall": 0.7575757575757576, "f1-score": 0.7936507936507938, "support": 33}, "7": {"precision": 0.82, "recall": 0.8913043478260869, "f1-score": 0.8541666666666666, "support": 46}, "8": {"precision": 0.8985507246376812, "recall": 0.9393939393939394, "f1-score": 0.9185185185185185, "support": 66}, "9": {"precision": 0.9402985074626866, "recall": 0.9, "f1-score": 0.9197080291970803, "support": 70}, "10": {"precision": 0.8701298701298701, "recall": 0.9710144927536232, "f1-score": 0.9178082191780821, "support": 69}, "11": {"precision": 0.9761904761904762, "recall": 0.9010989010989011, "f1-score": 0.937142857142857, "support": 91}, "12": {"precision": 0.958904109589041, "recall": 0.8641975308641975, "f1-score": 0.9090909090909091, "support": 81}, "13": {"precision": 0.8125, "recall": 0.9381443298969072, "f1-score": 0.8708133971291866, "support": 97}, "14": {"precision": 0.9183673469387755, "recall": 0.8490566037735849, "f1-score": 0.8823529411764707, "support": 106}, "15": {"precision": 0.9263157894736842, "recall": 0.9263157894736842, "f1-score": 0.9263157894736842, "support": 95}, "16": {"precision": 0.9318181818181818, "recall": 0.9425287356321839, "f1-score": 0.9371428571428572, "support": 87}, "17": {"precision": 0.9375, "recall": 0.9036144578313253, "f1-score": 0.920245398773006, "support": 83}, "18": {"precision": 0.855072463768116, "recall": 0.9076923076923077, "f1-score": 0.8805970149253731, "support": 65}, "19": {"precision": 0.9206349206349206, "recall": 0.90625, "f1-score": 0.9133858267716536, "support": 64}, "20": {"precision": 0.9523809523809523, "recall": 0.8695652173913043, "f1-score": 0.909090909090909, "support": 46}, "21": {"precision": 0.8, "recall": 0.9411764705882353, "f1-score": 0.8648648648648648, "support": 34}, "22": {"precision": 0.7241379310344828, "recall": 0.84, "f1-score": 0.7777777777777777, "support": 25}, "23": {"precision": 0.8181818181818182, "recall": 0.5, "f1-score": 0.6206896551724137, "support": 18}, "24": {"precision": 0.5454545454545454, "recall": 0.8571428571428571, "f1-score": 0.6666666666666665, "support": 7}, "25": {"precision": 1.0, "recall": 0.5555555555555556, "f1-score": 0.7142857142857143, "support": 9}, "26": {"precision": 0.6666666666666666, "recall": 1.0, "f1-score": 0.8, "support": 2}, "27": {"precision": 1.0, "recall": 1.0, "f1-score": 1.0, "support": 1}, "accuracy": 0.88828125, "macro avg": {"precision": 0.8118879335399906, "recall": 0.8198988899149386, "f1-score": 0.8067222250967231, "support": 1280}, "weighted avg": {"precision": 0.8936068384700523, "recall": 0.88828125, "f1-score": 0.8879257729897427, "support": 1280}}