{"0": {"precision": 0.0, "recall": 0.0, "f1-score": 0.0, "support": 3}, "1": {"precision": 0.0, "recall": 0.0, "f1-score": 0.0, "support": 2}, "2": {"precision": 0.6, "recall": 0.75, "f1-score": 0.6666666666666665, "support": 4}, "3": {"precision": 0.6428571428571429, "recall": 0.8181818181818182, "f1-score": 0.7200000000000001, "support": 11}, "4": {"precision": 0.7857142857142857, "recall": 0.6875, "f1-score": 0.7333333333333334, "support": 16}, "5": {"precision": 0.7142857142857143, "recall": 0.6818181818181818, "f1-score": 0.6976744186046512, "support": 22}, "6": {"precision": 0.8148148148148148, "recall": 0.8461538461538461, "f1-score": 0.830188679245283, "support": 26}, "7": {"precision": 0.8909090909090909, "recall": 0.9607843137254902, "f1-score": 0.9245283018867925, "support": 51}, "8": {"precision": 0.9210526315789473, "recall": 0.8641975308641975, "f1-score": 0.89171974522293, "support": 81}, "9": {"precision": 0.8783783783783784, "recall": 0.8904109589041096, "f1-score": 0.8843537414965986, "support": 73}, "10": {"precision": 0.8983050847457628, "recall": 0.828125, "f1-score": 0.8617886178861789, "support": 64}, "11": {"precision": 0.8313253012048193, "recall": 0.8625, "f1-score": 0.8466257668711658, "support": 80}, "12": {"precision": 0.8673469387755102, "recall": 0.8415841584158416, "f1-score": 0.8542713567839196, "support": 101}, "13": {"precision": 0.7610619469026548, "recall": 0.8514851485148515, "f1-score": 0.8037383177570093, "support": 101}, "14": {"precision": 0.8426966292134831, "recall": 0.7575757575757576, "f1-score": 0.7978723404255319, "support": 99}, "15": {"precision": 0.7604166666666666, "recall": 0.8202247191011236, "f1-score": 0.7891891891891892, "support": 89}, "16": {"precision": 0.8021978021978022, "recall": 0.7849462365591398, "f1-score": 0.7934782608695653, "support": 93}, "17": {"precision": 0.797752808988764, "recall": 0.8352941176470589, "f1-score": 0.8160919540229884, "support": 85}, "18": {"precision": 0.8387096774193549, "recall": 0.7878787878787878, "f1-score": 0.8125, "support": 66}, "19": {"precision": 0.7704918032786885, "recall": 0.8103448275862069, "f1-score": 0.7899159663865546, "support": 58}, "20": {"precision": 0.8181818181818182, "recall": 0.782608695652174, "f1-score": 0.8, "support": 46}, "21": {"precision": 0.7142857142857143, "recall": 0.75, "f1-score": 0.7317073170731706, "support": 40}, "22": {"precision": 0.7058823529411765, "recall": 0.631578947368421, "f1-score": 0.6666666666666667, "support": 19}, "23": {"precision": 0.8, "recall": 0.9090909090909091, "f1-score": 0.8510638297872342, "support": 22}, "24": {"precision": 0.8181818181818182, "recall": 0.6428571428571429, "f1-score": 0.7200000000000001, "support": 14}, "25": {"precision": 0.8571428571428571, "recall": 0.6666666666666666, "f1-score": 0.75, "support": 9}, "26": {"precision": 1.0, "recall": 1.0, "f1-score": 1.0, "support": 3}, "27": {"precision": 1.0, "recall": 1.0, "f1-score": 1.0, "support": 2}, "accuracy": 0.8171875, "macro avg": {"precision": 0.7547139742380452, "recall": 0.7522074201629189, "f1-score": 0.7511919453634082, "support": 1280}, "weighted avg": {"precision": 0.8175950068813072, "recall": 0.8171875, "f1-score": 0.8161346111948278, "support": 1280}}