{"0": {"precision": 0.0, "recall": 0.0, "f1-score": 0.0, "support": 1}, "1": {"precision": 0.3333333333333333, "recall": 0.25, "f1-score": 0.28571428571428575, "support": 4}, "2": {"precision": 0.5, "recall": 0.8571428571428571, "f1-score": 0.631578947368421, "support": 7}, "3": {"precision": 1.0, "recall": 0.6923076923076923, "f1-score": 0.8181818181818181, "support": 13}, "4": {"precision": 0.9, "recall": 0.9, "f1-score": 0.9, "support": 20}, "5": {"precision": 0.9285714285714286, "recall": 0.8387096774193549, "f1-score": 0.8813559322033899, "support": 31}, "6": {"precision": 0.8, "recall": 0.972972972972973, "f1-score": 0.8780487804878049, "support": 37}, "7": {"precision": 0.975, "recall": 0.8666666666666667, "f1-score": 0.9176470588235294, "support": 45}, "8": {"precision": 0.9661016949152542, "recall": 0.95, "f1-score": 0.957983193277311, "support": 60}, "9": {"precision": 0.875, "recall": 0.9264705882352942, "f1-score": 0.9, "support": 68}, "10": {"precision": 0.9117647058823529, "recall": 0.8857142857142857, "f1-score": 0.8985507246376812, "support": 70}, "11": {"precision": 0.9487179487179487, "recall": 0.9367088607594937, "f1-score": 0.9426751592356688, "support": 79}, "12": {"precision": 0.9213483146067416, "recall": 0.9318181818181818, "f1-score": 0.9265536723163842, "support": 88}, "13": {"precision": 0.9, "recall": 0.9, "f1-score": 0.9, "support": 100}, "14": {"precision": 0.9038461538461539, "recall": 0.9038461538461539, "f1-score": 0.9038461538461539, "support": 104}, "15": {"precision": 0.8990825688073395, "recall": 0.9245283018867925, "f1-score": 0.9116279069767442, "support": 106}, "16": {"precision": 0.8932038834951457, "recall": 0.9019607843137255, "f1-score": 0.8975609756097561, "support": 102}, "17": {"precision": 0.922077922077922, "recall": 0.8658536585365854, "f1-score": 0.8930817610062892, "support": 82}, "18": {"precision": 0.8169014084507042, "recall": 0.9206349206349206, "f1-score": 0.8656716417910447, "support": 63}, "19": {"precision": 0.9130434782608695, "recall": 0.7924528301886793, "f1-score": 0.8484848484848485, "support": 53}, "20": {"precision": 0.8636363636363636, "recall": 0.95, "f1-score": 0.9047619047619048, "support": 40}, "21": {"precision": 0.9411764705882353, "recall": 0.8648648648648649, "f1-score": 0.9014084507042254, "support": 37}, "22": {"precision": 0.9444444444444444, "recall": 0.7391304347826086, "f1-score": 0.8292682926829269, "support": 23}, "23": {"precision": 0.7727272727272727, "recall": 0.8947368421052632, "f1-score": 0.8292682926829269, "support": 19}, "24": {"precision": 0.7647058823529411, "recall": 0.8666666666666667, "f1-score": 0.8125, "support": 15}, "25": {"precision": 0.45454545454545453, "recall": 0.7142857142857143, "f1-score": 0.5555555555555556, "support": 7}, "26": {"precision": 0.0, "recall": 0.0, "f1-score": 0.0, "support": 5}, "27": {"precision": 1.0, "recall": 1.0, "f1-score": 1.0, "support": 1}, "accuracy": 0.89140625, "macro avg": {"precision": 0.7874724546164252, "recall": 0.7945526055410277, "f1-score": 0.7854044770124526, "support": 1280}, "weighted avg": {"precision": 0.8927441486241436, "recall": 0.89140625, "f1-score": 0.8900481026592433, "support": 1280}}