{"0": {"precision": 0.0, "recall": 0.0, "f1-score": 0.0, "support": 2}, "1": {"precision": 0.42857142857142855, "recall": 0.5, "f1-score": 0.4615384615384615, "support": 6}, "2": {"precision": 0.625, "recall": 0.45454545454545453, "f1-score": 0.5263157894736842, "support": 11}, "3": {"precision": 0.6363636363636364, "recall": 0.875, "f1-score": 0.7368421052631579, "support": 8}, "4": {"precision": 0.8333333333333334, "recall": 0.625, "f1-score": 0.7142857142857143, "support": 16}, "5": {"precision": 0.75, "recall": 0.8076923076923077, "f1-score": 0.7777777777777779, "support": 26}, "6": {"precision": 0.8148148148148148, "recall": 0.7586206896551724, "f1-score": 0.7857142857142857, "support": 29}, "7": {"precision": 0.7833333333333333, "recall": 0.8545454545454545, "f1-score": 0.817391304347826, "support": 55}, "8": {"precision": 0.7868852459016393, "recall": 0.8275862068965517, "f1-score": 0.8067226890756303, "support": 58}, "9": {"precision": 0.8405797101449275, "recall": 0.8055555555555556, "f1-score": 0.8226950354609929, "support": 72}, "10": {"precision": 0.8415841584158416, "recall": 0.8585858585858586, "f1-score": 0.85, "support": 99}, "11": {"precision": 0.8157894736842105, "recall": 0.8266666666666667, "f1-score": 0.8211920529801323, "support": 75}, "12": {"precision": 0.9191919191919192, "recall": 0.8425925925925926, "f1-score": 0.8792270531400966, "support": 108}, "13": {"precision": 0.8058252427184466, "recall": 0.9120879120879121, "f1-score": 0.8556701030927835, "support": 91}, "14": {"precision": 0.8936170212765957, "recall": 0.8235294117647058, "f1-score": 0.8571428571428571, "support": 102}, "15": {"precision": 0.8260869565217391, "recall": 0.8444444444444444, "f1-score": 0.8351648351648352, "support": 90}, "16": {"precision": 0.8387096774193549, "recall": 0.8666666666666667, "f1-score": 0.8524590163934426, "support": 90}, "17": {"precision": 0.8901098901098901, "recall": 0.8526315789473684, "f1-score": 0.8709677419354839, "support": 95}, "18": {"precision": 0.8571428571428571, "recall": 0.8823529411764706, "f1-score": 0.8695652173913043, "support": 68}, "19": {"precision": 0.8888888888888888, "recall": 0.9056603773584906, "f1-score": 0.897196261682243, "support": 53}, "20": {"precision": 0.925, "recall": 0.8409090909090909, "f1-score": 0.8809523809523809, "support": 44}, "21": {"precision": 0.8, "recall": 0.96, "f1-score": 0.8727272727272728, "support": 25}, "22": {"precision": 1.0, "recall": 0.8181818181818182, "f1-score": 0.9, "support": 22}, "23": {"precision": 0.75, "recall": 0.75, "f1-score": 0.75, "support": 12}, "24": {"precision": 0.7777777777777778, "recall": 0.875, "f1-score": 0.823529411764706, "support": 16}, "25": {"precision": 0.6666666666666666, "recall": 0.6666666666666666, "f1-score": 0.6666666666666666, "support": 3}, "26": {"precision": 1.0, "recall": 0.6666666666666666, "f1-score": 0.8, "support": 3}, "27": {"precision": 0.0, "recall": 0.0, "f1-score": 0.0, "support": 1}, "accuracy": 0.83984375, "macro avg": {"precision": 0.7498311440099037, "recall": 0.7393281557716399, "f1-score": 0.740419429784705, "support": 1280}, "weighted avg": {"precision": 0.8417429113652926, "recall": 0.83984375, "f1-score": 0.8391620171543936, "support": 1280}}