{"1": {"precision": 1.0, "recall": 0.6, "f1-score": 0.7499999999999999, "support": 5}, "2": {"precision": 0.7, "recall": 0.875, "f1-score": 0.7777777777777777, "support": 8}, "3": {"precision": 0.9285714285714286, "recall": 0.8666666666666667, "f1-score": 0.896551724137931, "support": 15}, "4": {"precision": 0.8695652173913043, "recall": 0.8695652173913043, "f1-score": 0.8695652173913043, "support": 23}, "5": {"precision": 0.76, "recall": 0.7307692307692307, "f1-score": 0.7450980392156863, "support": 26}, "6": {"precision": 0.7941176470588235, "recall": 0.8181818181818182, "f1-score": 0.8059701492537314, "support": 33}, "7": {"precision": 0.8604651162790697, "recall": 0.925, "f1-score": 0.891566265060241, "support": 40}, "8": {"precision": 0.9130434782608695, "recall": 0.7241379310344828, "f1-score": 0.8076923076923076, "support": 58}, "9": {"precision": 0.8194444444444444, "recall": 0.8676470588235294, "f1-score": 0.8428571428571429, "support": 68}, "10": {"precision": 0.92, "recall": 0.8846153846153846, "f1-score": 0.9019607843137256, "support": 78}, "11": {"precision": 0.8681318681318682, "recall": 0.8876404494382022, "f1-score": 0.8777777777777778, "support": 89}, "12": {"precision": 0.7821782178217822, "recall": 0.8404255319148937, "f1-score": 0.8102564102564104, "support": 94}, "13": {"precision": 0.8217821782178217, "recall": 0.8383838383838383, "f1-score": 0.83, "support": 99}, "14": {"precision": 0.8585858585858586, "recall": 0.85, "f1-score": 0.8542713567839195, "support": 100}, "15": {"precision": 0.8571428571428571, "recall": 0.84, "f1-score": 0.8484848484848485, "support": 100}, "16": {"precision": 0.8426966292134831, "recall": 0.8241758241758241, "f1-score": 0.8333333333333334, "support": 91}, "17": {"precision": 0.7415730337078652, "recall": 0.9041095890410958, "f1-score": 0.8148148148148147, "support": 73}, "18": {"precision": 0.9787234042553191, "recall": 0.7419354838709677, "f1-score": 0.8440366972477064, "support": 62}, "19": {"precision": 0.8666666666666667, "recall": 0.9454545454545454, "f1-score": 0.9043478260869566, "support": 55}, "20": {"precision": 0.7948717948717948, "recall": 0.8611111111111112, "f1-score": 0.8266666666666667, "support": 36}, "21": {"precision": 0.851063829787234, "recall": 0.8333333333333334, "f1-score": 0.8421052631578947, "support": 48}, "22": {"precision": 0.8, "recall": 0.7741935483870968, "f1-score": 0.7868852459016393, "support": 31}, "23": {"precision": 0.9230769230769231, "recall": 0.75, "f1-score": 0.8275862068965517, "support": 16}, "24": {"precision": 0.9333333333333333, "recall": 0.7, "f1-score": 0.8, "support": 20}, "25": {"precision": 0.5, "recall": 0.8571428571428571, "f1-score": 0.631578947368421, "support": 7}, "26": {"precision": 0.5, "recall": 0.3333333333333333, "f1-score": 0.4, "support": 3}, "27": {"precision": 1.0, "recall": 1.0, "f1-score": 1.0, "support": 2}, "accuracy": 0.83984375, "macro avg": {"precision": 0.8327790343266203, "recall": 0.8126971390025746, "f1-score": 0.8155994371287698, "support": 1280}, "weighted avg": {"precision": 0.8460466302188395, "recall": 0.83984375, "f1-score": 0.8399368643415643, "support": 1280}}