{"0": {"precision": 0.0, "recall": 0.0, "f1-score": 0.0, "support": 1}, "1": {"precision": 0.8, "recall": 0.4, "f1-score": 0.5333333333333333, "support": 10}, "2": {"precision": 0.5384615384615384, "recall": 0.875, "f1-score": 0.6666666666666667, "support": 8}, "3": {"precision": 0.7272727272727273, "recall": 0.6153846153846154, "f1-score": 0.6666666666666667, "support": 13}, "4": {"precision": 0.8421052631578947, "recall": 0.8888888888888888, "f1-score": 0.8648648648648649, "support": 18}, "5": {"precision": 0.9375, "recall": 0.8333333333333334, "f1-score": 0.8823529411764706, "support": 36}, "6": {"precision": 0.7931034482758621, "recall": 0.8846153846153846, "f1-score": 0.8363636363636363, "support": 26}, "7": {"precision": 0.8727272727272727, "recall": 0.9230769230769231, "f1-score": 0.897196261682243, "support": 52}, "8": {"precision": 0.86, "recall": 0.86, "f1-score": 0.8599999999999999, "support": 50}, "9": {"precision": 0.9375, "recall": 0.8695652173913043, "f1-score": 0.9022556390977444, "support": 69}, "10": {"precision": 0.9054054054054054, "recall": 0.9436619718309859, "f1-score": 0.9241379310344827, "support": 71}, "11": {"precision": 0.9024390243902439, "recall": 0.9024390243902439, "f1-score": 0.9024390243902439, "support": 82}, "12": {"precision": 0.8780487804878049, "recall": 0.8888888888888888, "f1-score": 0.8834355828220859, "support": 81}, "13": {"precision": 0.9313725490196079, "recall": 0.9405940594059405, "f1-score": 0.935960591133005, "support": 101}, "14": {"precision": 0.9278350515463918, "recall": 0.9090909090909091, "f1-score": 0.9183673469387756, "support": 99}, "15": {"precision": 0.8690476190476191, "recall": 0.9125, "f1-score": 0.8902439024390244, "support": 80}, "16": {"precision": 0.9195402298850575, "recall": 0.898876404494382, "f1-score": 0.9090909090909091, "support": 89}, "17": {"precision": 0.9054054054054054, "recall": 0.9054054054054054, "f1-score": 0.9054054054054054, "support": 74}, "18": {"precision": 0.9125, "recall": 0.8690476190476191, "f1-score": 0.8902439024390244, "support": 84}, "19": {"precision": 0.8461538461538461, "recall": 0.9166666666666666, "f1-score": 0.8799999999999999, "support": 60}, "20": {"precision": 0.9193548387096774, "recall": 0.9344262295081968, "f1-score": 0.9268292682926829, "support": 61}, "21": {"precision": 0.9, "recall": 0.8181818181818182, "f1-score": 0.8571428571428572, "support": 33}, "22": {"precision": 0.7931034482758621, "recall": 0.92, "f1-score": 0.851851851851852, "support": 25}, "23": {"precision": 0.9166666666666666, "recall": 0.8461538461538461, "f1-score": 0.8799999999999999, "support": 26}, "24": {"precision": 0.9, "recall": 0.6428571428571429, "f1-score": 0.75, "support": 14}, "25": {"precision": 0.7333333333333333, "recall": 1.0, "f1-score": 0.846153846153846, "support": 11}, "26": {"precision": 1.0, "recall": 0.8333333333333334, "f1-score": 0.9090909090909091, "support": 6}, "accuracy": 0.88984375, "macro avg": {"precision": 0.8321806091934154, "recall": 0.8234069511831789, "f1-score": 0.821114568076916, "support": 1280}, "weighted avg": {"precision": 0.8918597851675287, "recall": 0.88984375, "f1-score": 0.8889947601691656, "support": 1280}}