{"0": {"precision": 0.0, "recall": 0.0, "f1-score": 0.0, "support": 1}, "1": {"precision": 1.0, "recall": 1.0, "f1-score": 1.0, "support": 1}, "2": {"precision": 0.8461538461538461, "recall": 0.9166666666666666, "f1-score": 0.8799999999999999, "support": 12}, "3": {"precision": 0.8823529411764706, "recall": 0.9375, "f1-score": 0.9090909090909091, "support": 16}, "4": {"precision": 0.8, "recall": 0.8, "f1-score": 0.8000000000000002, "support": 15}, "5": {"precision": 0.9090909090909091, "recall": 0.8333333333333334, "f1-score": 0.8695652173913043, "support": 24}, "6": {"precision": 0.9166666666666666, "recall": 0.9705882352941176, "f1-score": 0.9428571428571428, "support": 34}, "7": {"precision": 0.9245283018867925, "recall": 0.9245283018867925, "f1-score": 0.9245283018867925, "support": 53}, "8": {"precision": 0.9074074074074074, "recall": 0.8305084745762712, "f1-score": 0.8672566371681415, "support": 59}, "9": {"precision": 0.8484848484848485, "recall": 0.875, "f1-score": 0.8615384615384615, "support": 64}, "10": {"precision": 0.9166666666666666, "recall": 0.9058823529411765, "f1-score": 0.9112426035502958, "support": 85}, "11": {"precision": 0.8607594936708861, "recall": 0.9714285714285714, "f1-score": 0.912751677852349, "support": 70}, "12": {"precision": 0.968421052631579, "recall": 0.8440366972477065, "f1-score": 0.9019607843137255, "support": 109}, "13": {"precision": 0.82, "recall": 0.9111111111111111, "f1-score": 0.8631578947368421, "support": 90}, "14": {"precision": 0.8604651162790697, "recall": 0.8043478260869565, "f1-score": 0.8314606741573034, "support": 92}, "15": {"precision": 0.8235294117647058, "recall": 0.8974358974358975, "f1-score": 0.8588957055214724, "support": 78}, "16": {"precision": 0.9318181818181818, "recall": 0.9213483146067416, "f1-score": 0.9265536723163842, "support": 89}, "17": {"precision": 0.8933333333333333, "recall": 0.8271604938271605, "f1-score": 0.858974358974359, "support": 81}, "18": {"precision": 0.7948717948717948, "recall": 0.8857142857142857, "f1-score": 0.8378378378378378, "support": 70}, "19": {"precision": 0.9069767441860465, "recall": 0.8125, "f1-score": 0.8571428571428572, "support": 48}, "20": {"precision": 0.8545454545454545, "recall": 0.9791666666666666, "f1-score": 0.912621359223301, "support": 48}, "21": {"precision": 0.9210526315789473, "recall": 0.813953488372093, "f1-score": 0.8641975308641974, "support": 43}, "22": {"precision": 0.9333333333333333, "recall": 0.8, "f1-score": 0.8615384615384616, "support": 35}, "23": {"precision": 0.7333333333333333, "recall": 1.0, "f1-score": 0.846153846153846, "support": 22}, "24": {"precision": 0.9444444444444444, "recall": 0.7727272727272727, "f1-score": 0.85, "support": 22}, "25": {"precision": 0.7692307692307693, "recall": 0.7142857142857143, "f1-score": 0.7407407407407408, "support": 14}, "26": {"precision": 0.5, "recall": 0.6, "f1-score": 0.5454545454545454, "support": 5}, "accuracy": 0.87578125, "macro avg": {"precision": 0.8321283956502031, "recall": 0.8351564334892052, "f1-score": 0.830945230381899, "support": 1280}, "weighted avg": {"precision": 0.879656563187685, "recall": 0.87578125, "f1-score": 0.8754203798545381, "support": 1280}}