{"0": {"precision": 0.0, "recall": 0.0, "f1-score": 0.0, "support": 1}, "1": {"precision": 1.0, "recall": 0.5, "f1-score": 0.6666666666666666, "support": 4}, "2": {"precision": 0.5333333333333333, "recall": 0.8, "f1-score": 0.64, "support": 10}, "3": {"precision": 0.6923076923076923, "recall": 0.5625, "f1-score": 0.6206896551724138, "support": 16}, "4": {"precision": 0.7857142857142857, "recall": 0.7857142857142857, "f1-score": 0.7857142857142857, "support": 28}, "5": {"precision": 0.8918918918918919, "recall": 0.8918918918918919, "f1-score": 0.8918918918918919, "support": 37}, "6": {"precision": 0.9090909090909091, "recall": 0.9090909090909091, "f1-score": 0.9090909090909091, "support": 22}, "7": {"precision": 0.8809523809523809, "recall": 0.925, "f1-score": 0.9024390243902439, "support": 40}, "8": {"precision": 0.9272727272727272, "recall": 0.8360655737704918, "f1-score": 0.8793103448275862, "support": 61}, "9": {"precision": 0.8607594936708861, "recall": 0.8831168831168831, "f1-score": 0.8717948717948718, "support": 77}, "10": {"precision": 0.8734177215189873, "recall": 0.92, "f1-score": 0.896103896103896, "support": 75}, "11": {"precision": 0.9473684210526315, "recall": 0.8372093023255814, "f1-score": 0.8888888888888888, "support": 86}, "12": {"precision": 0.8556701030927835, "recall": 0.8645833333333334, "f1-score": 0.8601036269430052, "support": 96}, "13": {"precision": 0.8888888888888888, "recall": 0.9142857142857143, "f1-score": 0.9014084507042254, "support": 105}, "14": {"precision": 0.9, "recall": 0.9090909090909091, "f1-score": 0.9045226130653266, "support": 99}, "15": {"precision": 0.7766990291262136, "recall": 0.898876404494382, "f1-score": 0.8333333333333333, "support": 89}, "16": {"precision": 0.875, "recall": 0.7865168539325843, "f1-score": 0.8284023668639053, "support": 89}, "17": {"precision": 0.7954545454545454, "recall": 0.8433734939759037, "f1-score": 0.8187134502923977, "support": 83}, "18": {"precision": 0.8166666666666667, "recall": 0.7424242424242424, "f1-score": 0.7777777777777778, "support": 66}, "19": {"precision": 0.8363636363636363, "recall": 0.8518518518518519, "f1-score": 0.8440366972477065, "support": 54}, "20": {"precision": 0.9111111111111111, "recall": 0.8541666666666666, "f1-score": 0.8817204301075269, "support": 48}, "21": {"precision": 0.8484848484848485, "recall": 0.8235294117647058, "f1-score": 0.8358208955223881, "support": 34}, "22": {"precision": 0.8461538461538461, "recall": 0.9565217391304348, "f1-score": 0.8979591836734695, "support": 23}, "23": {"precision": 0.9444444444444444, "recall": 1.0, "f1-score": 0.9714285714285714, "support": 17}, "24": {"precision": 0.8888888888888888, "recall": 0.8888888888888888, "f1-score": 0.8888888888888888, "support": 9}, "25": {"precision": 1.0, "recall": 0.8333333333333334, "f1-score": 0.9090909090909091, "support": 6}, "26": {"precision": 1.0, "recall": 0.75, "f1-score": 0.8571428571428571, "support": 4}, "27": {"precision": 0.5, "recall": 1.0, "f1-score": 0.6666666666666666, "support": 1}, "accuracy": 0.859375, "macro avg": {"precision": 0.8209262451957714, "recall": 0.8131439888958212, "f1-score": 0.8082002554746648, "support": 1280}, "weighted avg": {"precision": 0.8622926835990985, "recall": 0.859375, "f1-score": 0.8589811245327447, "support": 1280}}