{"0": {"precision": 0.0, "recall": 0.0, "f1-score": 0.0, "support": 0}, "1": {"precision": 1.0, "recall": 1.0, "f1-score": 1.0, "support": 1}, "2": {"precision": 0.8333333333333334, "recall": 0.625, "f1-score": 0.7142857142857143, "support": 8}, "3": {"precision": 0.6666666666666666, "recall": 0.9230769230769231, "f1-score": 0.7741935483870968, "support": 13}, "4": {"precision": 0.8947368421052632, "recall": 0.7083333333333334, "f1-score": 0.7906976744186046, "support": 24}, "5": {"precision": 0.6956521739130435, "recall": 0.8421052631578947, "f1-score": 0.761904761904762, "support": 19}, "6": {"precision": 0.8857142857142857, "recall": 0.7380952380952381, "f1-score": 0.8051948051948051, "support": 42}, "7": {"precision": 0.8333333333333334, "recall": 0.8823529411764706, "f1-score": 0.8571428571428571, "support": 51}, "8": {"precision": 0.8656716417910447, "recall": 0.8787878787878788, "f1-score": 0.8721804511278195, "support": 66}, "9": {"precision": 0.859375, "recall": 0.8333333333333334, "f1-score": 0.8461538461538461, "support": 66}, "10": {"precision": 0.8529411764705882, "recall": 0.8055555555555556, "f1-score": 0.8285714285714286, "support": 72}, "11": {"precision": 0.8111111111111111, "recall": 0.8390804597701149, "f1-score": 0.8248587570621468, "support": 87}, "12": {"precision": 0.8172043010752689, "recall": 0.8636363636363636, "f1-score": 0.8397790055248618, "support": 88}, "13": {"precision": 0.8910891089108911, "recall": 0.8256880733944955, "f1-score": 0.8571428571428572, "support": 109}, "14": {"precision": 0.7857142857142857, "recall": 0.8279569892473119, "f1-score": 0.806282722513089, "support": 93}, "15": {"precision": 0.8073394495412844, "recall": 0.822429906542056, "f1-score": 0.8148148148148148, "support": 107}, "16": {"precision": 0.7721518987341772, "recall": 0.8133333333333334, "f1-score": 0.7922077922077922, "support": 75}, "17": {"precision": 0.7333333333333333, "recall": 0.7432432432432432, "f1-score": 0.738255033557047, "support": 74}, "18": {"precision": 0.8169014084507042, "recall": 0.7837837837837838, "f1-score": 0.8, "support": 74}, "19": {"precision": 0.85, "recall": 0.85, "f1-score": 0.85, "support": 60}, "20": {"precision": 0.8372093023255814, "recall": 0.782608695652174, "f1-score": 0.8089887640449438, "support": 46}, "21": {"precision": 0.7575757575757576, "recall": 0.7575757575757576, "f1-score": 0.7575757575757576, "support": 33}, "22": {"precision": 0.78125, "recall": 0.8064516129032258, "f1-score": 0.7936507936507936, "support": 31}, "23": {"precision": 0.6666666666666666, "recall": 0.6666666666666666, "f1-score": 0.6666666666666666, "support": 18}, "24": {"precision": 0.4166666666666667, "recall": 0.5, "f1-score": 0.45454545454545453, "support": 10}, "25": {"precision": 0.75, "recall": 0.6, "f1-score": 0.6666666666666665, "support": 10}, "26": {"precision": 0.0, "recall": 0.0, "f1-score": 0.0, "support": 2}, "27": {"precision": 0.0, "recall": 0.0, "f1-score": 0.0, "support": 1}, "accuracy": 0.809375, "macro avg": {"precision": 0.7100584908369031, "recall": 0.7042534054380413, "f1-score": 0.704348577612851, "support": 1280}, "weighted avg": {"precision": 0.8125634120999592, "recall": 0.809375, "f1-score": 0.8096624691671821, "support": 1280}}