{"0": {"precision": 0.0, "recall": 0.0, "f1-score": 0.0, "support": 2}, "1": {"precision": 0.0, "recall": 0.0, "f1-score": 0.0, "support": 3}, "2": {"precision": 0.4444444444444444, "recall": 0.6666666666666666, "f1-score": 0.5333333333333333, "support": 6}, "3": {"precision": 0.6470588235294118, "recall": 0.6875, "f1-score": 0.6666666666666667, "support": 16}, "4": {"precision": 0.5, "recall": 0.5333333333333333, "f1-score": 0.5161290322580646, "support": 15}, "5": {"precision": 0.7666666666666667, "recall": 0.696969696969697, "f1-score": 0.7301587301587302, "support": 33}, "6": {"precision": 0.675, "recall": 0.8181818181818182, "f1-score": 0.7397260273972603, "support": 33}, "7": {"precision": 0.7346938775510204, "recall": 0.8, "f1-score": 0.7659574468085106, "support": 45}, "8": {"precision": 0.875, "recall": 0.6666666666666666, "f1-score": 0.7567567567567567, "support": 63}, "9": {"precision": 0.6833333333333333, "recall": 0.6612903225806451, "f1-score": 0.6721311475409835, "support": 62}, "10": {"precision": 0.6363636363636364, "recall": 0.6901408450704225, "f1-score": 0.6621621621621622, "support": 71}, "11": {"precision": 0.7325581395348837, "recall": 0.7411764705882353, "f1-score": 0.736842105263158, "support": 85}, "12": {"precision": 0.7731958762886598, "recall": 0.7211538461538461, "f1-score": 0.746268656716418, "support": 104}, "13": {"precision": 0.7232142857142857, "recall": 0.7714285714285715, "f1-score": 0.7465437788018433, "support": 105}, "14": {"precision": 0.7419354838709677, "recall": 0.71875, "f1-score": 0.7301587301587302, "support": 96}, "15": {"precision": 0.75, "recall": 0.7142857142857143, "f1-score": 0.7317073170731706, "support": 105}, "16": {"precision": 0.6868686868686869, "recall": 0.7816091954022989, "f1-score": 0.7311827956989247, "support": 87}, "17": {"precision": 0.7432432432432432, "recall": 0.7432432432432432, "f1-score": 0.7432432432432431, "support": 74}, "18": {"precision": 0.7592592592592593, "recall": 0.7192982456140351, "f1-score": 0.7387387387387387, "support": 57}, "19": {"precision": 0.8, "recall": 0.7719298245614035, "f1-score": 0.7857142857142858, "support": 57}, "20": {"precision": 0.723404255319149, "recall": 0.6538461538461539, "f1-score": 0.6868686868686869, "support": 52}, "21": {"precision": 0.6666666666666666, "recall": 0.7878787878787878, "f1-score": 0.7222222222222221, "support": 33}, "22": {"precision": 0.6857142857142857, "recall": 0.75, "f1-score": 0.7164179104477612, "support": 32}, "23": {"precision": 0.7142857142857143, "recall": 0.6521739130434783, "f1-score": 0.6818181818181819, "support": 23}, "24": {"precision": 0.6666666666666666, "recall": 0.6666666666666666, "f1-score": 0.6666666666666666, "support": 9}, "25": {"precision": 0.6363636363636364, "recall": 0.7777777777777778, "f1-score": 0.7000000000000001, "support": 9}, "26": {"precision": 0.0, "recall": 0.0, "f1-score": 0.0, "support": 2}, "27": {"precision": 0.5, "recall": 1.0, "f1-score": 0.6666666666666666, "support": 1}, "accuracy": 0.72265625, "macro avg": {"precision": 0.6166406064887363, "recall": 0.6497131342842666, "f1-score": 0.6276457603278989, "support": 1280}, "weighted avg": {"precision": 0.7236511818266932, "recall": 0.72265625, "f1-score": 0.7211956372296375, "support": 1280}}