{"0": {"precision": 0.0, "recall": 0.0, "f1-score": 0.0, "support": 3}, "1": {"precision": 0.0, "recall": 0.0, "f1-score": 0.0, "support": 0}, "2": {"precision": 0.5, "recall": 0.16666666666666666, "f1-score": 0.25, "support": 6}, "3": {"precision": 0.5, "recall": 0.875, "f1-score": 0.6363636363636364, "support": 8}, "4": {"precision": 0.95, "recall": 0.76, "f1-score": 0.8444444444444444, "support": 25}, "5": {"precision": 0.8, "recall": 1.0, "f1-score": 0.888888888888889, "support": 16}, "6": {"precision": 0.967741935483871, "recall": 1.0, "f1-score": 0.9836065573770492, "support": 30}, "7": {"precision": 1.0, "recall": 0.9230769230769231, "f1-score": 0.9600000000000001, "support": 39}, "8": {"precision": 0.9210526315789473, "recall": 0.8974358974358975, "f1-score": 0.9090909090909091, "support": 39}, "9": {"precision": 0.9264705882352942, "recall": 0.8873239436619719, "f1-score": 0.906474820143885, "support": 71}, "10": {"precision": 0.8717948717948718, "recall": 0.8831168831168831, "f1-score": 0.8774193548387098, "support": 77}, "11": {"precision": 0.8876404494382022, "recall": 0.8586956521739131, "f1-score": 0.8729281767955801, "support": 92}, "12": {"precision": 0.8717948717948718, "recall": 0.9622641509433962, "f1-score": 0.914798206278027, "support": 106}, "13": {"precision": 0.95, "recall": 0.9134615384615384, "f1-score": 0.9313725490196078, "support": 104}, "14": {"precision": 0.926829268292683, "recall": 0.926829268292683, "f1-score": 0.926829268292683, "support": 82}, "15": {"precision": 0.8828828828828829, "recall": 0.9333333333333333, "f1-score": 0.9074074074074073, "support": 105}, "16": {"precision": 0.9294117647058824, "recall": 0.8777777777777778, "f1-score": 0.9028571428571429, "support": 90}, "17": {"precision": 0.961038961038961, "recall": 0.925, "f1-score": 0.9426751592356688, "support": 80}, "18": {"precision": 0.875, "recall": 0.958904109589041, "f1-score": 0.9150326797385621, "support": 73}, "19": {"precision": 0.94, "recall": 0.7966101694915254, "f1-score": 0.8623853211009174, "support": 59}, "20": {"precision": 0.8870967741935484, "recall": 0.9016393442622951, "f1-score": 0.8943089430894309, "support": 61}, "21": {"precision": 0.8205128205128205, "recall": 0.8888888888888888, "f1-score": 0.8533333333333333, "support": 36}, "22": {"precision": 0.7307692307692307, "recall": 0.9047619047619048, "f1-score": 0.8085106382978723, "support": 21}, "23": {"precision": 0.9615384615384616, "recall": 0.8620689655172413, "f1-score": 0.9090909090909091, "support": 29}, "24": {"precision": 0.7692307692307693, "recall": 0.8333333333333334, "f1-score": 0.8, "support": 12}, "25": {"precision": 0.5, "recall": 0.5714285714285714, "f1-score": 0.5333333333333333, "support": 7}, "26": {"precision": 1.0, "recall": 0.4444444444444444, "f1-score": 0.6153846153846153, "support": 9}, "27": {"precision": 0.0, "recall": 0.0, "f1-score": 0.0, "support": 0}, "accuracy": 0.89375, "macro avg": {"precision": 0.7618145100532606, "recall": 0.7482879202377939, "f1-score": 0.744519153371522, "support": 1280}, "weighted avg": {"precision": 0.8988006929552599, "recall": 0.89375, "f1-score": 0.8933615527260814, "support": 1280}}