{"1": {"precision": 0.0, "recall": 0.0, "f1-score": 0.0, "support": 4}, "2": {"precision": 0.1, "recall": 0.14285714285714285, "f1-score": 0.11764705882352941, "support": 7}, "3": {"precision": 0.42105263157894735, "recall": 0.5714285714285714, "f1-score": 0.48484848484848486, "support": 14}, "4": {"precision": 0.5, "recall": 0.42857142857142855, "f1-score": 0.4615384615384615, "support": 21}, "5": {"precision": 0.5714285714285714, "recall": 0.375, "f1-score": 0.4528301886792453, "support": 32}, "6": {"precision": 0.32142857142857145, "recall": 0.6923076923076923, "f1-score": 0.4390243902439025, "support": 26}, "7": {"precision": 0.6444444444444445, "recall": 0.6304347826086957, "f1-score": 0.6373626373626373, "support": 46}, "8": {"precision": 0.8043478260869565, "recall": 0.6491228070175439, "f1-score": 0.7184466019417476, "support": 57}, "9": {"precision": 0.8108108108108109, "recall": 0.7692307692307693, "f1-score": 0.7894736842105263, "support": 78}, "10": {"precision": 0.7916666666666666, "recall": 0.5671641791044776, "f1-score": 0.6608695652173913, "support": 67}, "11": {"precision": 0.7792207792207793, "recall": 0.759493670886076, "f1-score": 0.7692307692307693, "support": 79}, "12": {"precision": 0.6698113207547169, "recall": 0.8452380952380952, "f1-score": 0.7473684210526316, "support": 84}, "13": {"precision": 0.7605633802816901, "recall": 0.6136363636363636, "f1-score": 0.6792452830188679, "support": 88}, "14": {"precision": 0.7663551401869159, "recall": 0.7735849056603774, "f1-score": 0.7699530516431926, "support": 106}, "15": {"precision": 0.6494845360824743, "recall": 0.7411764705882353, "f1-score": 0.6923076923076924, "support": 85}, "16": {"precision": 0.7912087912087912, "recall": 0.782608695652174, "f1-score": 0.7868852459016393, "support": 92}, "17": {"precision": 0.8089887640449438, "recall": 0.8372093023255814, "f1-score": 0.822857142857143, "support": 86}, "18": {"precision": 0.7142857142857143, "recall": 0.5194805194805194, "f1-score": 0.6015037593984963, "support": 77}, "19": {"precision": 0.6052631578947368, "recall": 0.696969696969697, "f1-score": 0.6478873239436619, "support": 66}, "20": {"precision": 0.8157894736842105, "recall": 0.62, "f1-score": 0.7045454545454546, "support": 50}, "21": {"precision": 0.4186046511627907, "recall": 0.47368421052631576, "f1-score": 0.4444444444444444, "support": 38}, "22": {"precision": 0.36363636363636365, "recall": 0.5517241379310345, "f1-score": 0.4383561643835616, "support": 29}, "23": {"precision": 0.6666666666666666, "recall": 0.45161290322580644, "f1-score": 0.5384615384615384, "support": 31}, "24": {"precision": 0.13333333333333333, "recall": 0.2222222222222222, "f1-score": 0.16666666666666669, "support": 9}, "25": {"precision": 0.0, "recall": 0.0, "f1-score": 0.0, "support": 7}, "26": {"precision": 0.0, "recall": 0.0, "f1-score": 0.0, "support": 1}, "accuracy": 0.66640625, "macro avg": {"precision": 0.5349381382649653, "recall": 0.5274907141334162, "f1-score": 0.5219905396431418, "support": 1280}, "weighted avg": {"precision": 0.6899429354534122, "recall": 0.66640625, "f1-score": 0.6706058673009716, "support": 1280}}