{"0": {"precision": 0.0, "recall": 0.0, "f1-score": 0.0, "support": 1}, "1": {"precision": 0.0, "recall": 0.0, "f1-score": 0.0, "support": 0}, "2": {"precision": 0.0, "recall": 0.0, "f1-score": 0.0, "support": 7}, "3": {"precision": 0.55, "recall": 0.7857142857142857, "f1-score": 0.6470588235294117, "support": 14}, "4": {"precision": 0.6666666666666666, "recall": 0.6153846153846154, "f1-score": 0.64, "support": 13}, "5": {"precision": 0.7407407407407407, "recall": 0.8333333333333334, "f1-score": 0.7843137254901961, "support": 24}, "6": {"precision": 0.7894736842105263, "recall": 0.8823529411764706, "f1-score": 0.8333333333333333, "support": 34}, "7": {"precision": 0.7045454545454546, "recall": 0.6078431372549019, "f1-score": 0.6526315789473683, "support": 51}, "8": {"precision": 0.7413793103448276, "recall": 0.7818181818181819, "f1-score": 0.7610619469026548, "support": 55}, "9": {"precision": 0.8115942028985508, "recall": 0.7466666666666667, "f1-score": 0.7777777777777779, "support": 75}, "10": {"precision": 0.7051282051282052, "recall": 0.7432432432432432, "f1-score": 0.7236842105263159, "support": 74}, "11": {"precision": 0.7525773195876289, "recall": 0.7604166666666666, "f1-score": 0.7564766839378239, "support": 96}, "12": {"precision": 0.7282608695652174, "recall": 0.6907216494845361, "f1-score": 0.7089947089947088, "support": 97}, "13": {"precision": 0.6990291262135923, "recall": 0.75, "f1-score": 0.7236180904522612, "support": 96}, "14": {"precision": 0.7058823529411765, "recall": 0.7346938775510204, "f1-score": 0.7200000000000001, "support": 98}, "15": {"precision": 0.7857142857142857, "recall": 0.75, "f1-score": 0.7674418604651163, "support": 88}, "16": {"precision": 0.7727272727272727, "recall": 0.6938775510204082, "f1-score": 0.7311827956989247, "support": 98}, "17": {"precision": 0.6739130434782609, "recall": 0.775, "f1-score": 0.7209302325581396, "support": 80}, "18": {"precision": 0.8028169014084507, "recall": 0.7307692307692307, "f1-score": 0.7651006711409397, "support": 78}, "19": {"precision": 0.6530612244897959, "recall": 0.7272727272727273, "f1-score": 0.6881720430107526, "support": 44}, "20": {"precision": 0.7931034482758621, "recall": 0.6052631578947368, "f1-score": 0.6865671641791046, "support": 38}, "21": {"precision": 0.660377358490566, "recall": 0.8536585365853658, "f1-score": 0.7446808510638298, "support": 41}, "22": {"precision": 0.72, "recall": 0.5294117647058824, "f1-score": 0.6101694915254237, "support": 34}, "23": {"precision": 0.75, "recall": 0.7142857142857143, "f1-score": 0.7317073170731706, "support": 21}, "24": {"precision": 0.5, "recall": 0.6363636363636364, "f1-score": 0.56, "support": 11}, "25": {"precision": 0.4444444444444444, "recall": 0.5, "f1-score": 0.47058823529411764, "support": 8}, "26": {"precision": 0.6666666666666666, "recall": 0.5, "f1-score": 0.5714285714285715, "support": 4}, "accuracy": 0.72421875, "macro avg": {"precision": 0.6228926880940072, "recall": 0.6277070710070972, "f1-score": 0.6213674116048127, "support": 1280}, "weighted avg": {"precision": 0.7259519426397361, "recall": 0.72421875, "f1-score": 0.7224624969711881, "support": 1280}}