{"0": {"precision": 0.0, "recall": 0.0, "f1-score": 0.0, "support": 2}, "1": {"precision": 0.3333333333333333, "recall": 0.2, "f1-score": 0.25, "support": 5}, "2": {"precision": 0.25, "recall": 0.5, "f1-score": 0.3333333333333333, "support": 4}, "3": {"precision": 0.5333333333333333, "recall": 0.5714285714285714, "f1-score": 0.5517241379310344, "support": 14}, "4": {"precision": 0.6923076923076923, "recall": 0.5625, "f1-score": 0.6206896551724138, "support": 16}, "5": {"precision": 0.7666666666666667, "recall": 0.8846153846153846, "f1-score": 0.8214285714285715, "support": 26}, "6": {"precision": 0.9117647058823529, "recall": 0.8378378378378378, "f1-score": 0.8732394366197184, "support": 37}, "7": {"precision": 0.8297872340425532, "recall": 0.8297872340425532, "f1-score": 0.8297872340425532, "support": 47}, "8": {"precision": 0.8428571428571429, "recall": 0.9076923076923077, "f1-score": 0.8740740740740741, "support": 65}, "9": {"precision": 0.7971014492753623, "recall": 0.8333333333333334, "f1-score": 0.8148148148148148, "support": 66}, "10": {"precision": 0.8536585365853658, "recall": 0.7954545454545454, "f1-score": 0.8235294117647058, "support": 88}, "11": {"precision": 0.8351648351648352, "recall": 0.8260869565217391, "f1-score": 0.8306010928961749, "support": 92}, "12": {"precision": 0.8818181818181818, "recall": 0.8508771929824561, "f1-score": 0.8660714285714286, "support": 114}, "13": {"precision": 0.8279569892473119, "recall": 0.875, "f1-score": 0.8508287292817679, "support": 88}, "14": {"precision": 0.8444444444444444, "recall": 0.8260869565217391, "f1-score": 0.8351648351648352, "support": 92}, "15": {"precision": 0.8076923076923077, "recall": 0.7875, "f1-score": 0.7974683544303798, "support": 80}, "16": {"precision": 0.7857142857142857, "recall": 0.825, "f1-score": 0.8048780487804876, "support": 80}, "17": {"precision": 0.8539325842696629, "recall": 0.8539325842696629, "f1-score": 0.8539325842696629, "support": 89}, "18": {"precision": 0.8450704225352113, "recall": 0.7894736842105263, "f1-score": 0.8163265306122449, "support": 76}, "19": {"precision": 0.7323943661971831, "recall": 0.8524590163934426, "f1-score": 0.787878787878788, "support": 61}, "20": {"precision": 0.8378378378378378, "recall": 0.7560975609756098, "f1-score": 0.7948717948717948, "support": 41}, "21": {"precision": 0.8108108108108109, "recall": 0.8571428571428571, "f1-score": 0.8333333333333334, "support": 35}, "22": {"precision": 0.8333333333333334, "recall": 0.5882352941176471, "f1-score": 0.6896551724137931, "support": 17}, "23": {"precision": 0.7142857142857143, "recall": 0.8823529411764706, "f1-score": 0.7894736842105262, "support": 17}, "24": {"precision": 0.7857142857142857, "recall": 0.6470588235294118, "f1-score": 0.7096774193548386, "support": 17}, "25": {"precision": 0.4, "recall": 0.5, "f1-score": 0.4444444444444445, "support": 4}, "26": {"precision": 0.3333333333333333, "recall": 0.5, "f1-score": 0.4, "support": 4}, "27": {"precision": 0.0, "recall": 0.0, "f1-score": 0.0, "support": 3}, "accuracy": 0.81328125, "macro avg": {"precision": 0.6764397795243763, "recall": 0.6835697529373607, "f1-score": 0.6749009610605613, "support": 1280}, "weighted avg": {"precision": 0.8140706657630379, "recall": 0.81328125, "f1-score": 0.8120759799784973, "support": 1280}}