{"0": {"precision": 0.0, "recall": 0.0, "f1-score": 0.0, "support": 2}, "1": {"precision": 0.5, "recall": 0.3333333333333333, "f1-score": 0.4, "support": 3}, "2": {"precision": 0.3333333333333333, "recall": 0.8333333333333334, "f1-score": 0.47619047619047616, "support": 6}, "3": {"precision": 0.8333333333333334, "recall": 0.38461538461538464, "f1-score": 0.5263157894736842, "support": 13}, "4": {"precision": 0.7222222222222222, "recall": 1.0, "f1-score": 0.8387096774193548, "support": 13}, "5": {"precision": 0.7647058823529411, "recall": 0.5909090909090909, "f1-score": 0.6666666666666667, "support": 22}, "6": {"precision": 0.7931034482758621, "recall": 0.8518518518518519, "f1-score": 0.8214285714285715, "support": 27}, "7": {"precision": 0.9591836734693877, "recall": 0.94, "f1-score": 0.9494949494949495, "support": 50}, "8": {"precision": 0.95, "recall": 0.9344262295081968, "f1-score": 0.9421487603305784, "support": 61}, "9": {"precision": 0.9242424242424242, "recall": 0.8970588235294118, "f1-score": 0.9104477611940298, "support": 68}, "10": {"precision": 0.9081632653061225, "recall": 0.9468085106382979, "f1-score": 0.9270833333333334, "support": 94}, "11": {"precision": 0.946236559139785, "recall": 0.8979591836734694, "f1-score": 0.9214659685863874, "support": 98}, "12": {"precision": 0.8737864077669902, "recall": 0.9183673469387755, "f1-score": 0.8955223880597014, "support": 98}, "13": {"precision": 0.8941176470588236, "recall": 0.8941176470588236, "f1-score": 0.8941176470588236, "support": 85}, "14": {"precision": 0.8850574712643678, "recall": 0.927710843373494, "f1-score": 0.9058823529411766, "support": 83}, "15": {"precision": 0.9101123595505618, "recall": 0.8804347826086957, "f1-score": 0.8950276243093923, "support": 92}, "16": {"precision": 0.8941176470588236, "recall": 0.8837209302325582, "f1-score": 0.888888888888889, "support": 86}, "17": {"precision": 0.8617021276595744, "recall": 0.9310344827586207, "f1-score": 0.8950276243093922, "support": 87}, "18": {"precision": 0.9, "recall": 0.84375, "f1-score": 0.870967741935484, "support": 64}, "19": {"precision": 0.9818181818181818, "recall": 0.9, "f1-score": 0.9391304347826087, "support": 60}, "20": {"precision": 0.8571428571428571, "recall": 1.0, "f1-score": 0.923076923076923, "support": 48}, "21": {"precision": 0.9444444444444444, "recall": 0.7906976744186046, "f1-score": 0.8607594936708861, "support": 43}, "22": {"precision": 0.76, "recall": 0.9047619047619048, "f1-score": 0.8260869565217391, "support": 21}, "23": {"precision": 0.8666666666666667, "recall": 0.7222222222222222, "f1-score": 0.7878787878787877, "support": 18}, "24": {"precision": 0.875, "recall": 0.84, "f1-score": 0.8571428571428572, "support": 25}, "25": {"precision": 0.875, "recall": 0.875, "f1-score": 0.875, "support": 8}, "26": {"precision": 1.0, "recall": 1.0, "f1-score": 1.0, "support": 4}, "27": {"precision": 1.0, "recall": 1.0, "f1-score": 1.0, "support": 1}, "accuracy": 0.8890625, "macro avg": {"precision": 0.8219103554323822, "recall": 0.8186469134202168, "f1-score": 0.8105164883819532, "support": 1280}, "weighted avg": {"precision": 0.8931227969258781, "recall": 0.8890625, "f1-score": 0.888223145481566, "support": 1280}}