{"0": {"precision": 0.0, "recall": 0.0, "f1-score": 0.0, "support": 1}, "1": {"precision": 0.0, "recall": 0.0, "f1-score": 0.0, "support": 3}, "2": {"precision": 0.0, "recall": 0.0, "f1-score": 0.0, "support": 10}, "3": {"precision": 0.0, "recall": 0.0, "f1-score": 0.0, "support": 14}, "4": {"precision": 0.125, "recall": 0.23529411764705882, "f1-score": 0.16326530612244897, "support": 17}, "5": {"precision": 0.13043478260869565, "recall": 0.0967741935483871, "f1-score": 0.1111111111111111, "support": 31}, "6": {"precision": 0.27586206896551724, "recall": 0.26666666666666666, "f1-score": 0.2711864406779661, "support": 30}, "7": {"precision": 0.2765957446808511, "recall": 0.2708333333333333, "f1-score": 0.2736842105263158, "support": 48}, "8": {"precision": 0.16, "recall": 0.14035087719298245, "f1-score": 0.14953271028037382, "support": 57}, "9": {"precision": 0.3291139240506329, "recall": 0.3561643835616438, "f1-score": 0.3421052631578947, "support": 73}, "10": {"precision": 0.25, "recall": 0.18292682926829268, "f1-score": 0.2112676056338028, "support": 82}, "11": {"precision": 0.42857142857142855, "recall": 0.38372093023255816, "f1-score": 0.40490797546012264, "support": 86}, "12": {"precision": 0.28421052631578947, "recall": 0.32142857142857145, "f1-score": 0.3016759776536313, "support": 84}, "13": {"precision": 0.5494505494505495, "recall": 0.5208333333333334, "f1-score": 0.5347593582887702, "support": 96}, "14": {"precision": 0.5210084033613446, "recall": 0.62, "f1-score": 0.5662100456621004, "support": 100}, "15": {"precision": 0.5855855855855856, "recall": 0.5603448275862069, "f1-score": 0.5726872246696035, "support": 116}, "16": {"precision": 0.6352941176470588, "recall": 0.6428571428571429, "f1-score": 0.6390532544378699, "support": 84}, "17": {"precision": 0.5568181818181818, "recall": 0.6125, "f1-score": 0.5833333333333333, "support": 80}, "18": {"precision": 0.42592592592592593, "recall": 0.5897435897435898, "f1-score": 0.49462365591397855, "support": 78}, "19": {"precision": 0.19672131147540983, "recall": 0.25, "f1-score": 0.2201834862385321, "support": 48}, "20": {"precision": 0.2222222222222222, "recall": 0.12244897959183673, "f1-score": 0.15789473684210525, "support": 49}, "21": {"precision": 0.16666666666666666, "recall": 0.14285714285714285, "f1-score": 0.15384615384615383, "support": 28}, "22": {"precision": 0.0, "recall": 0.0, "f1-score": 0.0, "support": 28}, "23": {"precision": 0.0, "recall": 0.0, "f1-score": 0.0, "support": 9}, "24": {"precision": 0.0, "recall": 0.0, "f1-score": 0.0, "support": 9}, "25": {"precision": 0.14285714285714285, "recall": 0.07692307692307693, "f1-score": 0.1, "support": 13}, "26": {"precision": 0.0, "recall": 0.0, "f1-score": 0.0, "support": 5}, "27": {"precision": 0.0, "recall": 0.0, "f1-score": 0.0, "support": 1}, "accuracy": 0.3796875, "macro avg": {"precision": 0.22365494936439295, "recall": 0.22830957127756513, "f1-score": 0.22326170892343264, "support": 1280}, "weighted avg": {"precision": 0.3694225036115189, "recall": 0.3796875, "f1-score": 0.37164609243893143, "support": 1280}}