{"0": {"precision": 0.0, "recall": 0.0, "f1-score": 0.0, "support": 1}, "1": {"precision": 0.2222222222222222, "recall": 0.4, "f1-score": 0.2857142857142857, "support": 5}, "2": {"precision": 0.3333333333333333, "recall": 0.2222222222222222, "f1-score": 0.26666666666666666, "support": 9}, "3": {"precision": 0.5714285714285714, "recall": 0.5, "f1-score": 0.5333333333333333, "support": 8}, "4": {"precision": 0.55, "recall": 0.8461538461538461, "f1-score": 0.6666666666666667, "support": 13}, "5": {"precision": 0.9230769230769231, "recall": 0.7058823529411765, "f1-score": 0.8000000000000002, "support": 34}, "6": {"precision": 0.8333333333333334, "recall": 0.8064516129032258, "f1-score": 0.819672131147541, "support": 31}, "7": {"precision": 0.8333333333333334, "recall": 0.851063829787234, "f1-score": 0.8421052631578947, "support": 47}, "8": {"precision": 0.8, "recall": 0.88, "f1-score": 0.8380952380952381, "support": 50}, "9": {"precision": 0.9393939393939394, "recall": 0.7948717948717948, "f1-score": 0.8611111111111112, "support": 78}, "10": {"precision": 0.8, "recall": 0.9444444444444444, "f1-score": 0.8662420382165604, "support": 72}, "11": {"precision": 0.9397590361445783, "recall": 0.896551724137931, "f1-score": 0.9176470588235294, "support": 87}, "12": {"precision": 0.9468085106382979, "recall": 0.9081632653061225, "f1-score": 0.9270833333333334, "support": 98}, "13": {"precision": 0.8901098901098901, "recall": 0.8804347826086957, "f1-score": 0.8852459016393442, "support": 92}, "14": {"precision": 0.797979797979798, "recall": 0.8977272727272727, "f1-score": 0.8449197860962567, "support": 88}, "15": {"precision": 0.875, "recall": 0.8020833333333334, "f1-score": 0.8369565217391305, "support": 96}, "16": {"precision": 0.8846153846153846, "recall": 0.8363636363636363, "f1-score": 0.8598130841121494, "support": 110}, "17": {"precision": 0.7702702702702703, "recall": 0.8636363636363636, "f1-score": 0.8142857142857143, "support": 66}, "18": {"precision": 0.8734177215189873, "recall": 0.92, "f1-score": 0.896103896103896, "support": 75}, "19": {"precision": 0.9090909090909091, "recall": 0.9090909090909091, "f1-score": 0.9090909090909091, "support": 55}, "20": {"precision": 0.9649122807017544, "recall": 0.873015873015873, "f1-score": 0.9166666666666667, "support": 63}, "21": {"precision": 0.8108108108108109, "recall": 0.8823529411764706, "f1-score": 0.8450704225352113, "support": 34}, "22": {"precision": 0.7352941176470589, "recall": 0.8620689655172413, "f1-score": 0.7936507936507937, "support": 29}, "23": {"precision": 0.6666666666666666, "recall": 0.5454545454545454, "f1-score": 0.6, "support": 22}, "24": {"precision": 0.5, "recall": 0.5, "f1-score": 0.5, "support": 10}, "25": {"precision": 0.6666666666666666, "recall": 0.6666666666666666, "f1-score": 0.6666666666666666, "support": 3}, "26": {"precision": 0.0, "recall": 0.0, "f1-score": 0.0, "support": 1}, "27": {"precision": 0.0, "recall": 0.0, "f1-score": 0.0, "support": 3}, "accuracy": 0.84609375, "macro avg": {"precision": 0.6799115613922403, "recall": 0.6855250136556787, "f1-score": 0.6783145531733179, "support": 1280}, "weighted avg": {"precision": 0.8505840478351638, "recall": 0.84609375, "f1-score": 0.8456662113301071, "support": 1280}}