{"0": {"precision": 0.5, "recall": 1.0, "f1-score": 0.6666666666666666, "support": 1}, "1": {"precision": 0.0, "recall": 0.0, "f1-score": 0.0, "support": 5}, "2": {"precision": 0.0, "recall": 0.0, "f1-score": 0.0, "support": 6}, "3": {"precision": 0.45454545454545453, "recall": 0.3125, "f1-score": 0.3703703703703703, "support": 16}, "4": {"precision": 0.16666666666666666, "recall": 0.09523809523809523, "f1-score": 0.12121212121212123, "support": 21}, "5": {"precision": 0.15, "recall": 0.1111111111111111, "f1-score": 0.12765957446808512, "support": 27}, "6": {"precision": 0.34, "recall": 0.425, "f1-score": 0.3777777777777778, "support": 40}, "7": {"precision": 0.4107142857142857, "recall": 0.46, "f1-score": 0.43396226415094336, "support": 50}, "8": {"precision": 0.5166666666666667, "recall": 0.4305555555555556, "f1-score": 0.4696969696969697, "support": 72}, "9": {"precision": 0.47368421052631576, "recall": 0.36486486486486486, "f1-score": 0.4122137404580153, "support": 74}, "10": {"precision": 0.4268292682926829, "recall": 0.47297297297297297, "f1-score": 0.44871794871794873, "support": 74}, "11": {"precision": 0.4567901234567901, "recall": 0.46835443037974683, "f1-score": 0.46249999999999997, "support": 79}, "12": {"precision": 0.4111111111111111, "recall": 0.4457831325301205, "f1-score": 0.4277456647398844, "support": 83}, "13": {"precision": 0.42857142857142855, "recall": 0.4772727272727273, "f1-score": 0.4516129032258064, "support": 88}, "14": {"precision": 0.38823529411764707, "recall": 0.38372093023255816, "f1-score": 0.38596491228070184, "support": 86}, "15": {"precision": 0.27205882352941174, "recall": 0.3627450980392157, "f1-score": 0.31092436974789917, "support": 102}, "16": {"precision": 0.4835164835164835, "recall": 0.42718446601941745, "f1-score": 0.4536082474226804, "support": 103}, "17": {"precision": 0.3626373626373626, "recall": 0.44594594594594594, "f1-score": 0.4, "support": 74}, "18": {"precision": 0.38461538461538464, "recall": 0.40540540540540543, "f1-score": 0.39473684210526316, "support": 74}, "19": {"precision": 0.3877551020408163, "recall": 0.36538461538461536, "f1-score": 0.3762376237623762, "support": 52}, "20": {"precision": 0.13636363636363635, "recall": 0.08108108108108109, "f1-score": 0.10169491525423728, "support": 37}, "21": {"precision": 0.2727272727272727, "recall": 0.3333333333333333, "f1-score": 0.3, "support": 36}, "22": {"precision": 0.19047619047619047, "recall": 0.17391304347826086, "f1-score": 0.1818181818181818, "support": 23}, "23": {"precision": 0.2727272727272727, "recall": 0.25, "f1-score": 0.2608695652173913, "support": 24}, "24": {"precision": 0.25, "recall": 0.17647058823529413, "f1-score": 0.20689655172413793, "support": 17}, "25": {"precision": 0.0, "recall": 0.0, "f1-score": 0.0, "support": 6}, "26": {"precision": 1.0, "recall": 0.14285714285714285, "f1-score": 0.25, "support": 7}, "27": {"precision": 0.0, "recall": 0.0, "f1-score": 0.0, "support": 3}, "accuracy": 0.37890625, "macro avg": {"precision": 0.3263104299393885, "recall": 0.3075605192834808, "f1-score": 0.2997459718149092, "support": 1280}, "weighted avg": {"precision": 0.3786404778670518, "recall": 0.37890625, "f1-score": 0.3742031045617001, "support": 1280}}