{"0": {"precision": 1.0, "recall": 0.25, "f1-score": 0.4, "support": 4}, "1": {"precision": 0.017241379310344827, "recall": 0.5, "f1-score": 0.03333333333333333, "support": 4}, "2": {"precision": 0.35, "recall": 0.7777777777777778, "f1-score": 0.48275862068965514, "support": 9}, "3": {"precision": 0.5, "recall": 0.4444444444444444, "f1-score": 0.47058823529411764, "support": 9}, "4": {"precision": 0.7142857142857143, "recall": 0.625, "f1-score": 0.6666666666666666, "support": 16}, "5": {"precision": 0.9285714285714286, "recall": 0.5652173913043478, "f1-score": 0.7027027027027025, "support": 23}, "6": {"precision": 0.7777777777777778, "recall": 0.5, "f1-score": 0.6086956521739131, "support": 28}, "7": {"precision": 0.782608695652174, "recall": 0.75, "f1-score": 0.7659574468085107, "support": 48}, "8": {"precision": 0.9555555555555556, "recall": 0.7049180327868853, "f1-score": 0.8113207547169811, "support": 61}, "9": {"precision": 0.8363636363636363, "recall": 0.7419354838709677, "f1-score": 0.7863247863247863, "support": 62}, "10": {"precision": 0.8309859154929577, "recall": 0.7195121951219512, "f1-score": 0.7712418300653594, "support": 82}, "11": {"precision": 0.8732394366197183, "recall": 0.6666666666666666, "f1-score": 0.7560975609756097, "support": 93}, "12": {"precision": 0.7682926829268293, "recall": 0.6923076923076923, "f1-score": 0.7283236994219653, "support": 91}, "13": {"precision": 0.7444444444444445, "recall": 0.6633663366336634, "f1-score": 0.7015706806282722, "support": 101}, "14": {"precision": 0.8717948717948718, "recall": 0.7083333333333334, "f1-score": 0.7816091954022988, "support": 96}, "15": {"precision": 0.4552238805970149, "recall": 0.7721518987341772, "f1-score": 0.5727699530516431, "support": 79}, "16": {"precision": 0.5963302752293578, "recall": 0.6989247311827957, "f1-score": 0.6435643564356436, "support": 93}, "17": {"precision": 0.8089887640449438, "recall": 0.7346938775510204, "f1-score": 0.7700534759358288, "support": 98}, "18": {"precision": 0.8301886792452831, "recall": 0.6197183098591549, "f1-score": 0.7096774193548387, "support": 71}, "19": {"precision": 0.7619047619047619, "recall": 0.6037735849056604, "f1-score": 0.6736842105263159, "support": 53}, "20": {"precision": 0.8125, "recall": 0.6190476190476191, "f1-score": 0.7027027027027026, "support": 42}, "21": {"precision": 0.9032258064516129, "recall": 0.6222222222222222, "f1-score": 0.7368421052631579, "support": 45}, "22": {"precision": 0.96, "recall": 0.8888888888888888, "f1-score": 0.923076923076923, "support": 27}, "23": {"precision": 0.8571428571428571, "recall": 0.6666666666666666, "f1-score": 0.75, "support": 18}, "24": {"precision": 0.6666666666666666, "recall": 0.6153846153846154, "f1-score": 0.64, "support": 13}, "25": {"precision": 0.8333333333333334, "recall": 0.625, "f1-score": 0.7142857142857143, "support": 8}, "26": {"precision": 0.3333333333333333, "recall": 0.3333333333333333, "f1-score": 0.3333333333333333, "support": 3}, "27": {"precision": 1.0, "recall": 0.3333333333333333, "f1-score": 0.5, "support": 3}, "accuracy": 0.6828125, "macro avg": {"precision": 0.741785710598022, "recall": 0.6229506584056149, "f1-score": 0.647756477113224, "support": 1280}, "weighted avg": {"precision": 0.7793888815770001, "recall": 0.6828125, "f1-score": 0.7181332708205043, "support": 1280}}