{"0": {"precision": 0.1111111111111111, "recall": 1.0, "f1-score": 0.19999999999999998, "support": 1}, "1": {"precision": 0.0, "recall": 0.0, "f1-score": 0.0, "support": 5}, "2": {"precision": 0.125, "recall": 0.3333333333333333, "f1-score": 0.18181818181818182, "support": 3}, "3": {"precision": 0.3333333333333333, "recall": 0.21428571428571427, "f1-score": 0.2608695652173913, "support": 14}, "4": {"precision": 0.36363636363636365, "recall": 0.21052631578947367, "f1-score": 0.26666666666666666, "support": 19}, "5": {"precision": 0.42105263157894735, "recall": 0.25, "f1-score": 0.3137254901960784, "support": 32}, "6": {"precision": 0.46875, "recall": 0.36585365853658536, "f1-score": 0.410958904109589, "support": 41}, "7": {"precision": 0.2558139534883721, "recall": 0.2619047619047619, "f1-score": 0.25882352941176473, "support": 42}, "8": {"precision": 0.3076923076923077, "recall": 0.2, "f1-score": 0.24242424242424246, "support": 60}, "9": {"precision": 0.40384615384615385, "recall": 0.35, "f1-score": 0.375, "support": 60}, "10": {"precision": 0.3246753246753247, "recall": 0.3424657534246575, "f1-score": 0.3333333333333333, "support": 73}, "11": {"precision": 0.37333333333333335, "recall": 0.3333333333333333, "f1-score": 0.3522012578616352, "support": 84}, "12": {"precision": 0.3114754098360656, "recall": 0.20652173913043478, "f1-score": 0.2483660130718954, "support": 92}, "13": {"precision": 0.2835820895522388, "recall": 0.22093023255813954, "f1-score": 0.2483660130718954, "support": 86}, "14": {"precision": 0.3076923076923077, "recall": 0.3146067415730337, "f1-score": 0.3111111111111111, "support": 89}, "15": {"precision": 0.20652173913043478, "recall": 0.37254901960784315, "f1-score": 0.26573426573426573, "support": 102}, "16": {"precision": 0.35, "recall": 0.3076923076923077, "f1-score": 0.3274853801169591, "support": 91}, "17": {"precision": 0.2, "recall": 0.4, "f1-score": 0.26666666666666666, "support": 75}, "18": {"precision": 0.27472527472527475, "recall": 0.3048780487804878, "f1-score": 0.28901734104046245, "support": 82}, "19": {"precision": 0.4423076923076923, "recall": 0.30666666666666664, "f1-score": 0.3622047244094488, "support": 75}, "20": {"precision": 0.36666666666666664, "recall": 0.22448979591836735, "f1-score": 0.2784810126582279, "support": 49}, "21": {"precision": 0.2631578947368421, "recall": 0.37037037037037035, "f1-score": 0.30769230769230765, "support": 27}, "22": {"precision": 0.4, "recall": 0.23076923076923078, "f1-score": 0.29268292682926833, "support": 26}, "23": {"precision": 0.3333333333333333, "recall": 0.2631578947368421, "f1-score": 0.29411764705882354, "support": 19}, "24": {"precision": 0.18181818181818182, "recall": 0.11764705882352941, "f1-score": 0.14285714285714285, "support": 17}, "25": {"precision": 0.2857142857142857, "recall": 0.3333333333333333, "f1-score": 0.30769230769230765, "support": 12}, "26": {"precision": 0.0, "recall": 0.0, "f1-score": 0.0, "support": 3}, "27": {"precision": 0.0, "recall": 0.0, "f1-score": 0.0, "support": 1}, "accuracy": 0.29453125, "macro avg": {"precision": 0.27482997815030613, "recall": 0.2798326896631587, "f1-score": 0.2549391439660595, "support": 1280}, "weighted avg": {"precision": 0.3168914208185688, "recall": 0.29453125, "f1-score": 0.2961938439860517, "support": 1280}}