{"1": {"precision": 1.0, "recall": 0.8, "f1-score": 0.888888888888889, "support": 5}, "2": {"precision": 0.6363636363636364, "recall": 0.7, "f1-score": 0.6666666666666666, "support": 10}, "3": {"precision": 0.6428571428571429, "recall": 0.6923076923076923, "f1-score": 0.6666666666666666, "support": 13}, "4": {"precision": 0.75, "recall": 0.6428571428571429, "f1-score": 0.6923076923076924, "support": 14}, "5": {"precision": 0.7916666666666666, "recall": 0.7916666666666666, "f1-score": 0.7916666666666666, "support": 24}, "6": {"precision": 0.8292682926829268, "recall": 0.85, "f1-score": 0.8395061728395061, "support": 40}, "7": {"precision": 0.8695652173913043, "recall": 0.8333333333333334, "f1-score": 0.851063829787234, "support": 48}, "8": {"precision": 0.8571428571428571, "recall": 0.9230769230769231, "f1-score": 0.888888888888889, "support": 52}, "9": {"precision": 0.9074074074074074, "recall": 0.8448275862068966, "f1-score": 0.875, "support": 58}, "10": {"precision": 0.9230769230769231, "recall": 0.9230769230769231, "f1-score": 0.9230769230769231, "support": 91}, "11": {"precision": 0.8941176470588236, "recall": 0.8735632183908046, "f1-score": 0.8837209302325582, "support": 87}, "12": {"precision": 0.8690476190476191, "recall": 0.8390804597701149, "f1-score": 0.8538011695906432, "support": 87}, "13": {"precision": 0.8738738738738738, "recall": 0.8981481481481481, "f1-score": 0.8858447488584474, "support": 108}, "14": {"precision": 0.8842105263157894, "recall": 0.9130434782608695, "f1-score": 0.8983957219251336, "support": 92}, "15": {"precision": 0.9368421052631579, "recall": 0.9270833333333334, "f1-score": 0.9319371727748692, "support": 96}, "16": {"precision": 0.898989898989899, "recall": 0.9081632653061225, "f1-score": 0.9035532994923858, "support": 98}, "17": {"precision": 0.8589743589743589, "recall": 0.881578947368421, "f1-score": 0.8701298701298701, "support": 76}, "18": {"precision": 0.9, "recall": 0.8571428571428571, "f1-score": 0.8780487804878048, "support": 63}, "19": {"precision": 0.8571428571428571, "recall": 0.9056603773584906, "f1-score": 0.8807339449541285, "support": 53}, "20": {"precision": 0.8823529411764706, "recall": 0.9, "f1-score": 0.8910891089108911, "support": 50}, "21": {"precision": 0.9210526315789473, "recall": 0.8536585365853658, "f1-score": 0.8860759493670887, "support": 41}, "22": {"precision": 0.7241379310344828, "recall": 0.9130434782608695, "f1-score": 0.8076923076923076, "support": 23}, "23": {"precision": 0.9375, "recall": 0.6818181818181818, "f1-score": 0.7894736842105263, "support": 22}, "24": {"precision": 0.7333333333333333, "recall": 0.9166666666666666, "f1-score": 0.8148148148148148, "support": 12}, "25": {"precision": 0.6666666666666666, "recall": 0.75, "f1-score": 0.7058823529411765, "support": 8}, "26": {"precision": 0.6, "recall": 0.42857142857142855, "f1-score": 0.5, "support": 7}, "27": {"precision": 0.0, "recall": 0.0, "f1-score": 0.0, "support": 2}, "accuracy": 0.871875, "macro avg": {"precision": 0.8016885382979685, "recall": 0.7943840238706389, "f1-score": 0.7949972685989549, "support": 1280}, "weighted avg": {"precision": 0.8729653204157902, "recall": 0.871875, "f1-score": 0.8712933319018651, "support": 1280}}