{"1": {"precision": 0.0, "recall": 0.0, "f1-score": 0.0, "support": 3}, "2": {"precision": 0.75, "recall": 0.3333333333333333, "f1-score": 0.46153846153846156, "support": 9}, "3": {"precision": 0.5625, "recall": 0.6923076923076923, "f1-score": 0.6206896551724138, "support": 13}, "4": {"precision": 0.7916666666666666, "recall": 0.9047619047619048, "f1-score": 0.8444444444444444, "support": 21}, "5": {"precision": 0.9615384615384616, "recall": 0.8620689655172413, "f1-score": 0.9090909090909091, "support": 29}, "6": {"precision": 0.8695652173913043, "recall": 0.9090909090909091, "f1-score": 0.888888888888889, "support": 44}, "7": {"precision": 0.8780487804878049, "recall": 0.8780487804878049, "f1-score": 0.8780487804878049, "support": 41}, "8": {"precision": 0.8780487804878049, "recall": 0.9, "f1-score": 0.888888888888889, "support": 40}, "9": {"precision": 0.8421052631578947, "recall": 0.8727272727272727, "f1-score": 0.8571428571428571, "support": 55}, "10": {"precision": 0.8235294117647058, "recall": 0.8433734939759037, "f1-score": 0.8333333333333334, "support": 83}, "11": {"precision": 0.8725490196078431, "recall": 0.8640776699029126, "f1-score": 0.8682926829268292, "support": 103}, "12": {"precision": 0.9052631578947369, "recall": 0.8865979381443299, "f1-score": 0.8958333333333333, "support": 97}, "13": {"precision": 0.8604651162790697, "recall": 0.8505747126436781, "f1-score": 0.8554913294797688, "support": 87}, "14": {"precision": 0.8865979381443299, "recall": 0.8431372549019608, "f1-score": 0.864321608040201, "support": 102}, "15": {"precision": 0.8857142857142857, "recall": 0.8942307692307693, "f1-score": 0.8899521531100478, "support": 104}, "16": {"precision": 0.875, "recall": 0.8651685393258427, "f1-score": 0.8700564971751412, "support": 89}, "17": {"precision": 0.8461538461538461, "recall": 0.875, "f1-score": 0.8603351955307262, "support": 88}, "18": {"precision": 0.7666666666666667, "recall": 0.8070175438596491, "f1-score": 0.7863247863247863, "support": 57}, "19": {"precision": 0.84, "recall": 0.7777777777777778, "f1-score": 0.8076923076923077, "support": 54}, "20": {"precision": 0.8269230769230769, "recall": 0.8958333333333334, "f1-score": 0.86, "support": 48}, "21": {"precision": 0.8409090909090909, "recall": 0.9024390243902439, "f1-score": 0.8705882352941177, "support": 41}, "22": {"precision": 0.9047619047619048, "recall": 0.76, "f1-score": 0.8260869565217391, "support": 25}, "23": {"precision": 0.75, "recall": 0.8571428571428571, "f1-score": 0.7999999999999999, "support": 14}, "24": {"precision": 0.7692307692307693, "recall": 0.8333333333333334, "f1-score": 0.8, "support": 12}, "25": {"precision": 0.6153846153846154, "recall": 0.6666666666666666, "f1-score": 0.64, "support": 12}, "26": {"precision": 0.6666666666666666, "recall": 0.25, "f1-score": 0.36363636363636365, "support": 8}, "27": {"precision": 0.5, "recall": 1.0, "f1-score": 0.6666666666666666, "support": 1}, "accuracy": 0.85, "macro avg": {"precision": 0.7766403235493166, "recall": 0.7786929545502006, "f1-score": 0.7669386790637048, "support": 1280}, "weighted avg": {"precision": 0.8506627868164592, "recall": 0.85, "f1-score": 0.8484624977768587, "support": 1280}}