{"1": {"precision": 0.6666666666666666, "recall": 0.4, "f1-score": 0.5, "support": 5}, "2": {"precision": 0.5, "recall": 0.2857142857142857, "f1-score": 0.36363636363636365, "support": 7}, "3": {"precision": 0.5555555555555556, "recall": 0.5, "f1-score": 0.5263157894736842, "support": 10}, "4": {"precision": 0.8461538461538461, "recall": 0.6111111111111112, "f1-score": 0.7096774193548387, "support": 18}, "5": {"precision": 0.8846153846153846, "recall": 0.6764705882352942, "f1-score": 0.7666666666666666, "support": 34}, "6": {"precision": 0.6829268292682927, "recall": 0.8, "f1-score": 0.736842105263158, "support": 35}, "7": {"precision": 0.825, "recall": 0.6875, "f1-score": 0.75, "support": 48}, "8": {"precision": 0.75, "recall": 0.6885245901639344, "f1-score": 0.7179487179487181, "support": 61}, "9": {"precision": 0.6842105263157895, "recall": 0.6964285714285714, "f1-score": 0.6902654867256636, "support": 56}, "10": {"precision": 0.7011494252873564, "recall": 0.7093023255813954, "f1-score": 0.7052023121387283, "support": 86}, "11": {"precision": 0.7849462365591398, "recall": 0.6822429906542056, "f1-score": 0.73, "support": 107}, "12": {"precision": 0.7111111111111111, "recall": 0.6881720430107527, "f1-score": 0.6994535519125684, "support": 93}, "13": {"precision": 0.5865384615384616, "recall": 0.6853932584269663, "f1-score": 0.6321243523316062, "support": 89}, "14": {"precision": 0.7757009345794392, "recall": 0.7545454545454545, "f1-score": 0.7649769585253456, "support": 110}, "15": {"precision": 0.6736842105263158, "recall": 0.7441860465116279, "f1-score": 0.707182320441989, "support": 86}, "16": {"precision": 0.8043478260869565, "recall": 0.7872340425531915, "f1-score": 0.795698924731183, "support": 94}, "17": {"precision": 0.5581395348837209, "recall": 0.7272727272727273, "f1-score": 0.6315789473684211, "support": 66}, "18": {"precision": 0.5428571428571428, "recall": 0.7808219178082192, "f1-score": 0.6404494382022472, "support": 73}, "19": {"precision": 0.8703703703703703, "recall": 0.7121212121212122, "f1-score": 0.7833333333333333, "support": 66}, "20": {"precision": 0.8095238095238095, "recall": 0.68, "f1-score": 0.7391304347826089, "support": 25}, "21": {"precision": 0.9259259259259259, "recall": 0.7575757575757576, "f1-score": 0.8333333333333334, "support": 33}, "22": {"precision": 0.7727272727272727, "recall": 0.7391304347826086, "f1-score": 0.7555555555555555, "support": 23}, "23": {"precision": 0.7368421052631579, "recall": 0.7368421052631579, "f1-score": 0.7368421052631579, "support": 19}, "24": {"precision": 0.8181818181818182, "recall": 0.5, "f1-score": 0.6206896551724137, "support": 18}, "25": {"precision": 0.5833333333333334, "recall": 0.7, "f1-score": 0.6363636363636365, "support": 10}, "26": {"precision": 0.6666666666666666, "recall": 0.2857142857142857, "f1-score": 0.4, "support": 7}, "27": {"precision": 0.3333333333333333, "recall": 1.0, "f1-score": 0.5, "support": 1}, "accuracy": 0.71015625, "macro avg": {"precision": 0.7055743824937358, "recall": 0.6672705092027689, "f1-score": 0.6693802743898231, "support": 1280}, "weighted avg": {"precision": 0.7256234483241826, "recall": 0.71015625, "f1-score": 0.7121439719999766, "support": 1280}}