{"0": {"precision": 0.0, "recall": 0.0, "f1-score": 0.0, "support": 1}, "1": {"precision": 0.5, "recall": 0.3333333333333333, "f1-score": 0.4, "support": 3}, "2": {"precision": 0.25, "recall": 0.5, "f1-score": 0.3333333333333333, "support": 2}, "3": {"precision": 0.8461538461538461, "recall": 0.7333333333333333, "f1-score": 0.7857142857142856, "support": 15}, "4": {"precision": 0.8636363636363636, "recall": 0.7916666666666666, "f1-score": 0.8260869565217391, "support": 24}, "5": {"precision": 0.8181818181818182, "recall": 0.8181818181818182, "f1-score": 0.8181818181818182, "support": 22}, "6": {"precision": 0.8536585365853658, "recall": 1.0, "f1-score": 0.9210526315789475, "support": 35}, "7": {"precision": 0.8666666666666667, "recall": 0.9069767441860465, "f1-score": 0.8863636363636364, "support": 43}, "8": {"precision": 0.9, "recall": 0.8709677419354839, "f1-score": 0.8852459016393444, "support": 62}, "9": {"precision": 0.9444444444444444, "recall": 0.8360655737704918, "f1-score": 0.8869565217391304, "support": 61}, "10": {"precision": 0.872093023255814, "recall": 0.9259259259259259, "f1-score": 0.8982035928143713, "support": 81}, "11": {"precision": 0.8941176470588236, "recall": 0.8941176470588236, "f1-score": 0.8941176470588236, "support": 85}, "12": {"precision": 0.8913043478260869, "recall": 0.8631578947368421, "f1-score": 0.8770053475935828, "support": 95}, "13": {"precision": 0.8681318681318682, "recall": 0.8977272727272727, "f1-score": 0.8826815642458101, "support": 88}, "14": {"precision": 0.9183673469387755, "recall": 0.9278350515463918, "f1-score": 0.923076923076923, "support": 97}, "15": {"precision": 0.8857142857142857, "recall": 0.9207920792079208, "f1-score": 0.9029126213592233, "support": 101}, "16": {"precision": 0.9452054794520548, "recall": 0.8625, "f1-score": 0.9019607843137256, "support": 80}, "17": {"precision": 0.872093023255814, "recall": 0.8928571428571429, "f1-score": 0.8823529411764706, "support": 84}, "18": {"precision": 0.8518518518518519, "recall": 0.8961038961038961, "f1-score": 0.8734177215189873, "support": 77}, "19": {"precision": 0.9545454545454546, "recall": 0.84, "f1-score": 0.8936170212765958, "support": 50}, "20": {"precision": 0.9152542372881356, "recall": 0.9642857142857143, "f1-score": 0.9391304347826087, "support": 56}, "21": {"precision": 0.96875, "recall": 0.9393939393939394, "f1-score": 0.9538461538461539, "support": 33}, "22": {"precision": 0.8787878787878788, "recall": 0.90625, "f1-score": 0.8923076923076922, "support": 32}, "23": {"precision": 0.6956521739130435, "recall": 0.8421052631578947, "f1-score": 0.761904761904762, "support": 19}, "24": {"precision": 0.8461538461538461, "recall": 0.6875, "f1-score": 0.7586206896551724, "support": 16}, "25": {"precision": 0.75, "recall": 0.42857142857142855, "f1-score": 0.5454545454545454, "support": 7}, "26": {"precision": 0.75, "recall": 0.6666666666666666, "f1-score": 0.7058823529411765, "support": 9}, "27": {"precision": 0.5, "recall": 1.0, "f1-score": 0.6666666666666666, "support": 2}, "accuracy": 0.88359375, "macro avg": {"precision": 0.7893130049943656, "recall": 0.7909398262016797, "f1-score": 0.7820033766809117, "support": 1280}, "weighted avg": {"precision": 0.8855589099160379, "recall": 0.88359375, "f1-score": 0.8830049452626756, "support": 1280}}