{"0": {"precision": 1.0, "recall": 0.3333333333333333, "f1-score": 0.5, "support": 3}, "1": {"precision": 0.5, "recall": 0.3333333333333333, "f1-score": 0.4, "support": 3}, "2": {"precision": 0.625, "recall": 0.9090909090909091, "f1-score": 0.7407407407407406, "support": 11}, "3": {"precision": 0.8571428571428571, "recall": 0.5454545454545454, "f1-score": 0.6666666666666665, "support": 11}, "4": {"precision": 0.8333333333333334, "recall": 0.9615384615384616, "f1-score": 0.8928571428571429, "support": 26}, "5": {"precision": 0.7894736842105263, "recall": 0.75, "f1-score": 0.7692307692307692, "support": 20}, "6": {"precision": 0.8823529411764706, "recall": 0.8823529411764706, "f1-score": 0.8823529411764706, "support": 34}, "7": {"precision": 0.9591836734693877, "recall": 0.9038461538461539, "f1-score": 0.9306930693069307, "support": 52}, "8": {"precision": 0.9333333333333333, "recall": 0.9491525423728814, "f1-score": 0.9411764705882353, "support": 59}, "9": {"precision": 0.9130434782608695, "recall": 0.9333333333333333, "f1-score": 0.9230769230769231, "support": 90}, "10": {"precision": 0.868421052631579, "recall": 0.88, "f1-score": 0.8741721854304636, "support": 75}, "11": {"precision": 0.9285714285714286, "recall": 0.9069767441860465, "f1-score": 0.9176470588235294, "support": 86}, "12": {"precision": 0.8809523809523809, "recall": 0.8809523809523809, "f1-score": 0.8809523809523809, "support": 84}, "13": {"precision": 0.8909090909090909, "recall": 0.8672566371681416, "f1-score": 0.8789237668161435, "support": 113}, "14": {"precision": 0.8735632183908046, "recall": 0.9047619047619048, "f1-score": 0.8888888888888888, "support": 84}, "15": {"precision": 0.9560439560439561, "recall": 0.925531914893617, "f1-score": 0.9405405405405406, "support": 94}, "16": {"precision": 0.9259259259259259, "recall": 0.9615384615384616, "f1-score": 0.9433962264150944, "support": 78}, "17": {"precision": 0.9294117647058824, "recall": 0.8876404494382022, "f1-score": 0.9080459770114941, "support": 89}, "18": {"precision": 0.875, "recall": 0.9333333333333333, "f1-score": 0.9032258064516129, "support": 75}, "19": {"precision": 0.8571428571428571, "recall": 0.9473684210526315, "f1-score": 0.9, "support": 57}, "20": {"precision": 0.9347826086956522, "recall": 0.8113207547169812, "f1-score": 0.8686868686868686, "support": 53}, "21": {"precision": 0.8214285714285714, "recall": 0.8846153846153846, "f1-score": 0.8518518518518519, "support": 26}, "22": {"precision": 0.8888888888888888, "recall": 0.7619047619047619, "f1-score": 0.8205128205128205, "support": 21}, "23": {"precision": 0.8333333333333334, "recall": 0.8823529411764706, "f1-score": 0.8571428571428571, "support": 17}, "24": {"precision": 0.8, "recall": 0.8888888888888888, "f1-score": 0.8421052631578948, "support": 9}, "25": {"precision": 0.5, "recall": 0.6, "f1-score": 0.5454545454545454, "support": 5}, "26": {"precision": 0.0, "recall": 0.0, "f1-score": 0.0, "support": 3}, "27": {"precision": 0.5, "recall": 0.5, "f1-score": 0.5, "support": 2}, "accuracy": 0.89140625, "macro avg": {"precision": 0.8056156563766832, "recall": 0.7830670904323797, "f1-score": 0.7845836343493167, "support": 1280}, "weighted avg": {"precision": 0.8922989846794798, "recall": 0.89140625, "f1-score": 0.8901555346128884, "support": 1280}}