{"0": {"precision": 0.0, "recall": 0.0, "f1-score": 0.0, "support": 1}, "1": {"precision": 0.25, "recall": 1.0, "f1-score": 0.4, "support": 1}, "2": {"precision": 0.6666666666666666, "recall": 0.3333333333333333, "f1-score": 0.4444444444444444, "support": 6}, "3": {"precision": 0.5833333333333334, "recall": 0.7, "f1-score": 0.6363636363636365, "support": 10}, "4": {"precision": 0.875, "recall": 0.7241379310344828, "f1-score": 0.7924528301886793, "support": 29}, "5": {"precision": 0.782608695652174, "recall": 0.9, "f1-score": 0.8372093023255814, "support": 20}, "6": {"precision": 0.92, "recall": 0.8846153846153846, "f1-score": 0.9019607843137256, "support": 26}, "7": {"precision": 0.8979591836734694, "recall": 0.88, "f1-score": 0.888888888888889, "support": 50}, "8": {"precision": 0.8679245283018868, "recall": 0.8070175438596491, "f1-score": 0.8363636363636363, "support": 57}, "9": {"precision": 0.8125, "recall": 0.896551724137931, "f1-score": 0.8524590163934426, "support": 58}, "10": {"precision": 0.8888888888888888, "recall": 0.8767123287671232, "f1-score": 0.8827586206896552, "support": 73}, "11": {"precision": 0.927710843373494, "recall": 0.8555555555555555, "f1-score": 0.8901734104046242, "support": 90}, "12": {"precision": 0.8878504672897196, "recall": 0.9223300970873787, "f1-score": 0.9047619047619048, "support": 103}, "13": {"precision": 0.875, "recall": 0.9333333333333333, "f1-score": 0.9032258064516129, "support": 90}, "14": {"precision": 0.9690721649484536, "recall": 0.8867924528301887, "f1-score": 0.9261083743842364, "support": 106}, "15": {"precision": 0.9047619047619048, "recall": 0.8796296296296297, "f1-score": 0.892018779342723, "support": 108}, "16": {"precision": 0.8181818181818182, "recall": 0.9278350515463918, "f1-score": 0.8695652173913045, "support": 97}, "17": {"precision": 0.8641975308641975, "recall": 0.8860759493670886, "f1-score": 0.8749999999999999, "support": 79}, "18": {"precision": 0.9076923076923077, "recall": 0.8939393939393939, "f1-score": 0.900763358778626, "support": 66}, "19": {"precision": 0.8947368421052632, "recall": 0.9444444444444444, "f1-score": 0.918918918918919, "support": 54}, "20": {"precision": 0.9375, "recall": 0.7894736842105263, "f1-score": 0.8571428571428572, "support": 38}, "21": {"precision": 0.8947368421052632, "recall": 0.9444444444444444, "f1-score": 0.918918918918919, "support": 36}, "22": {"precision": 0.9, "recall": 0.8709677419354839, "f1-score": 0.8852459016393444, "support": 31}, "23": {"precision": 0.8947368421052632, "recall": 0.7083333333333334, "f1-score": 0.7906976744186046, "support": 24}, "24": {"precision": 0.7368421052631579, "recall": 0.875, "f1-score": 0.7999999999999999, "support": 16}, "25": {"precision": 0.4, "recall": 0.5, "f1-score": 0.4444444444444445, "support": 4}, "26": {"precision": 0.5714285714285714, "recall": 0.8, "f1-score": 0.6666666666666666, "support": 5}, "27": {"precision": 0.0, "recall": 0.0, "f1-score": 0.0, "support": 2}, "accuracy": 0.87578125, "macro avg": {"precision": 0.747476054879851, "recall": 0.7721615484787535, "f1-score": 0.7470197640584456, "support": 1280}, "weighted avg": {"precision": 0.8787946193877951, "recall": 0.87578125, "f1-score": 0.8751855581035268, "support": 1280}}