{"0": {"precision": 1.0, "recall": 0.3333333333333333, "f1-score": 0.5, "support": 3}, "2": {"precision": 0.0, "recall": 0.0, "f1-score": 0.0, "support": 3}, "3": {"precision": 0.7368421052631579, "recall": 0.875, "f1-score": 0.7999999999999999, "support": 16}, "4": {"precision": 0.8, "recall": 0.8, "f1-score": 0.8000000000000002, "support": 20}, "5": {"precision": 0.9130434782608695, "recall": 0.7777777777777778, "f1-score": 0.84, "support": 27}, "6": {"precision": 0.8285714285714286, "recall": 0.8529411764705882, "f1-score": 0.8405797101449276, "support": 34}, "7": {"precision": 0.8548387096774194, "recall": 0.9137931034482759, "f1-score": 0.8833333333333333, "support": 58}, "8": {"precision": 0.9322033898305084, "recall": 0.8461538461538461, "f1-score": 0.8870967741935484, "support": 65}, "9": {"precision": 0.8375, "recall": 0.8933333333333333, "f1-score": 0.8645161290322579, "support": 75}, "10": {"precision": 0.9090909090909091, "recall": 0.9090909090909091, "f1-score": 0.9090909090909091, "support": 88}, "11": {"precision": 0.9058823529411765, "recall": 0.9058823529411765, "f1-score": 0.9058823529411765, "support": 85}, "12": {"precision": 0.8556701030927835, "recall": 0.8556701030927835, "f1-score": 0.8556701030927835, "support": 97}, "13": {"precision": 0.8658536585365854, "recall": 0.8554216867469879, "f1-score": 0.8606060606060606, "support": 83}, "14": {"precision": 0.9117647058823529, "recall": 0.9029126213592233, "f1-score": 0.9073170731707318, "support": 103}, "15": {"precision": 0.8679245283018868, "recall": 0.8846153846153846, "f1-score": 0.8761904761904762, "support": 104}, "16": {"precision": 0.8571428571428571, "recall": 0.825, "f1-score": 0.8407643312101911, "support": 80}, "17": {"precision": 0.8860759493670886, "recall": 0.875, "f1-score": 0.8805031446540881, "support": 80}, "18": {"precision": 0.8493150684931506, "recall": 0.8985507246376812, "f1-score": 0.8732394366197183, "support": 69}, "19": {"precision": 0.8333333333333334, "recall": 0.7608695652173914, "f1-score": 0.7954545454545455, "support": 46}, "20": {"precision": 0.7272727272727273, "recall": 0.8421052631578947, "f1-score": 0.7804878048780488, "support": 38}, "21": {"precision": 0.8611111111111112, "recall": 0.775, "f1-score": 0.8157894736842106, "support": 40}, "22": {"precision": 0.7368421052631579, "recall": 0.6363636363636364, "f1-score": 0.6829268292682926, "support": 22}, "23": {"precision": 0.5789473684210527, "recall": 0.6875, "f1-score": 0.6285714285714286, "support": 16}, "24": {"precision": 0.6428571428571429, "recall": 0.6, "f1-score": 0.6206896551724138, "support": 15}, "25": {"precision": 0.5454545454545454, "recall": 0.6, "f1-score": 0.5714285714285713, "support": 10}, "26": {"precision": 0.5, "recall": 1.0, "f1-score": 0.6666666666666666, "support": 2}, "27": {"precision": 0.0, "recall": 0.0, "f1-score": 0.0, "support": 1}, "accuracy": 0.8515625, "macro avg": {"precision": 0.749538428820935, "recall": 0.7446783265829713, "f1-score": 0.7365483262742364, "support": 1280}, "weighted avg": {"precision": 0.8536614714419255, "recall": 0.8515625, "f1-score": 0.8512314495037152, "support": 1280}}