{"0": {"precision": 0.0, "recall": 0.0, "f1-score": 0.0, "support": 1}, "1": {"precision": 0.3333333333333333, "recall": 0.5, "f1-score": 0.4, "support": 2}, "2": {"precision": 1.0, "recall": 0.5714285714285714, "f1-score": 0.7272727272727273, "support": 7}, "3": {"precision": 0.8461538461538461, "recall": 0.8461538461538461, "f1-score": 0.8461538461538461, "support": 13}, "4": {"precision": 0.8235294117647058, "recall": 0.9333333333333333, "f1-score": 0.8749999999999999, "support": 15}, "5": {"precision": 0.9310344827586207, "recall": 0.8709677419354839, "f1-score": 0.9, "support": 31}, "6": {"precision": 0.7666666666666667, "recall": 0.8214285714285714, "f1-score": 0.793103448275862, "support": 28}, "7": {"precision": 0.8695652173913043, "recall": 0.8888888888888888, "f1-score": 0.8791208791208792, "support": 45}, "8": {"precision": 0.9649122807017544, "recall": 0.8461538461538461, "f1-score": 0.9016393442622951, "support": 65}, "9": {"precision": 0.8181818181818182, "recall": 0.9545454545454546, "f1-score": 0.881118881118881, "support": 66}, "10": {"precision": 0.96, "recall": 0.9, "f1-score": 0.9290322580645162, "support": 80}, "11": {"precision": 0.9264705882352942, "recall": 0.9402985074626866, "f1-score": 0.9333333333333335, "support": 67}, "12": {"precision": 0.9101123595505618, "recall": 0.8617021276595744, "f1-score": 0.8852459016393442, "support": 94}, "13": {"precision": 0.8387096774193549, "recall": 0.8666666666666667, "f1-score": 0.8524590163934426, "support": 90}, "14": {"precision": 0.9142857142857143, "recall": 0.897196261682243, "f1-score": 0.9056603773584906, "support": 107}, "15": {"precision": 0.875, "recall": 0.91, "f1-score": 0.892156862745098, "support": 100}, "16": {"precision": 0.8877551020408163, "recall": 0.8613861386138614, "f1-score": 0.8743718592964823, "support": 101}, "17": {"precision": 0.8505747126436781, "recall": 0.9024390243902439, "f1-score": 0.8757396449704142, "support": 82}, "18": {"precision": 0.8857142857142857, "recall": 0.8611111111111112, "f1-score": 0.8732394366197184, "support": 72}, "19": {"precision": 0.9433962264150944, "recall": 0.819672131147541, "f1-score": 0.8771929824561403, "support": 61}, "20": {"precision": 0.8260869565217391, "recall": 0.9743589743589743, "f1-score": 0.8941176470588235, "support": 39}, "21": {"precision": 0.9090909090909091, "recall": 1.0, "f1-score": 0.9523809523809523, "support": 30}, "22": {"precision": 0.9642857142857143, "recall": 0.9, "f1-score": 0.9310344827586207, "support": 30}, "23": {"precision": 0.7894736842105263, "recall": 0.8333333333333334, "f1-score": 0.8108108108108109, "support": 18}, "24": {"precision": 0.6923076923076923, "recall": 0.6428571428571429, "f1-score": 0.6666666666666666, "support": 14}, "25": {"precision": 0.8333333333333334, "recall": 0.7894736842105263, "f1-score": 0.8108108108108109, "support": 19}, "26": {"precision": 0.0, "recall": 0.0, "f1-score": 0.0, "support": 2}, "27": {"precision": 0.5, "recall": 1.0, "f1-score": 0.6666666666666666, "support": 1}, "accuracy": 0.88046875, "macro avg": {"precision": 0.7807133576073844, "recall": 0.792621262762925, "f1-score": 0.779797458436958, "support": 1280}, "weighted avg": {"precision": 0.8842331699860194, "recall": 0.88046875, "f1-score": 0.880650474161159, "support": 1280}}