{"0": {"precision": 0.0, "recall": 0.0, "f1-score": 0.0, "support": 2}, "1": {"precision": 0.6666666666666666, "recall": 0.5, "f1-score": 0.5714285714285715, "support": 4}, "2": {"precision": 0.2, "recall": 0.09090909090909091, "f1-score": 0.12500000000000003, "support": 11}, "3": {"precision": 0.26666666666666666, "recall": 0.3076923076923077, "f1-score": 0.28571428571428575, "support": 13}, "4": {"precision": 0.5416666666666666, "recall": 0.52, "f1-score": 0.5306122448979592, "support": 25}, "5": {"precision": 0.6333333333333333, "recall": 0.7037037037037037, "f1-score": 0.6666666666666667, "support": 27}, "6": {"precision": 0.6153846153846154, "recall": 0.8, "f1-score": 0.6956521739130435, "support": 30}, "7": {"precision": 0.825, "recall": 0.717391304347826, "f1-score": 0.7674418604651162, "support": 46}, "8": {"precision": 0.8541666666666666, "recall": 0.82, "f1-score": 0.836734693877551, "support": 50}, "9": {"precision": 0.8539325842696629, "recall": 0.8735632183908046, "f1-score": 0.8636363636363635, "support": 87}, "10": {"precision": 0.8488372093023255, "recall": 0.8021978021978022, "f1-score": 0.8248587570621468, "support": 91}, "11": {"precision": 0.8484848484848485, "recall": 0.84, "f1-score": 0.8442211055276383, "support": 100}, "12": {"precision": 0.8282828282828283, "recall": 0.8631578947368421, "f1-score": 0.8453608247422681, "support": 95}, "13": {"precision": 0.85, "recall": 0.7816091954022989, "f1-score": 0.8143712574850299, "support": 87}, "14": {"precision": 0.7959183673469388, "recall": 0.8041237113402062, "f1-score": 0.8, "support": 97}, "15": {"precision": 0.8, "recall": 0.8936170212765957, "f1-score": 0.8442211055276382, "support": 94}, "16": {"precision": 0.8571428571428571, "recall": 0.8571428571428571, "f1-score": 0.8571428571428571, "support": 77}, "17": {"precision": 0.8076923076923077, "recall": 0.7777777777777778, "f1-score": 0.7924528301886792, "support": 81}, "18": {"precision": 0.8103448275862069, "recall": 0.734375, "f1-score": 0.7704918032786885, "support": 64}, "19": {"precision": 0.7142857142857143, "recall": 0.7843137254901961, "f1-score": 0.7476635514018691, "support": 51}, "20": {"precision": 0.8125, "recall": 0.8297872340425532, "f1-score": 0.8210526315789474, "support": 47}, "21": {"precision": 0.8518518518518519, "recall": 0.696969696969697, "f1-score": 0.7666666666666667, "support": 33}, "22": {"precision": 0.5, "recall": 0.75, "f1-score": 0.6, "support": 20}, "23": {"precision": 0.46153846153846156, "recall": 0.6, "f1-score": 0.5217391304347826, "support": 20}, "24": {"precision": 0.4166666666666667, "recall": 0.29411764705882354, "f1-score": 0.3448275862068966, "support": 17}, "25": {"precision": 0.2857142857142857, "recall": 0.25, "f1-score": 0.26666666666666666, "support": 8}, "26": {"precision": 0.0, "recall": 0.0, "f1-score": 0.0, "support": 3}, "accuracy": 0.7765625, "macro avg": {"precision": 0.6276324972425767, "recall": 0.6256462662399771, "f1-score": 0.622393467944827, "support": 1280}, "weighted avg": {"precision": 0.7766662289991753, "recall": 0.7765625, "f1-score": 0.7744816943254517, "support": 1280}}