{"0": {"precision": 0.0, "recall": 0.0, "f1-score": 0.0, "support": 1}, "1": {"precision": 0.5, "recall": 0.5, "f1-score": 0.5, "support": 4}, "2": {"precision": 0.125, "recall": 0.07692307692307693, "f1-score": 0.09523809523809525, "support": 13}, "3": {"precision": 0.5625, "recall": 0.5625, "f1-score": 0.5625, "support": 16}, "4": {"precision": 0.8888888888888888, "recall": 0.5714285714285714, "f1-score": 0.6956521739130435, "support": 14}, "5": {"precision": 0.84375, "recall": 0.7297297297297297, "f1-score": 0.7826086956521738, "support": 37}, "6": {"precision": 0.75, "recall": 0.6363636363636364, "f1-score": 0.6885245901639345, "support": 33}, "7": {"precision": 0.7727272727272727, "recall": 0.6538461538461539, "f1-score": 0.7083333333333333, "support": 52}, "8": {"precision": 0.7804878048780488, "recall": 0.5517241379310345, "f1-score": 0.6464646464646465, "support": 58}, "9": {"precision": 0.6363636363636364, "recall": 0.6774193548387096, "f1-score": 0.65625, "support": 62}, "10": {"precision": 0.5978260869565217, "recall": 0.7236842105263158, "f1-score": 0.6547619047619048, "support": 76}, "11": {"precision": 0.6888888888888889, "recall": 0.62, "f1-score": 0.6526315789473685, "support": 100}, "12": {"precision": 0.6470588235294118, "recall": 0.5176470588235295, "f1-score": 0.5751633986928104, "support": 85}, "13": {"precision": 0.3925925925925926, "recall": 0.5955056179775281, "f1-score": 0.47321428571428575, "support": 89}, "14": {"precision": 0.6019417475728155, "recall": 0.62, "f1-score": 0.6108374384236454, "support": 100}, "15": {"precision": 0.6521739130434783, "recall": 0.6741573033707865, "f1-score": 0.6629834254143646, "support": 89}, "16": {"precision": 0.4827586206896552, "recall": 0.5384615384615384, "f1-score": 0.509090909090909, "support": 78}, "17": {"precision": 0.5384615384615384, "recall": 0.6222222222222222, "f1-score": 0.577319587628866, "support": 90}, "18": {"precision": 0.5476190476190477, "recall": 0.696969696969697, "f1-score": 0.6133333333333334, "support": 66}, "19": {"precision": 0.8181818181818182, "recall": 0.6428571428571429, "f1-score": 0.7200000000000001, "support": 56}, "20": {"precision": 0.6585365853658537, "recall": 0.5192307692307693, "f1-score": 0.5806451612903226, "support": 52}, "21": {"precision": 0.6111111111111112, "recall": 0.6285714285714286, "f1-score": 0.619718309859155, "support": 35}, "22": {"precision": 0.75, "recall": 0.5, "f1-score": 0.6, "support": 30}, "23": {"precision": 0.6363636363636364, "recall": 0.3888888888888889, "f1-score": 0.4827586206896552, "support": 18}, "24": {"precision": 0.45454545454545453, "recall": 0.45454545454545453, "f1-score": 0.45454545454545453, "support": 11}, "25": {"precision": 0.5, "recall": 0.7142857142857143, "f1-score": 0.588235294117647, "support": 7}, "26": {"precision": 0.0, "recall": 0.0, "f1-score": 0.0, "support": 5}, "27": {"precision": 0.0, "recall": 0.0, "f1-score": 0.0, "support": 3}, "accuracy": 0.60390625, "macro avg": {"precision": 0.5513491952778453, "recall": 0.5148914895639974, "f1-score": 0.5253860799026767, "support": 1280}, "weighted avg": {"precision": 0.6207890645617504, "recall": 0.60390625, "f1-score": 0.6054288895727651, "support": 1280}}