{"1": {"precision": 1.0, "recall": 0.6, "f1-score": 0.7499999999999999, "support": 5}, "2": {"precision": 0.6, "recall": 0.75, "f1-score": 0.6666666666666665, "support": 4}, "3": {"precision": 0.8666666666666667, "recall": 0.8666666666666667, "f1-score": 0.8666666666666667, "support": 15}, "4": {"precision": 0.8181818181818182, "recall": 0.8571428571428571, "f1-score": 0.8372093023255814, "support": 21}, "5": {"precision": 0.8974358974358975, "recall": 0.875, "f1-score": 0.8860759493670887, "support": 40}, "6": {"precision": 0.9230769230769231, "recall": 0.9473684210526315, "f1-score": 0.935064935064935, "support": 38}, "7": {"precision": 0.8181818181818182, "recall": 0.8780487804878049, "f1-score": 0.8470588235294119, "support": 41}, "8": {"precision": 0.9180327868852459, "recall": 0.7887323943661971, "f1-score": 0.8484848484848485, "support": 71}, "9": {"precision": 0.7631578947368421, "recall": 0.8923076923076924, "f1-score": 0.822695035460993, "support": 65}, "10": {"precision": 0.8292682926829268, "recall": 0.8292682926829268, "f1-score": 0.8292682926829268, "support": 82}, "11": {"precision": 0.875, "recall": 0.8020833333333334, "f1-score": 0.8369565217391305, "support": 96}, "12": {"precision": 0.7959183673469388, "recall": 0.8571428571428571, "f1-score": 0.8253968253968254, "support": 91}, "13": {"precision": 0.8571428571428571, "recall": 0.8148148148148148, "f1-score": 0.8354430379746836, "support": 81}, "14": {"precision": 0.8529411764705882, "recall": 0.90625, "f1-score": 0.8787878787878787, "support": 96}, "15": {"precision": 0.8837209302325582, "recall": 0.8351648351648352, "f1-score": 0.8587570621468927, "support": 91}, "16": {"precision": 0.8433734939759037, "recall": 0.7865168539325843, "f1-score": 0.813953488372093, "support": 89}, "17": {"precision": 0.797752808988764, "recall": 0.8554216867469879, "f1-score": 0.8255813953488371, "support": 83}, "18": {"precision": 0.8831168831168831, "recall": 0.9066666666666666, "f1-score": 0.894736842105263, "support": 75}, "19": {"precision": 0.95, "recall": 0.890625, "f1-score": 0.9193548387096774, "support": 64}, "20": {"precision": 0.8431372549019608, "recall": 0.9772727272727273, "f1-score": 0.9052631578947369, "support": 44}, "21": {"precision": 0.76, "recall": 0.7037037037037037, "f1-score": 0.7307692307692308, "support": 27}, "22": {"precision": 0.85, "recall": 0.68, "f1-score": 0.7555555555555556, "support": 25}, "23": {"precision": 0.7, "recall": 0.6363636363636364, "f1-score": 0.6666666666666666, "support": 11}, "24": {"precision": 0.35, "recall": 0.7, "f1-score": 0.4666666666666667, "support": 10}, "25": {"precision": 0.6, "recall": 0.23076923076923078, "f1-score": 0.33333333333333337, "support": 13}, "26": {"precision": 0.5, "recall": 1.0, "f1-score": 0.6666666666666666, "support": 1}, "27": {"precision": 1.0, "recall": 1.0, "f1-score": 1.0, "support": 1}, "accuracy": 0.8390625, "macro avg": {"precision": 0.8065224396305405, "recall": 0.8099011278006722, "f1-score": 0.7964103588290095, "support": 1280}, "weighted avg": {"precision": 0.8443131662009659, "recall": 0.8390625, "f1-score": 0.8386103588352973, "support": 1280}}