{"0": {"precision": 1.0, "recall": 1.0, "f1-score": 1.0, "support": 1}, "1": {"precision": 1.0, "recall": 0.75, "f1-score": 0.8571428571428571, "support": 4}, "2": {"precision": 0.75, "recall": 0.5, "f1-score": 0.6, "support": 6}, "3": {"precision": 0.8125, "recall": 0.9285714285714286, "f1-score": 0.8666666666666666, "support": 14}, "4": {"precision": 0.9285714285714286, "recall": 0.7647058823529411, "f1-score": 0.8387096774193549, "support": 17}, "5": {"precision": 0.7727272727272727, "recall": 1.0, "f1-score": 0.8717948717948718, "support": 17}, "6": {"precision": 0.9743589743589743, "recall": 0.95, "f1-score": 0.9620253164556962, "support": 40}, "7": {"precision": 0.9333333333333333, "recall": 0.9655172413793104, "f1-score": 0.9491525423728815, "support": 58}, "8": {"precision": 0.9107142857142857, "recall": 0.8793103448275862, "f1-score": 0.8947368421052632, "support": 58}, "9": {"precision": 0.8709677419354839, "recall": 0.9, "f1-score": 0.8852459016393444, "support": 60}, "10": {"precision": 0.9506172839506173, "recall": 0.9058823529411765, "f1-score": 0.927710843373494, "support": 85}, "11": {"precision": 0.9347826086956522, "recall": 0.9247311827956989, "f1-score": 0.9297297297297297, "support": 93}, "12": {"precision": 0.9052631578947369, "recall": 0.9662921348314607, "f1-score": 0.9347826086956522, "support": 89}, "13": {"precision": 0.9666666666666667, "recall": 0.8969072164948454, "f1-score": 0.93048128342246, "support": 97}, "14": {"precision": 0.9385964912280702, "recall": 0.9553571428571429, "f1-score": 0.9469026548672567, "support": 112}, "15": {"precision": 0.9484536082474226, "recall": 0.9019607843137255, "f1-score": 0.9246231155778893, "support": 102}, "16": {"precision": 0.8555555555555555, "recall": 0.9166666666666666, "f1-score": 0.8850574712643678, "support": 84}, "17": {"precision": 0.8125, "recall": 0.8666666666666667, "f1-score": 0.8387096774193549, "support": 60}, "18": {"precision": 0.8918918918918919, "recall": 0.8918918918918919, "f1-score": 0.8918918918918919, "support": 74}, "19": {"precision": 0.9090909090909091, "recall": 0.847457627118644, "f1-score": 0.8771929824561402, "support": 59}, "20": {"precision": 0.8148148148148148, "recall": 0.8979591836734694, "f1-score": 0.8543689320388349, "support": 49}, "21": {"precision": 0.9354838709677419, "recall": 0.7435897435897436, "f1-score": 0.8285714285714285, "support": 39}, "22": {"precision": 0.8, "recall": 0.9090909090909091, "f1-score": 0.8510638297872342, "support": 22}, "23": {"precision": 0.9, "recall": 0.8181818181818182, "f1-score": 0.8571428571428572, "support": 11}, "24": {"precision": 0.7777777777777778, "recall": 0.875, "f1-score": 0.823529411764706, "support": 16}, "25": {"precision": 0.5555555555555556, "recall": 0.7142857142857143, "f1-score": 0.6250000000000001, "support": 7}, "26": {"precision": 1.0, "recall": 0.4, "f1-score": 0.5714285714285715, "support": 5}, "27": {"precision": 0.5, "recall": 1.0, "f1-score": 0.6666666666666666, "support": 1}, "accuracy": 0.90078125, "macro avg": {"precision": 0.8696508296063641, "recall": 0.8596437833046728, "f1-score": 0.8532260225605527, "support": 1280}, "weighted avg": {"precision": 0.904623311226513, "recall": 0.90078125, "f1-score": 0.9005832225647291, "support": 1280}}