{"1": {"precision": 0.5, "recall": 0.5, "f1-score": 0.5, "support": 2}, "2": {"precision": 0.5714285714285714, "recall": 0.8, "f1-score": 0.6666666666666666, "support": 5}, "3": {"precision": 1.0, "recall": 0.42857142857142855, "f1-score": 0.6, "support": 7}, "4": {"precision": 0.782608695652174, "recall": 0.9473684210526315, "f1-score": 0.8571428571428571, "support": 19}, "5": {"precision": 0.9090909090909091, "recall": 0.9090909090909091, "f1-score": 0.9090909090909091, "support": 33}, "6": {"precision": 0.9117647058823529, "recall": 0.8857142857142857, "f1-score": 0.8985507246376812, "support": 35}, "7": {"precision": 0.9090909090909091, "recall": 0.9090909090909091, "f1-score": 0.9090909090909091, "support": 44}, "8": {"precision": 0.9245283018867925, "recall": 0.9245283018867925, "f1-score": 0.9245283018867925, "support": 53}, "9": {"precision": 0.896551724137931, "recall": 0.9454545454545454, "f1-score": 0.920353982300885, "support": 55}, "10": {"precision": 0.925, "recall": 0.891566265060241, "f1-score": 0.9079754601226994, "support": 83}, "11": {"precision": 0.8947368421052632, "recall": 0.8585858585858586, "f1-score": 0.8762886597938143, "support": 99}, "12": {"precision": 0.9, "recall": 0.8526315789473684, "f1-score": 0.8756756756756757, "support": 95}, "13": {"precision": 0.8717948717948718, "recall": 0.9714285714285714, "f1-score": 0.9189189189189189, "support": 105}, "14": {"precision": 0.9375, "recall": 0.8823529411764706, "f1-score": 0.9090909090909091, "support": 102}, "15": {"precision": 0.9065420560747663, "recall": 0.9150943396226415, "f1-score": 0.9107981220657277, "support": 106}, "16": {"precision": 0.9238095238095239, "recall": 0.9509803921568627, "f1-score": 0.9371980676328502, "support": 102}, "17": {"precision": 0.9565217391304348, "recall": 0.88, "f1-score": 0.9166666666666666, "support": 75}, "18": {"precision": 0.873015873015873, "recall": 0.9016393442622951, "f1-score": 0.8870967741935485, "support": 61}, "19": {"precision": 0.84, "recall": 0.9333333333333333, "f1-score": 0.8842105263157894, "support": 45}, "20": {"precision": 0.9487179487179487, "recall": 0.8222222222222222, "f1-score": 0.8809523809523809, "support": 45}, "21": {"precision": 0.86, "recall": 0.9555555555555556, "f1-score": 0.9052631578947369, "support": 45}, "22": {"precision": 0.875, "recall": 0.8076923076923077, "f1-score": 0.8400000000000001, "support": 26}, "23": {"precision": 0.8666666666666667, "recall": 0.8125, "f1-score": 0.8387096774193549, "support": 16}, "24": {"precision": 0.6923076923076923, "recall": 0.9, "f1-score": 0.7826086956521738, "support": 10}, "25": {"precision": 0.8, "recall": 0.7272727272727273, "f1-score": 0.761904761904762, "support": 11}, "26": {"precision": 0.0, "recall": 0.0, "f1-score": 0.0, "support": 1}, "accuracy": 0.896875, "macro avg": {"precision": 0.8260260396458724, "recall": 0.8197182399299213, "f1-score": 0.8161070309660273, "support": 1280}, "weighted avg": {"precision": 0.8990729733267063, "recall": 0.896875, "f1-score": 0.8961269961659953, "support": 1280}}