{"0": {"precision": 0.0, "recall": 0.0, "f1-score": 0.0, "support": 1}, "1": {"precision": 0.5714285714285714, "recall": 0.8, "f1-score": 0.6666666666666666, "support": 5}, "2": {"precision": 0.5, "recall": 0.6666666666666666, "f1-score": 0.5714285714285715, "support": 6}, "3": {"precision": 0.5714285714285714, "recall": 0.5, "f1-score": 0.5333333333333333, "support": 8}, "4": {"precision": 0.6470588235294118, "recall": 0.7857142857142857, "f1-score": 0.7096774193548386, "support": 14}, "5": {"precision": 0.88, "recall": 0.7096774193548387, "f1-score": 0.7857142857142856, "support": 31}, "6": {"precision": 0.8863636363636364, "recall": 0.9069767441860465, "f1-score": 0.896551724137931, "support": 43}, "7": {"precision": 0.9361702127659575, "recall": 0.8979591836734694, "f1-score": 0.9166666666666666, "support": 49}, "8": {"precision": 0.8363636363636363, "recall": 0.92, "f1-score": 0.8761904761904761, "support": 50}, "9": {"precision": 0.88, "recall": 0.9166666666666666, "f1-score": 0.8979591836734694, "support": 72}, "10": {"precision": 0.945054945054945, "recall": 0.9052631578947369, "f1-score": 0.924731182795699, "support": 95}, "11": {"precision": 0.9367088607594937, "recall": 0.9135802469135802, "f1-score": 0.9249999999999999, "support": 81}, "12": {"precision": 0.9010989010989011, "recall": 0.9318181818181818, "f1-score": 0.9162011173184357, "support": 88}, "13": {"precision": 0.88, "recall": 0.9361702127659575, "f1-score": 0.9072164948453608, "support": 94}, "14": {"precision": 0.9578947368421052, "recall": 0.8584905660377359, "f1-score": 0.9054726368159204, "support": 106}, "15": {"precision": 0.8488372093023255, "recall": 0.9240506329113924, "f1-score": 0.8848484848484849, "support": 79}, "16": {"precision": 0.900990099009901, "recall": 0.9285714285714286, "f1-score": 0.914572864321608, "support": 98}, "17": {"precision": 0.9512195121951219, "recall": 0.8571428571428571, "f1-score": 0.9017341040462428, "support": 91}, "18": {"precision": 0.9078947368421053, "recall": 0.8518518518518519, "f1-score": 0.8789808917197451, "support": 81}, "19": {"precision": 0.8135593220338984, "recall": 0.9230769230769231, "f1-score": 0.8648648648648649, "support": 52}, "20": {"precision": 0.9574468085106383, "recall": 0.9375, "f1-score": 0.9473684210526315, "support": 48}, "21": {"precision": 0.8108108108108109, "recall": 0.9375, "f1-score": 0.8695652173913043, "support": 32}, "22": {"precision": 0.8518518518518519, "recall": 0.7419354838709677, "f1-score": 0.7931034482758621, "support": 31}, "23": {"precision": 0.9, "recall": 0.75, "f1-score": 0.8181818181818182, "support": 12}, "24": {"precision": 0.8571428571428571, "recall": 0.75, "f1-score": 0.7999999999999999, "support": 8}, "25": {"precision": 0.5, "recall": 0.6666666666666666, "f1-score": 0.5714285714285715, "support": 3}, "26": {"precision": 0.5, "recall": 1.0, "f1-score": 0.6666666666666666, "support": 1}, "27": {"precision": 1.0, "recall": 1.0, "f1-score": 1.0, "support": 1}, "accuracy": 0.88828125, "macro avg": {"precision": 0.7903330036905265, "recall": 0.8184742562780091, "f1-score": 0.7980044682764093, "support": 1280}, "weighted avg": {"precision": 0.8920838927856474, "recall": 0.88828125, "f1-score": 0.8884025755020476, "support": 1280}}