{"0": {"precision": 0.0, "recall": 0.0, "f1-score": 0.0, "support": 3}, "1": {"precision": 1.0, "recall": 0.5, "f1-score": 0.6666666666666666, "support": 2}, "2": {"precision": 0.0, "recall": 0.0, "f1-score": 0.0, "support": 0}, "3": {"precision": 0.6666666666666666, "recall": 0.15384615384615385, "f1-score": 0.25, "support": 13}, "4": {"precision": 0.5, "recall": 0.5333333333333333, "f1-score": 0.5161290322580646, "support": 15}, "5": {"precision": 0.7241379310344828, "recall": 0.6774193548387096, "f1-score": 0.7, "support": 31}, "6": {"precision": 0.6857142857142857, "recall": 0.7058823529411765, "f1-score": 0.6956521739130436, "support": 34}, "7": {"precision": 0.6111111111111112, "recall": 0.8461538461538461, "f1-score": 0.7096774193548387, "support": 39}, "8": {"precision": 0.9038461538461539, "recall": 0.7230769230769231, "f1-score": 0.8034188034188035, "support": 65}, "9": {"precision": 0.8061224489795918, "recall": 0.8586956521739131, "f1-score": 0.8315789473684211, "support": 92}, "10": {"precision": 0.8351648351648352, "recall": 0.8, "f1-score": 0.8172043010752689, "support": 95}, "11": {"precision": 0.7971014492753623, "recall": 0.8333333333333334, "f1-score": 0.8148148148148148, "support": 66}, "12": {"precision": 0.8488372093023255, "recall": 0.8111111111111111, "f1-score": 0.8295454545454545, "support": 90}, "13": {"precision": 0.8285714285714286, "recall": 0.8130841121495327, "f1-score": 0.820754716981132, "support": 107}, "14": {"precision": 0.8, "recall": 0.8316831683168316, "f1-score": 0.8155339805825242, "support": 101}, "15": {"precision": 0.7727272727272727, "recall": 0.7264957264957265, "f1-score": 0.748898678414097, "support": 117}, "16": {"precision": 0.6595744680851063, "recall": 0.775, "f1-score": 0.7126436781609196, "support": 80}, "17": {"precision": 0.782608695652174, "recall": 0.7941176470588235, "f1-score": 0.7883211678832117, "support": 68}, "18": {"precision": 0.7352941176470589, "recall": 0.7575757575757576, "f1-score": 0.746268656716418, "support": 66}, "19": {"precision": 0.8269230769230769, "recall": 0.7288135593220338, "f1-score": 0.7747747747747747, "support": 59}, "20": {"precision": 0.7435897435897436, "recall": 0.8055555555555556, "f1-score": 0.7733333333333334, "support": 36}, "21": {"precision": 0.7575757575757576, "recall": 0.7352941176470589, "f1-score": 0.746268656716418, "support": 34}, "22": {"precision": 0.5, "recall": 0.55, "f1-score": 0.5238095238095238, "support": 20}, "23": {"precision": 0.6190476190476191, "recall": 0.5416666666666666, "f1-score": 0.5777777777777778, "support": 24}, "24": {"precision": 0.5, "recall": 0.3333333333333333, "f1-score": 0.4, "support": 9}, "25": {"precision": 0.625, "recall": 0.625, "f1-score": 0.625, "support": 8}, "26": {"precision": 0.42857142857142855, "recall": 1.0, "f1-score": 0.6, "support": 3}, "27": {"precision": 1.0, "recall": 0.3333333333333333, "f1-score": 0.5, "support": 3}, "accuracy": 0.7609375, "macro avg": {"precision": 0.67707806069591, "recall": 0.6354930370808269, "f1-score": 0.6352883056630538, "support": 1280}, "weighted avg": {"precision": 0.7682481642208914, "recall": 0.7609375, "f1-score": 0.7601587695934614, "support": 1280}}