{"1": {"precision": 0.8333333333333334, "recall": 0.625, "f1-score": 0.7142857142857143, "support": 8}, "2": {"precision": 0.6666666666666666, "recall": 0.7272727272727273, "f1-score": 0.6956521739130435, "support": 11}, "3": {"precision": 0.75, "recall": 0.8571428571428571, "f1-score": 0.7999999999999999, "support": 14}, "4": {"precision": 0.8571428571428571, "recall": 0.5454545454545454, "f1-score": 0.6666666666666665, "support": 11}, "5": {"precision": 0.8378378378378378, "recall": 0.96875, "f1-score": 0.8985507246376812, "support": 32}, "6": {"precision": 0.8620689655172413, "recall": 0.8620689655172413, "f1-score": 0.8620689655172413, "support": 29}, "7": {"precision": 0.8787878787878788, "recall": 0.8529411764705882, "f1-score": 0.8656716417910447, "support": 34}, "8": {"precision": 0.8888888888888888, "recall": 0.9411764705882353, "f1-score": 0.9142857142857143, "support": 51}, "9": {"precision": 0.9365079365079365, "recall": 0.8939393939393939, "f1-score": 0.9147286821705426, "support": 66}, "10": {"precision": 0.9090909090909091, "recall": 0.8641975308641975, "f1-score": 0.8860759493670887, "support": 81}, "11": {"precision": 0.8913043478260869, "recall": 0.9213483146067416, "f1-score": 0.9060773480662982, "support": 89}, "12": {"precision": 0.875, "recall": 0.9285714285714286, "f1-score": 0.900990099009901, "support": 98}, "13": {"precision": 0.8850574712643678, "recall": 0.8105263157894737, "f1-score": 0.8461538461538461, "support": 95}, "14": {"precision": 0.9111111111111111, "recall": 0.845360824742268, "f1-score": 0.8770053475935828, "support": 97}, "15": {"precision": 0.8085106382978723, "recall": 0.9156626506024096, "f1-score": 0.8587570621468926, "support": 83}, "16": {"precision": 0.9135802469135802, "recall": 0.8505747126436781, "f1-score": 0.8809523809523809, "support": 87}, "17": {"precision": 0.8202247191011236, "recall": 0.8021978021978022, "f1-score": 0.8111111111111112, "support": 91}, "18": {"precision": 0.8111111111111111, "recall": 0.8488372093023255, "f1-score": 0.8295454545454545, "support": 86}, "19": {"precision": 0.864406779661017, "recall": 0.7846153846153846, "f1-score": 0.8225806451612904, "support": 65}, "20": {"precision": 0.8064516129032258, "recall": 1.0, "f1-score": 0.8928571428571428, "support": 50}, "21": {"precision": 0.8571428571428571, "recall": 0.75, "f1-score": 0.7999999999999999, "support": 32}, "22": {"precision": 0.76, "recall": 0.76, "f1-score": 0.76, "support": 25}, "23": {"precision": 0.75, "recall": 0.8823529411764706, "f1-score": 0.8108108108108107, "support": 17}, "24": {"precision": 0.9230769230769231, "recall": 0.75, "f1-score": 0.8275862068965517, "support": 16}, "25": {"precision": 0.2, "recall": 0.3333333333333333, "f1-score": 0.25, "support": 3}, "26": {"precision": 0.8571428571428571, "recall": 0.6666666666666666, "f1-score": 0.75, "support": 9}, "accuracy": 0.85859375, "macro avg": {"precision": 0.821324844204834, "recall": 0.8072304327499141, "f1-score": 0.8093236033823078, "support": 1280}, "weighted avg": {"precision": 0.8622552297585807, "recall": 0.85859375, "f1-score": 0.8582488998266626, "support": 1280}}