{"0": {"precision": 0.0, "recall": 0.0, "f1-score": 0.0, "support": 2}, "1": {"precision": 0.0, "recall": 0.0, "f1-score": 0.0, "support": 2}, "2": {"precision": 0.25, "recall": 0.2857142857142857, "f1-score": 0.26666666666666666, "support": 7}, "3": {"precision": 0.5, "recall": 0.3333333333333333, "f1-score": 0.4, "support": 18}, "4": {"precision": 0.5, "recall": 0.47619047619047616, "f1-score": 0.4878048780487805, "support": 21}, "5": {"precision": 0.6363636363636364, "recall": 0.4827586206896552, "f1-score": 0.5490196078431373, "support": 29}, "6": {"precision": 0.56, "recall": 0.4, "f1-score": 0.4666666666666667, "support": 35}, "7": {"precision": 0.5471698113207547, "recall": 0.6590909090909091, "f1-score": 0.5979381443298969, "support": 44}, "8": {"precision": 0.723404255319149, "recall": 0.4927536231884058, "f1-score": 0.5862068965517242, "support": 69}, "9": {"precision": 0.6071428571428571, "recall": 0.5483870967741935, "f1-score": 0.5762711864406779, "support": 62}, "10": {"precision": 0.6436781609195402, "recall": 0.6666666666666666, "f1-score": 0.6549707602339181, "support": 84}, "11": {"precision": 0.8709677419354839, "recall": 0.5806451612903226, "f1-score": 0.6967741935483872, "support": 93}, "12": {"precision": 0.7415730337078652, "recall": 0.717391304347826, "f1-score": 0.729281767955801, "support": 92}, "13": {"precision": 0.6355140186915887, "recall": 0.7555555555555555, "f1-score": 0.6903553299492385, "support": 90}, "14": {"precision": 0.7857142857142857, "recall": 0.7623762376237624, "f1-score": 0.7738693467336683, "support": 101}, "15": {"precision": 0.5165562913907285, "recall": 0.8125, "f1-score": 0.631578947368421, "support": 96}, "16": {"precision": 0.8395061728395061, "recall": 0.8192771084337349, "f1-score": 0.8292682926829269, "support": 83}, "17": {"precision": 0.7010309278350515, "recall": 0.85, "f1-score": 0.768361581920904, "support": 80}, "18": {"precision": 0.7654320987654321, "recall": 0.7654320987654321, "f1-score": 0.7654320987654321, "support": 81}, "19": {"precision": 0.8070175438596491, "recall": 0.7301587301587301, "f1-score": 0.7666666666666667, "support": 63}, "20": {"precision": 0.7272727272727273, "recall": 0.75, "f1-score": 0.7384615384615384, "support": 32}, "21": {"precision": 0.8387096774193549, "recall": 0.7878787878787878, "f1-score": 0.8125, "support": 33}, "22": {"precision": 0.782608695652174, "recall": 0.6923076923076923, "f1-score": 0.7346938775510203, "support": 26}, "23": {"precision": 0.6153846153846154, "recall": 0.6153846153846154, "f1-score": 0.6153846153846154, "support": 13}, "24": {"precision": 0.38461538461538464, "recall": 0.45454545454545453, "f1-score": 0.41666666666666663, "support": 11}, "25": {"precision": 0.6666666666666666, "recall": 0.4444444444444444, "f1-score": 0.5333333333333333, "support": 9}, "26": {"precision": 0.5, "recall": 0.3333333333333333, "f1-score": 0.4, "support": 3}, "27": {"precision": 0.0, "recall": 0.0, "f1-score": 0.0, "support": 1}, "accuracy": 0.68125, "macro avg": {"precision": 0.5766545929577305, "recall": 0.5434330548470577, "f1-score": 0.5531490379917888, "support": 1280}, "weighted avg": {"precision": 0.6953176522068208, "recall": 0.68125, "f1-score": 0.6801675829997261, "support": 1280}}