{"0": {"precision": 0.0, "recall": 0.0, "f1-score": 0.0, "support": 1}, "1": {"precision": 0.25, "recall": 0.3333333333333333, "f1-score": 0.28571428571428575, "support": 3}, "2": {"precision": 0.3333333333333333, "recall": 0.2, "f1-score": 0.25, "support": 5}, "3": {"precision": 0.6666666666666666, "recall": 1.0, "f1-score": 0.8, "support": 8}, "4": {"precision": 0.9, "recall": 0.9473684210526315, "f1-score": 0.9230769230769231, "support": 19}, "5": {"precision": 0.9629629629629629, "recall": 0.8125, "f1-score": 0.8813559322033898, "support": 32}, "6": {"precision": 0.8809523809523809, "recall": 0.9487179487179487, "f1-score": 0.9135802469135802, "support": 39}, "7": {"precision": 0.8571428571428571, "recall": 0.9767441860465116, "f1-score": 0.9130434782608695, "support": 43}, "8": {"precision": 0.8688524590163934, "recall": 0.8833333333333333, "f1-score": 0.8760330578512396, "support": 60}, "9": {"precision": 0.9577464788732394, "recall": 0.8, "f1-score": 0.8717948717948718, "support": 85}, "10": {"precision": 0.8505747126436781, "recall": 0.9487179487179487, "f1-score": 0.896969696969697, "support": 78}, "11": {"precision": 0.9484536082474226, "recall": 0.9019607843137255, "f1-score": 0.9246231155778893, "support": 102}, "12": {"precision": 0.9, "recall": 0.8888888888888888, "f1-score": 0.8944099378881988, "support": 81}, "13": {"precision": 0.8632478632478633, "recall": 0.9351851851851852, "f1-score": 0.8977777777777779, "support": 108}, "14": {"precision": 0.935064935064935, "recall": 0.7912087912087912, "f1-score": 0.8571428571428572, "support": 91}, "15": {"precision": 0.8791208791208791, "recall": 0.963855421686747, "f1-score": 0.9195402298850575, "support": 83}, "16": {"precision": 0.9487179487179487, "recall": 0.9135802469135802, "f1-score": 0.9308176100628931, "support": 81}, "17": {"precision": 0.9047619047619048, "recall": 0.9156626506024096, "f1-score": 0.9101796407185628, "support": 83}, "18": {"precision": 0.8676470588235294, "recall": 0.9365079365079365, "f1-score": 0.9007633587786259, "support": 63}, "19": {"precision": 0.9591836734693877, "recall": 0.8867924528301887, "f1-score": 0.9215686274509803, "support": 53}, "20": {"precision": 0.9591836734693877, "recall": 0.9215686274509803, "f1-score": 0.9400000000000001, "support": 51}, "21": {"precision": 0.9024390243902439, "recall": 0.925, "f1-score": 0.9135802469135802, "support": 40}, "22": {"precision": 0.7857142857142857, "recall": 0.9166666666666666, "f1-score": 0.8461538461538461, "support": 24}, "23": {"precision": 0.9285714285714286, "recall": 0.6190476190476191, "f1-score": 0.742857142857143, "support": 21}, "24": {"precision": 0.5294117647058824, "recall": 0.9, "f1-score": 0.6666666666666667, "support": 10}, "25": {"precision": 0.7272727272727273, "recall": 0.7272727272727273, "f1-score": 0.7272727272727273, "support": 11}, "26": {"precision": 1.0, "recall": 0.5, "f1-score": 0.6666666666666666, "support": 4}, "27": {"precision": 1.0, "recall": 1.0, "f1-score": 1.0, "support": 1}, "accuracy": 0.890625, "macro avg": {"precision": 0.8059650938274764, "recall": 0.8033540417777554, "f1-score": 0.7954138908785117, "support": 1280}, "weighted avg": {"precision": 0.8959387389518492, "recall": 0.890625, "f1-score": 0.8898944376303459, "support": 1280}}