{"0": {"precision": 0.0, "recall": 0.0, "f1-score": 0.0, "support": 5}, "1": {"precision": 0.0, "recall": 0.0, "f1-score": 0.0, "support": 0}, "2": {"precision": 0.5, "recall": 0.375, "f1-score": 0.42857142857142855, "support": 8}, "3": {"precision": 0.7222222222222222, "recall": 0.6842105263157895, "f1-score": 0.7027027027027027, "support": 19}, "4": {"precision": 0.6785714285714286, "recall": 0.9047619047619048, "f1-score": 0.7755102040816326, "support": 21}, "5": {"precision": 0.8636363636363636, "recall": 0.8260869565217391, "f1-score": 0.8444444444444444, "support": 23}, "6": {"precision": 0.9, "recall": 0.8571428571428571, "f1-score": 0.8780487804878048, "support": 42}, "7": {"precision": 0.8780487804878049, "recall": 0.8780487804878049, "f1-score": 0.8780487804878049, "support": 41}, "8": {"precision": 0.875, "recall": 0.9074074074074074, "f1-score": 0.8909090909090909, "support": 54}, "9": {"precision": 0.9367088607594937, "recall": 0.9367088607594937, "f1-score": 0.9367088607594937, "support": 79}, "10": {"precision": 0.8987341772151899, "recall": 0.922077922077922, "f1-score": 0.9102564102564102, "support": 77}, "11": {"precision": 0.8701298701298701, "recall": 0.8271604938271605, "f1-score": 0.8481012658227849, "support": 81}, "12": {"precision": 0.8505747126436781, "recall": 0.8131868131868132, "f1-score": 0.8314606741573034, "support": 91}, "13": {"precision": 0.8152173913043478, "recall": 0.7653061224489796, "f1-score": 0.7894736842105263, "support": 98}, "14": {"precision": 0.7592592592592593, "recall": 0.845360824742268, "f1-score": 0.8, "support": 97}, "15": {"precision": 0.8369565217391305, "recall": 0.8105263157894737, "f1-score": 0.8235294117647058, "support": 95}, "16": {"precision": 0.75, "recall": 0.8076923076923077, "f1-score": 0.7777777777777779, "support": 78}, "17": {"precision": 0.7590361445783133, "recall": 0.75, "f1-score": 0.7544910179640718, "support": 84}, "18": {"precision": 0.7777777777777778, "recall": 0.6901408450704225, "f1-score": 0.7313432835820896, "support": 71}, "19": {"precision": 0.66, "recall": 0.7021276595744681, "f1-score": 0.6804123711340208, "support": 47}, "20": {"precision": 0.8301886792452831, "recall": 0.8148148148148148, "f1-score": 0.8224299065420562, "support": 54}, "21": {"precision": 0.7428571428571429, "recall": 0.7027027027027027, "f1-score": 0.7222222222222223, "support": 37}, "22": {"precision": 0.6666666666666666, "recall": 0.7586206896551724, "f1-score": 0.7096774193548386, "support": 29}, "23": {"precision": 0.6086956521739131, "recall": 0.7368421052631579, "f1-score": 0.6666666666666666, "support": 19}, "24": {"precision": 0.7692307692307693, "recall": 0.7142857142857143, "f1-score": 0.7407407407407408, "support": 14}, "25": {"precision": 0.625, "recall": 0.5555555555555556, "f1-score": 0.5882352941176471, "support": 9}, "26": {"precision": 0.25, "recall": 0.2, "f1-score": 0.22222222222222224, "support": 5}, "27": {"precision": 0.3333333333333333, "recall": 0.5, "f1-score": 0.4, "support": 2}, "accuracy": 0.8015625, "macro avg": {"precision": 0.684208776922571, "recall": 0.6887774350029975, "f1-score": 0.6840708807493031, "support": 1280}, "weighted avg": {"precision": 0.8023813594656323, "recall": 0.8015625, "f1-score": 0.8008067160177241, "support": 1280}}