{"0": {"precision": 0.0, "recall": 0.0, "f1-score": 0.0, "support": 2}, "1": {"precision": 0.25, "recall": 0.5, "f1-score": 0.3333333333333333, "support": 2}, "2": {"precision": 0.5, "recall": 0.4, "f1-score": 0.4444444444444445, "support": 5}, "3": {"precision": 0.7777777777777778, "recall": 0.7777777777777778, "f1-score": 0.7777777777777778, "support": 9}, "4": {"precision": 0.8888888888888888, "recall": 1.0, "f1-score": 0.9411764705882353, "support": 16}, "5": {"precision": 1.0, "recall": 0.9166666666666666, "f1-score": 0.9565217391304348, "support": 24}, "6": {"precision": 0.9459459459459459, "recall": 0.8974358974358975, "f1-score": 0.9210526315789475, "support": 39}, "7": {"precision": 0.8541666666666666, "recall": 0.8913043478260869, "f1-score": 0.8723404255319149, "support": 46}, "8": {"precision": 0.8307692307692308, "recall": 0.8852459016393442, "f1-score": 0.8571428571428572, "support": 61}, "9": {"precision": 0.9090909090909091, "recall": 0.8641975308641975, "f1-score": 0.8860759493670887, "support": 81}, "10": {"precision": 0.8846153846153846, "recall": 0.9078947368421053, "f1-score": 0.8961038961038961, "support": 76}, "11": {"precision": 0.9213483146067416, "recall": 0.8913043478260869, "f1-score": 0.9060773480662982, "support": 92}, "12": {"precision": 0.8494623655913979, "recall": 0.9080459770114943, "f1-score": 0.8777777777777779, "support": 87}, "13": {"precision": 0.9090909090909091, "recall": 0.8653846153846154, "f1-score": 0.8866995073891625, "support": 104}, "14": {"precision": 0.875, "recall": 0.8651685393258427, "f1-score": 0.8700564971751412, "support": 89}, "15": {"precision": 0.8924731182795699, "recall": 0.9021739130434783, "f1-score": 0.8972972972972973, "support": 92}, "16": {"precision": 0.9090909090909091, "recall": 0.8974358974358975, "f1-score": 0.9032258064516129, "support": 78}, "17": {"precision": 0.8857142857142857, "recall": 0.8378378378378378, "f1-score": 0.8611111111111112, "support": 74}, "18": {"precision": 0.8157894736842105, "recall": 0.8732394366197183, "f1-score": 0.8435374149659864, "support": 71}, "19": {"precision": 0.8, "recall": 0.8301886792452831, "f1-score": 0.8148148148148149, "support": 53}, "20": {"precision": 0.9180327868852459, "recall": 0.875, "f1-score": 0.8959999999999999, "support": 64}, "21": {"precision": 0.8, "recall": 0.9142857142857143, "f1-score": 0.8533333333333333, "support": 35}, "22": {"precision": 0.9090909090909091, "recall": 0.7142857142857143, "f1-score": 0.8, "support": 28}, "23": {"precision": 0.72, "recall": 0.8571428571428571, "f1-score": 0.782608695652174, "support": 21}, "24": {"precision": 0.6, "recall": 0.8, "f1-score": 0.6857142857142857, "support": 15}, "25": {"precision": 0.375, "recall": 0.375, "f1-score": 0.375, "support": 8}, "26": {"precision": 0.0, "recall": 0.0, "f1-score": 0.0, "support": 5}, "27": {"precision": 1.0, "recall": 0.3333333333333333, "f1-score": 0.5, "support": 3}, "accuracy": 0.865625, "macro avg": {"precision": 0.7507624241353208, "recall": 0.7421553472082125, "f1-score": 0.7371151219552832, "support": 1280}, "weighted avg": {"precision": 0.8658177604695405, "recall": 0.865625, "f1-score": 0.8641601250338246, "support": 1280}}