{"0": {"precision": 0.0, "recall": 0.0, "f1-score": 0.0, "support": 1}, "1": {"precision": 0.5, "recall": 0.2, "f1-score": 0.28571428571428575, "support": 10}, "2": {"precision": 0.18181818181818182, "recall": 0.5, "f1-score": 0.26666666666666666, "support": 4}, "3": {"precision": 0.5, "recall": 0.5454545454545454, "f1-score": 0.5217391304347826, "support": 11}, "4": {"precision": 0.6875, "recall": 0.7333333333333333, "f1-score": 0.7096774193548386, "support": 15}, "5": {"precision": 0.88, "recall": 0.7586206896551724, "f1-score": 0.8148148148148148, "support": 29}, "6": {"precision": 0.8108108108108109, "recall": 0.8823529411764706, "f1-score": 0.8450704225352113, "support": 34}, "7": {"precision": 0.7551020408163265, "recall": 0.8604651162790697, "f1-score": 0.8043478260869564, "support": 43}, "8": {"precision": 0.8490566037735849, "recall": 0.8035714285714286, "f1-score": 0.8256880733944955, "support": 56}, "9": {"precision": 0.7763157894736842, "recall": 0.8428571428571429, "f1-score": 0.8082191780821917, "support": 70}, "10": {"precision": 0.8674698795180723, "recall": 0.75, "f1-score": 0.8044692737430167, "support": 96}, "11": {"precision": 0.8023255813953488, "recall": 0.7931034482758621, "f1-score": 0.7976878612716762, "support": 87}, "12": {"precision": 0.782608695652174, "recall": 0.782608695652174, "f1-score": 0.782608695652174, "support": 92}, "13": {"precision": 0.7340425531914894, "recall": 0.8214285714285714, "f1-score": 0.7752808988764044, "support": 84}, "14": {"precision": 0.76, "recall": 0.7450980392156863, "f1-score": 0.7524752475247525, "support": 102}, "15": {"precision": 0.7252747252747253, "recall": 0.75, "f1-score": 0.7374301675977653, "support": 88}, "16": {"precision": 0.7395833333333334, "recall": 0.7473684210526316, "f1-score": 0.743455497382199, "support": 95}, "17": {"precision": 0.8271604938271605, "recall": 0.6836734693877551, "f1-score": 0.7486033519553073, "support": 98}, "18": {"precision": 0.7424242424242424, "recall": 0.765625, "f1-score": 0.7538461538461539, "support": 64}, "19": {"precision": 0.703125, "recall": 0.8035714285714286, "f1-score": 0.75, "support": 56}, "20": {"precision": 0.6585365853658537, "recall": 0.6923076923076923, "f1-score": 0.675, "support": 39}, "21": {"precision": 0.5454545454545454, "recall": 0.6206896551724138, "f1-score": 0.5806451612903226, "support": 29}, "22": {"precision": 0.7037037037037037, "recall": 0.5428571428571428, "f1-score": 0.6129032258064516, "support": 35}, "23": {"precision": 0.47368421052631576, "recall": 0.5, "f1-score": 0.4864864864864865, "support": 18}, "24": {"precision": 0.4666666666666667, "recall": 0.5833333333333334, "f1-score": 0.5185185185185186, "support": 12}, "25": {"precision": 0.5714285714285714, "recall": 0.8, "f1-score": 0.6666666666666666, "support": 5}, "26": {"precision": 0.5, "recall": 0.2, "f1-score": 0.28571428571428575, "support": 5}, "27": {"precision": 0.0, "recall": 0.0, "f1-score": 0.0, "support": 2}, "accuracy": 0.74609375, "macro avg": {"precision": 0.626574721944814, "recall": 0.6324400033779233, "f1-score": 0.6197760467648722, "support": 1280}, "weighted avg": {"precision": 0.7506997507284285, "recall": 0.74609375, "f1-score": 0.7453613570036322, "support": 1280}}