{"0": {"precision": 0.0, "recall": 0.0, "f1-score": 0.0, "support": 34.0}, "1": {"precision": 0.60431654676259, "recall": 0.9882352941176471, "f1-score": 0.75, "support": 85.0}, "2": {"precision": 0.9280575539568345, "recall": 0.86, "f1-score": 0.8927335640138409, "support": 150.0}, "3": {"precision": 0.8421052631578947, "recall": 0.9660377358490566, "f1-score": 0.8998242530755712, "support": 265.0}, "4": {"precision": 0.9408284023668639, "recall": 0.8688524590163934, "f1-score": 0.9034090909090908, "support": 366.0}, "5": {"precision": 0.969939879759519, "recall": 0.9603174603174603, "f1-score": 0.9651046859421735, "support": 504.0}, "6": {"precision": 0.9928366762177651, "recall": 0.9788135593220338, "f1-score": 0.9857752489331436, "support": 708.0}, "7": {"precision": 0.9506545820745217, "recall": 0.9947312961011591, "f1-score": 0.9721936148300722, "support": 949.0}, "8": {"precision": 0.9809853068280034, "recall": 0.9586148648648649, "f1-score": 0.9696710807347287, "support": 1184.0}, "9": {"precision": 0.9876989869753979, "recall": 0.9841384282624369, "f1-score": 0.9859154929577465, "support": 1387.0}, "10": {"precision": 0.9969586374695864, "recall": 0.9897342995169082, "f1-score": 0.9933333333333333, "support": 1656.0}, "11": {"precision": 0.9860568878973787, "recall": 0.9971799210377891, "f1-score": 0.9915872125630959, "support": 1773.0}, "12": {"precision": 0.9962426194310252, "recall": 0.986709197235513, "f1-score": 0.9914529914529914, "support": 1881.0}, "13": {"precision": 0.9948132780082988, "recall": 0.9963636363636363, "f1-score": 0.9955878536205555, "support": 1925.0}, "14": {"precision": 0.9963177275118359, "recall": 0.9947478991596639, "f1-score": 0.9955321944809461, "support": 1904.0}, "15": {"precision": 0.9994734070563455, "recall": 0.9963254593175853, "f1-score": 0.9978969505783387, "support": 1905.0}, "16": {"precision": 1.0, "recall": 0.9994279176201373, "f1-score": 0.9997138769670958, "support": 1748.0}, "17": {"precision": 1.0, "recall": 0.9981203007518797, "f1-score": 0.9990592662276576, "support": 1596.0}, "18": {"precision": 0.9978798586572438, "recall": 0.9992922859164898, "f1-score": 0.9985855728429985, "support": 1413.0}, "19": {"precision": 0.9990512333965844, "recall": 0.9486486486486486, "f1-score": 0.9731977818853974, "support": 1110.0}, "20": {"precision": 0.9421906693711968, "recall": 0.9946466809421841, "f1-score": 0.9677083333333333, "support": 934.0}, "21": {"precision": 0.9929078014184397, "recall": 0.9803921568627451, "f1-score": 0.9866102889358703, "support": 714.0}, "22": {"precision": 0.9707724425887265, "recall": 0.9029126213592233, "f1-score": 0.9356136820925554, "support": 515.0}, "23": {"precision": 0.8724489795918368, "recall": 0.9095744680851063, "f1-score": 0.8906249999999999, "support": 376.0}, "24": {"precision": 0.7671232876712328, "recall": 0.45901639344262296, "f1-score": 0.5743589743589743, "support": 244.0}, "25": {"precision": 0.5368421052631579, "recall": 0.9161676646706587, "f1-score": 0.6769911504424779, "support": 167.0}, "26": {"precision": 0.3, "recall": 0.075, "f1-score": 0.12, "support": 80.0}, "27": {"precision": 0.26732673267326734, "recall": 1.0, "f1-score": 0.421875, "support": 27.0}, "accuracy": 0.9734375, "macro avg": {"precision": 0.8504938880751982, "recall": 0.8822857374564945, "f1-score": 0.8512270176611426, "support": 25600.0}, "weighted avg": {"precision": 0.9750217813962374, "recall": 0.9734375, "f1-score": 0.9727604390153257, "support": 25600.0}}