{"0": {"precision": 0.0, "recall": 0.0, "f1-score": 0.0, "support": 16.0}, "1": {"precision": 0.782608695652174, "recall": 1.0, "f1-score": 0.878048780487805, "support": 90.0}, "2": {"precision": 0.6639344262295082, "recall": 0.9473684210526315, "f1-score": 0.780722891566265, "support": 171.0}, "3": {"precision": 0.7366255144032922, "recall": 0.685823754789272, "f1-score": 0.7103174603174603, "support": 261.0}, "4": {"precision": 0.9937888198757764, "recall": 0.8333333333333334, "f1-score": 0.9065155807365439, "support": 384.0}, "5": {"precision": 0.9724950884086444, "recall": 0.9959758551307847, "f1-score": 0.9840954274353876, "support": 497.0}, "6": {"precision": 0.9927431059506531, "recall": 0.9799426934097422, "f1-score": 0.9863013698630136, "support": 698.0}, "7": {"precision": 0.9904862579281184, "recall": 0.994692144373673, "f1-score": 0.9925847457627119, "support": 942.0}, "8": {"precision": 0.9991220368744512, "recall": 0.992153443766347, "f1-score": 0.9956255468066492, "support": 1147.0}, "9": {"precision": 0.9979253112033195, "recall": 0.9993074792243767, "f1-score": 0.9986159169550174, "support": 1444.0}, "10": {"precision": 0.9993769470404984, "recall": 0.9981331673926571, "f1-score": 0.9987546699875466, "support": 1607.0}, "11": {"precision": 1.0, "recall": 0.9994343891402715, "f1-score": 0.9997171145685997, "support": 1768.0}, "12": {"precision": 1.0, "recall": 1.0, "f1-score": 1.0, "support": 1865.0}, "13": {"precision": 1.0, "recall": 1.0, "f1-score": 1.0, "support": 1903.0}, "14": {"precision": 1.0, "recall": 1.0, "f1-score": 1.0, "support": 1832.0}, "15": {"precision": 1.0, "recall": 1.0, "f1-score": 1.0, "support": 1832.0}, "16": {"precision": 1.0, "recall": 1.0, "f1-score": 1.0, "support": 1748.0}, "17": {"precision": 1.0, "recall": 1.0, "f1-score": 1.0, "support": 1640.0}, "18": {"precision": 1.0, "recall": 0.9993238674780257, "f1-score": 0.9996618194115657, "support": 1479.0}, "19": {"precision": 0.9991394148020654, "recall": 0.998280309544282, "f1-score": 0.9987096774193548, "support": 1163.0}, "20": {"precision": 0.9978070175438597, "recall": 0.9989023051591658, "f1-score": 0.9983543609434997, "support": 911.0}, "21": {"precision": 0.9986449864498645, "recall": 0.9879356568364611, "f1-score": 0.9932614555256066, "support": 746.0}, "22": {"precision": 0.9830508474576272, "recall": 0.9560439560439561, "f1-score": 0.9693593314763231, "support": 546.0}, "23": {"precision": 0.936, "recall": 0.9069767441860465, "f1-score": 0.921259842519685, "support": 387.0}, "24": {"precision": 0.8252427184466019, "recall": 0.6614785992217899, "f1-score": 0.7343412526997839, "support": 257.0}, "25": {"precision": 0.6329113924050633, "recall": 0.9036144578313253, "f1-score": 0.7444168734491317, "support": 166.0}, "26": {"precision": 0.5897435897435898, "recall": 0.2948717948717949, "f1-score": 0.3931623931623932, "support": 78.0}, "27": {"precision": 0.2857142857142857, "recall": 1.0, "f1-score": 0.4444444444444445, "support": 22.0}, "accuracy": 0.9829296875, "macro avg": {"precision": 0.8706200162903356, "recall": 0.8976282990280692, "f1-score": 0.8724382484120996, "support": 25600.0}, "weighted avg": {"precision": 0.9848259787531078, "recall": 0.9829296875, "f1-score": 0.9829714107134881, "support": 25600.0}}