{"0": {"precision": 0.0, "recall": 0.0, "f1-score": 0.0, "support": 28.0}, "1": {"precision": 0.6186440677966102, "recall": 1.0, "f1-score": 0.7643979057591622, "support": 73.0}, "2": {"precision": 0.4746268656716418, "recall": 0.9034090909090909, "f1-score": 0.6223091976516634, "support": 176.0}, "3": {"precision": 0.3475409836065574, "recall": 0.375886524822695, "f1-score": 0.36115843270868825, "support": 282.0}, "4": {"precision": 0.9389671361502347, "recall": 0.5012531328320802, "f1-score": 0.6535947712418301, "support": 399.0}, "5": {"precision": 0.6727272727272727, "recall": 0.975517890772128, "f1-score": 0.7963105303612605, "support": 531.0}, "6": {"precision": 1.0, "recall": 0.657608695652174, "f1-score": 0.7934426229508198, "support": 736.0}, "7": {"precision": 0.9763948497854077, "recall": 1.0, "f1-score": 0.9880564603691638, "support": 910.0}, "8": {"precision": 1.0, "recall": 0.9814502529510961, "f1-score": 0.9906382978723404, "support": 1186.0}, "9": {"precision": 1.0, "recall": 1.0, "f1-score": 1.0, "support": 1400.0}, "10": {"precision": 1.0, "recall": 1.0, "f1-score": 1.0, "support": 1646.0}, "11": {"precision": 0.999437570303712, "recall": 1.0, "f1-score": 0.9997187060478199, "support": 1777.0}, "12": {"precision": 1.0, "recall": 0.9994550408719346, "f1-score": 0.9997274461706187, "support": 1835.0}, "13": {"precision": 1.0, "recall": 1.0, "f1-score": 1.0, "support": 1972.0}, "14": {"precision": 1.0, "recall": 1.0, "f1-score": 1.0, "support": 1928.0}, "15": {"precision": 1.0, "recall": 1.0, "f1-score": 1.0, "support": 1800.0}, "16": {"precision": 1.0, "recall": 1.0, "f1-score": 1.0, "support": 1799.0}, "17": {"precision": 1.0, "recall": 1.0, "f1-score": 1.0, "support": 1653.0}, "18": {"precision": 1.0, "recall": 1.0, "f1-score": 1.0, "support": 1347.0}, "19": {"precision": 1.0, "recall": 1.0, "f1-score": 1.0, "support": 1140.0}, "20": {"precision": 1.0, "recall": 0.9955056179775281, "f1-score": 0.9977477477477478, "support": 890.0}, "21": {"precision": 0.9940740740740741, "recall": 0.9710564399421129, "f1-score": 0.9824304538799414, "support": 691.0}, "22": {"precision": 0.9582463465553236, "recall": 0.9310344827586207, "f1-score": 0.9444444444444444, "support": 493.0}, "23": {"precision": 0.8888888888888888, "recall": 0.7176781002638523, "f1-score": 0.7941605839416058, "support": 379.0}, "24": {"precision": 0.5737051792828686, "recall": 0.5433962264150943, "f1-score": 0.5581395348837209, "support": 265.0}, "25": {"precision": 0.4265402843601896, "recall": 0.5882352941176471, "f1-score": 0.49450549450549447, "support": 153.0}, "26": {"precision": 0.5373134328358209, "recall": 0.96, "f1-score": 0.6889952153110048, "support": 75.0}, "27": {"precision": 0.9, "recall": 1.0, "f1-score": 0.9473684210526316, "support": 36.0}, "accuracy": 0.95859375, "macro avg": {"precision": 0.8323966768585215, "recall": 0.8607673853673592, "f1-score": 0.8348980809607127, "support": 25600.0}, "weighted avg": {"precision": 0.9664565786705687, "recall": 0.95859375, "f1-score": 0.9588906506880447, "support": 25600.0}}