{"0": {"precision": 0.0, "recall": 0.0, "f1-score": 0.0, "support": 28.0}, "1": {"precision": 0.7477477477477478, "recall": 1.0, "f1-score": 0.8556701030927836, "support": 83.0}, "2": {"precision": 0.5454545454545454, "recall": 1.0, "f1-score": 0.7058823529411764, "support": 156.0}, "3": {"precision": 0.6161137440758294, "recall": 0.5, "f1-score": 0.5520169851380043, "support": 260.0}, "4": {"precision": 0.9455252918287937, "recall": 0.75, "f1-score": 0.8364888123924268, "support": 324.0}, "5": {"precision": 0.9917525773195877, "recall": 0.9717171717171718, "f1-score": 0.9816326530612246, "support": 495.0}, "6": {"precision": 0.9914529914529915, "recall": 0.9942857142857143, "f1-score": 0.9928673323823112, "support": 700.0}, "7": {"precision": 0.9885535900104059, "recall": 0.9937238493723849, "f1-score": 0.99113197704747, "support": 956.0}, "8": {"precision": 0.9982964224872232, "recall": 0.9907016060862215, "f1-score": 0.9944845142129827, "support": 1183.0}, "9": {"precision": 0.9986033519553073, "recall": 0.9986033519553073, "f1-score": 0.9986033519553073, "support": 1432.0}, "10": {"precision": 0.9993979530403372, "recall": 0.9987966305655837, "f1-score": 0.9990972013241047, "support": 1662.0}, "11": {"precision": 0.9988276670574443, "recall": 0.9994134897360704, "f1-score": 0.9991204925241864, "support": 1705.0}, "12": {"precision": 1.0, "recall": 0.9989206691851052, "f1-score": 0.9994600431965444, "support": 1853.0}, "13": {"precision": 1.0, "recall": 1.0, "f1-score": 1.0, "support": 1860.0}, "14": {"precision": 1.0, "recall": 1.0, "f1-score": 1.0, "support": 1890.0}, "15": {"precision": 1.0, "recall": 1.0, "f1-score": 1.0, "support": 1855.0}, "16": {"precision": 1.0, "recall": 1.0, "f1-score": 1.0, "support": 1756.0}, "17": {"precision": 1.0, "recall": 1.0, "f1-score": 1.0, "support": 1637.0}, "18": {"precision": 1.0, "recall": 0.9993108201240524, "f1-score": 0.9996552912788693, "support": 1451.0}, "19": {"precision": 0.9991809991809992, "recall": 0.9975470155355682, "f1-score": 0.9983633387888706, "support": 1223.0}, "20": {"precision": 0.9967707212055974, "recall": 0.9840595111583422, "f1-score": 0.990374331550802, "support": 941.0}, "21": {"precision": 0.9788135593220338, "recall": 0.976056338028169, "f1-score": 0.9774330042313116, "support": 710.0}, "22": {"precision": 0.9626373626373627, "recall": 0.8342857142857143, "f1-score": 0.8938775510204082, "support": 525.0}, "23": {"precision": 0.760989010989011, "recall": 0.6856435643564357, "f1-score": 0.7213541666666666, "support": 404.0}, "24": {"precision": 0.4730290456431535, "recall": 0.46530612244897956, "f1-score": 0.46913580246913583, "support": 245.0}, "25": {"precision": 0.39069767441860465, "recall": 0.5153374233128835, "f1-score": 0.4444444444444444, "support": 163.0}, "26": {"precision": 0.1595744680851064, "recall": 0.17647058823529413, "f1-score": 0.1675977653631285, "support": 85.0}, "27": {"precision": 0.20454545454545456, "recall": 1.0, "f1-score": 0.339622641509434, "support": 18.0}, "accuracy": 0.9683203125, "macro avg": {"precision": 0.812427292087769, "recall": 0.8510778421567499, "f1-score": 0.8181540770211283, "support": 25600.0}, "weighted avg": {"precision": 0.9720794425301692, "recall": 0.9683203125, "f1-score": 0.9691589669108531, "support": 25600.0}}