{"0": {"precision": 0.0, "recall": 0.0, "f1-score": 0.0, "support": 20.0}, "1": {"precision": 0.7835051546391752, "recall": 1.0, "f1-score": 0.8786127167630058, "support": 76.0}, "2": {"precision": 0.5734767025089605, "recall": 0.9937888198757764, "f1-score": 0.7272727272727273, "support": 161.0}, "3": {"precision": 0.7852760736196319, "recall": 0.5161290322580645, "f1-score": 0.6228710462287105, "support": 248.0}, "4": {"precision": 0.9764705882352941, "recall": 0.9046321525885559, "f1-score": 0.9391796322489391, "support": 367.0}, "5": {"precision": 0.9774436090225563, "recall": 0.9867172675521821, "f1-score": 0.9820585457979225, "support": 527.0}, "6": {"precision": 0.9561527581329562, "recall": 0.9825581395348837, "f1-score": 0.9691756272401433, "support": 688.0}, "7": {"precision": 0.9799366420274551, "recall": 0.9676746611053181, "f1-score": 0.9737670514165792, "support": 959.0}, "8": {"precision": 0.9924242424242424, "recall": 0.9841402337228714, "f1-score": 0.9882648784576696, "support": 1198.0}, "9": {"precision": 0.9940431868950111, "recall": 0.9933035714285714, "f1-score": 0.9936732415333084, "support": 1344.0}, "10": {"precision": 0.9981343283582089, "recall": 0.9950402975821451, "f1-score": 0.9965849115181621, "support": 1613.0}, "11": {"precision": 0.9934462042599672, "recall": 0.9983534577387486, "f1-score": 0.9958937859293732, "support": 1822.0}, "12": {"precision": 0.999465811965812, "recall": 0.9936271906532129, "f1-score": 0.9965379494007989, "support": 1883.0}, "13": {"precision": 1.0, "recall": 0.9994855967078189, "f1-score": 0.9997427321842037, "support": 1944.0}, "14": {"precision": 1.0, "recall": 1.0, "f1-score": 1.0, "support": 1920.0}, "15": {"precision": 1.0, "recall": 1.0, "f1-score": 1.0, "support": 1830.0}, "16": {"precision": 1.0, "recall": 0.9994400895856663, "f1-score": 0.9997199663959675, "support": 1786.0}, "17": {"precision": 0.9993556701030928, "recall": 0.9980694980694981, "f1-score": 0.9987121699935609, "support": 1554.0}, "18": {"precision": 0.9978813559322034, "recall": 0.9964739069111425, "f1-score": 0.9971771347918137, "support": 1418.0}, "19": {"precision": 0.9954086317722681, "recall": 0.9963235294117647, "f1-score": 0.9958658704639413, "support": 1088.0}, "20": {"precision": 0.9959432048681541, "recall": 0.9969543147208122, "f1-score": 0.9964485032978184, "support": 985.0}, "21": {"precision": 0.9957264957264957, "recall": 0.9575342465753425, "f1-score": 0.9762569832402235, "support": 730.0}, "22": {"precision": 0.939922480620155, "recall": 0.8523725834797891, "f1-score": 0.8940092165898618, "support": 569.0}, "23": {"precision": 0.7083333333333334, "recall": 0.5483870967741935, "f1-score": 0.6181818181818182, "support": 372.0}, "24": {"precision": 0.37777777777777777, "recall": 0.40476190476190477, "f1-score": 0.39080459770114945, "support": 252.0}, "25": {"precision": 0.4094488188976378, "recall": 0.6419753086419753, "f1-score": 0.5, "support": 162.0}, "26": {"precision": 0.09375, "recall": 0.09523809523809523, "f1-score": 0.09448818897637795, "support": 63.0}, "27": {"precision": 0.2692307692307692, "recall": 1.0, "f1-score": 0.42424242424242425, "support": 21.0}, "accuracy": 0.967109375, "macro avg": {"precision": 0.8140197800125414, "recall": 0.8501064641042261, "f1-score": 0.8196264899952321, "support": 25600.0}, "weighted avg": {"precision": 0.9708963538273967, "recall": 0.967109375, "f1-score": 0.9677653247968045, "support": 25600.0}}