{"0": {"precision": 0.0, "recall": 0.0, "f1-score": 0.0, "support": 28.0}, "1": {"precision": 0.6907216494845361, "recall": 1.0, "f1-score": 0.8170731707317073, "support": 67.0}, "2": {"precision": 0.7861271676300579, "recall": 0.9855072463768116, "f1-score": 0.87459807073955, "support": 138.0}, "3": {"precision": 0.9531914893617022, "recall": 0.8582375478927203, "f1-score": 0.9032258064516129, "support": 261.0}, "4": {"precision": 0.9973190348525469, "recall": 0.9712793733681462, "f1-score": 0.9841269841269842, "support": 383.0}, "5": {"precision": 0.9980916030534351, "recall": 0.9980916030534351, "f1-score": 0.9980916030534351, "support": 524.0}, "6": {"precision": 0.991869918699187, "recall": 0.9986357435197817, "f1-score": 0.9952413324269204, "support": 733.0}, "7": {"precision": 0.9668737060041408, "recall": 0.9936170212765958, "f1-score": 0.9800629590766002, "support": 940.0}, "8": {"precision": 0.9783393501805054, "recall": 0.9713261648745519, "f1-score": 0.9748201438848921, "support": 1116.0}, "9": {"precision": 1.0, "recall": 0.9829302987197724, "f1-score": 0.9913916786226685, "support": 1406.0}, "10": {"precision": 1.0, "recall": 1.0, "f1-score": 1.0, "support": 1574.0}, "11": {"precision": 1.0, "recall": 1.0, "f1-score": 1.0, "support": 1688.0}, "12": {"precision": 1.0, "recall": 1.0, "f1-score": 1.0, "support": 1817.0}, "13": {"precision": 0.9994887525562373, "recall": 1.0, "f1-score": 0.9997443109179238, "support": 1955.0}, "14": {"precision": 1.0, "recall": 0.9994941831057157, "f1-score": 0.9997470275739944, "support": 1977.0}, "15": {"precision": 1.0, "recall": 1.0, "f1-score": 1.0, "support": 1956.0}, "16": {"precision": 1.0, "recall": 1.0, "f1-score": 1.0, "support": 1797.0}, "17": {"precision": 1.0, "recall": 0.9993979530403372, "f1-score": 0.9996988858777477, "support": 1661.0}, "18": {"precision": 0.9992912827781715, "recall": 1.0, "f1-score": 0.999645515774548, "support": 1410.0}, "19": {"precision": 1.0, "recall": 0.9965457685664939, "f1-score": 0.9982698961937717, "support": 1158.0}, "20": {"precision": 0.9958932238193019, "recall": 1.0, "f1-score": 0.9979423868312758, "support": 970.0}, "21": {"precision": 1.0, "recall": 0.9810495626822158, "f1-score": 0.9904341427520236, "support": 686.0}, "22": {"precision": 0.9723991507430998, "recall": 0.950207468879668, "f1-score": 0.9611752360965372, "support": 482.0}, "23": {"precision": 0.9389312977099237, "recall": 0.9609375, "f1-score": 0.9498069498069499, "support": 384.0}, "24": {"precision": 0.9013157894736842, "recall": 0.6061946902654868, "f1-score": 0.7248677248677249, "support": 226.0}, "25": {"precision": 0.40268456375838924, "recall": 0.3821656050955414, "f1-score": 0.39215686274509803, "support": 157.0}, "26": {"precision": 0.2066115702479339, "recall": 0.3246753246753247, "f1-score": 0.25252525252525254, "support": 77.0}, "27": {"precision": 0.35365853658536583, "recall": 1.0, "f1-score": 0.5225225225225225, "support": 29.0}, "accuracy": 0.982890625, "macro avg": {"precision": 0.8618860031049366, "recall": 0.8914390376925928, "f1-score": 0.8681131594142764, "support": 25600.0}, "weighted avg": {"precision": 0.9846717346492792, "recall": 0.982890625, "f1-score": 0.9831291106995553, "support": 25600.0}}