{"0": {"precision": 0.0, "recall": 0.0, "f1-score": 0.0, "support": 27.0}, "1": {"precision": 0.5735294117647058, "recall": 1.0, "f1-score": 0.7289719626168224, "support": 78.0}, "2": {"precision": 0.592391304347826, "recall": 0.7785714285714286, "f1-score": 0.6728395061728395, "support": 140.0}, "3": {"precision": 0.6439393939393939, "recall": 0.6938775510204082, "f1-score": 0.6679764243614931, "support": 245.0}, "4": {"precision": 0.9759450171821306, "recall": 0.7513227513227513, "f1-score": 0.8490284005979073, "support": 378.0}, "5": {"precision": 0.9689655172413794, "recall": 0.9876977152899824, "f1-score": 0.9782419495213229, "support": 569.0}, "6": {"precision": 1.0, "recall": 0.974025974025974, "f1-score": 0.9868421052631579, "support": 693.0}, "7": {"precision": 0.9542217700915565, "recall": 1.0, "f1-score": 0.9765747006767309, "support": 938.0}, "8": {"precision": 0.999104744852283, "recall": 0.9612403100775194, "f1-score": 0.9798068481123794, "support": 1161.0}, "9": {"precision": 1.0, "recall": 0.9992972593113141, "f1-score": 0.9996485061511423, "support": 1423.0}, "10": {"precision": 1.0, "recall": 1.0, "f1-score": 1.0, "support": 1639.0}, "11": {"precision": 1.0, "recall": 1.0, "f1-score": 1.0, "support": 1759.0}, "12": {"precision": 1.0, "recall": 1.0, "f1-score": 1.0, "support": 1792.0}, "13": {"precision": 1.0, "recall": 1.0, "f1-score": 1.0, "support": 2007.0}, "14": {"precision": 1.0, "recall": 1.0, "f1-score": 1.0, "support": 1939.0}, "15": {"precision": 1.0, "recall": 1.0, "f1-score": 1.0, "support": 1837.0}, "16": {"precision": 1.0, "recall": 1.0, "f1-score": 1.0, "support": 1748.0}, "17": {"precision": 1.0, "recall": 1.0, "f1-score": 1.0, "support": 1604.0}, "18": {"precision": 1.0, "recall": 1.0, "f1-score": 1.0, "support": 1411.0}, "19": {"precision": 1.0, "recall": 0.9991423670668954, "f1-score": 0.9995709995709995, "support": 1166.0}, "20": {"precision": 0.9989517819706499, "recall": 0.9958202716823407, "f1-score": 0.9973835688121402, "support": 957.0}, "21": {"precision": 0.9941605839416059, "recall": 0.9511173184357542, "f1-score": 0.9721627408993576, "support": 716.0}, "22": {"precision": 0.9334600760456274, "recall": 0.9646365422396856, "f1-score": 0.948792270531401, "support": 509.0}, "23": {"precision": 0.9411764705882353, "recall": 0.7639257294429708, "f1-score": 0.8433382137628112, "support": 377.0}, "24": {"precision": 0.6147186147186147, "recall": 0.6484018264840182, "f1-score": 0.6311111111111111, "support": 219.0}, "25": {"precision": 0.631578947368421, "recall": 0.8098159509202454, "f1-score": 0.7096774193548386, "support": 163.0}, "26": {"precision": 0.21052631578947367, "recall": 0.09523809523809523, "f1-score": 0.13114754098360656, "support": 84.0}, "27": {"precision": 0.21428571428571427, "recall": 1.0, "f1-score": 0.35294117647058826, "support": 21.0}, "accuracy": 0.9754296875, "macro avg": {"precision": 0.8302484165759864, "recall": 0.8705046818260495, "f1-score": 0.8366448373203804, "support": 25600.0}, "weighted avg": {"precision": 0.9779777324337463, "recall": 0.9754296875, "f1-score": 0.9756830180537847, "support": 25600.0}}