{"0": {"precision": 0.0, "recall": 0.0, "f1-score": 0.0, "support": 34.0}, "1": {"precision": 0.6633663366336634, "recall": 1.0, "f1-score": 0.7976190476190476, "support": 67.0}, "2": {"precision": 0.9210526315789473, "recall": 1.0, "f1-score": 0.958904109589041, "support": 140.0}, "3": {"precision": 0.9788732394366197, "recall": 0.9586206896551724, "f1-score": 0.9686411149825783, "support": 290.0}, "4": {"precision": 0.997275204359673, "recall": 0.9838709677419355, "f1-score": 0.9905277401894452, "support": 372.0}, "5": {"precision": 1.0, "recall": 0.9979838709677419, "f1-score": 0.9989909182643794, "support": 496.0}, "6": {"precision": 0.9956958393113343, "recall": 1.0, "f1-score": 0.99784327821711, "support": 694.0}, "7": {"precision": 0.9757383966244726, "recall": 0.9967672413793104, "f1-score": 0.9861407249466951, "support": 928.0}, "8": {"precision": 0.9922480620155039, "recall": 0.9804255319148936, "f1-score": 0.9863013698630136, "support": 1175.0}, "9": {"precision": 1.0, "recall": 0.9936350777934936, "f1-score": 0.9968073785030152, "support": 1414.0}, "10": {"precision": 1.0, "recall": 1.0, "f1-score": 1.0, "support": 1594.0}, "11": {"precision": 0.9988655700510494, "recall": 1.0, "f1-score": 0.9994324631101021, "support": 1761.0}, "12": {"precision": 1.0, "recall": 0.9989727786337956, "f1-score": 0.9994861253854059, "support": 1947.0}, "13": {"precision": 0.9989333333333333, "recall": 1.0, "f1-score": 0.9994663820704375, "support": 1873.0}, "14": {"precision": 1.0, "recall": 0.9989468141126909, "f1-score": 0.9994731296101159, "support": 1899.0}, "15": {"precision": 1.0, "recall": 1.0, "f1-score": 1.0, "support": 1893.0}, "16": {"precision": 1.0, "recall": 0.9965675057208238, "f1-score": 0.9982808022922637, "support": 1748.0}, "17": {"precision": 0.99625, "recall": 0.9773145309625997, "f1-score": 0.9866914268028474, "support": 1631.0}, "18": {"precision": 0.9742876997915219, "recall": 0.9866291344123856, "f1-score": 0.9804195804195804, "support": 1421.0}, "19": {"precision": 0.984006734006734, "recall": 0.9965899403239556, "f1-score": 0.9902583650995341, "support": 1173.0}, "20": {"precision": 0.9955604883462819, "recall": 0.9977753058954394, "f1-score": 0.9966666666666666, "support": 899.0}, "21": {"precision": 0.9971387696709585, "recall": 0.9775596072931276, "f1-score": 0.9872521246458923, "support": 713.0}, "22": {"precision": 0.9705882352941176, "recall": 0.9617486338797814, "f1-score": 0.9661482159194877, "support": 549.0}, "23": {"precision": 0.9149797570850202, "recall": 0.5824742268041238, "f1-score": 0.7118110236220473, "support": 388.0}, "24": {"precision": 0.22115384615384615, "recall": 0.1776061776061776, "f1-score": 0.19700214132762317, "support": 259.0}, "25": {"precision": 0.345565749235474, "recall": 0.8129496402877698, "f1-score": 0.48497854077253216, "support": 139.0}, "26": {"precision": 0.6941176470588235, "recall": 0.7972972972972973, "f1-score": 0.7421383647798743, "support": 74.0}, "27": {"precision": 0.6744186046511628, "recall": 1.0, "f1-score": 0.8055555555555556, "support": 29.0}, "accuracy": 0.9760546875, "macro avg": {"precision": 0.867504148022805, "recall": 0.8990619633100898, "f1-score": 0.8759584496519388, "support": 25600.0}, "weighted avg": {"precision": 0.9783321194483429, "recall": 0.9760546875, "f1-score": 0.9759322396121165, "support": 25600.0}}