{"0": {"precision": 0.0, "recall": 0.0, "f1-score": 0.0, "support": 14.0}, "1": {"precision": 0.7407407407407407, "recall": 1.0, "f1-score": 0.851063829787234, "support": 60.0}, "2": {"precision": 0.8313253012048193, "recall": 0.9517241379310345, "f1-score": 0.887459807073955, "support": 145.0}, "3": {"precision": 0.950207468879668, "recall": 0.8910505836575876, "f1-score": 0.9196787148594376, "support": 257.0}, "4": {"precision": 1.0, "recall": 0.9691516709511568, "f1-score": 0.9843342036553524, "support": 389.0}, "5": {"precision": 0.990791896869245, "recall": 1.0, "f1-score": 0.9953746530989825, "support": 538.0}, "6": {"precision": 0.9985228951255539, "recall": 0.9926578560939795, "f1-score": 0.9955817378497791, "support": 681.0}, "7": {"precision": 1.0, "recall": 0.9989281886387996, "f1-score": 0.9994638069705095, "support": 933.0}, "8": {"precision": 0.9974640743871513, "recall": 1.0, "f1-score": 0.9987304274227676, "support": 1180.0}, "9": {"precision": 1.0, "recall": 0.9978858350951374, "f1-score": 0.9989417989417989, "support": 1419.0}, "10": {"precision": 0.99812382739212, "recall": 1.0, "f1-score": 0.9990610328638497, "support": 1596.0}, "11": {"precision": 0.997155858930603, "recall": 0.9982915717539863, "f1-score": 0.9977233921457029, "support": 1756.0}, "12": {"precision": 1.0, "recall": 0.9973876698014629, "f1-score": 0.9986921266021448, "support": 1914.0}, "13": {"precision": 1.0, "recall": 1.0, "f1-score": 1.0, "support": 1932.0}, "14": {"precision": 1.0, "recall": 1.0, "f1-score": 1.0, "support": 1927.0}, "15": {"precision": 1.0, "recall": 1.0, "f1-score": 1.0, "support": 1899.0}, "16": {"precision": 1.0, "recall": 1.0, "f1-score": 1.0, "support": 1745.0}, "17": {"precision": 1.0, "recall": 1.0, "f1-score": 1.0, "support": 1620.0}, "18": {"precision": 1.0, "recall": 1.0, "f1-score": 1.0, "support": 1409.0}, "19": {"precision": 1.0, "recall": 0.9973776223776224, "f1-score": 0.9986870897155361, "support": 1144.0}, "20": {"precision": 0.9965075669383003, "recall": 0.9965075669383003, "f1-score": 0.9965075669383003, "support": 859.0}, "21": {"precision": 0.9957805907172996, "recall": 0.9065300896286812, "f1-score": 0.9490616621983915, "support": 781.0}, "22": {"precision": 0.8612167300380228, "recall": 0.848314606741573, "f1-score": 0.8547169811320753, "support": 534.0}, "23": {"precision": 0.7679083094555874, "recall": 0.7127659574468085, "f1-score": 0.7393103448275862, "support": 376.0}, "24": {"precision": 0.48325358851674644, "recall": 0.42616033755274263, "f1-score": 0.45291479820627806, "support": 237.0}, "25": {"precision": 0.5018315018315018, "recall": 0.8616352201257862, "f1-score": 0.6342592592592593, "support": 159.0}, "26": {"precision": 0.5217391304347826, "recall": 0.3287671232876712, "f1-score": 0.40336134453781514, "support": 73.0}, "27": {"precision": 0.3194444444444444, "recall": 1.0, "f1-score": 0.4842105263157894, "support": 23.0}, "accuracy": 0.9783984375, "macro avg": {"precision": 0.855429068782378, "recall": 0.8883977156436548, "f1-score": 0.8621119680143766, "support": 25600.0}, "weighted avg": {"precision": 0.9803255225333448, "recall": 0.9783984375, "f1-score": 0.9786678564053672, "support": 25600.0}}