{"0": {"precision": 0.0, "recall": 0.0, "f1-score": 0.0, "support": 31.0}, "1": {"precision": 0.6804123711340206, "recall": 1.0, "f1-score": 0.8098159509202454, "support": 66.0}, "2": {"precision": 0.5616438356164384, "recall": 1.0, "f1-score": 0.7192982456140351, "support": 164.0}, "3": {"precision": 0.7295918367346939, "recall": 0.5276752767527675, "f1-score": 0.6124197002141327, "support": 271.0}, "4": {"precision": 0.9938461538461538, "recall": 0.8590425531914894, "f1-score": 0.9215406562054208, "support": 376.0}, "5": {"precision": 0.9772727272727273, "recall": 0.9961389961389961, "f1-score": 0.9866156787762906, "support": 518.0}, "6": {"precision": 0.9828496042216359, "recall": 0.9841479524438573, "f1-score": 0.9834983498349834, "support": 757.0}, "7": {"precision": 0.9755555555555555, "recall": 0.9854096520763187, "f1-score": 0.9804578447794529, "support": 891.0}, "8": {"precision": 0.9956483899042646, "recall": 0.9811320754716981, "f1-score": 0.9883369330453563, "support": 1166.0}, "9": {"precision": 0.9977628635346756, "recall": 0.996276991809382, "f1-score": 0.9970193740685543, "support": 1343.0}, "10": {"precision": 1.0, "recall": 0.9980842911877394, "f1-score": 0.9990412272291467, "support": 1566.0}, "11": {"precision": 0.9994422755158952, "recall": 1.0, "f1-score": 0.999721059972106, "support": 1792.0}, "12": {"precision": 1.0, "recall": 0.9994731296101159, "f1-score": 0.9997364953886693, "support": 1898.0}, "13": {"precision": 1.0, "recall": 1.0, "f1-score": 1.0, "support": 1930.0}, "14": {"precision": 1.0, "recall": 1.0, "f1-score": 1.0, "support": 1899.0}, "15": {"precision": 1.0, "recall": 1.0, "f1-score": 1.0, "support": 1870.0}, "16": {"precision": 1.0, "recall": 0.9982668977469671, "f1-score": 0.9991326973113617, "support": 1731.0}, "17": {"precision": 0.9981447124304267, "recall": 0.9914004914004914, "f1-score": 0.9947611710323575, "support": 1628.0}, "18": {"precision": 0.9900638750887154, "recall": 0.9907670454545454, "f1-score": 0.9904153354632588, "support": 1408.0}, "19": {"precision": 0.989344262295082, "recall": 0.9820992676973149, "f1-score": 0.9857084524295631, "support": 1229.0}, "20": {"precision": 0.9762931034482759, "recall": 0.9869281045751634, "f1-score": 0.981581798483207, "support": 918.0}, "21": {"precision": 0.9833564493758669, "recall": 0.9620081411126187, "f1-score": 0.9725651577503429, "support": 737.0}, "22": {"precision": 0.9435483870967742, "recall": 0.9267326732673268, "f1-score": 0.935064935064935, "support": 505.0}, "23": {"precision": 0.887240356083086, "recall": 0.8375350140056023, "f1-score": 0.861671469740634, "support": 357.0}, "24": {"precision": 0.6704545454545454, "recall": 0.42142857142857143, "f1-score": 0.5175438596491228, "support": 280.0}, "25": {"precision": 0.38549618320610685, "recall": 0.6688741721854304, "f1-score": 0.4891041162227602, "support": 151.0}, "26": {"precision": 0.10714285714285714, "recall": 0.06593406593406594, "f1-score": 0.08163265306122448, "support": 91.0}, "27": {"precision": 0.24107142857142858, "recall": 1.0, "f1-score": 0.3884892086330935, "support": 27.0}, "accuracy": 0.970546875, "macro avg": {"precision": 0.8237922061974725, "recall": 0.8628341201246592, "f1-score": 0.8283990132460805, "support": 25600.0}, "weighted avg": {"precision": 0.9736369586869672, "recall": 0.970546875, "f1-score": 0.9705558446433045, "support": 25600.0}}