{"0": {"precision": 0.0, "recall": 0.0, "f1-score": 0.0, "support": 24.0}, "1": {"precision": 0.5405405405405406, "recall": 0.967741935483871, "f1-score": 0.6936416184971099, "support": 62.0}, "2": {"precision": 0.49344978165938863, "recall": 0.8071428571428572, "f1-score": 0.6124661246612466, "support": 140.0}, "3": {"precision": 0.5638766519823789, "recall": 0.5267489711934157, "f1-score": 0.5446808510638298, "support": 243.0}, "4": {"precision": 0.9681528662420382, "recall": 0.7524752475247525, "f1-score": 0.8467966573816156, "support": 404.0}, "5": {"precision": 0.9962616822429906, "recall": 0.9815837937384899, "f1-score": 0.9888682745825603, "support": 543.0}, "6": {"precision": 1.0, "recall": 0.9972027972027973, "f1-score": 0.9985994397759104, "support": 715.0}, "7": {"precision": 0.997828447339848, "recall": 1.0, "f1-score": 0.9989130434782608, "support": 919.0}, "8": {"precision": 1.0, "recall": 0.9983136593591906, "f1-score": 0.99915611814346, "support": 1186.0}, "9": {"precision": 1.0, "recall": 1.0, "f1-score": 1.0, "support": 1394.0}, "10": {"precision": 1.0, "recall": 1.0, "f1-score": 1.0, "support": 1658.0}, "11": {"precision": 1.0, "recall": 1.0, "f1-score": 1.0, "support": 1754.0}, "12": {"precision": 1.0, "recall": 1.0, "f1-score": 1.0, "support": 1870.0}, "13": {"precision": 1.0, "recall": 1.0, "f1-score": 1.0, "support": 1922.0}, "14": {"precision": 1.0, "recall": 1.0, "f1-score": 1.0, "support": 1962.0}, "15": {"precision": 1.0, "recall": 1.0, "f1-score": 1.0, "support": 1874.0}, "16": {"precision": 1.0, "recall": 1.0, "f1-score": 1.0, "support": 1784.0}, "17": {"precision": 1.0, "recall": 1.0, "f1-score": 1.0, "support": 1674.0}, "18": {"precision": 1.0, "recall": 1.0, "f1-score": 1.0, "support": 1354.0}, "19": {"precision": 1.0, "recall": 1.0, "f1-score": 1.0, "support": 1164.0}, "20": {"precision": 1.0, "recall": 0.9929906542056075, "f1-score": 0.9964830011723329, "support": 856.0}, "21": {"precision": 0.9906976744186047, "recall": 0.9167862266857962, "f1-score": 0.9523099850968704, "support": 697.0}, "22": {"precision": 0.8987783595113438, "recall": 0.9380692167577414, "f1-score": 0.9180035650623887, "support": 549.0}, "23": {"precision": 0.8600823045267489, "recall": 0.5773480662983426, "f1-score": 0.6909090909090909, "support": 362.0}, "24": {"precision": 0.46689895470383275, "recall": 0.5702127659574469, "f1-score": 0.5134099616858238, "support": 235.0}, "25": {"precision": 0.495, "recall": 0.6428571428571429, "f1-score": 0.559322033898305, "support": 154.0}, "26": {"precision": 0.5463917525773195, "recall": 0.7066666666666667, "f1-score": 0.6162790697674418, "support": 75.0}, "27": {"precision": 0.4406779661016949, "recall": 1.0, "f1-score": 0.611764705882353, "support": 26.0}, "accuracy": 0.9722265625, "macro avg": {"precision": 0.8306656064945263, "recall": 0.8705764286097899, "f1-score": 0.8407715550378071, "support": 25600.0}, "weighted avg": {"precision": 0.9761488421679734, "recall": 0.9722265625, "f1-score": 0.9729267559902045, "support": 25600.0}}