{"0": {"precision": 0.0, "recall": 0.0, "f1-score": 0.0, "support": 28.0}, "1": {"precision": 0.4315068493150685, "recall": 0.984375, "f1-score": 0.6000000000000001, "support": 64.0}, "2": {"precision": 0.9117647058823529, "recall": 0.6283783783783784, "f1-score": 0.744, "support": 148.0}, "3": {"precision": 0.9772727272727273, "recall": 0.9699248120300752, "f1-score": 0.9735849056603774, "support": 266.0}, "4": {"precision": 1.0, "recall": 0.9850374064837906, "f1-score": 0.992462311557789, "support": 401.0}, "5": {"precision": 1.0, "recall": 1.0, "f1-score": 1.0, "support": 560.0}, "6": {"precision": 1.0, "recall": 1.0, "f1-score": 1.0, "support": 759.0}, "7": {"precision": 0.9979402677651905, "recall": 1.0, "f1-score": 0.9989690721649485, "support": 969.0}, "8": {"precision": 0.9913194444444444, "recall": 0.9982517482517482, "f1-score": 0.9947735191637631, "support": 1144.0}, "9": {"precision": 0.9904059040590406, "recall": 0.992603550295858, "f1-score": 0.9915035094200222, "support": 1352.0}, "10": {"precision": 0.9956683168316832, "recall": 0.9919852034525277, "f1-score": 0.993823347745522, "support": 1622.0}, "11": {"precision": 0.9926553672316384, "recall": 0.996031746031746, "f1-score": 0.9943406904357667, "support": 1764.0}, "12": {"precision": 1.0, "recall": 0.9930369576861274, "f1-score": 0.9965063155065843, "support": 1867.0}, "13": {"precision": 1.0, "recall": 1.0, "f1-score": 1.0, "support": 1921.0}, "14": {"precision": 1.0, "recall": 0.999482669425763, "f1-score": 0.9997412677878396, "support": 1933.0}, "15": {"precision": 0.9994520547945206, "recall": 1.0, "f1-score": 0.9997259523157029, "support": 1824.0}, "16": {"precision": 1.0, "recall": 1.0, "f1-score": 1.0, "support": 1735.0}, "17": {"precision": 1.0, "recall": 1.0, "f1-score": 1.0, "support": 1580.0}, "18": {"precision": 1.0, "recall": 0.9985865724381625, "f1-score": 0.9992927864214992, "support": 1415.0}, "19": {"precision": 0.998093422306959, "recall": 0.9492293744333635, "f1-score": 0.9730483271375465, "support": 1103.0}, "20": {"precision": 0.9401709401709402, "recall": 0.962800875273523, "f1-score": 0.9513513513513514, "support": 914.0}, "21": {"precision": 0.946875, "recall": 0.8101604278074866, "f1-score": 0.873198847262248, "support": 748.0}, "22": {"precision": 0.7702265372168284, "recall": 0.8350877192982457, "f1-score": 0.8013468013468015, "support": 570.0}, "23": {"precision": 0.7920353982300885, "recall": 0.9156010230179028, "f1-score": 0.8493475682087782, "support": 391.0}, "24": {"precision": 0.8461538461538461, "recall": 0.7601626016260162, "f1-score": 0.8008565310492505, "support": 246.0}, "25": {"precision": 0.7163461538461539, "recall": 0.9085365853658537, "f1-score": 0.8010752688172043, "support": 164.0}, "26": {"precision": 0.5, "recall": 0.1686746987951807, "f1-score": 0.25225225225225223, "support": 83.0}, "27": {"precision": 0.29591836734693877, "recall": 1.0, "f1-score": 0.4566929133858268, "support": 29.0}, "accuracy": 0.9746875, "macro avg": {"precision": 0.8604930465310151, "recall": 0.8874266910747054, "f1-score": 0.8584961978211096, "support": 25600.0}, "weighted avg": {"precision": 0.9771695363750348, "recall": 0.9746875, "f1-score": 0.9746431065898769, "support": 25600.0}}