{"0": {"precision": 0.5, "recall": 0.038461538461538464, "f1-score": 0.07142857142857144, "support": 26}, "1": {"precision": 0.4117647058823529, "recall": 0.17073170731707318, "f1-score": 0.24137931034482757, "support": 82}, "2": {"precision": 0.3841059602649007, "recall": 0.41134751773049644, "f1-score": 0.3972602739726027, "support": 141}, "3": {"precision": 0.4948453608247423, "recall": 0.3595505617977528, "f1-score": 0.4164859002169197, "support": 267}, "4": {"precision": 0.511002444987775, "recall": 0.55, "f1-score": 0.5297845373891001, "support": 380}, "5": {"precision": 0.5688487584650113, "recall": 0.47191011235955055, "f1-score": 0.5158648925281473, "support": 534}, "6": {"precision": 0.5989717223650386, "recall": 0.628032345013477, "f1-score": 0.6131578947368421, "support": 742}, "7": {"precision": 0.620019436345967, "recall": 0.6934782608695652, "f1-score": 0.6546947152385839, "support": 920}, "8": {"precision": 0.7118483412322275, "recall": 0.673542600896861, "f1-score": 0.6921658986175115, "support": 1115}, "9": {"precision": 0.6938911022576362, "recall": 0.7892749244712991, "f1-score": 0.7385159010600707, "support": 1324}, "10": {"precision": 0.7676240208877284, "recall": 0.7391577624135763, "f1-score": 0.7531219980787702, "support": 1591}, "11": {"precision": 0.7783595113438045, "recall": 0.7672018348623854, "f1-score": 0.7727403984984118, "support": 1744}, "12": {"precision": 0.779559118236473, "recall": 0.7967229902713774, "f1-score": 0.7880476069891112, "support": 1953}, "13": {"precision": 0.7782538832351366, "recall": 0.7623294858342078, "f1-score": 0.7702093824542805, "support": 1906}, "14": {"precision": 0.7651105651105651, "recall": 0.7828054298642534, "f1-score": 0.7738568588469186, "support": 1989}, "15": {"precision": 0.7723620782003213, "recall": 0.7790383576445165, "f1-score": 0.7756858526089295, "support": 1851}, "16": {"precision": 0.7179215270413574, "recall": 0.7804034582132565, "f1-score": 0.747859707263187, "support": 1735}, "17": {"precision": 0.7508394895903291, "recall": 0.6944099378881987, "f1-score": 0.7215230719586965, "support": 1610}, "18": {"precision": 0.74981765134938, "recall": 0.7327156094084105, "f1-score": 0.7411679884643115, "support": 1403}, "19": {"precision": 0.7210264900662252, "recall": 0.7240232751454697, "f1-score": 0.7225217751970138, "support": 1203}, "20": {"precision": 0.6529017857142857, "recall": 0.6693363844393593, "f1-score": 0.6610169491525424, "support": 874}, "21": {"precision": 0.625154130702836, "recall": 0.683288409703504, "f1-score": 0.652929813264649, "support": 742}, "22": {"precision": 0.5213849287169042, "recall": 0.48854961832061067, "f1-score": 0.5044334975369458, "support": 524}, "23": {"precision": 0.47161572052401746, "recall": 0.5333333333333333, "f1-score": 0.5005793742757821, "support": 405}, "24": {"precision": 0.47738693467336685, "recall": 0.35714285714285715, "f1-score": 0.4086021505376344, "support": 266}, "25": {"precision": 0.4626865671641791, "recall": 0.36904761904761907, "f1-score": 0.41059602649006627, "support": 168}, "26": {"precision": 0.5714285714285714, "recall": 0.14457831325301204, "f1-score": 0.23076923076923075, "support": 83}, "27": {"precision": 0.5263157894736842, "recall": 0.45454545454545453, "f1-score": 0.4878048780487805, "support": 22}, "accuracy": 0.709609375, "macro avg": {"precision": 0.6208945212887436, "recall": 0.5730342750088935, "f1-score": 0.5819358734274441, "support": 25600}, "weighted avg": {"precision": 0.7082252644559709, "recall": 0.709609375, "f1-score": 0.7072461607552744, "support": 25600}}