{"1": {"precision": 1.0, "recall": 0.25, "f1-score": 0.4, "support": 4.0}, "2": {"precision": 0.5, "recall": 0.42857142857142855, "f1-score": 0.4615384615384615, "support": 7.0}, "3": {"precision": 0.0, "recall": 0.0, "f1-score": 0.0, "support": 7.0}, "4": {"precision": 0.5, "recall": 0.42857142857142855, "f1-score": 0.4615384615384615, "support": 14.0}, "5": {"precision": 0.5, "recall": 0.2608695652173913, "f1-score": 0.3428571428571428, "support": 23.0}, "6": {"precision": 0.5, "recall": 0.27586206896551724, "f1-score": 0.35555555555555557, "support": 29.0}, "7": {"precision": 0.3225806451612903, "recall": 0.5128205128205128, "f1-score": 0.39603960396039606, "support": 39.0}, "8": {"precision": 0.2, "recall": 0.11627906976744186, "f1-score": 0.14705882352941177, "support": 43.0}, "9": {"precision": 0.2711864406779661, "recall": 0.35555555555555557, "f1-score": 0.3076923076923077, "support": 45.0}, "10": {"precision": 0.18666666666666668, "recall": 0.22950819672131148, "f1-score": 0.2058823529411765, "support": 61.0}, "11": {"precision": 0.29545454545454547, "recall": 0.21666666666666667, "f1-score": 0.25, "support": 60.0}, "12": {"precision": 0.2621359223300971, "recall": 0.36486486486486486, "f1-score": 0.3050847457627119, "support": 74.0}, "13": {"precision": 0.41935483870967744, "recall": 0.19402985074626866, "f1-score": 0.2653061224489796, "support": 67.0}, "14": {"precision": 0.4230769230769231, "recall": 0.3142857142857143, "f1-score": 0.360655737704918, "support": 70.0}, "15": {"precision": 0.24479166666666666, "recall": 0.5529411764705883, "f1-score": 0.33935018050541516, "support": 85.0}, "16": {"precision": 0.41818181818181815, "recall": 0.32857142857142857, "f1-score": 0.368, "support": 70.0}, "17": {"precision": 0.3333333333333333, "recall": 0.3384615384615385, "f1-score": 0.33587786259541985, "support": 65.0}, "18": {"precision": 0.46774193548387094, "recall": 0.46774193548387094, "f1-score": 0.46774193548387094, "support": 62.0}, "19": {"precision": 0.09375, "recall": 0.07894736842105263, "f1-score": 0.08571428571428572, "support": 38.0}, "20": {"precision": 0.28888888888888886, "recall": 0.29545454545454547, "f1-score": 0.2921348314606741, "support": 44.0}, "21": {"precision": 0.23529411764705882, "recall": 0.12121212121212122, "f1-score": 0.16, "support": 33.0}, "22": {"precision": 0.42857142857142855, "recall": 0.25, "f1-score": 0.3157894736842105, "support": 24.0}, "23": {"precision": 0.5, "recall": 0.15789473684210525, "f1-score": 0.23999999999999996, "support": 19.0}, "24": {"precision": 0.2857142857142857, "recall": 0.2, "f1-score": 0.23529411764705882, "support": 10.0}, "25": {"precision": 0.0, "recall": 0.0, "f1-score": 0.0, "support": 6.0}, "26": {"precision": 0.0, "recall": 0.0, "f1-score": 0.0, "support": 1.0}, "accuracy": 0.306, "macro avg": {"precision": 0.3337201329447891, "recall": 0.25919652975659047, "f1-score": 0.2730427693315561, "support": 1000.0}, "weighted avg": {"precision": 0.3275360511894802, "recall": 0.306, "f1-score": 0.29958065785875215, "support": 1000.0}}