{"0": {"precision": 0.0, "recall": 0.0, "f1-score": 0.0, "support": 23.0}, "1": {"precision": 0.75, "recall": 0.9642857142857143, "f1-score": 0.8437499999999999, "support": 84.0}, "2": {"precision": 0.45179063360881544, "recall": 0.9761904761904762, "f1-score": 0.6177024482109228, "support": 168.0}, "3": {"precision": 0.14035087719298245, "recall": 0.1694915254237288, "f1-score": 0.15355086372360843, "support": 236.0}, "4": {"precision": 0.8671328671328671, "recall": 0.33604336043360433, "f1-score": 0.484375, "support": 369.0}, "5": {"precision": 0.9651567944250871, "recall": 0.9668411867364747, "f1-score": 0.9659982563208369, "support": 573.0}, "6": {"precision": 0.9725829725829725, "recall": 0.9711815561959655, "f1-score": 0.9718817591925017, "support": 694.0}, "7": {"precision": 0.9480122324159022, "recall": 0.9799789251844047, "f1-score": 0.9637305699481865, "support": 949.0}, "8": {"precision": 0.9822380106571936, "recall": 0.9559204840103717, "f1-score": 0.9689005694261937, "support": 1157.0}, "9": {"precision": 0.994277539341917, "recall": 0.9858156028368794, "f1-score": 0.99002849002849, "support": 1410.0}, "10": {"precision": 0.9962287869264613, "recall": 0.9949780288763339, "f1-score": 0.995603015075377, "support": 1593.0}, "11": {"precision": 0.9983079526226735, "recall": 0.9966216216216216, "f1-score": 0.9974640743871512, "support": 1776.0}, "12": {"precision": 1.0, "recall": 0.9983810037776578, "f1-score": 0.9991898460707533, "support": 1853.0}, "13": {"precision": 0.9994824016563147, "recall": 1.0, "f1-score": 0.9997411338338079, "support": 1931.0}, "14": {"precision": 1.0, "recall": 0.9989506820566632, "f1-score": 0.9994750656167979, "support": 1906.0}, "15": {"precision": 0.9994772608468374, "recall": 1.0, "f1-score": 0.9997385620915032, "support": 1912.0}, "16": {"precision": 1.0, "recall": 0.9971048060220035, "f1-score": 0.9985503044360684, "support": 1727.0}, "17": {"precision": 0.9968905472636815, "recall": 0.9962709757613425, "f1-score": 0.9965806652160398, "support": 1609.0}, "18": {"precision": 0.9956803455723542, "recall": 0.9935344827586207, "f1-score": 0.9946062567421791, "support": 1392.0}, "19": {"precision": 0.9919928825622776, "recall": 0.94331641285956, "f1-score": 0.9670424978317433, "support": 1182.0}, "20": {"precision": 0.9287991498405951, "recall": 0.9458874458874459, "f1-score": 0.9372654155495979, "support": 924.0}, "21": {"precision": 0.9265785609397944, "recall": 0.9105339105339105, "f1-score": 0.918486171761281, "support": 693.0}, "22": {"precision": 0.8628318584070797, "recall": 0.7014388489208633, "f1-score": 0.7738095238095238, "support": 556.0}, "23": {"precision": 0.6286353467561522, "recall": 0.6955445544554455, "f1-score": 0.6603995299647474, "support": 404.0}, "24": {"precision": 0.5373134328358209, "recall": 0.6428571428571429, "f1-score": 0.5853658536585366, "support": 224.0}, "25": {"precision": 0.5931372549019608, "recall": 0.7333333333333333, "f1-score": 0.6558265582655826, "support": 165.0}, "26": {"precision": 0.4342105263157895, "recall": 0.44, "f1-score": 0.4370860927152318, "support": 75.0}, "27": {"precision": 0.2777777777777778, "recall": 1.0, "f1-score": 0.4347826086956522, "support": 15.0}, "accuracy": 0.9502734375, "macro avg": {"precision": 0.7942459290208325, "recall": 0.8319465028935559, "f1-score": 0.7968189690204399, "support": 25600.0}, "weighted avg": {"precision": 0.9568963362587187, "recall": 0.9502734375, "f1-score": 0.9507384412236626, "support": 25600.0}}