{"1": {"precision": 0.5, "recall": 0.75, "f1-score": 0.6, "support": 4.0}, "2": {"precision": 0.0, "recall": 0.0, "f1-score": 0.0, "support": 6.0}, "3": {"precision": 0.6666666666666666, "recall": 0.3076923076923077, "f1-score": 0.42105263157894735, "support": 13.0}, "4": {"precision": 0.2, "recall": 0.3333333333333333, "f1-score": 0.25, "support": 9.0}, "5": {"precision": 0.5833333333333334, "recall": 0.2916666666666667, "f1-score": 0.38888888888888895, "support": 24.0}, "6": {"precision": 0.4411764705882353, "recall": 0.5172413793103449, "f1-score": 0.47619047619047616, "support": 29.0}, "7": {"precision": 0.5263157894736842, "recall": 0.6382978723404256, "f1-score": 0.5769230769230769, "support": 47.0}, "8": {"precision": 0.4473684210526316, "recall": 0.37777777777777777, "f1-score": 0.40963855421686746, "support": 45.0}, "9": {"precision": 0.5074626865671642, "recall": 0.6071428571428571, "f1-score": 0.5528455284552846, "support": 56.0}, "10": {"precision": 0.4107142857142857, "recall": 0.3382352941176471, "f1-score": 0.3709677419354839, "support": 68.0}, "11": {"precision": 0.5230769230769231, "recall": 0.5074626865671642, "f1-score": 0.5151515151515151, "support": 67.0}, "12": {"precision": 0.4473684210526316, "recall": 0.5666666666666667, "f1-score": 0.5, "support": 60.0}, "13": {"precision": 0.6046511627906976, "recall": 0.65, "f1-score": 0.6265060240963854, "support": 80.0}, "14": {"precision": 0.6097560975609756, "recall": 0.6329113924050633, "f1-score": 0.6211180124223603, "support": 79.0}, "15": {"precision": 0.5675675675675675, "recall": 0.5454545454545454, "f1-score": 0.5562913907284768, "support": 77.0}, "16": {"precision": 0.532258064516129, "recall": 0.4925373134328358, "f1-score": 0.5116279069767442, "support": 67.0}, "17": {"precision": 0.5070422535211268, "recall": 0.5714285714285714, "f1-score": 0.5373134328358208, "support": 63.0}, "18": {"precision": 0.2597402597402597, "recall": 0.4, "f1-score": 0.31496062992125984, "support": 50.0}, "19": {"precision": 0.40425531914893614, "recall": 0.41304347826086957, "f1-score": 0.4086021505376344, "support": 46.0}, "20": {"precision": 0.5, "recall": 0.23076923076923078, "f1-score": 0.3157894736842105, "support": 39.0}, "21": {"precision": 0.4666666666666667, "recall": 0.25, "f1-score": 0.32558139534883723, "support": 28.0}, "22": {"precision": 0.23809523809523808, "recall": 0.5, "f1-score": 0.3225806451612903, "support": 10.0}, "23": {"precision": 0.2, "recall": 0.14285714285714285, "f1-score": 0.16666666666666666, "support": 14.0}, "24": {"precision": 0.0, "recall": 0.0, "f1-score": 0.0, "support": 11.0}, "25": {"precision": 0.0, "recall": 0.0, "f1-score": 0.0, "support": 6.0}, "26": {"precision": 0.0, "recall": 0.0, "f1-score": 0.0, "support": 2.0}, "accuracy": 0.479, "macro avg": {"precision": 0.39013521642819815, "recall": 0.3870968660085943, "f1-score": 0.3757190823738549, "support": 1000.0}, "weighted avg": {"precision": 0.47954480279517175, "recall": 0.479, "f1-score": 0.4712039652492481, "support": 1000.0}}