{"0": {"precision": 0.0, "recall": 0.0, "f1-score": 0.0, "support": 1.0}, "1": {"precision": 0.4, "recall": 0.2857142857142857, "f1-score": 0.3333333333333333, "support": 7.0}, "2": {"precision": 0.3, "recall": 0.42857142857142855, "f1-score": 0.3529411764705882, "support": 7.0}, "3": {"precision": 0.46153846153846156, "recall": 0.5, "f1-score": 0.48000000000000004, "support": 12.0}, "4": {"precision": 0.6923076923076923, "recall": 0.5, "f1-score": 0.5806451612903226, "support": 18.0}, "5": {"precision": 0.5, "recall": 0.2727272727272727, "f1-score": 0.3529411764705882, "support": 11.0}, "6": {"precision": 0.3, "recall": 0.15, "f1-score": 0.2, "support": 20.0}, "7": {"precision": 0.38095238095238093, "recall": 0.42105263157894735, "f1-score": 0.4, "support": 38.0}, "8": {"precision": 0.34375, "recall": 0.2682926829268293, "f1-score": 0.3013698630136986, "support": 41.0}, "9": {"precision": 0.3125, "recall": 0.38461538461538464, "f1-score": 0.3448275862068966, "support": 52.0}, "10": {"precision": 0.3333333333333333, "recall": 0.2987012987012987, "f1-score": 0.3150684931506849, "support": 77.0}, "11": {"precision": 0.55, "recall": 0.44, "f1-score": 0.48888888888888893, "support": 75.0}, "12": {"precision": 0.3111111111111111, "recall": 0.4057971014492754, "f1-score": 0.3522012578616352, "support": 69.0}, "13": {"precision": 0.5492957746478874, "recall": 0.5, "f1-score": 0.523489932885906, "support": 78.0}, "14": {"precision": 0.5, "recall": 0.5846153846153846, "f1-score": 0.5390070921985816, "support": 65.0}, "15": {"precision": 0.3548387096774194, "recall": 0.4782608695652174, "f1-score": 0.40740740740740744, "support": 69.0}, "16": {"precision": 0.4861111111111111, "recall": 0.5072463768115942, "f1-score": 0.49645390070921985, "support": 69.0}, "17": {"precision": 0.4696969696969697, "recall": 0.44285714285714284, "f1-score": 0.45588235294117646, "support": 70.0}, "18": {"precision": 0.38571428571428573, "recall": 0.46551724137931033, "f1-score": 0.42187500000000006, "support": 58.0}, "19": {"precision": 0.3584905660377358, "recall": 0.40425531914893614, "f1-score": 0.38, "support": 47.0}, "20": {"precision": 0.4166666666666667, "recall": 0.3125, "f1-score": 0.35714285714285715, "support": 32.0}, "21": {"precision": 0.3181818181818182, "recall": 0.2692307692307692, "f1-score": 0.2916666666666667, "support": 26.0}, "22": {"precision": 0.45454545454545453, "recall": 0.22727272727272727, "f1-score": 0.30303030303030304, "support": 22.0}, "23": {"precision": 0.3333333333333333, "recall": 0.4166666666666667, "f1-score": 0.3703703703703704, "support": 12.0}, "24": {"precision": 0.5, "recall": 0.3076923076923077, "f1-score": 0.380952380952381, "support": 13.0}, "25": {"precision": 0.0, "recall": 0.0, "f1-score": 0.0, "support": 8.0}, "26": {"precision": 0.3333333333333333, "recall": 0.3333333333333333, "f1-score": 0.3333333333333333, "support": 3.0}, "accuracy": 0.411, "macro avg": {"precision": 0.383174111192185, "recall": 0.355737786105856, "f1-score": 0.3615862420120311, "support": 1000.0}, "weighted avg": {"precision": 0.41617921552651826, "recall": 0.411, "f1-score": 0.4081639312604072, "support": 1000.0}}