{"0": {"precision": 0.0, "recall": 0.0, "f1-score": 0.0, "support": 26.0}, "1": {"precision": 0.3287671232876712, "recall": 0.5333333333333333, "f1-score": 0.4067796610169492, "support": 90.0}, "2": {"precision": 0.4626865671641791, "recall": 0.18452380952380953, "f1-score": 0.2638297872340426, "support": 168.0}, "3": {"precision": 0.4659498207885305, "recall": 0.5416666666666666, "f1-score": 0.5009633911368016, "support": 240.0}, "4": {"precision": 0.5048543689320388, "recall": 0.27440633245382584, "f1-score": 0.35555555555555557, "support": 379.0}, "5": {"precision": 0.42058165548098436, "recall": 0.3693516699410609, "f1-score": 0.3933054393305439, "support": 509.0}, "6": {"precision": 0.3562152133580705, "recall": 0.28614008941877794, "f1-score": 0.3173553719008264, "support": 671.0}, "7": {"precision": 0.31832298136645965, "recall": 0.44808743169398907, "f1-score": 0.37221970040853375, "support": 915.0}, "8": {"precision": 0.3611111111111111, "recall": 0.2768313458262351, "f1-score": 0.313404050144648, "support": 1174.0}, "9": {"precision": 0.39316770186335404, "recall": 0.43988881167477417, "f1-score": 0.41521810429649064, "support": 1439.0}, "10": {"precision": 0.30051057622173594, "recall": 0.2471505698860228, "f1-score": 0.27123107307439104, "support": 1667.0}, "11": {"precision": 0.5362106803218727, "recall": 0.41957641671436746, "f1-score": 0.4707771355170199, "support": 1747.0}, "12": {"precision": 0.35082098518221866, "recall": 0.4681988241582042, "f1-score": 0.4010989010989011, "support": 1871.0}, "13": {"precision": 0.49398280802292266, "recall": 0.4599786552828175, "f1-score": 0.47637468914064657, "support": 1874.0}, "14": {"precision": 0.5544952285283777, "recall": 0.5687789799072643, "f1-score": 0.5615462868769076, "support": 1941.0}, "15": {"precision": 0.3549078439777111, "recall": 0.4470842332613391, "f1-score": 0.3956989247311828, "support": 1852.0}, "16": {"precision": 0.4709127382146439, "recall": 0.5199335548172758, "f1-score": 0.49421052631578943, "support": 1806.0}, "17": {"precision": 0.44631815626756605, "recall": 0.4934742075823493, "f1-score": 0.46871310507674147, "support": 1609.0}, "18": {"precision": 0.39317773788150806, "recall": 0.4785142024763292, "f1-score": 0.4316688567674113, "support": 1373.0}, "19": {"precision": 0.29931972789115646, "recall": 0.3341772151898734, "f1-score": 0.3157894736842105, "support": 1185.0}, "20": {"precision": 0.41434262948207173, "recall": 0.33191489361702126, "f1-score": 0.3685764914353219, "support": 940.0}, "21": {"precision": 0.39307535641547864, "recall": 0.2608108108108108, "f1-score": 0.313566206336312, "support": 740.0}, "22": {"precision": 0.40672782874617736, "recall": 0.24448529411764705, "f1-score": 0.30539609644087257, "support": 544.0}, "23": {"precision": 0.3, "recall": 0.16023738872403562, "f1-score": 0.20889748549323017, "support": 337.0}, "24": {"precision": 0.35507246376811596, "recall": 0.19678714859437751, "f1-score": 0.2532299741602067, "support": 249.0}, "25": {"precision": 0.37209302325581395, "recall": 0.3116883116883117, "f1-score": 0.3392226148409894, "support": 154.0}, "26": {"precision": 0.23076923076923078, "recall": 0.037037037037037035, "f1-score": 0.06382978723404256, "support": 81.0}, "27": {"precision": 0.25, "recall": 0.21052631578947367, "f1-score": 0.22857142857142856, "support": 19.0}, "accuracy": 0.408515625, "macro avg": {"precision": 0.3762283413678214, "recall": 0.3408779839352511, "f1-score": 0.3466796470649999, "support": 25600.0}, "weighted avg": {"precision": 0.41144317167778455, "recall": 0.408515625, "f1-score": 0.404260946081675, "support": 25600.0}}