{"0": {"precision": 0.0, "recall": 0.0, "f1-score": 0.0, "support": 25}, "1": {"precision": 0.13157894736842105, "recall": 0.06493506493506493, "f1-score": 0.08695652173913043, "support": 77}, "2": {"precision": 0.0967741935483871, "recall": 0.11042944785276074, "f1-score": 0.10315186246418337, "support": 163}, "3": {"precision": 0.096, "recall": 0.1, "f1-score": 0.0979591836734694, "support": 240}, "4": {"precision": 0.11970074812967581, "recall": 0.12307692307692308, "f1-score": 0.12136536030341341, "support": 390}, "5": {"precision": 0.12014787430683918, "recall": 0.11504424778761062, "f1-score": 0.11754068716094032, "support": 565}, "6": {"precision": 0.10098176718092566, "recall": 0.10084033613445378, "f1-score": 0.10091100210231255, "support": 714}, "7": {"precision": 0.1161217587373168, "recall": 0.11016042780748662, "f1-score": 0.11306256860592756, "support": 935}, "8": {"precision": 0.1105476673427992, "recall": 0.09213863060016907, "f1-score": 0.10050714615029968, "support": 1183}, "9": {"precision": 0.10097965335342879, "recall": 0.09745454545454546, "f1-score": 0.09918578830495929, "support": 1375}, "10": {"precision": 0.10758706467661691, "recall": 0.10963244613434728, "f1-score": 0.1086001255492781, "support": 1578}, "11": {"precision": 0.10107893242475866, "recall": 0.09883398112159911, "f1-score": 0.09994385176866928, "support": 1801}, "12": {"precision": 0.09281875915974597, "recall": 0.10015814443858724, "f1-score": 0.09634888438133875, "support": 1897}, "13": {"precision": 0.09853461344113189, "recall": 0.10119356512714063, "f1-score": 0.09984639016897082, "support": 1927}, "14": {"precision": 0.10621904237754541, "recall": 0.09826883910386966, "f1-score": 0.10208939434012167, "support": 1964}, "15": {"precision": 0.08864142538975502, "recall": 0.10681696188942566, "f1-score": 0.09688412852969816, "support": 1863}, "16": {"precision": 0.10251903925014645, "recall": 0.10318396226415094, "f1-score": 0.10285042609462239, "support": 1696}, "17": {"precision": 0.08815958815958816, "recall": 0.08787684413085312, "f1-score": 0.08801798907805974, "support": 1559}, "18": {"precision": 0.09862385321100918, "recall": 0.09485294117647058, "f1-score": 0.09670164917541228, "support": 1360}, "19": {"precision": 0.10545129579982127, "recall": 0.10216450216450217, "f1-score": 0.10378188214599823, "support": 1155}, "20": {"precision": 0.10206185567010309, "recall": 0.10520722635494155, "f1-score": 0.10361067503924648, "support": 941}, "21": {"precision": 0.09681528662420383, "recall": 0.10133333333333333, "f1-score": 0.09902280130293159, "support": 750}, "22": {"precision": 0.09322033898305085, "recall": 0.08270676691729323, "f1-score": 0.08764940239043824, "support": 532}, "23": {"precision": 0.11049723756906077, "recall": 0.10638297872340426, "f1-score": 0.10840108401084012, "support": 376}, "24": {"precision": 0.0859375, "recall": 0.08396946564885496, "f1-score": 0.08494208494208494, "support": 262}, "25": {"precision": 0.10362694300518134, "recall": 0.13071895424836602, "f1-score": 0.11560693641618497, "support": 153}, "26": {"precision": 0.0, "recall": 0.0, "f1-score": 0.0, "support": 87}, "27": {"precision": 0.06976744186046512, "recall": 0.09375, "f1-score": 0.07999999999999999, "support": 32}, "accuracy": 0.1003515625, "macro avg": {"precision": 0.09444260098464205, "recall": 0.09361180487236263, "f1-score": 0.09339063663709042, "support": 25600}, "weighted avg": {"precision": 0.10050653098988184, "recall": 0.1003515625, "f1-score": 0.10023616292734136, "support": 25600}}