{"0": {"precision": 0.0, "recall": 0.0, "f1-score": 0.0, "support": 27}, "1": {"precision": 0.5070422535211268, "recall": 0.4, "f1-score": 0.4472049689440994, "support": 90}, "2": {"precision": 0.34210526315789475, "recall": 0.07692307692307693, "f1-score": 0.12560386473429952, "support": 169}, "3": {"precision": 0.33707865168539325, "recall": 0.33707865168539325, "f1-score": 0.33707865168539325, "support": 267}, "4": {"precision": 0.39925373134328357, "recall": 0.28609625668449196, "f1-score": 0.3333333333333333, "support": 374}, "5": {"precision": 0.32707774798927614, "recall": 0.24302788844621515, "f1-score": 0.27885714285714286, "support": 502}, "6": {"precision": 0.3825301204819277, "recall": 0.17162162162162162, "f1-score": 0.23694029850746268, "support": 740}, "7": {"precision": 0.28689492325855964, "recall": 0.28125, "f1-score": 0.28404441846873174, "support": 864}, "8": {"precision": 0.2510822510822511, "recall": 0.1994840928632846, "f1-score": 0.22232870148538572, "support": 1163}, "9": {"precision": 0.28040141676505315, "recall": 0.34370477568740954, "f1-score": 0.3088426527958388, "support": 1382}, "10": {"precision": 0.3129909365558912, "recall": 0.3034563561804335, "f1-score": 0.30814991076740034, "support": 1707}, "11": {"precision": 0.356297093649085, "recall": 0.3926453143534994, "f1-score": 0.3735891647855531, "support": 1686}, "12": {"precision": 0.3697148475909538, "recall": 0.40408382590005376, "f1-score": 0.38613607188703464, "support": 1861}, "13": {"precision": 0.41706366392377653, "recall": 0.4900763358778626, "f1-score": 0.4506317267197005, "support": 1965}, "14": {"precision": 0.46951537258989057, "recall": 0.4641937145801133, "f1-score": 0.46683937823834193, "support": 1941}, "15": {"precision": 0.4133522727272727, "recall": 0.4665954035275254, "f1-score": 0.438363042932463, "support": 1871}, "16": {"precision": 0.44212218649517687, "recall": 0.4722381224957069, "f1-score": 0.4566841959590368, "support": 1747}, "17": {"precision": 0.452046783625731, "recall": 0.47893432465923175, "f1-score": 0.46510228640192536, "support": 1614}, "18": {"precision": 0.41180555555555554, "recall": 0.4138171667829728, "f1-score": 0.4128089105464671, "support": 1433}, "19": {"precision": 0.37069547602970965, "recall": 0.4590301003344482, "f1-score": 0.4101606275681734, "support": 1196}, "20": {"precision": 0.3161676646706587, "recall": 0.3013698630136986, "f1-score": 0.30859146697837525, "support": 876}, "21": {"precision": 0.2584745762711864, "recall": 0.2695139911634757, "f1-score": 0.26387887527036774, "support": 679}, "22": {"precision": 0.3087557603686636, "recall": 0.25, "f1-score": 0.27628865979381445, "support": 536}, "23": {"precision": 0.30434782608695654, "recall": 0.17902813299232737, "f1-score": 0.22544283413848634, "support": 391}, "24": {"precision": 0.24242424242424243, "recall": 0.09302325581395349, "f1-score": 0.13445378151260504, "support": 258}, "25": {"precision": 0.3939393939393939, "recall": 0.16352201257861634, "f1-score": 0.23111111111111113, "support": 159}, "26": {"precision": 0.43478260869565216, "recall": 0.14084507042253522, "f1-score": 0.2127659574468085, "support": 71}, "27": {"precision": 0.4, "recall": 0.06451612903225806, "f1-score": 0.1111111111111111, "support": 31}, "accuracy": 0.3737109375, "macro avg": {"precision": 0.3495700935887344, "recall": 0.29093126727215024, "f1-score": 0.3037979694993022, "support": 25600}, "weighted avg": {"precision": 0.3705305249098289, "recall": 0.3737109375, "f1-score": 0.3677690916729937, "support": 25600}}