{"0": {"precision": 0.0, "recall": 0.0, "f1-score": 0.0, "support": 27}, "1": {"precision": 0.015444015444015444, "recall": 0.06349206349206349, "f1-score": 0.024844720496894408, "support": 63}, "2": {"precision": 0.04807692307692308, "recall": 0.06622516556291391, "f1-score": 0.05571030640668524, "support": 151}, "3": {"precision": 0.06200317965023847, "recall": 0.16182572614107885, "f1-score": 0.0896551724137931, "support": 241}, "4": {"precision": 0.09016393442622951, "recall": 0.059782608695652176, "f1-score": 0.0718954248366013, "support": 368}, "5": {"precision": 0.11165048543689321, "recall": 0.125, "f1-score": 0.11794871794871795, "support": 552}, "6": {"precision": 0.12554744525547445, "recall": 0.11878453038674033, "f1-score": 0.12207239176721078, "support": 724}, "7": {"precision": 0.10906515580736544, "recall": 0.08671171171171171, "f1-score": 0.09661229611041405, "support": 888}, "8": {"precision": 0.11246730601569312, "recall": 0.11446317657497782, "f1-score": 0.11345646437994722, "support": 1127}, "9": {"precision": 0.10655737704918032, "recall": 0.06372549019607843, "f1-score": 0.07975460122699385, "support": 1428}, "10": {"precision": 0.11104910714285714, "recall": 0.12299134734239803, "f1-score": 0.11671554252199413, "support": 1618}, "11": {"precision": 0.11446409989594172, "recall": 0.06221719457013575, "f1-score": 0.08061561011359472, "support": 1768}, "12": {"precision": 0.11619190404797601, "recall": 0.07981462409886715, "f1-score": 0.09462759462759462, "support": 1942}, "13": {"precision": 0.11494252873563218, "recall": 0.10793308148947653, "f1-score": 0.11132758140829391, "support": 1853}, "14": {"precision": 0.09641472868217055, "recall": 0.10337662337662337, "f1-score": 0.0997743795437453, "support": 1925}, "15": {"precision": 0.09686476368741226, "recall": 0.11219512195121951, "f1-score": 0.10396785534907083, "support": 1845}, "16": {"precision": 0.09652309289050337, "recall": 0.1092190252495596, "f1-score": 0.1024793388429752, "support": 1703}, "17": {"precision": 0.09712092130518234, "recall": 0.1532404603270745, "f1-score": 0.118890977443609, "support": 1651}, "18": {"precision": 0.09763313609467456, "recall": 0.09401709401709402, "f1-score": 0.09579100145137881, "support": 1404}, "19": {"precision": 0.08995137763371151, "recall": 0.09351305812973884, "f1-score": 0.09169764560099133, "support": 1187}, "20": {"precision": 0.0975609756097561, "recall": 0.09967497291440953, "f1-score": 0.09860664523043944, "support": 923}, "21": {"precision": 0.11805555555555555, "recall": 0.0703448275862069, "f1-score": 0.0881590319792567, "support": 725}, "22": {"precision": 0.06610169491525424, "recall": 0.06854130052724078, "f1-score": 0.06729939603106125, "support": 569}, "23": {"precision": 0.11363636363636363, "recall": 0.09685230024213075, "f1-score": 0.10457516339869281, "support": 413}, "24": {"precision": 0.0975609756097561, "recall": 0.11290322580645161, "f1-score": 0.10467289719626169, "support": 248}, "25": {"precision": 0.05821917808219178, "recall": 0.1069182389937107, "f1-score": 0.07538802660753881, "support": 159}, "26": {"precision": 0.1, "recall": 0.04938271604938271, "f1-score": 0.06611570247933884, "support": 81}, "27": {"precision": 0.25, "recall": 0.11764705882352941, "f1-score": 0.15999999999999998, "support": 17}, "accuracy": 0.0996875, "macro avg": {"precision": 0.09690236520310544, "recall": 0.09359974086630238, "f1-score": 0.09116623162189626, "support": 25600}, "weighted avg": {"precision": 0.1032892166142594, "recall": 0.0996875, "f1-score": 0.09925680074451433, "support": 25600}}