{"0": {"precision": 0.0, "recall": 0.0, "f1-score": 0.0, "support": 2.0}, "1": {"precision": 0.7142857142857143, "recall": 0.8333333333333334, "f1-score": 0.7692307692307692, "support": 6.0}, "2": {"precision": 0.0, "recall": 0.0, "f1-score": 0.0, "support": 2.0}, "3": {"precision": 0.6666666666666666, "recall": 0.35294117647058826, "f1-score": 0.46153846153846156, "support": 17.0}, "4": {"precision": 0.30434782608695654, "recall": 0.4117647058823529, "f1-score": 0.35, "support": 17.0}, "5": {"precision": 0.4, "recall": 0.16666666666666666, "f1-score": 0.23529411764705882, "support": 24.0}, "6": {"precision": 0.25, "recall": 0.21052631578947367, "f1-score": 0.22857142857142856, "support": 19.0}, "7": {"precision": 0.4594594594594595, "recall": 0.53125, "f1-score": 0.4927536231884059, "support": 32.0}, "8": {"precision": 0.35714285714285715, "recall": 0.29411764705882354, "f1-score": 0.3225806451612903, "support": 34.0}, "9": {"precision": 0.53125, "recall": 0.4788732394366197, "f1-score": 0.5037037037037037, "support": 71.0}, "10": {"precision": 0.3918918918918919, "recall": 0.4264705882352941, "f1-score": 0.40845070422535207, "support": 68.0}, "11": {"precision": 0.5, "recall": 0.5970149253731343, "f1-score": 0.5442176870748299, "support": 67.0}, "12": {"precision": 0.5411764705882353, "recall": 0.575, "f1-score": 0.5575757575757575, "support": 80.0}, "13": {"precision": 0.6461538461538462, "recall": 0.6268656716417911, "f1-score": 0.6363636363636365, "support": 67.0}, "14": {"precision": 0.6666666666666666, "recall": 0.6410256410256411, "f1-score": 0.6535947712418301, "support": 78.0}, "15": {"precision": 0.47435897435897434, "recall": 0.6271186440677966, "f1-score": 0.5401459854014599, "support": 59.0}, "16": {"precision": 0.6206896551724138, "recall": 0.6666666666666666, "f1-score": 0.6428571428571429, "support": 54.0}, "17": {"precision": 0.6986301369863014, "recall": 0.68, "f1-score": 0.6891891891891893, "support": 75.0}, "18": {"precision": 0.49411764705882355, "recall": 0.65625, "f1-score": 0.5637583892617449, "support": 64.0}, "19": {"precision": 0.4090909090909091, "recall": 0.45, "f1-score": 0.4285714285714286, "support": 40.0}, "20": {"precision": 0.4583333333333333, "recall": 0.2619047619047619, "f1-score": 0.33333333333333337, "support": 42.0}, "21": {"precision": 0.5555555555555556, "recall": 0.3333333333333333, "f1-score": 0.4166666666666667, "support": 30.0}, "22": {"precision": 0.4, "recall": 0.47058823529411764, "f1-score": 0.4324324324324324, "support": 17.0}, "23": {"precision": 0.4166666666666667, "recall": 0.38461538461538464, "f1-score": 0.4, "support": 13.0}, "24": {"precision": 0.6, "recall": 0.17647058823529413, "f1-score": 0.2727272727272727, "support": 17.0}, "25": {"precision": 0.0, "recall": 0.0, "f1-score": 0.0, "support": 3.0}, "26": {"precision": 0.0, "recall": 0.0, "f1-score": 0.0, "support": 1.0}, "27": {"precision": 0.0, "recall": 0.0, "f1-score": 0.0, "support": 1.0}, "accuracy": 0.515, "macro avg": {"precision": 0.4127315813273311, "recall": 0.3875999116082526, "f1-score": 0.38869846949868553, "support": 1000.0}, "weighted avg": {"precision": 0.5186645247452978, "recall": 0.515, "f1-score": 0.5085435216745102, "support": 1000.0}}