{"0": {"precision": 0.16666666666666666, "recall": 0.03125, "f1-score": 0.05263157894736842, "support": 32}, "1": {"precision": 0.2558139534883721, "recall": 0.28205128205128205, "f1-score": 0.2682926829268293, "support": 78}, "2": {"precision": 0.3333333333333333, "recall": 0.30405405405405406, "f1-score": 0.3180212014134275, "support": 148}, "3": {"precision": 0.38461538461538464, "recall": 0.3483606557377049, "f1-score": 0.3655913978494623, "support": 244}, "4": {"precision": 0.42402826855123676, "recall": 0.33994334277620397, "f1-score": 0.37735849056603776, "support": 353}, "5": {"precision": 0.3876146788990826, "recall": 0.3182674199623352, "f1-score": 0.3495346432264736, "support": 531}, "6": {"precision": 0.3929203539823009, "recall": 0.3020408163265306, "f1-score": 0.34153846153846157, "support": 735}, "7": {"precision": 0.3694984646878199, "recall": 0.41446613088404133, "f1-score": 0.3906926406926407, "support": 871}, "8": {"precision": 0.4052044609665427, "recall": 0.3642439431913116, "f1-score": 0.3836339639243291, "support": 1197}, "9": {"precision": 0.4489916963226572, "recall": 0.5170765027322405, "f1-score": 0.4806349206349207, "support": 1464}, "10": {"precision": 0.5133010882708585, "recall": 0.5096038415366146, "f1-score": 0.5114457831325301, "support": 1666}, "11": {"precision": 0.5609619686800895, "recall": 0.5973793924955331, "f1-score": 0.5785982117104125, "support": 1679}, "12": {"precision": 0.5752212389380531, "recall": 0.6203605514316013, "f1-score": 0.5969387755102041, "support": 1886}, "13": {"precision": 0.581165452653486, "recall": 0.5976457998929909, "f1-score": 0.5892904246900554, "support": 1869}, "14": {"precision": 0.5896724042198779, "recall": 0.5749864645370871, "f1-score": 0.5822368421052632, "support": 1847}, "15": {"precision": 0.5649663137632339, "recall": 0.6136957658128593, "f1-score": 0.5883237283888749, "support": 1913}, "16": {"precision": 0.5693865396069089, "recall": 0.5522819179664934, "f1-score": 0.5607038123167155, "support": 1731}, "17": {"precision": 0.5265649658074697, "recall": 0.5881316098707403, "f1-score": 0.5556480710519012, "support": 1702}, "18": {"precision": 0.4019081693500298, "recall": 0.47801418439716314, "f1-score": 0.43666990605766115, "support": 1410}, "19": {"precision": 0.3937635968092821, "recall": 0.4582278481012658, "f1-score": 0.42355694227769114, "support": 1185}, "20": {"precision": 0.4312393887945671, "recall": 0.2754880694143167, "f1-score": 0.3362011912640635, "support": 922}, "21": {"precision": 0.36258278145695366, "recall": 0.3220588235294118, "f1-score": 0.3411214953271028, "support": 680}, "22": {"precision": 0.3588235294117647, "recall": 0.32854578096947934, "f1-score": 0.3430178069353327, "support": 557}, "23": {"precision": 0.3355048859934853, "recall": 0.266839378238342, "f1-score": 0.2972582972582972, "support": 386}, "24": {"precision": 0.43902439024390244, "recall": 0.2151394422310757, "f1-score": 0.2887700534759358, "support": 251}, "25": {"precision": 0.30158730158730157, "recall": 0.12179487179487179, "f1-score": 0.1735159817351598, "support": 156}, "26": {"precision": 0.9090909090909091, "recall": 0.12195121951219512, "f1-score": 0.21505376344086022, "support": 82}, "27": {"precision": 0.2222222222222222, "recall": 0.08, "f1-score": 0.11764705882352941, "support": 25}, "accuracy": 0.4926171875, "macro avg": {"precision": 0.43591694315763535, "recall": 0.3765678253374195, "f1-score": 0.38799743311505497, "support": 25600}, "weighted avg": {"precision": 0.48988027448970983, "recall": 0.4926171875, "f1-score": 0.48770529155497705, "support": 25600}}