{"0": {"precision": 0.0, "recall": 0.0, "f1-score": 0.0, "support": 2.0}, "1": {"precision": 0.3333333333333333, "recall": 1.0, "f1-score": 0.5, "support": 1.0}, "2": {"precision": 0.6666666666666666, "recall": 1.0, "f1-score": 0.8, "support": 4.0}, "3": {"precision": 0.6666666666666666, "recall": 0.8, "f1-score": 0.7272727272727272, "support": 10.0}, "4": {"precision": 0.9090909090909091, "recall": 0.7142857142857143, "f1-score": 0.8, "support": 14.0}, "5": {"precision": 0.8095238095238095, "recall": 0.9444444444444444, "f1-score": 0.8717948717948718, "support": 18.0}, "6": {"precision": 0.9705882352941176, "recall": 0.8918918918918919, "f1-score": 0.9295774647887325, "support": 37.0}, "7": {"precision": 0.9210526315789473, "recall": 0.9722222222222222, "f1-score": 0.9459459459459458, "support": 36.0}, "8": {"precision": 0.9827586206896551, "recall": 0.95, "f1-score": 0.9661016949152542, "support": 60.0}, "9": {"precision": 0.9803921568627451, "recall": 0.9803921568627451, "f1-score": 0.9803921568627451, "support": 51.0}, "10": {"precision": 1.0, "recall": 0.9818181818181818, "f1-score": 0.9908256880733944, "support": 55.0}, "11": {"precision": 1.0, "recall": 1.0, "f1-score": 1.0, "support": 77.0}, "12": {"precision": 0.9855072463768116, "recall": 1.0, "f1-score": 0.9927007299270074, "support": 68.0}, "13": {"precision": 1.0, "recall": 0.9883720930232558, "f1-score": 0.9941520467836257, "support": 86.0}, "14": {"precision": 1.0, "recall": 1.0, "f1-score": 1.0, "support": 62.0}, "15": {"precision": 1.0, "recall": 1.0, "f1-score": 1.0, "support": 96.0}, "16": {"precision": 1.0, "recall": 1.0, "f1-score": 1.0, "support": 62.0}, "17": {"precision": 1.0, "recall": 1.0, "f1-score": 1.0, "support": 50.0}, "18": {"precision": 1.0, "recall": 1.0, "f1-score": 1.0, "support": 48.0}, "19": {"precision": 1.0, "recall": 0.9411764705882353, "f1-score": 0.9696969696969697, "support": 51.0}, "20": {"precision": 0.9117647058823529, "recall": 0.8611111111111112, "f1-score": 0.8857142857142858, "support": 36.0}, "21": {"precision": 0.8333333333333334, "recall": 0.9615384615384616, "f1-score": 0.8928571428571429, "support": 26.0}, "22": {"precision": 0.9230769230769231, "recall": 0.7058823529411765, "f1-score": 0.8000000000000002, "support": 17.0}, "23": {"precision": 0.6428571428571429, "recall": 0.6, "f1-score": 0.6206896551724138, "support": 15.0}, "24": {"precision": 0.5, "recall": 0.6, "f1-score": 0.5454545454545454, "support": 10.0}, "25": {"precision": 0.5, "recall": 1.0, "f1-score": 0.6666666666666666, "support": 5.0}, "26": {"precision": 0.0, "recall": 0.0, "f1-score": 0.0, "support": 3.0}, "27": {"precision": 0.0, "recall": 0.0, "f1-score": 0.0, "support": 0.0}, "accuracy": 0.953, "macro avg": {"precision": 0.7691647279011934, "recall": 0.817611967883123, "f1-score": 0.7814229497116546, "support": 1000.0}, "weighted avg": {"precision": 0.9563403983166912, "recall": 0.953, "f1-score": 0.953028464483663, "support": 1000.0}}