{"0": {"precision": 0.0, "recall": 0.0, "f1-score": 0.0, "support": 2.0}, "1": {"precision": 0.0, "recall": 0.0, "f1-score": 0.0, "support": 5.0}, "2": {"precision": 0.1111111111111111, "recall": 0.25, "f1-score": 0.15384615384615383, "support": 4.0}, "3": {"precision": 0.13636363636363635, "recall": 0.2727272727272727, "f1-score": 0.1818181818181818, "support": 11.0}, "4": {"precision": 0.18181818181818182, "recall": 0.13333333333333333, "f1-score": 0.15384615384615383, "support": 15.0}, "5": {"precision": 0.1388888888888889, "recall": 0.18518518518518517, "f1-score": 0.15873015873015875, "support": 27.0}, "6": {"precision": 0.0, "recall": 0.0, "f1-score": 0.0, "support": 22.0}, "7": {"precision": 0.043478260869565216, "recall": 0.05128205128205128, "f1-score": 0.047058823529411764, "support": 39.0}, "8": {"precision": 0.07894736842105263, "recall": 0.06976744186046512, "f1-score": 0.07407407407407408, "support": 43.0}, "9": {"precision": 0.1282051282051282, "recall": 0.10638297872340426, "f1-score": 0.11627906976744187, "support": 47.0}, "10": {"precision": 0.1, "recall": 0.09090909090909091, "f1-score": 0.09523809523809525, "support": 55.0}, "11": {"precision": 0.08695652173913043, "recall": 0.056338028169014086, "f1-score": 0.06837606837606837, "support": 71.0}, "12": {"precision": 0.1, "recall": 0.039473684210526314, "f1-score": 0.05660377358490567, "support": 76.0}, "13": {"precision": 0.12307692307692308, "recall": 0.13559322033898305, "f1-score": 0.12903225806451613, "support": 59.0}, "14": {"precision": 0.08737864077669903, "recall": 0.1111111111111111, "f1-score": 0.09782608695652173, "support": 81.0}, "15": {"precision": 0.10416666666666667, "recall": 0.14705882352941177, "f1-score": 0.12195121951219513, "support": 68.0}, "16": {"precision": 0.13157894736842105, "recall": 0.125, "f1-score": 0.12820512820512822, "support": 80.0}, "17": {"precision": 0.08860759493670886, "recall": 0.1076923076923077, "f1-score": 0.09722222222222222, "support": 65.0}, "18": {"precision": 0.09836065573770492, "recall": 0.10526315789473684, "f1-score": 0.10169491525423728, "support": 57.0}, "19": {"precision": 0.08823529411764706, "recall": 0.15, "f1-score": 0.11111111111111112, "support": 40.0}, "20": {"precision": 0.08695652173913043, "recall": 0.047619047619047616, "f1-score": 0.061538461538461535, "support": 42.0}, "21": {"precision": 0.15, "recall": 0.1111111111111111, "f1-score": 0.12765957446808512, "support": 27.0}, "22": {"precision": 0.16666666666666666, "recall": 0.10344827586206896, "f1-score": 0.1276595744680851, "support": 29.0}, "23": {"precision": 0.18181818181818182, "recall": 0.125, "f1-score": 0.14814814814814814, "support": 16.0}, "24": {"precision": 0.0, "recall": 0.0, "f1-score": 0.0, "support": 11.0}, "25": {"precision": 0.0, "recall": 0.0, "f1-score": 0.0, "support": 3.0}, "26": {"precision": 0.0, "recall": 0.0, "f1-score": 0.0, "support": 2.0}, "27": {"precision": 0.0, "recall": 0.0, "f1-score": 0.0, "support": 3.0}, "accuracy": 0.099, "macro avg": {"precision": 0.08616482822576586, "recall": 0.09015343291282575, "f1-score": 0.08421140188426275, "support": 1000.0}, "weighted avg": {"precision": 0.10110057871222172, "recall": 0.099, "f1-score": 0.09683940011204532, "support": 1000.0}}