{"0": {"precision": 0.0, "recall": 0.0, "f1-score": 0.0, "support": 25.0}, "1": {"precision": 0.527027027027027, "recall": 0.5735294117647058, "f1-score": 0.5492957746478873, "support": 68.0}, "2": {"precision": 0.610062893081761, "recall": 0.5606936416184971, "f1-score": 0.5843373493975903, "support": 173.0}, "3": {"precision": 0.5880597014925373, "recall": 0.7111913357400722, "f1-score": 0.6437908496732027, "support": 277.0}, "4": {"precision": 0.6470588235294118, "recall": 0.710594315245478, "f1-score": 0.6773399014778325, "support": 387.0}, "5": {"precision": 0.7023346303501945, "recall": 0.6876190476190476, "f1-score": 0.6948989412897016, "support": 525.0}, "6": {"precision": 0.6219512195121951, "recall": 0.7646176911544228, "f1-score": 0.6859448554135844, "support": 667.0}, "7": {"precision": 0.6388349514563106, "recall": 0.7368421052631579, "f1-score": 0.6843473738949558, "support": 893.0}, "8": {"precision": 0.7847286108555658, "recall": 0.7126148705096074, "f1-score": 0.7469352014010509, "support": 1197.0}, "9": {"precision": 0.8093550673281361, "recall": 0.8281363306744017, "f1-score": 0.8186379928315413, "support": 1379.0}, "10": {"precision": 0.8819212808539026, "recall": 0.8335435056746532, "f1-score": 0.8570502431118314, "support": 1586.0}, "11": {"precision": 0.9307958477508651, "recall": 0.9011725293132329, "f1-score": 0.9157446808510639, "support": 1791.0}, "12": {"precision": 0.9688864628820961, "recall": 0.9366754617414248, "f1-score": 0.9525087201502549, "support": 1895.0}, "13": {"precision": 0.9876939539860888, "recall": 0.9695378151260504, "f1-score": 0.9785316724092235, "support": 1904.0}, "14": {"precision": 0.9984135378106822, "recall": 0.9817992719708788, "f1-score": 0.9900367068694284, "support": 1923.0}, "15": {"precision": 0.9874110563765737, "recall": 0.9895776193088316, "f1-score": 0.9884931506849315, "support": 1823.0}, "16": {"precision": 0.9883245767659078, "recall": 0.9431754874651811, "f1-score": 0.9652223489167617, "support": 1795.0}, "17": {"precision": 0.9384816753926701, "recall": 0.8968105065666041, "f1-score": 0.9171730092740645, "support": 1599.0}, "18": {"precision": 0.8692247454972593, "recall": 0.7872340425531915, "f1-score": 0.8262002232973576, "support": 1410.0}, "19": {"precision": 0.7449324324324325, "recall": 0.7538461538461538, "f1-score": 0.7493627867459642, "support": 1170.0}, "20": {"precision": 0.7412891986062717, "recall": 0.8630831643002028, "f1-score": 0.7975632614807873, "support": 986.0}, "21": {"precision": 0.7725437415881561, "recall": 0.7972222222222223, "f1-score": 0.7846889952153109, "support": 720.0}, "22": {"precision": 0.6772046589018302, "recall": 0.7537037037037037, "f1-score": 0.7134092900964066, "support": 540.0}, "23": {"precision": 0.5590551181102362, "recall": 0.5949720670391061, "f1-score": 0.5764546684709067, "support": 358.0}, "24": {"precision": 0.5412541254125413, "recall": 0.6259541984732825, "f1-score": 0.5805309734513274, "support": 262.0}, "25": {"precision": 0.49696969696969695, "recall": 0.5734265734265734, "f1-score": 0.5324675324675324, "support": 143.0}, "26": {"precision": 0.5789473684210527, "recall": 0.13253012048192772, "f1-score": 0.21568627450980393, "support": 83.0}, "27": {"precision": 0.5161290322580645, "recall": 0.7619047619047619, "f1-score": 0.6153846153846153, "support": 21.0}, "accuracy": 0.852265625, "macro avg": {"precision": 0.7181746940946238, "recall": 0.7279288555252633, "f1-score": 0.7157870497648186, "support": 25600.0}, "weighted avg": {"precision": 0.8579349973701597, "recall": 0.852265625, "f1-score": 0.8535785468680581, "support": 25600.0}}