{"0": {"precision": 0.0, "recall": 0.0, "f1-score": 0.0, "support": 24}, "1": {"precision": 0.13636363636363635, "recall": 0.07058823529411765, "f1-score": 0.09302325581395349, "support": 85}, "2": {"precision": 0.07329842931937172, "recall": 0.08484848484848485, "f1-score": 0.07865168539325842, "support": 165}, "3": {"precision": 0.0796812749003984, "recall": 0.09009009009009009, "f1-score": 0.08456659619450316, "support": 222}, "4": {"precision": 0.10354223433242507, "recall": 0.08878504672897196, "f1-score": 0.09559748427672958, "support": 428}, "5": {"precision": 0.0941385435168739, "recall": 0.09796672828096119, "f1-score": 0.0960144927536232, "support": 541}, "6": {"precision": 0.1067193675889328, "recall": 0.11095890410958904, "f1-score": 0.10879785090664876, "support": 730}, "7": {"precision": 0.10184182015167931, "recall": 0.10573678290213723, "f1-score": 0.10375275938189846, "support": 889}, "8": {"precision": 0.12168792934249265, "recall": 0.10598290598290598, "f1-score": 0.11329374143444496, "support": 1170}, "9": {"precision": 0.0970873786407767, "recall": 0.09978617248752673, "f1-score": 0.0984182776801406, "support": 1403}, "10": {"precision": 0.10743801652892562, "recall": 0.10477371357718537, "f1-score": 0.10608913998744508, "support": 1613}, "11": {"precision": 0.1111111111111111, "recall": 0.11326124075128059, "f1-score": 0.11217587373167982, "support": 1757}, "12": {"precision": 0.10550935550935552, "recall": 0.10890557939914162, "f1-score": 0.1071805702217529, "support": 1864}, "13": {"precision": 0.09740603493912123, "recall": 0.0979765708200213, "f1-score": 0.09769046986992302, "support": 1878}, "14": {"precision": 0.0912568306010929, "recall": 0.08873538788522849, "f1-score": 0.08997844827586209, "support": 1882}, "15": {"precision": 0.09979633401221996, "recall": 0.10375860243515088, "f1-score": 0.10173890474954582, "support": 1889}, "16": {"precision": 0.0887877063175868, "recall": 0.09247184350918791, "f1-score": 0.09059233449477351, "support": 1687}, "17": {"precision": 0.09946396664681358, "recall": 0.10372670807453416, "f1-score": 0.10155062328975373, "support": 1610}, "18": {"precision": 0.11135693215339233, "recall": 0.1029311520109066, "f1-score": 0.10697839178179241, "support": 1467}, "19": {"precision": 0.09712230215827339, "recall": 0.09129332206255283, "f1-score": 0.09411764705882353, "support": 1183}, "20": {"precision": 0.0943579766536965, "recall": 0.104638619201726, "f1-score": 0.09923273657289002, "support": 927}, "21": {"precision": 0.08645161290322581, "recall": 0.09423347398030943, "f1-score": 0.0901749663526245, "support": 711}, "22": {"precision": 0.11879049676025918, "recall": 0.102803738317757, "f1-score": 0.11022044088176354, "support": 535}, "23": {"precision": 0.07668711656441718, "recall": 0.06297229219143577, "f1-score": 0.06915629322268327, "support": 397}, "24": {"precision": 0.0703125, "recall": 0.06593406593406594, "f1-score": 0.06805293005671079, "support": 273}, "25": {"precision": 0.0975609756097561, "recall": 0.12269938650306748, "f1-score": 0.10869565217391305, "support": 163}, "26": {"precision": 0.1509433962264151, "recall": 0.10526315789473684, "f1-score": 0.124031007751938, "support": 76}, "27": {"precision": 0.09302325581395349, "recall": 0.12903225806451613, "f1-score": 0.1081081081081081, "support": 31}, "accuracy": 0.10015625, "macro avg": {"precision": 0.09684773338093582, "recall": 0.09464837369062819, "f1-score": 0.094924310086328, "support": 25600}, "weighted avg": {"precision": 0.10049198106034897, "recall": 0.10015625, "f1-score": 0.10015629873643234, "support": 25600}}