{"0": {"precision": 0.0, "recall": 0.0, "f1-score": 0.0, "support": 15}, "1": {"precision": 0.2916666666666667, "recall": 0.358974358974359, "f1-score": 0.3218390804597701, "support": 78}, "2": {"precision": 0.2318840579710145, "recall": 0.13008130081300814, "f1-score": 0.16666666666666669, "support": 123}, "3": {"precision": 0.3900414937759336, "recall": 0.3574144486692015, "f1-score": 0.373015873015873, "support": 263}, "4": {"precision": 0.45023696682464454, "recall": 0.25745257452574527, "f1-score": 0.3275862068965517, "support": 369}, "5": {"precision": 0.33112582781456956, "recall": 0.18083182640144665, "f1-score": 0.23391812865497075, "support": 553}, "6": {"precision": 0.39563106796116504, "recall": 0.2239010989010989, "f1-score": 0.28596491228070176, "support": 728}, "7": {"precision": 0.2633779264214047, "recall": 0.34501642935377874, "f1-score": 0.29871977240398295, "support": 913}, "8": {"precision": 0.28679653679653677, "recall": 0.23063533507397738, "f1-score": 0.25566811384466953, "support": 1149}, "9": {"precision": 0.31155778894472363, "recall": 0.3049894588896697, "f1-score": 0.30823863636363635, "support": 1423}, "10": {"precision": 0.28932406822488943, "recall": 0.2732696897374702, "f1-score": 0.28106781221233507, "support": 1676}, "11": {"precision": 0.32171052631578945, "recall": 0.2724233983286908, "f1-score": 0.2950226244343891, "support": 1795}, "12": {"precision": 0.2838063439065108, "recall": 0.356581017304667, "f1-score": 0.31605856379270275, "support": 1907}, "13": {"precision": 0.3150921658986175, "recall": 0.29487870619946094, "f1-score": 0.304650515176831, "support": 1855}, "14": {"precision": 0.367003367003367, "recall": 0.3884928716904277, "f1-score": 0.3774424931981202, "support": 1964}, "15": {"precision": 0.2890331397335155, "recall": 0.44928305894848647, "f1-score": 0.3517671517671518, "support": 1883}, "16": {"precision": 0.37535171637591447, "recall": 0.3912023460410557, "f1-score": 0.3831131533601378, "support": 1705}, "17": {"precision": 0.35315985130111527, "recall": 0.3525046382189239, "f1-score": 0.35283194057567313, "support": 1617}, "18": {"precision": 0.28512396694214875, "recall": 0.35, "f1-score": 0.31424853610930387, "support": 1380}, "19": {"precision": 0.2523680649526387, "recall": 0.3412625800548948, "f1-score": 0.29015947102294826, "support": 1093}, "20": {"precision": 0.29458388375165123, "recall": 0.24613686534216336, "f1-score": 0.2681900180396873, "support": 906}, "21": {"precision": 0.27525252525252525, "recall": 0.1507607192254495, "f1-score": 0.19481680071492405, "support": 723}, "22": {"precision": 0.33544303797468356, "recall": 0.19557195571955718, "f1-score": 0.24708624708624707, "support": 542}, "23": {"precision": 0.3317972350230415, "recall": 0.18701298701298702, "f1-score": 0.23920265780730898, "support": 385}, "24": {"precision": 0.38636363636363635, "recall": 0.12186379928315412, "f1-score": 0.1852861035422343, "support": 279}, "25": {"precision": 0.29508196721311475, "recall": 0.21301775147928995, "f1-score": 0.24742268041237114, "support": 169}, "26": {"precision": 0.30303030303030304, "recall": 0.12048192771084337, "f1-score": 0.1724137931034483, "support": 83}, "27": {"precision": 0.2727272727272727, "recall": 0.125, "f1-score": 0.17142857142857143, "support": 24}, "accuracy": 0.3116796875, "macro avg": {"precision": 0.3063775501845498, "recall": 0.2578228979964217, "f1-score": 0.270136661584686, "support": 25600}, "weighted avg": {"precision": 0.3165138963436687, "recall": 0.3116796875, "f1-score": 0.3076456085283697, "support": 25600}}