{"0": {"precision": 0.0, "recall": 0.0, "f1-score": 0.0, "support": 25}, "1": {"precision": 0.043478260869565216, "recall": 0.03333333333333333, "f1-score": 0.03773584905660378, "support": 60}, "2": {"precision": 0.10884353741496598, "recall": 0.11347517730496454, "f1-score": 0.11111111111111109, "support": 141}, "3": {"precision": 0.11934156378600823, "recall": 0.10861423220973783, "f1-score": 0.11372549019607843, "support": 267}, "4": {"precision": 0.11692307692307692, "recall": 0.09595959595959595, "f1-score": 0.10540915395284327, "support": 396}, "5": {"precision": 0.10080645161290322, "recall": 0.09689922480620156, "f1-score": 0.09881422924901186, "support": 516}, "6": {"precision": 0.11791044776119403, "recall": 0.10792349726775956, "f1-score": 0.11269614835948644, "support": 732}, "7": {"precision": 0.11316397228637413, "recall": 0.10251046025104603, "f1-score": 0.1075740944017563, "support": 956}, "8": {"precision": 0.12052730696798493, "recall": 0.11082251082251082, "f1-score": 0.11547135769057285, "support": 1155}, "9": {"precision": 0.10496850944716585, "recall": 0.10395010395010396, "f1-score": 0.10445682451253482, "support": 1443}, "10": {"precision": 0.11179740580605312, "recall": 0.11528662420382166, "f1-score": 0.11351520852931954, "support": 1570}, "11": {"precision": 0.09862385321100918, "recall": 0.09690140845070423, "f1-score": 0.09775504404660415, "support": 1775}, "12": {"precision": 0.10015251652262329, "recall": 0.10747408619749045, "f1-score": 0.1036842105263158, "support": 1833}, "13": {"precision": 0.11365807067812798, "recall": 0.12632696390658174, "f1-score": 0.11965811965811968, "support": 1884}, "14": {"precision": 0.10201078960274644, "recall": 0.10462776659959759, "f1-score": 0.10330270672957537, "support": 1988}, "15": {"precision": 0.11006445215666832, "recall": 0.12340188993885493, "f1-score": 0.11635220125786164, "support": 1799}, "16": {"precision": 0.10085470085470086, "recall": 0.10344827586206896, "f1-score": 0.10213502596653201, "support": 1711}, "17": {"precision": 0.09730967372638809, "recall": 0.1043585021485574, "f1-score": 0.10071090047393365, "support": 1629}, "18": {"precision": 0.09766763848396501, "recall": 0.08880053015241882, "f1-score": 0.09302325581395347, "support": 1509}, "19": {"precision": 0.10694183864915573, "recall": 0.0987012987012987, "f1-score": 0.10265646105357949, "support": 1155}, "20": {"precision": 0.10153482880755609, "recall": 0.09502762430939227, "f1-score": 0.09817351598173515, "support": 905}, "21": {"precision": 0.10635538261997406, "recall": 0.1121751025991792, "f1-score": 0.10918774966711052, "support": 731}, "22": {"precision": 0.11715481171548117, "recall": 0.1037037037037037, "f1-score": 0.11001964636542239, "support": 540}, "23": {"precision": 0.11073825503355705, "recall": 0.08776595744680851, "f1-score": 0.09792284866468842, "support": 376}, "24": {"precision": 0.10833333333333334, "recall": 0.1145374449339207, "f1-score": 0.11134903640256959, "support": 227}, "25": {"precision": 0.0967741935483871, "recall": 0.11842105263157894, "f1-score": 0.10650887573964496, "support": 152}, "26": {"precision": 0.19230769230769232, "recall": 0.054945054945054944, "f1-score": 0.08547008547008546, "support": 91}, "27": {"precision": 0.12195121951219512, "recall": 0.14705882352941177, "f1-score": 0.1333333333333333, "support": 34}, "accuracy": 0.106015625, "macro avg": {"precision": 0.10500692084424476, "recall": 0.09915893736306061, "f1-score": 0.10041973157894227, "support": 25600}, "weighted avg": {"precision": 0.1062448106006843, "recall": 0.106015625, "f1-score": 0.1058120394093963, "support": 25600}}