{"0": {"precision": 0.0, "recall": 0.0, "f1-score": 0.0, "support": 3.0}, "1": {"precision": 0.0, "recall": 0.0, "f1-score": 0.0, "support": 1.0}, "2": {"precision": 0.07142857142857142, "recall": 0.25, "f1-score": 0.11111111111111112, "support": 4.0}, "3": {"precision": 0.047619047619047616, "recall": 0.125, "f1-score": 0.06896551724137931, "support": 8.0}, "4": {"precision": 0.0, "recall": 0.0, "f1-score": 0.0, "support": 23.0}, "5": {"precision": 0.0, "recall": 0.0, "f1-score": 0.0, "support": 15.0}, "6": {"precision": 0.18181818181818182, "recall": 0.12121212121212122, "f1-score": 0.14545454545454545, "support": 33.0}, "7": {"precision": 0.11538461538461539, "recall": 0.15789473684210525, "f1-score": 0.13333333333333333, "support": 38.0}, "8": {"precision": 0.1282051282051282, "recall": 0.1111111111111111, "f1-score": 0.11904761904761904, "support": 45.0}, "9": {"precision": 0.05, "recall": 0.03773584905660377, "f1-score": 0.04301075268817204, "support": 53.0}, "10": {"precision": 0.11428571428571428, "recall": 0.14545454545454545, "f1-score": 0.128, "support": 55.0}, "11": {"precision": 0.11627906976744186, "recall": 0.06756756756756757, "f1-score": 0.08547008547008546, "support": 74.0}, "12": {"precision": 0.1, "recall": 0.06779661016949153, "f1-score": 0.0808080808080808, "support": 59.0}, "13": {"precision": 0.15584415584415584, "recall": 0.14814814814814814, "f1-score": 0.15189873417721517, "support": 81.0}, "14": {"precision": 0.08737864077669903, "recall": 0.0967741935483871, "f1-score": 0.09183673469387756, "support": 93.0}, "15": {"precision": 0.06315789473684211, "recall": 0.07407407407407407, "f1-score": 0.06818181818181819, "support": 81.0}, "16": {"precision": 0.18181818181818182, "recall": 0.208955223880597, "f1-score": 0.19444444444444445, "support": 67.0}, "17": {"precision": 0.1388888888888889, "recall": 0.16393442622950818, "f1-score": 0.15037593984962405, "support": 61.0}, "18": {"precision": 0.17647058823529413, "recall": 0.2, "f1-score": 0.18750000000000003, "support": 60.0}, "19": {"precision": 0.11764705882352941, "recall": 0.10256410256410256, "f1-score": 0.1095890410958904, "support": 39.0}, "20": {"precision": 0.2, "recall": 0.09523809523809523, "f1-score": 0.12903225806451613, "support": 42.0}, "21": {"precision": 0.09523809523809523, "recall": 0.1111111111111111, "f1-score": 0.10256410256410256, "support": 18.0}, "22": {"precision": 0.19047619047619047, "recall": 0.18181818181818182, "f1-score": 0.18604651162790697, "support": 22.0}, "23": {"precision": 0.0, "recall": 0.0, "f1-score": 0.0, "support": 6.0}, "24": {"precision": 0.0, "recall": 0.0, "f1-score": 0.0, "support": 10.0}, "25": {"precision": 0.0, "recall": 0.0, "f1-score": 0.0, "support": 6.0}, "26": {"precision": 0.0, "recall": 0.0, "f1-score": 0.0, "support": 2.0}, "27": {"precision": 0.0, "recall": 0.0, "f1-score": 0.0, "support": 1.0}, "accuracy": 0.113, "macro avg": {"precision": 0.08328357226237777, "recall": 0.08808536064377682, "f1-score": 0.0816668082090615, "support": 1000.0}, "weighted avg": {"precision": 0.11626153085534925, "recall": 0.113, "f1-score": 0.11208256681075557, "support": 1000.0}}