{"1": {"precision": 0.0, "recall": 0.0, "f1-score": 0.0, "support": 3.0}, "2": {"precision": 0.6, "recall": 0.5, "f1-score": 0.5454545454545454, "support": 6.0}, "3": {"precision": 0.375, "recall": 0.42857142857142855, "f1-score": 0.39999999999999997, "support": 7.0}, "4": {"precision": 0.1, "recall": 0.2, "f1-score": 0.13333333333333333, "support": 5.0}, "5": {"precision": 0.5, "recall": 0.3888888888888889, "f1-score": 0.43750000000000006, "support": 18.0}, "6": {"precision": 0.7142857142857143, "recall": 0.625, "f1-score": 0.6666666666666666, "support": 32.0}, "7": {"precision": 0.5510204081632653, "recall": 0.8181818181818182, "f1-score": 0.6585365853658536, "support": 33.0}, "8": {"precision": 0.7608695652173914, "recall": 0.7291666666666666, "f1-score": 0.7446808510638298, "support": 48.0}, "9": {"precision": 0.7166666666666667, "recall": 0.7678571428571429, "f1-score": 0.7413793103448276, "support": 56.0}, "10": {"precision": 0.7777777777777778, "recall": 0.7887323943661971, "f1-score": 0.7832167832167832, "support": 71.0}, "11": {"precision": 0.8375, "recall": 0.8271604938271605, "f1-score": 0.8322981366459627, "support": 81.0}, "12": {"precision": 0.9054054054054054, "recall": 0.8072289156626506, "f1-score": 0.8535031847133757, "support": 83.0}, "13": {"precision": 0.8552631578947368, "recall": 0.9027777777777778, "f1-score": 0.8783783783783783, "support": 72.0}, "14": {"precision": 0.9384615384615385, "recall": 0.8356164383561644, "f1-score": 0.8840579710144928, "support": 73.0}, "15": {"precision": 0.8923076923076924, "recall": 0.9354838709677419, "f1-score": 0.9133858267716536, "support": 62.0}, "16": {"precision": 0.9827586206896551, "recall": 0.9047619047619048, "f1-score": 0.9421487603305785, "support": 63.0}, "17": {"precision": 0.9285714285714286, "recall": 0.9454545454545454, "f1-score": 0.9369369369369368, "support": 55.0}, "18": {"precision": 0.9130434782608695, "recall": 0.7241379310344828, "f1-score": 0.8076923076923076, "support": 58.0}, "19": {"precision": 0.6909090909090909, "recall": 0.7755102040816326, "f1-score": 0.7307692307692308, "support": 49.0}, "20": {"precision": 0.6481481481481481, "recall": 0.8333333333333334, "f1-score": 0.7291666666666669, "support": 42.0}, "21": {"precision": 0.6785714285714286, "recall": 0.6129032258064516, "f1-score": 0.6440677966101694, "support": 31.0}, "22": {"precision": 0.6666666666666666, "recall": 0.72, "f1-score": 0.6923076923076923, "support": 25.0}, "23": {"precision": 0.5714285714285714, "recall": 0.36363636363636365, "f1-score": 0.4444444444444444, "support": 11.0}, "24": {"precision": 0.4, "recall": 0.6666666666666666, "f1-score": 0.5, "support": 6.0}, "25": {"precision": 0.6666666666666666, "recall": 0.3333333333333333, "f1-score": 0.4444444444444444, "support": 6.0}, "26": {"precision": 0.0, "recall": 0.0, "f1-score": 0.0, "support": 1.0}, "27": {"precision": 1.0, "recall": 1.0, "f1-score": 1.0, "support": 3.0}, "accuracy": 0.787, "macro avg": {"precision": 0.6544934083738042, "recall": 0.6457186423789759, "f1-score": 0.6423840686360065, "support": 1000.0}, "weighted avg": {"precision": 0.79744558258923, "recall": 0.787, "f1-score": 0.7882111573596104, "support": 1000.0}}