{"0": {"precision": 0.0, "recall": 0.0, "f1-score": 0.0, "support": 29}, "1": {"precision": 0.041666666666666664, "recall": 0.0625, "f1-score": 0.05, "support": 96}, "2": {"precision": 0.2903225806451613, "recall": 0.11612903225806452, "f1-score": 0.16589861751152074, "support": 155}, "3": {"precision": 0.24848484848484848, "recall": 0.16942148760330578, "f1-score": 0.20147420147420145, "support": 242}, "4": {"precision": 0.38125, "recall": 0.15762273901808785, "f1-score": 0.22303473491773307, "support": 387}, "5": {"precision": 0.1891891891891892, "recall": 0.084, "f1-score": 0.11634349030470915, "support": 500}, "6": {"precision": 0.2453416149068323, "recall": 0.10748299319727891, "f1-score": 0.14947965941343425, "support": 735}, "7": {"precision": 0.21228304405874499, "recall": 0.35372636262513907, "f1-score": 0.2653316645807259, "support": 899}, "8": {"precision": 0.1913946587537092, "recall": 0.11727272727272728, "f1-score": 0.14543404735062004, "support": 1100}, "9": {"precision": 0.2528428093645485, "recall": 0.266384778012685, "f1-score": 0.2594371997254633, "support": 1419}, "10": {"precision": 0.22264631043256997, "recall": 0.211864406779661, "f1-score": 0.21712158808933, "support": 1652}, "11": {"precision": 0.2833706189410887, "recall": 0.220162224797219, "f1-score": 0.247799152266058, "support": 1726}, "12": {"precision": 0.2248270561106841, "recall": 0.30644316396018856, "f1-score": 0.25936599423631124, "support": 1909}, "13": {"precision": 0.2913802221047065, "recall": 0.27856420626895856, "f1-score": 0.2848281209614888, "support": 1978}, "14": {"precision": 0.32546583850931676, "recall": 0.279317697228145, "f1-score": 0.3006310958118186, "support": 1876}, "15": {"precision": 0.19745411486086442, "recall": 0.3607355327203894, "f1-score": 0.2552133154773293, "support": 1849}, "16": {"precision": 0.3308016877637131, "recall": 0.22515795519816198, "f1-score": 0.2679425837320574, "support": 1741}, "17": {"precision": 0.28, "recall": 0.4050632911392405, "f1-score": 0.33111603843311166, "support": 1659}, "18": {"precision": 0.24490809736711375, "recall": 0.3372093023255814, "f1-score": 0.28374100719424455, "support": 1462}, "19": {"precision": 0.22722513089005236, "recall": 0.1891891891891892, "f1-score": 0.2064700285442436, "support": 1147}, "20": {"precision": 0.1814404432132964, "recall": 0.14162162162162162, "f1-score": 0.159077109896782, "support": 925}, "21": {"precision": 0.24210526315789474, "recall": 0.12921348314606743, "f1-score": 0.1684981684981685, "support": 712}, "22": {"precision": 0.2615062761506276, "recall": 0.22977941176470587, "f1-score": 0.24461839530332682, "support": 544}, "23": {"precision": 0.2781954887218045, "recall": 0.09919571045576407, "f1-score": 0.14624505928853754, "support": 373}, "24": {"precision": 0.2558139534883721, "recall": 0.14042553191489363, "f1-score": 0.18131868131868134, "support": 235}, "25": {"precision": 0.18604651162790697, "recall": 0.05128205128205128, "f1-score": 0.08040201005025126, "support": 156}, "26": {"precision": 0.375, "recall": 0.1232876712328767, "f1-score": 0.18556701030927833, "support": 73}, "27": {"precision": 0.0, "recall": 0.0, "f1-score": 0.0, "support": 21}, "accuracy": 0.247578125, "macro avg": {"precision": 0.2307486580503469, "recall": 0.1843947346790001, "f1-score": 0.19272817766747957, "support": 25600}, "weighted avg": {"precision": 0.25358437547730595, "recall": 0.247578125, "f1-score": 0.24109194925099003, "support": 25600}}