{"0": {"precision": 0.0, "recall": 0.0, "f1-score": 0.0, "support": 1.0}, "1": {"precision": 0.3333333333333333, "recall": 0.6, "f1-score": 0.42857142857142855, "support": 5.0}, "2": {"precision": 0.0, "recall": 0.0, "f1-score": 0.0, "support": 6.0}, "3": {"precision": 0.3333333333333333, "recall": 0.23076923076923078, "f1-score": 0.27272727272727276, "support": 13.0}, "4": {"precision": 0.5454545454545454, "recall": 0.3157894736842105, "f1-score": 0.39999999999999997, "support": 19.0}, "5": {"precision": 0.5625, "recall": 0.391304347826087, "f1-score": 0.46153846153846156, "support": 23.0}, "6": {"precision": 0.32, "recall": 0.25, "f1-score": 0.2807017543859649, "support": 32.0}, "7": {"precision": 0.35294117647058826, "recall": 0.5853658536585366, "f1-score": 0.44036697247706424, "support": 41.0}, "8": {"precision": 0.3333333333333333, "recall": 0.25, "f1-score": 0.28571428571428575, "support": 44.0}, "9": {"precision": 0.42105263157894735, "recall": 0.25806451612903225, "f1-score": 0.31999999999999995, "support": 62.0}, "10": {"precision": 0.35714285714285715, "recall": 0.423728813559322, "f1-score": 0.38759689922480617, "support": 59.0}, "11": {"precision": 0.48, "recall": 0.375, "f1-score": 0.42105263157894735, "support": 64.0}, "12": {"precision": 0.3431372549019608, "recall": 0.4605263157894737, "f1-score": 0.3932584269662921, "support": 76.0}, "13": {"precision": 0.5714285714285714, "recall": 0.5, "f1-score": 0.5333333333333333, "support": 72.0}, "14": {"precision": 0.4805194805194805, "recall": 0.49333333333333335, "f1-score": 0.48684210526315785, "support": 75.0}, "15": {"precision": 0.33980582524271846, "recall": 0.45454545454545453, "f1-score": 0.3888888888888889, "support": 77.0}, "16": {"precision": 0.4578313253012048, "recall": 0.5507246376811594, "f1-score": 0.5, "support": 69.0}, "17": {"precision": 0.42028985507246375, "recall": 0.47540983606557374, "f1-score": 0.4461538461538461, "support": 61.0}, "18": {"precision": 0.3584905660377358, "recall": 0.3958333333333333, "f1-score": 0.37623762376237624, "support": 48.0}, "19": {"precision": 0.2765957446808511, "recall": 0.325, "f1-score": 0.2988505747126437, "support": 40.0}, "20": {"precision": 0.3125, "recall": 0.1724137931034483, "f1-score": 0.22222222222222224, "support": 29.0}, "21": {"precision": 0.4, "recall": 0.35294117647058826, "f1-score": 0.37500000000000006, "support": 34.0}, "22": {"precision": 0.1111111111111111, "recall": 0.06666666666666667, "f1-score": 0.08333333333333334, "support": 15.0}, "23": {"precision": 0.2, "recall": 0.07142857142857142, "f1-score": 0.10526315789473682, "support": 14.0}, "24": {"precision": 0.3333333333333333, "recall": 0.16666666666666666, "f1-score": 0.2222222222222222, "support": 12.0}, "25": {"precision": 0.6666666666666666, "recall": 0.5, "f1-score": 0.5714285714285715, "support": 4.0}, "26": {"precision": 0.0, "recall": 0.0, "f1-score": 0.0, "support": 4.0}, "27": {"precision": 0.0, "recall": 0.0, "f1-score": 0.0, "support": 1.0}, "accuracy": 0.394, "macro avg": {"precision": 0.332528605176537, "recall": 0.3094825721682389, "f1-score": 0.31076085758570915, "support": 1000.0}, "weighted avg": {"precision": 0.39529563398855905, "recall": 0.394, "f1-score": 0.38651277830280717, "support": 1000.0}}