{"0": {"precision": 0.0, "recall": 0.0, "f1-score": 0.0, "support": 27.0}, "1": {"precision": 0.7652173913043478, "recall": 1.0, "f1-score": 0.8669950738916257, "support": 88.0}, "2": {"precision": 0.48562300319488816, "recall": 1.0, "f1-score": 0.653763440860215, "support": 152.0}, "3": {"precision": 0.4972972972972973, "recall": 0.36363636363636365, "f1-score": 0.4200913242009132, "support": 253.0}, "4": {"precision": 0.954225352112676, "recall": 0.7445054945054945, "f1-score": 0.8364197530864197, "support": 364.0}, "5": {"precision": 0.9628180039138943, "recall": 0.9742574257425742, "f1-score": 0.968503937007874, "support": 505.0}, "6": {"precision": 0.9809264305177112, "recall": 0.9742895805142084, "f1-score": 0.9775967413441956, "support": 739.0}, "7": {"precision": 0.9743062692702981, "recall": 0.9854469854469855, "f1-score": 0.9798449612403101, "support": 962.0}, "8": {"precision": 0.9940068493150684, "recall": 0.978920741989882, "f1-score": 0.9864061172472387, "support": 1186.0}, "9": {"precision": 0.9951151430565248, "recall": 0.9951151430565248, "f1-score": 0.9951151430565248, "support": 1433.0}, "10": {"precision": 0.9901356350184957, "recall": 0.9956602603843769, "f1-score": 0.9928902627511592, "support": 1613.0}, "11": {"precision": 0.9871723368655884, "recall": 0.9910414333706606, "f1-score": 0.989103101424979, "support": 1786.0}, "12": {"precision": 0.9956733369388859, "recall": 0.9876609442060086, "f1-score": 0.9916509561001885, "support": 1864.0}, "13": {"precision": 0.9958441558441559, "recall": 0.9958441558441559, "f1-score": 0.9958441558441559, "support": 1925.0}, "14": {"precision": 1.0, "recall": 0.9958720330237358, "f1-score": 0.9979317476732161, "support": 1938.0}, "15": {"precision": 0.9994378864530635, "recall": 1.0, "f1-score": 0.9997188642114141, "support": 1778.0}, "16": {"precision": 1.0, "recall": 0.9994347088750707, "f1-score": 0.9997172745264349, "support": 1769.0}, "17": {"precision": 1.0, "recall": 1.0, "f1-score": 1.0, "support": 1640.0}, "18": {"precision": 1.0, "recall": 0.9985935302390999, "f1-score": 0.9992962702322309, "support": 1422.0}, "19": {"precision": 0.9982014388489209, "recall": 0.9728308501314636, "f1-score": 0.9853528628495339, "support": 1141.0}, "20": {"precision": 0.9640371229698376, "recall": 0.9497142857142857, "f1-score": 0.9568221070811743, "support": 875.0}, "21": {"precision": 0.9311424100156495, "recall": 0.8173076923076923, "f1-score": 0.8705193855157278, "support": 728.0}, "22": {"precision": 0.7345309381237525, "recall": 0.7022900763358778, "f1-score": 0.7180487804878048, "support": 524.0}, "23": {"precision": 0.5642458100558659, "recall": 0.4950980392156863, "f1-score": 0.5274151436031331, "support": 408.0}, "24": {"precision": 0.346031746031746, "recall": 0.461864406779661, "f1-score": 0.39564428312159705, "support": 236.0}, "25": {"precision": 0.4009433962264151, "recall": 0.5279503105590062, "f1-score": 0.4557640750670242, "support": 161.0}, "26": {"precision": 0.15294117647058825, "recall": 0.20634920634920634, "f1-score": 0.17567567567567566, "support": 63.0}, "27": {"precision": 0.2702702702702703, "recall": 1.0, "f1-score": 0.4255319148936171, "support": 20.0}, "accuracy": 0.9512890625, "macro avg": {"precision": 0.7835765500041407, "recall": 0.825488702436715, "f1-score": 0.7914879768926566, "support": 25600.0}, "weighted avg": {"precision": 0.9563843501613322, "recall": 0.9512890625, "f1-score": 0.9524980201275828, "support": 25600.0}}