{"0": {"precision": 0.0, "recall": 0.0, "f1-score": 0.0, "support": 27.0}, "1": {"precision": 0.18421052631578946, "recall": 0.07954545454545454, "f1-score": 0.11111111111111109, "support": 88.0}, "2": {"precision": 0.38636363636363635, "recall": 0.1118421052631579, "f1-score": 0.17346938775510204, "support": 152.0}, "3": {"precision": 0.21705426356589147, "recall": 0.11067193675889328, "f1-score": 0.14659685863874347, "support": 253.0}, "4": {"precision": 0.4196078431372549, "recall": 0.29395604395604397, "f1-score": 0.345718901453958, "support": 364.0}, "5": {"precision": 0.3794642857142857, "recall": 0.16831683168316833, "f1-score": 0.23319615912208502, "support": 505.0}, "6": {"precision": 0.341421143847487, "recall": 0.2665764546684709, "f1-score": 0.29939209726443766, "support": 739.0}, "7": {"precision": 0.23883928571428573, "recall": 0.33367983367983367, "f1-score": 0.2784041630529055, "support": 962.0}, "8": {"precision": 0.3511450381679389, "recall": 0.1551433389544688, "f1-score": 0.2152046783625731, "support": 1186.0}, "9": {"precision": 0.3540268456375839, "recall": 0.2944870900209351, "f1-score": 0.32152380952380955, "support": 1433.0}, "10": {"precision": 0.23941176470588235, "recall": 0.2523248605083695, "f1-score": 0.2456987624509508, "support": 1613.0}, "11": {"precision": 0.41161773891317927, "recall": 0.36898096304591266, "f1-score": 0.38913492766459995, "support": 1786.0}, "12": {"precision": 0.2915037326697476, "recall": 0.43991416309012876, "f1-score": 0.3506521274321146, "support": 1864.0}, "13": {"precision": 0.5718918918918919, "recall": 0.27480519480519483, "f1-score": 0.37122807017543863, "support": 1925.0}, "14": {"precision": 0.41541541541541543, "recall": 0.4282765737874097, "f1-score": 0.4217479674796748, "support": 1938.0}, "15": {"precision": 0.27520366598778007, "recall": 0.6079865016872891, "f1-score": 0.3788994041359972, "support": 1778.0}, "16": {"precision": 0.5202135774218154, "recall": 0.38552854720180896, "f1-score": 0.4428571428571429, "support": 1769.0}, "17": {"precision": 0.3596579476861167, "recall": 0.43597560975609756, "f1-score": 0.3941565600882029, "support": 1640.0}, "18": {"precision": 0.3509333333333333, "recall": 0.46272855133614627, "f1-score": 0.39915074309978765, "support": 1422.0}, "19": {"precision": 0.3168604651162791, "recall": 0.28659070990359337, "f1-score": 0.300966405890474, "support": 1141.0}, "20": {"precision": 0.23962516733601072, "recall": 0.20457142857142857, "f1-score": 0.22071516646115905, "support": 875.0}, "21": {"precision": 0.3715953307392996, "recall": 0.2623626373626374, "f1-score": 0.30756843800322065, "support": 728.0}, "22": {"precision": 0.34275618374558303, "recall": 0.1851145038167939, "f1-score": 0.24039653035935565, "support": 524.0}, "23": {"precision": 0.3153153153153153, "recall": 0.0857843137254902, "f1-score": 0.1348747591522158, "support": 408.0}, "24": {"precision": 0.20270270270270271, "recall": 0.1906779661016949, "f1-score": 0.1965065502183406, "support": 236.0}, "25": {"precision": 0.2736318407960199, "recall": 0.3416149068322981, "f1-score": 0.30386740331491713, "support": 161.0}, "26": {"precision": 0.2608695652173913, "recall": 0.09523809523809523, "f1-score": 0.13953488372093023, "support": 63.0}, "27": {"precision": 0.0, "recall": 0.0, "f1-score": 0.0, "support": 20.0}, "accuracy": 0.33921875, "macro avg": {"precision": 0.30826208955206846, "recall": 0.25438195058217195, "f1-score": 0.2629490360281874, "support": 25600.0}, "weighted avg": {"precision": 0.35966677157826943, "recall": 0.33921875, "f1-score": 0.33263306375944246, "support": 25600.0}}