{"0": {"precision": 0.028985507246376812, "recall": 0.07407407407407407, "f1-score": 0.041666666666666664, "support": 27}, "1": {"precision": 0.38461538461538464, "recall": 0.390625, "f1-score": 0.3875968992248063, "support": 64}, "2": {"precision": 0.5416666666666666, "recall": 0.4482758620689655, "f1-score": 0.49056603773584906, "support": 145}, "3": {"precision": 0.6213592233009708, "recall": 0.5140562248995983, "f1-score": 0.5626373626373626, "support": 249}, "4": {"precision": 0.6712328767123288, "recall": 0.5038560411311054, "f1-score": 0.5756240822320117, "support": 389}, "5": {"precision": 0.7281795511221946, "recall": 0.5898989898989899, "f1-score": 0.6517857142857143, "support": 495}, "6": {"precision": 0.7575250836120402, "recall": 0.6205479452054794, "f1-score": 0.6822289156626506, "support": 730}, "7": {"precision": 0.7237851662404092, "recall": 0.5908141962421712, "f1-score": 0.6505747126436782, "support": 958}, "8": {"precision": 0.7616822429906542, "recall": 0.6014760147601476, "f1-score": 0.6721649484536082, "support": 1084}, "9": {"precision": 0.7688, "recall": 0.6467025572005384, "f1-score": 0.702485380116959, "support": 1486}, "10": {"precision": 0.7389678384442783, "recall": 0.6530072703238599, "f1-score": 0.6933333333333334, "support": 1513}, "11": {"precision": 0.6921718658034137, "recall": 0.67008547008547, "f1-score": 0.6809496236247828, "support": 1755}, "12": {"precision": 0.8186429930247305, "recall": 0.6600204498977505, "f1-score": 0.7308236626096802, "support": 1956}, "13": {"precision": 0.7417400881057269, "recall": 0.6868944416114228, "f1-score": 0.7132644956314536, "support": 1961}, "14": {"precision": 0.6969376979936642, "recall": 0.6842923794712286, "f1-score": 0.6905571540674863, "support": 1929}, "15": {"precision": 0.6540816326530612, "recall": 0.7098560354374308, "f1-score": 0.6808284652150823, "support": 1806}, "16": {"precision": 0.7490820073439413, "recall": 0.7174677608440797, "f1-score": 0.732934131736527, "support": 1706}, "17": {"precision": 0.3497471386744743, "recall": 0.8021978021978022, "f1-score": 0.48711770157553286, "support": 1638}, "18": {"precision": 0.7655068078668684, "recall": 0.7091800981079187, "f1-score": 0.7362677337213532, "support": 1427}, "19": {"precision": 0.7283185840707964, "recall": 0.7150304083405734, "f1-score": 0.7216133274879439, "support": 1151}, "20": {"precision": 0.7674157303370787, "recall": 0.7019527235354573, "f1-score": 0.7332259796027912, "support": 973}, "21": {"precision": 0.6631853785900783, "recall": 0.7205673758865249, "f1-score": 0.6906866077498299, "support": 705}, "22": {"precision": 0.7230142566191446, "recall": 0.6362007168458781, "f1-score": 0.6768350810295519, "support": 558}, "23": {"precision": 0.6516129032258065, "recall": 0.5166240409207161, "f1-score": 0.5763195435092724, "support": 391}, "24": {"precision": 0.6221198156682027, "recall": 0.5357142857142857, "f1-score": 0.5756929637526652, "support": 252}, "25": {"precision": 0.6090909090909091, "recall": 0.44370860927152317, "f1-score": 0.5134099616858238, "support": 151}, "26": {"precision": 0.6388888888888888, "recall": 0.3150684931506849, "f1-score": 0.42201834862385323, "support": 73}, "27": {"precision": 0.9333333333333333, "recall": 0.5, "f1-score": 0.6511627906976745, "support": 28}, "accuracy": 0.668125, "macro avg": {"precision": 0.6618460561514794, "recall": 0.5842212595401313, "f1-score": 0.6115847009040696, "support": 25600}, "weighted avg": {"precision": 0.7025185237499394, "recall": 0.668125, "f1-score": 0.676405694611911, "support": 25600}}