{"1": {"precision": 1.0, "recall": 0.5, "f1-score": 0.6666666666666666, "support": 2.0}, "2": {"precision": 0.8, "recall": 1.0, "f1-score": 0.888888888888889, "support": 12.0}, "3": {"precision": 0.7777777777777778, "recall": 0.7, "f1-score": 0.7368421052631577, "support": 10.0}, "4": {"precision": 0.7857142857142857, "recall": 0.8461538461538461, "f1-score": 0.8148148148148148, "support": 13.0}, "5": {"precision": 0.9565217391304348, "recall": 0.9166666666666666, "f1-score": 0.9361702127659574, "support": 24.0}, "6": {"precision": 0.8333333333333334, "recall": 0.9615384615384616, "f1-score": 0.8928571428571429, "support": 26.0}, "7": {"precision": 0.8409090909090909, "recall": 0.8809523809523809, "f1-score": 0.8604651162790699, "support": 42.0}, "8": {"precision": 0.8888888888888888, "recall": 0.8205128205128205, "f1-score": 0.8533333333333333, "support": 39.0}, "9": {"precision": 0.9666666666666667, "recall": 0.9354838709677419, "f1-score": 0.9508196721311476, "support": 62.0}, "10": {"precision": 0.9264705882352942, "recall": 0.9692307692307692, "f1-score": 0.9473684210526316, "support": 65.0}, "11": {"precision": 0.9558823529411765, "recall": 0.9285714285714286, "f1-score": 0.9420289855072465, "support": 70.0}, "12": {"precision": 0.9868421052631579, "recall": 0.9615384615384616, "f1-score": 0.974025974025974, "support": 78.0}, "13": {"precision": 0.9848484848484849, "recall": 0.9848484848484849, "f1-score": 0.9848484848484849, "support": 66.0}, "14": {"precision": 1.0, "recall": 0.9852941176470589, "f1-score": 0.9925925925925926, "support": 68.0}, "15": {"precision": 1.0, "recall": 1.0, "f1-score": 1.0, "support": 70.0}, "16": {"precision": 1.0, "recall": 0.9855072463768116, "f1-score": 0.9927007299270074, "support": 69.0}, "17": {"precision": 0.9836065573770492, "recall": 0.9836065573770492, "f1-score": 0.9836065573770492, "support": 61.0}, "18": {"precision": 0.9787234042553191, "recall": 0.9387755102040817, "f1-score": 0.9583333333333333, "support": 49.0}, "19": {"precision": 0.9423076923076923, "recall": 0.9074074074074074, "f1-score": 0.9245283018867925, "support": 54.0}, "20": {"precision": 0.8913043478260869, "recall": 0.9111111111111111, "f1-score": 0.9010989010989011, "support": 45.0}, "21": {"precision": 0.8333333333333334, "recall": 0.9615384615384616, "f1-score": 0.8928571428571429, "support": 26.0}, "22": {"precision": 0.9333333333333333, "recall": 0.7368421052631579, "f1-score": 0.8235294117647058, "support": 19.0}, "23": {"precision": 0.7142857142857143, "recall": 0.9090909090909091, "f1-score": 0.8, "support": 11.0}, "24": {"precision": 0.8181818181818182, "recall": 1.0, "f1-score": 0.9, "support": 9.0}, "25": {"precision": 0.75, "recall": 0.75, "f1-score": 0.75, "support": 4.0}, "26": {"precision": 1.0, "recall": 0.6, "f1-score": 0.7499999999999999, "support": 5.0}, "27": {"precision": 0.5, "recall": 1.0, "f1-score": 0.6666666666666666, "support": 1.0}, "accuracy": 0.939, "macro avg": {"precision": 0.8907011672077384, "recall": 0.8916544672961892, "f1-score": 0.8809275354051374, "support": 1000.0}, "weighted avg": {"precision": 0.9423110079338244, "recall": 0.939, "f1-score": 0.9391117114001115, "support": 1000.0}}