{"0": {"precision": 0.0, "recall": 0.0, "f1-score": 0.0, "support": 27}, "1": {"precision": 0.06976744186046512, "recall": 0.043478260869565216, "f1-score": 0.05357142857142857, "support": 69}, "2": {"precision": 0.10050251256281408, "recall": 0.15151515151515152, "f1-score": 0.12084592145015106, "support": 132}, "3": {"precision": 0.056, "recall": 0.061946902654867256, "f1-score": 0.0588235294117647, "support": 226}, "4": {"precision": 0.11811023622047244, "recall": 0.1076555023923445, "f1-score": 0.11264080100125157, "support": 418}, "5": {"precision": 0.07971014492753623, "recall": 0.08396946564885496, "f1-score": 0.08178438661710037, "support": 524}, "6": {"precision": 0.08819538670284939, "recall": 0.09180790960451977, "f1-score": 0.08996539792387544, "support": 708}, "7": {"precision": 0.10228509249183895, "recall": 0.09894736842105263, "f1-score": 0.10058855002675227, "support": 950}, "8": {"precision": 0.11685823754789272, "recall": 0.10090984284532671, "f1-score": 0.1083000443852641, "support": 1209}, "9": {"precision": 0.09436619718309859, "recall": 0.09318497913769123, "f1-score": 0.09377186843946815, "support": 1438}, "10": {"precision": 0.09920876445526476, "recall": 0.1002460024600246, "f1-score": 0.09972468644845518, "support": 1626}, "11": {"precision": 0.10091220068415051, "recall": 0.10102739726027397, "f1-score": 0.10096976611523102, "support": 1752}, "12": {"precision": 0.09329896907216495, "recall": 0.09506302521008403, "f1-score": 0.09417273673257023, "support": 1904}, "13": {"precision": 0.09983810037776579, "recall": 0.1009825327510917, "f1-score": 0.10040705563093623, "support": 1832}, "14": {"precision": 0.1, "recall": 0.100104821802935, "f1-score": 0.1000523834468308, "support": 1908}, "15": {"precision": 0.09912959381044488, "recall": 0.10783798001052078, "f1-score": 0.1033005794910557, "support": 1901}, "16": {"precision": 0.09542857142857143, "recall": 0.09221424627277747, "f1-score": 0.09379387812412245, "support": 1811}, "17": {"precision": 0.10396039603960396, "recall": 0.10144927536231885, "f1-score": 0.10268948655256725, "support": 1656}, "18": {"precision": 0.10482019892884469, "recall": 0.09941944847605225, "f1-score": 0.10204841713221602, "support": 1378}, "19": {"precision": 0.10054347826086957, "recall": 0.0968586387434555, "f1-score": 0.09866666666666665, "support": 1146}, "20": {"precision": 0.09317443120260022, "recall": 0.10225921521997622, "f1-score": 0.09750566893424037, "support": 841}, "21": {"precision": 0.10272277227722772, "recall": 0.11891117478510028, "f1-score": 0.1102257636122178, "support": 698}, "22": {"precision": 0.10887096774193548, "recall": 0.10112359550561797, "f1-score": 0.10485436893203884, "support": 534}, "23": {"precision": 0.08359133126934984, "recall": 0.07258064516129033, "f1-score": 0.0776978417266187, "support": 372}, "24": {"precision": 0.11320754716981132, "recall": 0.11406844106463879, "f1-score": 0.11363636363636363, "support": 263}, "25": {"precision": 0.09183673469387756, "recall": 0.11464968152866242, "f1-score": 0.10198300283286119, "support": 157}, "26": {"precision": 0.0, "recall": 0.0, "f1-score": 0.0, "support": 93}, "27": {"precision": 0.08695652173913043, "recall": 0.14814814814814814, "f1-score": 0.1095890410958904, "support": 27}, "accuracy": 0.09875, "macro avg": {"precision": 0.08940342245173502, "recall": 0.09286998760186936, "f1-score": 0.0904146298192121, "support": 25600}, "weighted avg": {"precision": 0.09870496619589453, "recall": 0.09875, "f1-score": 0.0985856345309234, "support": 25600}}