{"0": {"precision": 0.0, "recall": 0.0, "f1-score": 0.0, "support": 1.0}, "1": {"precision": 0.0, "recall": 0.0, "f1-score": 0.0, "support": 0.0}, "2": {"precision": 1.0, "recall": 1.0, "f1-score": 1.0, "support": 3.0}, "3": {"precision": 0.7777777777777778, "recall": 0.6363636363636364, "f1-score": 0.7000000000000001, "support": 11.0}, "4": {"precision": 0.5789473684210527, "recall": 0.7857142857142857, "f1-score": 0.6666666666666667, "support": 14.0}, "5": {"precision": 0.9, "recall": 0.6923076923076923, "f1-score": 0.7826086956521738, "support": 26.0}, "6": {"precision": 0.7941176470588235, "recall": 0.9310344827586207, "f1-score": 0.8571428571428571, "support": 29.0}, "7": {"precision": 0.7837837837837838, "recall": 0.90625, "f1-score": 0.8405797101449275, "support": 32.0}, "8": {"precision": 0.8, "recall": 0.851063829787234, "f1-score": 0.8247422680412372, "support": 47.0}, "9": {"precision": 0.9310344827586207, "recall": 0.84375, "f1-score": 0.8852459016393444, "support": 64.0}, "10": {"precision": 0.8703703703703703, "recall": 0.9215686274509803, "f1-score": 0.8952380952380952, "support": 51.0}, "11": {"precision": 0.9130434782608695, "recall": 0.9, "f1-score": 0.9064748201438848, "support": 70.0}, "12": {"precision": 0.9722222222222222, "recall": 0.9210526315789473, "f1-score": 0.9459459459459458, "support": 76.0}, "13": {"precision": 0.9452054794520548, "recall": 0.971830985915493, "f1-score": 0.9583333333333334, "support": 71.0}, "14": {"precision": 0.9875, "recall": 0.9518072289156626, "f1-score": 0.9693251533742331, "support": 83.0}, "15": {"precision": 0.9857142857142858, "recall": 0.9857142857142858, "f1-score": 0.9857142857142858, "support": 70.0}, "16": {"precision": 1.0, "recall": 0.9508196721311475, "f1-score": 0.9747899159663865, "support": 61.0}, "17": {"precision": 0.9666666666666667, "recall": 0.8923076923076924, "f1-score": 0.928, "support": 65.0}, "18": {"precision": 0.8888888888888888, "recall": 0.875, "f1-score": 0.8818897637795274, "support": 64.0}, "19": {"precision": 0.8108108108108109, "recall": 0.6976744186046512, "f1-score": 0.75, "support": 43.0}, "20": {"precision": 0.6428571428571429, "recall": 0.9, "f1-score": 0.75, "support": 30.0}, "21": {"precision": 0.8484848484848485, "recall": 0.875, "f1-score": 0.8615384615384615, "support": 32.0}, "22": {"precision": 0.7142857142857143, "recall": 0.5882352941176471, "f1-score": 0.6451612903225806, "support": 17.0}, "23": {"precision": 0.631578947368421, "recall": 0.6666666666666666, "f1-score": 0.6486486486486486, "support": 18.0}, "24": {"precision": 0.3125, "recall": 0.625, "f1-score": 0.4166666666666667, "support": 8.0}, "25": {"precision": 0.7142857142857143, "recall": 0.5, "f1-score": 0.588235294117647, "support": 10.0}, "26": {"precision": 1.0, "recall": 0.25, "f1-score": 0.4, "support": 4.0}, "27": {"precision": 0.0, "recall": 0.0, "f1-score": 0.0, "support": 0.0}, "accuracy": 0.876, "macro avg": {"precision": 0.7417884153381452, "recall": 0.7185414796548086, "f1-score": 0.7165338490741752, "support": 1000.0}, "weighted avg": {"precision": 0.8877988806155859, "recall": 0.876, "f1-score": 0.8780548682715008, "support": 1000.0}}