{"0": {"precision": 0.18181818181818182, "recall": 0.11764705882352941, "f1-score": 0.14285714285714285, "support": 17}, "1": {"precision": 0.043478260869565216, "recall": 0.029850746268656716, "f1-score": 0.035398230088495575, "support": 67}, "2": {"precision": 0.11038961038961038, "recall": 0.10897435897435898, "f1-score": 0.10967741935483873, "support": 156}, "3": {"precision": 0.09881422924901186, "recall": 0.09765625, "f1-score": 0.09823182711198429, "support": 256}, "4": {"precision": 0.08383233532934131, "recall": 0.07235142118863049, "f1-score": 0.07766990291262135, "support": 387}, "5": {"precision": 0.08979591836734693, "recall": 0.08695652173913043, "f1-score": 0.08835341365461848, "support": 506}, "6": {"precision": 0.09973045822102426, "recall": 0.10709117221418235, "f1-score": 0.1032798325191905, "support": 691}, "7": {"precision": 0.10067114093959731, "recall": 0.09554140127388536, "f1-score": 0.09803921568627451, "support": 942}, "8": {"precision": 0.10732984293193717, "recall": 0.10353535353535354, "f1-score": 0.10539845758354756, "support": 1188}, "9": {"precision": 0.10803127221037669, "recall": 0.10974729241877257, "f1-score": 0.10888252148997135, "support": 1385}, "10": {"precision": 0.11267605633802817, "recall": 0.10998206814106395, "f1-score": 0.11131276467029644, "support": 1673}, "11": {"precision": 0.09783212896053363, "recall": 0.10208816705336426, "f1-score": 0.09991484530229917, "support": 1724}, "12": {"precision": 0.09077231695085256, "recall": 0.09632783395423097, "f1-score": 0.09346759617867285, "support": 1879}, "13": {"precision": 0.09639776763064434, "recall": 0.09615384615384616, "f1-score": 0.09627565239422346, "support": 1976}, "14": {"precision": 0.10512687726566546, "recall": 0.1044776119402985, "f1-score": 0.10480123902942694, "support": 1943}, "15": {"precision": 0.09746192893401015, "recall": 0.10578512396694215, "f1-score": 0.10145310435931307, "support": 1815}, "16": {"precision": 0.10621009866511898, "recall": 0.10189309576837416, "f1-score": 0.1040068201193521, "support": 1796}, "17": {"precision": 0.11097992916174734, "recall": 0.11655300681959083, "f1-score": 0.11369821590565467, "support": 1613}, "18": {"precision": 0.1125, "recall": 0.11283185840707964, "f1-score": 0.11266568483063329, "support": 1356}, "19": {"precision": 0.10748898678414097, "recall": 0.10711150131694469, "f1-score": 0.1072999120492524, "support": 1139}, "20": {"precision": 0.10226049515608181, "recall": 0.1003167898627244, "f1-score": 0.10127931769722814, "support": 947}, "21": {"precision": 0.10107816711590296, "recall": 0.10714285714285714, "f1-score": 0.10402219140083217, "support": 700}, "22": {"precision": 0.09375, "recall": 0.08458646616541353, "f1-score": 0.08893280632411066, "support": 532}, "23": {"precision": 0.10377358490566038, "recall": 0.08396946564885496, "f1-score": 0.09282700421940927, "support": 393}, "24": {"precision": 0.09950248756218906, "recall": 0.07905138339920949, "f1-score": 0.0881057268722467, "support": 253}, "25": {"precision": 0.07909604519774012, "recall": 0.0875, "f1-score": 0.0830860534124629, "support": 160}, "26": {"precision": 0.1111111111111111, "recall": 0.058823529411764705, "f1-score": 0.07692307692307691, "support": 68}, "27": {"precision": 0.13333333333333333, "recall": 0.10526315789473684, "f1-score": 0.11764705882352941, "support": 38}, "accuracy": 0.1023046875, "macro avg": {"precision": 0.10304437733566975, "recall": 0.09604319069584985, "f1-score": 0.09876810834895378, "support": 25600}, "weighted avg": {"precision": 0.10234745862201651, "recall": 0.1023046875, "f1-score": 0.102213132573067, "support": 25600}}