{"0": {"precision": 0.3333333333333333, "recall": 0.05405405405405406, "f1-score": 0.09302325581395349, "support": 37}, "1": {"precision": 0.40350877192982454, "recall": 0.2987012987012987, "f1-score": 0.34328358208955223, "support": 77}, "2": {"precision": 0.5, "recall": 0.44805194805194803, "f1-score": 0.4726027397260274, "support": 154}, "3": {"precision": 0.7168949771689498, "recall": 0.5992366412213741, "f1-score": 0.652806652806653, "support": 262}, "4": {"precision": 0.7736486486486487, "recall": 0.5696517412935324, "f1-score": 0.6561604584527221, "support": 402}, "5": {"precision": 0.7873417721518987, "recall": 0.5845864661654135, "f1-score": 0.6709816612729235, "support": 532}, "6": {"precision": 0.7987220447284346, "recall": 0.6802721088435374, "f1-score": 0.7347538574577517, "support": 735}, "7": {"precision": 0.8017565872020075, "recall": 0.7179775280898877, "f1-score": 0.7575577949021932, "support": 890}, "8": {"precision": 0.86, "recall": 0.6706422018348623, "f1-score": 0.7536082474226804, "support": 1090}, "9": {"precision": 0.7307692307692307, "recall": 0.6921428571428572, "f1-score": 0.7109317681584739, "support": 1400}, "10": {"precision": 0.8178466076696165, "recall": 0.6753958587088916, "f1-score": 0.7398265510340226, "support": 1642}, "11": {"precision": 0.8041582830315225, "recall": 0.683970336565887, "f1-score": 0.7392108508014796, "support": 1753}, "12": {"precision": 0.8297029702970297, "recall": 0.6850136239782016, "f1-score": 0.7504477611940299, "support": 1835}, "13": {"precision": 0.6002587322121604, "recall": 0.7322461862177801, "f1-score": 0.6597156398104265, "support": 1901}, "14": {"precision": 0.5520325203252032, "recall": 0.7121132669113791, "f1-score": 0.6219372566979621, "support": 1907}, "15": {"precision": 0.5846414934238439, "recall": 0.7177083333333333, "f1-score": 0.6443768996960486, "support": 1920}, "16": {"precision": 0.7198443579766537, "recall": 0.6654676258992805, "f1-score": 0.6915887850467289, "support": 1668}, "17": {"precision": 0.6310403638430927, "recall": 0.683076923076923, "f1-score": 0.6560283687943262, "support": 1625}, "18": {"precision": 0.4188982402448355, "recall": 0.7520604395604396, "f1-score": 0.538083538083538, "support": 1456}, "19": {"precision": 0.8265086206896551, "recall": 0.6681184668989547, "f1-score": 0.7389210019267822, "support": 1148}, "20": {"precision": 0.8290013679890561, "recall": 0.6601307189542484, "f1-score": 0.734990903577926, "support": 918}, "21": {"precision": 0.7713841368584758, "recall": 0.6803840877914952, "f1-score": 0.7230320699708453, "support": 729}, "22": {"precision": 0.7575757575757576, "recall": 0.5642361111111112, "f1-score": 0.6467661691542289, "support": 576}, "23": {"precision": 0.7111801242236024, "recall": 0.5337995337995338, "f1-score": 0.6098535286284953, "support": 429}, "24": {"precision": 0.6024590163934426, "recall": 0.5675675675675675, "f1-score": 0.5844930417495029, "support": 259}, "25": {"precision": 0.5573770491803278, "recall": 0.4563758389261745, "f1-score": 0.5018450184501846, "support": 149}, "26": {"precision": 0.6176470588235294, "recall": 0.26582278481012656, "f1-score": 0.3716814159292035, "support": 79}, "27": {"precision": 0.5833333333333334, "recall": 0.5185185185185185, "f1-score": 0.5490196078431373, "support": 27}, "accuracy": 0.6762109375, "macro avg": {"precision": 0.6757451928579808, "recall": 0.5906186810010219, "f1-score": 0.6195545866604214, "support": 25600}, "weighted avg": {"precision": 0.7048426853150161, "recall": 0.6762109375, "f1-score": 0.6815690270060432, "support": 25600}}