{"0": {"precision": 0.0, "recall": 0.0, "f1-score": 0.0, "support": 26}, "1": {"precision": 0.09836065573770492, "recall": 0.06896551724137931, "f1-score": 0.08108108108108109, "support": 87}, "2": {"precision": 0.08854166666666667, "recall": 0.10493827160493827, "f1-score": 0.096045197740113, "support": 162}, "3": {"precision": 0.09166666666666666, "recall": 0.08979591836734693, "f1-score": 0.09072164948453608, "support": 245}, "4": {"precision": 0.11206896551724138, "recall": 0.11206896551724138, "f1-score": 0.11206896551724138, "support": 348}, "5": {"precision": 0.10699588477366255, "recall": 0.10276679841897234, "f1-score": 0.10483870967741936, "support": 506}, "6": {"precision": 0.11388888888888889, "recall": 0.11404728789986092, "f1-score": 0.11396803335649756, "support": 719}, "7": {"precision": 0.10925306577480491, "recall": 0.11023622047244094, "f1-score": 0.1097424412094065, "support": 889}, "8": {"precision": 0.08997429305912596, "recall": 0.09695290858725762, "f1-score": 0.09333333333333332, "support": 1083}, "9": {"precision": 0.10522496371552975, "recall": 0.10189739985945186, "f1-score": 0.1035344519814352, "support": 1423}, "10": {"precision": 0.09478970495919649, "recall": 0.09355638166047088, "f1-score": 0.09416900530090427, "support": 1614}, "11": {"precision": 0.09168081494057725, "recall": 0.0911648846370287, "f1-score": 0.09142212189616253, "support": 1777}, "12": {"precision": 0.09732620320855614, "recall": 0.1005524861878453, "f1-score": 0.09891304347826085, "support": 1810}, "13": {"precision": 0.10174563591022444, "recall": 0.10719915922228061, "f1-score": 0.10440122824974411, "support": 1903}, "14": {"precision": 0.10077092511013216, "recall": 0.09428129829984544, "f1-score": 0.09741815278147459, "support": 1941}, "15": {"precision": 0.10691489361702128, "recall": 0.1076017130620985, "f1-score": 0.10725720384204909, "support": 1868}, "16": {"precision": 0.09761508596783139, "recall": 0.09713024282560706, "f1-score": 0.09737206085753804, "support": 1812}, "17": {"precision": 0.10196560196560196, "recall": 0.1006060606060606, "f1-score": 0.10128126906650398, "support": 1650}, "18": {"precision": 0.10428994082840237, "recall": 0.09664153529814942, "f1-score": 0.10032017075773747, "support": 1459}, "19": {"precision": 0.107113654946852, "recall": 0.11461067366579178, "f1-score": 0.1107354184277261, "support": 1143}, "20": {"precision": 0.0989247311827957, "recall": 0.09945945945945946, "f1-score": 0.09919137466307278, "support": 925}, "21": {"precision": 0.10445859872611465, "recall": 0.10933333333333334, "f1-score": 0.10684039087947883, "support": 750}, "22": {"precision": 0.09302325581395349, "recall": 0.0898876404494382, "f1-score": 0.09142857142857141, "support": 534}, "23": {"precision": 0.09114583333333333, "recall": 0.0851581508515815, "f1-score": 0.0880503144654088, "support": 411}, "24": {"precision": 0.1171875, "recall": 0.12552301255230125, "f1-score": 0.12121212121212122, "support": 239}, "25": {"precision": 0.11538461538461539, "recall": 0.12650602409638553, "f1-score": 0.1206896551724138, "support": 166}, "26": {"precision": 0.08928571428571429, "recall": 0.06578947368421052, "f1-score": 0.07575757575757576, "support": 76}, "27": {"precision": 0.14583333333333334, "recall": 0.20588235294117646, "f1-score": 0.17073170731707318, "support": 34}, "accuracy": 0.1008984375, "macro avg": {"precision": 0.09912253908266241, "recall": 0.10044832752864122, "f1-score": 0.09937590174767429, "support": 25600}, "weighted avg": {"precision": 0.10083179676885737, "recall": 0.1008984375, "f1-score": 0.10079498931719279, "support": 25600}}