{"0": {"precision": 0.15384615384615385, "recall": 0.0625, "f1-score": 0.08888888888888889, "support": 32}, "1": {"precision": 0.1, "recall": 0.05263157894736842, "f1-score": 0.06896551724137931, "support": 76}, "2": {"precision": 0.0650887573964497, "recall": 0.06395348837209303, "f1-score": 0.06451612903225806, "support": 172}, "3": {"precision": 0.10638297872340426, "recall": 0.09057971014492754, "f1-score": 0.09784735812133072, "support": 276}, "4": {"precision": 0.10542168674698796, "recall": 0.09020618556701031, "f1-score": 0.09722222222222222, "support": 388}, "5": {"precision": 0.1043956043956044, "recall": 0.10815939278937381, "f1-score": 0.10624417520969245, "support": 527}, "6": {"precision": 0.09308510638297872, "recall": 0.09102730819245773, "f1-score": 0.0920447074293228, "support": 769}, "7": {"precision": 0.08531317494600432, "recall": 0.08531317494600432, "f1-score": 0.08531317494600432, "support": 926}, "8": {"precision": 0.09073900841908325, "recall": 0.0855379188712522, "f1-score": 0.08806173399909215, "support": 1134}, "9": {"precision": 0.10292072322670376, "recall": 0.10678210678210678, "f1-score": 0.1048158640226629, "support": 1386}, "10": {"precision": 0.1029040404040404, "recall": 0.10080395794681508, "f1-score": 0.10184317400812246, "support": 1617}, "11": {"precision": 0.10833806012478729, "recall": 0.10724312184166199, "f1-score": 0.10778781038374718, "support": 1781}, "12": {"precision": 0.08176100628930817, "recall": 0.08833522083805209, "f1-score": 0.0849210669569951, "support": 1766}, "13": {"precision": 0.09472606246799795, "recall": 0.0935288169868554, "f1-score": 0.0941236326634444, "support": 1978}, "14": {"precision": 0.09881626351003603, "recall": 0.0972644376899696, "f1-score": 0.09803420985448046, "support": 1974}, "15": {"precision": 0.11024440977639105, "recall": 0.11603721948549535, "f1-score": 0.11306666666666668, "support": 1827}, "16": {"precision": 0.10785398230088496, "recall": 0.10638297872340426, "f1-score": 0.10711343037627026, "support": 1833}, "17": {"precision": 0.10724985020970641, "recall": 0.11272040302267003, "f1-score": 0.10991710162726435, "support": 1588}, "18": {"precision": 0.10076976906927922, "recall": 0.10786516853932585, "f1-score": 0.10419681620839362, "support": 1335}, "19": {"precision": 0.0968609865470852, "recall": 0.09591474245115453, "f1-score": 0.09638554216867469, "support": 1126}, "20": {"precision": 0.10376282782212087, "recall": 0.0974304068522484, "f1-score": 0.10049696300386526, "support": 934}, "21": {"precision": 0.09653465346534654, "recall": 0.10196078431372549, "f1-score": 0.09917355371900827, "support": 765}, "22": {"precision": 0.10526315789473684, "recall": 0.10789980732177264, "f1-score": 0.1065651760228354, "support": 519}, "23": {"precision": 0.1174785100286533, "recall": 0.10732984293193717, "f1-score": 0.1121751025991792, "support": 382}, "24": {"precision": 0.12195121951219512, "recall": 0.10775862068965517, "f1-score": 0.11441647597254005, "support": 232}, "25": {"precision": 0.13013698630136986, "recall": 0.125, "f1-score": 0.12751677852348994, "support": 152}, "26": {"precision": 0.11627906976744186, "recall": 0.06666666666666667, "f1-score": 0.0847457627118644, "support": 75}, "27": {"precision": 0.12, "recall": 0.1, "f1-score": 0.1090909090909091, "support": 30}, "accuracy": 0.1004296875, "macro avg": {"precision": 0.10457585891338399, "recall": 0.09560118074692872, "f1-score": 0.09876749798823585, "support": 25600}, "weighted avg": {"precision": 0.10058519984969065, "recall": 0.1004296875, "f1-score": 0.10037799425911731, "support": 25600}}