{"0": {"precision": 0.25, "recall": 0.05263157894736842, "f1-score": 0.08695652173913043, "support": 19}, "1": {"precision": 0.46153846153846156, "recall": 0.38095238095238093, "f1-score": 0.4173913043478261, "support": 63}, "2": {"precision": 0.4722222222222222, "recall": 0.425, "f1-score": 0.4473684210526316, "support": 160}, "3": {"precision": 0.5603112840466926, "recall": 0.5714285714285714, "f1-score": 0.5658153241650294, "support": 252}, "4": {"precision": 0.6732394366197183, "recall": 0.6143958868894601, "f1-score": 0.6424731182795699, "support": 389}, "5": {"precision": 0.6850574712643678, "recall": 0.6044624746450304, "f1-score": 0.6422413793103448, "support": 493}, "6": {"precision": 0.720108695652174, "recall": 0.7412587412587412, "f1-score": 0.7305306685044797, "support": 715}, "7": {"precision": 0.7226640159045725, "recall": 0.7971491228070176, "f1-score": 0.7580813347236705, "support": 912}, "8": {"precision": 0.7836624775583483, "recall": 0.7664618086040387, "f1-score": 0.7749667110519307, "support": 1139}, "9": {"precision": 0.7696404793608522, "recall": 0.7939560439560439, "f1-score": 0.7816091954022988, "support": 1456}, "10": {"precision": 0.7710622710622711, "recall": 0.7898686679174484, "f1-score": 0.7803521779425394, "support": 1599}, "11": {"precision": 0.8259154929577465, "recall": 0.8072687224669604, "f1-score": 0.8164856585909217, "support": 1816}, "12": {"precision": 0.8095493562231759, "recall": 0.8147948164146869, "f1-score": 0.8121636167922497, "support": 1852}, "13": {"precision": 0.8153061224489796, "recall": 0.8136456211812627, "f1-score": 0.8144750254841997, "support": 1964}, "14": {"precision": 0.7931781266919329, "recall": 0.7897574123989218, "f1-score": 0.791464073473798, "support": 1855}, "15": {"precision": 0.7732062217762168, "recall": 0.8223052294557097, "f1-score": 0.7970002585983966, "support": 1874}, "16": {"precision": 0.8002283105022832, "recall": 0.8043602983362019, "f1-score": 0.8022889842632333, "support": 1743}, "17": {"precision": 0.7900120336943441, "recall": 0.8075030750307504, "f1-score": 0.798661800486618, "support": 1626}, "18": {"precision": 0.7690662865288667, "recall": 0.7636234961075725, "f1-score": 0.7663352272727273, "support": 1413}, "19": {"precision": 0.7344434706397897, "recall": 0.7255411255411255, "f1-score": 0.7299651567944251, "support": 1155}, "20": {"precision": 0.7293986636971047, "recall": 0.6997863247863247, "f1-score": 0.7142857142857142, "support": 936}, "21": {"precision": 0.6594663278271918, "recall": 0.7178423236514523, "f1-score": 0.6874172185430464, "support": 723}, "22": {"precision": 0.7113163972286374, "recall": 0.56, "f1-score": 0.6266531027466938, "support": 550}, "23": {"precision": 0.6230366492146597, "recall": 0.6363636363636364, "f1-score": 0.6296296296296297, "support": 374}, "24": {"precision": 0.6055776892430279, "recall": 0.5692883895131086, "f1-score": 0.5868725868725869, "support": 267}, "25": {"precision": 0.5192307692307693, "recall": 0.5472972972972973, "f1-score": 0.5328947368421052, "support": 148}, "26": {"precision": 0.4878048780487805, "recall": 0.26666666666666666, "f1-score": 0.3448275862068965, "support": 75}, "27": {"precision": 0.5833333333333334, "recall": 0.21875, "f1-score": 0.31818181818181823, "support": 32}, "accuracy": 0.762265625, "macro avg": {"precision": 0.6749848908755899, "recall": 0.6393699897363492, "f1-score": 0.6499067268423041, "support": 25600}, "weighted avg": {"precision": 0.7610500102349643, "recall": 0.762265625, "f1-score": 0.7609127979471948, "support": 25600}}