{"1": {"precision": 1.0, "recall": 0.3333333333333333, "f1-score": 0.5, "support": 3.0}, "2": {"precision": 0.4, "recall": 0.5, "f1-score": 0.4444444444444445, "support": 4.0}, "3": {"precision": 0.5, "recall": 0.2727272727272727, "f1-score": 0.3529411764705882, "support": 11.0}, "4": {"precision": 0.3, "recall": 0.5, "f1-score": 0.37499999999999994, "support": 12.0}, "5": {"precision": 0.5, "recall": 0.27586206896551724, "f1-score": 0.35555555555555557, "support": 29.0}, "6": {"precision": 0.36363636363636365, "recall": 0.2962962962962963, "f1-score": 0.32653061224489793, "support": 27.0}, "7": {"precision": 0.5434782608695652, "recall": 0.5952380952380952, "f1-score": 0.5681818181818181, "support": 42.0}, "8": {"precision": 0.5531914893617021, "recall": 0.5416666666666666, "f1-score": 0.5473684210526316, "support": 48.0}, "9": {"precision": 0.5967741935483871, "recall": 0.74, "f1-score": 0.6607142857142857, "support": 50.0}, "10": {"precision": 0.8387096774193549, "recall": 0.7222222222222222, "f1-score": 0.7761194029850746, "support": 72.0}, "11": {"precision": 0.7752808988764045, "recall": 0.92, "f1-score": 0.8414634146341463, "support": 75.0}, "12": {"precision": 0.8289473684210527, "recall": 0.875, "f1-score": 0.8513513513513513, "support": 72.0}, "13": {"precision": 0.8333333333333334, "recall": 0.8108108108108109, "f1-score": 0.8219178082191781, "support": 74.0}, "14": {"precision": 0.8648648648648649, "recall": 0.8421052631578947, "f1-score": 0.8533333333333334, "support": 76.0}, "15": {"precision": 0.7910447761194029, "recall": 0.8548387096774194, "f1-score": 0.8217054263565892, "support": 62.0}, "16": {"precision": 0.8245614035087719, "recall": 0.734375, "f1-score": 0.7768595041322315, "support": 64.0}, "17": {"precision": 0.7681159420289855, "recall": 0.828125, "f1-score": 0.7969924812030075, "support": 64.0}, "18": {"precision": 0.5405405405405406, "recall": 0.6557377049180327, "f1-score": 0.5925925925925926, "support": 61.0}, "19": {"precision": 0.4090909090909091, "recall": 0.3829787234042553, "f1-score": 0.39560439560439564, "support": 47.0}, "20": {"precision": 0.46153846153846156, "recall": 0.42857142857142855, "f1-score": 0.4444444444444445, "support": 28.0}, "21": {"precision": 0.47058823529411764, "recall": 0.3333333333333333, "f1-score": 0.39024390243902435, "support": 24.0}, "22": {"precision": 0.3333333333333333, "recall": 0.4117647058823529, "f1-score": 0.36842105263157887, "support": 17.0}, "23": {"precision": 0.3125, "recall": 0.3333333333333333, "f1-score": 0.3225806451612903, "support": 15.0}, "24": {"precision": 0.4, "recall": 0.2, "f1-score": 0.26666666666666666, "support": 10.0}, "25": {"precision": 1.0, "recall": 0.16666666666666666, "f1-score": 0.2857142857142857, "support": 6.0}, "26": {"precision": 0.6666666666666666, "recall": 0.4, "f1-score": 0.5, "support": 5.0}, "27": {"precision": 1.0, "recall": 1.0, "f1-score": 1.0, "support": 2.0}, "accuracy": 0.674, "macro avg": {"precision": 0.6250443229056377, "recall": 0.5538883938964789, "f1-score": 0.564323963745682, "support": 1000.0}, "weighted avg": {"precision": 0.6759310075583217, "recall": 0.674, "f1-score": 0.6681304410650988, "support": 1000.0}}