{"0": {"precision": 0.0, "recall": 0.0, "f1-score": 0.0, "support": 22}, "1": {"precision": 0.10869565217391304, "recall": 0.05952380952380952, "f1-score": 0.07692307692307691, "support": 84}, "2": {"precision": 0.07878787878787878, "recall": 0.08496732026143791, "f1-score": 0.08176100628930819, "support": 153}, "3": {"precision": 0.1078838174273859, "recall": 0.10833333333333334, "f1-score": 0.1081081081081081, "support": 240}, "4": {"precision": 0.09941520467836257, "recall": 0.08607594936708861, "f1-score": 0.09226594301221165, "support": 395}, "5": {"precision": 0.10380622837370242, "recall": 0.11235955056179775, "f1-score": 0.10791366906474821, "support": 534}, "6": {"precision": 0.09902370990237098, "recall": 0.09581646423751687, "f1-score": 0.09739368998628258, "support": 741}, "7": {"precision": 0.10119695321001088, "recall": 0.10152838427947598, "f1-score": 0.1013623978201635, "support": 916}, "8": {"precision": 0.09566787003610108, "recall": 0.09566787003610108, "f1-score": 0.09566787003610108, "support": 1108}, "9": {"precision": 0.09917355371900827, "recall": 0.0997229916897507, "f1-score": 0.0994475138121547, "support": 1444}, "10": {"precision": 0.10161090458488228, "recall": 0.1029504080351538, "f1-score": 0.10227627065793578, "support": 1593}, "11": {"precision": 0.07906712172923777, "recall": 0.078177727784027, "f1-score": 0.07861990950226244, "support": 1778}, "12": {"precision": 0.10610079575596817, "recall": 0.10626992561105207, "f1-score": 0.10618529333687286, "support": 1882}, "13": {"precision": 0.09076923076923077, "recall": 0.0957274202271498, "f1-score": 0.0931824164253751, "support": 1849}, "14": {"precision": 0.11128945960406635, "recall": 0.10982048574445617, "f1-score": 0.11055009301089555, "support": 1894}, "15": {"precision": 0.10211449200618876, "recall": 0.10543130990415335, "f1-score": 0.1037463976945245, "support": 1878}, "16": {"precision": 0.09767441860465116, "recall": 0.09333333333333334, "f1-score": 0.09545454545454544, "support": 1800}, "17": {"precision": 0.1041046995835812, "recall": 0.10664229128580134, "f1-score": 0.10535821794099941, "support": 1641}, "18": {"precision": 0.09664429530201342, "recall": 0.1016949152542373, "f1-score": 0.09910529938059189, "support": 1416}, "19": {"precision": 0.1044776119402985, "recall": 0.1032986111111111, "f1-score": 0.10388476647752072, "support": 1152}, "20": {"precision": 0.1052060737527115, "recall": 0.10407725321888411, "f1-score": 0.10463861920172599, "support": 932}, "21": {"precision": 0.09934640522875816, "recall": 0.10052910052910052, "f1-score": 0.09993425378040763, "support": 756}, "22": {"precision": 0.08108108108108109, "recall": 0.07027027027027027, "f1-score": 0.0752895752895753, "support": 555}, "23": {"precision": 0.09174311926605505, "recall": 0.08982035928143713, "f1-score": 0.09077155824508322, "support": 334}, "24": {"precision": 0.09282700421940929, "recall": 0.08560311284046693, "f1-score": 0.08906882591093118, "support": 257}, "25": {"precision": 0.15151515151515152, "recall": 0.17857142857142858, "f1-score": 0.16393442622950818, "support": 140}, "26": {"precision": 0.0975609756097561, "recall": 0.04819277108433735, "f1-score": 0.06451612903225806, "support": 83}, "27": {"precision": 0.14285714285714285, "recall": 0.2608695652173913, "f1-score": 0.1846153846153846, "support": 23}, "accuracy": 0.0993359375, "macro avg": {"precision": 0.09820145898996135, "recall": 0.09947414152121796, "f1-score": 0.09757054490137688, "support": 25600}, "weighted avg": {"precision": 0.09916724090936116, "recall": 0.0993359375, "f1-score": 0.09914103326678164, "support": 25600}}