{"0": {"precision": 0.125, "recall": 0.04, "f1-score": 0.06060606060606061, "support": 25}, "1": {"precision": 0.4909090909090909, "recall": 0.3253012048192771, "f1-score": 0.3913043478260869, "support": 83}, "2": {"precision": 0.4970414201183432, "recall": 0.4883720930232558, "f1-score": 0.49266862170087977, "support": 172}, "3": {"precision": 0.6071428571428571, "recall": 0.6563706563706564, "f1-score": 0.6307977736549164, "support": 259}, "4": {"precision": 0.6858638743455497, "recall": 0.6533665835411472, "f1-score": 0.6692209450830141, "support": 401}, "5": {"precision": 0.7483731019522777, "recall": 0.6353591160220995, "f1-score": 0.6872509960159363, "support": 543}, "6": {"precision": 0.6985769728331177, "recall": 0.7692307692307693, "f1-score": 0.7322033898305086, "support": 702}, "7": {"precision": 0.768586387434555, "recall": 0.7742616033755274, "f1-score": 0.7714135575407252, "support": 948}, "8": {"precision": 0.7929050814956855, "recall": 0.7397137745974955, "f1-score": 0.7653863951874132, "support": 1118}, "9": {"precision": 0.7692307692307693, "recall": 0.7785714285714286, "f1-score": 0.7738729144479944, "support": 1400}, "10": {"precision": 0.8015614834092388, "recall": 0.7680798004987531, "f1-score": 0.784463546641197, "support": 1604}, "11": {"precision": 0.7911899313501144, "recall": 0.7752242152466368, "f1-score": 0.7831257078142696, "support": 1784}, "12": {"precision": 0.8079507278835386, "recall": 0.7880939377389404, "f1-score": 0.7978988111694775, "support": 1831}, "13": {"precision": 0.7433425160697889, "recall": 0.838860103626943, "f1-score": 0.788218111002921, "support": 1930}, "14": {"precision": 0.8037874802735402, "recall": 0.7717171717171717, "f1-score": 0.7874259211543416, "support": 1980}, "15": {"precision": 0.7271880819366853, "recall": 0.8247096092925026, "f1-score": 0.7728847105393369, "support": 1894}, "16": {"precision": 0.7963176064441887, "recall": 0.7753501400560224, "f1-score": 0.7856940107862618, "support": 1785}, "17": {"precision": 0.7873134328358209, "recall": 0.816247582205029, "f1-score": 0.801519468186135, "support": 1551}, "18": {"precision": 0.7888563049853372, "recall": 0.7652916073968705, "f1-score": 0.7768953068592058, "support": 1406}, "19": {"precision": 0.7540106951871658, "recall": 0.75, "f1-score": 0.7520000000000001, "support": 1128}, "20": {"precision": 0.7615819209039548, "recall": 0.7310195227765727, "f1-score": 0.7459878251245157, "support": 922}, "21": {"precision": 0.7114882506527415, "recall": 0.7601115760111576, "f1-score": 0.7349966284558328, "support": 717}, "22": {"precision": 0.7429718875502008, "recall": 0.6491228070175439, "f1-score": 0.6928838951310862, "support": 570}, "23": {"precision": 0.6432584269662921, "recall": 0.6505681818181818, "f1-score": 0.6468926553672316, "support": 352}, "24": {"precision": 0.6888888888888889, "recall": 0.60546875, "f1-score": 0.6444906444906444, "support": 256}, "25": {"precision": 0.5407407407407407, "recall": 0.5251798561151079, "f1-score": 0.5328467153284672, "support": 139}, "26": {"precision": 0.6904761904761905, "recall": 0.35365853658536583, "f1-score": 0.46774193548387094, "support": 82}, "27": {"precision": 0.55, "recall": 0.6111111111111112, "f1-score": 0.5789473684210527, "support": 18}, "accuracy": 0.7619140625, "macro avg": {"precision": 0.6898055043577384, "recall": 0.6650129192416275, "f1-score": 0.6732013665660495, "support": 25600}, "weighted avg": {"precision": 0.762222320889969, "recall": 0.7619140625, "f1-score": 0.7609405138027237, "support": 25600}}