{"0": {"precision": 0.125, "recall": 0.0625, "f1-score": 0.08333333333333333, "support": 16}, "1": {"precision": 0.3333333333333333, "recall": 0.08860759493670886, "f1-score": 0.14, "support": 79}, "2": {"precision": 0.07174887892376682, "recall": 0.1103448275862069, "f1-score": 0.08695652173913043, "support": 145}, "3": {"precision": 0.08333333333333333, "recall": 0.06390977443609022, "f1-score": 0.07234042553191489, "support": 266}, "4": {"precision": 0.132890365448505, "recall": 0.10282776349614396, "f1-score": 0.11594202898550726, "support": 389}, "5": {"precision": 0.11057692307692307, "recall": 0.08897485493230174, "f1-score": 0.09860664523043945, "support": 517}, "6": {"precision": 0.08700980392156862, "recall": 0.1083969465648855, "f1-score": 0.09653297076818491, "support": 655}, "7": {"precision": 0.08208955223880597, "recall": 0.11073825503355705, "f1-score": 0.09428571428571428, "support": 894}, "8": {"precision": 0.09555555555555556, "recall": 0.07644444444444444, "f1-score": 0.08493827160493828, "support": 1125}, "9": {"precision": 0.1024390243902439, "recall": 0.10208333333333333, "f1-score": 0.10226086956521738, "support": 1440}, "10": {"precision": 0.11621966794380588, "recall": 0.1092436974789916, "f1-score": 0.11262376237623761, "support": 1666}, "11": {"precision": 0.12463343108504399, "recall": 0.09465478841870824, "f1-score": 0.10759493670886076, "support": 1796}, "12": {"precision": 0.09529754473574699, "recall": 0.12065331928345627, "f1-score": 0.1064868635201116, "support": 1898}, "13": {"precision": 0.09449465899753492, "recall": 0.06133333333333333, "f1-score": 0.07438551099611902, "support": 1875}, "14": {"precision": 0.09880636604774536, "recall": 0.08097826086956522, "f1-score": 0.0890083632019116, "support": 1840}, "15": {"precision": 0.08601190476190476, "recall": 0.1572361262241567, "f1-score": 0.11119661408233937, "support": 1838}, "16": {"precision": 0.11821305841924398, "recall": 0.09728506787330317, "f1-score": 0.10673285758609989, "support": 1768}, "17": {"precision": 0.11907983761840325, "recall": 0.10864197530864197, "f1-score": 0.11362169141381535, "support": 1620}, "18": {"precision": 0.10734929810074319, "recall": 0.08843537414965986, "f1-score": 0.0969787392763894, "support": 1470}, "19": {"precision": 0.10483870967741936, "recall": 0.09831932773109243, "f1-score": 0.10147441457068516, "support": 1190}, "20": {"precision": 0.08188405797101449, "recall": 0.12486187845303867, "f1-score": 0.0989059080962801, "support": 905}, "21": {"precision": 0.08666666666666667, "recall": 0.08736559139784947, "f1-score": 0.08701472556894245, "support": 744}, "22": {"precision": 0.12684365781710916, "recall": 0.08221797323135756, "f1-score": 0.0997679814385151, "support": 523}, "23": {"precision": 0.108, "recall": 0.06506024096385542, "f1-score": 0.08120300751879699, "support": 415}, "24": {"precision": 0.0749185667752443, "recall": 0.08712121212121213, "f1-score": 0.08056042031523643, "support": 264}, "25": {"precision": 0.07749077490774908, "recall": 0.13636363636363635, "f1-score": 0.09882352941176471, "support": 154}, "26": {"precision": 0.031746031746031744, "recall": 0.025974025974025976, "f1-score": 0.028571428571428574, "support": 77}, "27": {"precision": 0.125, "recall": 0.12903225806451613, "f1-score": 0.12698412698412698, "support": 31}, "accuracy": 0.0998828125, "macro avg": {"precision": 0.10719539298190865, "recall": 0.09534306721443116, "f1-score": 0.09632613081007291, "support": 25600}, "weighted avg": {"precision": 0.1032349493015902, "recall": 0.0998828125, "f1-score": 0.09922276869384604, "support": 25600}}