{"0": {"precision": 0.0, "recall": 0.0, "f1-score": 0.0, "support": 30}, "1": {"precision": 0.15, "recall": 0.07317073170731707, "f1-score": 0.09836065573770492, "support": 82}, "2": {"precision": 0.06493506493506493, "recall": 0.09202453987730061, "f1-score": 0.07614213197969542, "support": 163}, "3": {"precision": 0.11330049261083744, "recall": 0.09623430962343096, "f1-score": 0.10407239819004525, "support": 239}, "4": {"precision": 0.08641975308641975, "recall": 0.07977207977207977, "f1-score": 0.08296296296296295, "support": 351}, "5": {"precision": 0.09656652360515021, "recall": 0.07758620689655173, "f1-score": 0.08604206500956023, "support": 580}, "6": {"precision": 0.08357771260997067, "recall": 0.08284883720930232, "f1-score": 0.08321167883211679, "support": 688}, "7": {"precision": 0.10815939278937381, "recall": 0.12297734627831715, "f1-score": 0.11509338717819283, "support": 927}, "8": {"precision": 0.10638297872340426, "recall": 0.08997429305912596, "f1-score": 0.09749303621169918, "support": 1167}, "9": {"precision": 0.11015490533562823, "recall": 0.08944793850454227, "f1-score": 0.09872734284612417, "support": 1431}, "10": {"precision": 0.10778443113772455, "recall": 0.11335012594458438, "f1-score": 0.11049723756906077, "support": 1588}, "11": {"precision": 0.09472259810554803, "recall": 0.08027522935779817, "f1-score": 0.08690254500310367, "support": 1744}, "12": {"precision": 0.09695603156708005, "recall": 0.09404045926735921, "f1-score": 0.0954759922286983, "support": 1829}, "13": {"precision": 0.10019940179461616, "recall": 0.10075187969924812, "f1-score": 0.10047488127968009, "support": 1995}, "14": {"precision": 0.09834420471650777, "recall": 0.10087493566649511, "f1-score": 0.09959349593495936, "support": 1943}, "15": {"precision": 0.10227711308375145, "recall": 0.14363143631436315, "f1-score": 0.1194770063119928, "support": 1845}, "16": {"precision": 0.10801781737193764, "recall": 0.11143021252153934, "f1-score": 0.10969748374328527, "support": 1741}, "17": {"precision": 0.10401119402985075, "recall": 0.13531553398058252, "f1-score": 0.11761603375527427, "support": 1648}, "18": {"precision": 0.10860058309037901, "recall": 0.10290055248618785, "f1-score": 0.10567375886524823, "support": 1448}, "19": {"precision": 0.11088082901554404, "recall": 0.08924103419516263, "f1-score": 0.09889094269870609, "support": 1199}, "20": {"precision": 0.10709838107098381, "recall": 0.09502762430939227, "f1-score": 0.10070257611241218, "support": 905}, "21": {"precision": 0.10140845070422536, "recall": 0.1099236641221374, "f1-score": 0.10549450549450548, "support": 655}, "22": {"precision": 0.0851063829787234, "recall": 0.07045009784735812, "f1-score": 0.07708779443254817, "support": 511}, "23": {"precision": 0.09, "recall": 0.07336956521739131, "f1-score": 0.08083832335329341, "support": 368}, "24": {"precision": 0.07804878048780488, "recall": 0.06177606177606178, "f1-score": 0.06896551724137931, "support": 259}, "25": {"precision": 0.0896551724137931, "recall": 0.08609271523178808, "f1-score": 0.08783783783783783, "support": 151}, "26": {"precision": 0.1, "recall": 0.033707865168539325, "f1-score": 0.05042016806722689, "support": 89}, "27": {"precision": 0.030303030303030304, "recall": 0.041666666666666664, "f1-score": 0.03508771929824561, "support": 24}, "accuracy": 0.101640625, "macro avg": {"precision": 0.09403254377026249, "recall": 0.08742364081073652, "f1-score": 0.08902998136341282, "support": 25600}, "weighted avg": {"precision": 0.10164954354310686, "recall": 0.101640625, "f1-score": 0.10084551890619141, "support": 25600}}