{"0": {"precision": 0.0, "recall": 0.0, "f1-score": 0.0, "support": 1.0}, "1": {"precision": 0.6666666666666666, "recall": 1.0, "f1-score": 0.8, "support": 2.0}, "2": {"precision": 0.8181818181818182, "recall": 1.0, "f1-score": 0.9, "support": 9.0}, "3": {"precision": 0.7777777777777778, "recall": 0.7777777777777778, "f1-score": 0.7777777777777778, "support": 9.0}, "4": {"precision": 0.9375, "recall": 0.8823529411764706, "f1-score": 0.9090909090909091, "support": 17.0}, "5": {"precision": 0.9655172413793104, "recall": 0.9655172413793104, "f1-score": 0.9655172413793104, "support": 29.0}, "6": {"precision": 0.9583333333333334, "recall": 0.9583333333333334, "f1-score": 0.9583333333333334, "support": 24.0}, "7": {"precision": 0.9393939393939394, "recall": 0.96875, "f1-score": 0.9538461538461539, "support": 32.0}, "8": {"precision": 1.0, "recall": 0.9411764705882353, "f1-score": 0.9696969696969697, "support": 51.0}, "9": {"precision": 0.9642857142857143, "recall": 0.9818181818181818, "f1-score": 0.972972972972973, "support": 55.0}, "10": {"precision": 0.9821428571428571, "recall": 0.9649122807017544, "f1-score": 0.9734513274336283, "support": 57.0}, "11": {"precision": 0.9852941176470589, "recall": 0.9054054054054054, "f1-score": 0.943661971830986, "support": 74.0}, "12": {"precision": 1.0, "recall": 0.9701492537313433, "f1-score": 0.9848484848484849, "support": 67.0}, "13": {"precision": 1.0, "recall": 0.9692307692307692, "f1-score": 0.9843749999999999, "support": 65.0}, "14": {"precision": 0.9864864864864865, "recall": 1.0, "f1-score": 0.9931972789115647, "support": 73.0}, "15": {"precision": 0.8701298701298701, "recall": 1.0, "f1-score": 0.9305555555555556, "support": 67.0}, "16": {"precision": 1.0, "recall": 0.9866666666666667, "f1-score": 0.9932885906040269, "support": 75.0}, "17": {"precision": 0.9824561403508771, "recall": 0.9824561403508771, "f1-score": 0.9824561403508771, "support": 57.0}, "18": {"precision": 0.9104477611940298, "recall": 0.9682539682539683, "f1-score": 0.9384615384615386, "support": 63.0}, "19": {"precision": 0.9565217391304348, "recall": 0.8979591836734694, "f1-score": 0.9263157894736843, "support": 49.0}, "20": {"precision": 0.9545454545454546, "recall": 0.9333333333333333, "f1-score": 0.9438202247191012, "support": 45.0}, "21": {"precision": 0.9285714285714286, "recall": 0.8387096774193549, "f1-score": 0.8813559322033899, "support": 31.0}, "22": {"precision": 0.7333333333333333, "recall": 0.6875, "f1-score": 0.7096774193548386, "support": 16.0}, "23": {"precision": 0.375, "recall": 0.5, "f1-score": 0.42857142857142855, "support": 6.0}, "24": {"precision": 0.7272727272727273, "recall": 0.5333333333333333, "f1-score": 0.6153846153846153, "support": 15.0}, "25": {"precision": 0.46153846153846156, "recall": 0.75, "f1-score": 0.5714285714285714, "support": 8.0}, "26": {"precision": 0.3333333333333333, "recall": 0.5, "f1-score": 0.4, "support": 2.0}, "27": {"precision": 0.5, "recall": 1.0, "f1-score": 0.6666666666666666, "support": 1.0}, "accuracy": 0.94, "macro avg": {"precision": 0.8112403643462468, "recall": 0.8522727127919137, "f1-score": 0.824098281924871, "support": 1000.0}, "weighted avg": {"precision": 0.9446563449328036, "recall": 0.94, "f1-score": 0.9407815106557306, "support": 1000.0}}