{"0": {"precision": 0.16666666666666666, "recall": 0.043478260869565216, "f1-score": 0.06896551724137931, "support": 23}, "1": {"precision": 0.5138888888888888, "recall": 0.4457831325301205, "f1-score": 0.4774193548387096, "support": 83}, "2": {"precision": 0.5901639344262295, "recall": 0.6242774566473989, "f1-score": 0.6067415730337078, "support": 173}, "3": {"precision": 0.76, "recall": 0.6989966555183946, "f1-score": 0.7282229965156795, "support": 299}, "4": {"precision": 0.7447368421052631, "recall": 0.7566844919786097, "f1-score": 0.7506631299734748, "support": 374}, "5": {"precision": 0.8032786885245902, "recall": 0.8091743119266055, "f1-score": 0.8062157221206582, "support": 545}, "6": {"precision": 0.8333333333333334, "recall": 0.852112676056338, "f1-score": 0.8426183844011141, "support": 710}, "7": {"precision": 0.8547368421052631, "recall": 0.871244635193133, "f1-score": 0.8629117959617428, "support": 932}, "8": {"precision": 0.8831646734130635, "recall": 0.8548530721282279, "f1-score": 0.8687782805429863, "support": 1123}, "9": {"precision": 0.8707386363636364, "recall": 0.8903413217138707, "f1-score": 0.8804308797127468, "support": 1377}, "10": {"precision": 0.8701799485861182, "recall": 0.8662827895073576, "f1-score": 0.8682269958319974, "support": 1563}, "11": {"precision": 0.8737259343148358, "recall": 0.8747165532879818, "f1-score": 0.8742209631728046, "support": 1764}, "12": {"precision": 0.8936282253817799, "recall": 0.8806434872859367, "f1-score": 0.8870883429168844, "support": 1927}, "13": {"precision": 0.8816509199403282, "recall": 0.898176291793313, "f1-score": 0.8898368883312421, "support": 1974}, "14": {"precision": 0.8937568455640745, "recall": 0.8774193548387097, "f1-score": 0.8855127509495389, "support": 1860}, "15": {"precision": 0.8781621063500258, "recall": 0.9038257173219979, "f1-score": 0.8908091123330716, "support": 1882}, "16": {"precision": 0.8932448733413751, "recall": 0.8768502072232089, "f1-score": 0.8849716163728711, "support": 1689}, "17": {"precision": 0.8821733821733821, "recall": 0.8919753086419753, "f1-score": 0.8870472682627378, "support": 1620}, "18": {"precision": 0.8799444829979182, "recall": 0.8823938761308281, "f1-score": 0.8811674774148714, "support": 1437}, "19": {"precision": 0.8908296943231441, "recall": 0.8823529411764706, "f1-score": 0.8865710560625815, "support": 1156}, "20": {"precision": 0.8842794759825328, "recall": 0.8737864077669902, "f1-score": 0.879001627780792, "support": 927}, "21": {"precision": 0.844559585492228, "recall": 0.8919288645690835, "f1-score": 0.867598137059215, "support": 731}, "22": {"precision": 0.8121212121212121, "recall": 0.7628083491461101, "f1-score": 0.786692759295499, "support": 527}, "23": {"precision": 0.7368421052631579, "recall": 0.7216494845360825, "f1-score": 0.7291666666666666, "support": 388}, "24": {"precision": 0.6996197718631179, "recall": 0.7540983606557377, "f1-score": 0.7258382642998028, "support": 244}, "25": {"precision": 0.6167664670658682, "recall": 0.6776315789473685, "f1-score": 0.64576802507837, "support": 152}, "26": {"precision": 0.6166666666666667, "recall": 0.4111111111111111, "f1-score": 0.4933333333333334, "support": 90}, "27": {"precision": 0.5882352941176471, "recall": 0.6666666666666666, "f1-score": 0.625, "support": 30}, "accuracy": 0.86265625, "macro avg": {"precision": 0.7734676963347269, "recall": 0.7657594058988998, "f1-score": 0.7671721042680171, "support": 25600}, "weighted avg": {"precision": 0.8621380801891234, "recall": 0.86265625, "f1-score": 0.862149462757843, "support": 25600}}