{"0": {"precision": 0.0, "recall": 0.0, "f1-score": 0.0, "support": 2.0}, "1": {"precision": 1.0, "recall": 0.5, "f1-score": 0.6666666666666666, "support": 8.0}, "2": {"precision": 0.2727272727272727, "recall": 0.42857142857142855, "f1-score": 0.33333333333333326, "support": 7.0}, "3": {"precision": 0.5, "recall": 0.75, "f1-score": 0.6, "support": 8.0}, "4": {"precision": 0.7692307692307693, "recall": 0.7142857142857143, "f1-score": 0.7407407407407408, "support": 14.0}, "5": {"precision": 0.8333333333333334, "recall": 0.6666666666666666, "f1-score": 0.7407407407407408, "support": 15.0}, "6": {"precision": 0.6764705882352942, "recall": 0.8518518518518519, "f1-score": 0.7540983606557378, "support": 27.0}, "7": {"precision": 0.6521739130434783, "recall": 0.7894736842105263, "f1-score": 0.7142857142857143, "support": 38.0}, "8": {"precision": 0.8292682926829268, "recall": 0.7083333333333334, "f1-score": 0.7640449438202247, "support": 48.0}, "9": {"precision": 0.7936507936507936, "recall": 0.8771929824561403, "f1-score": 0.8333333333333334, "support": 57.0}, "10": {"precision": 0.875, "recall": 0.7446808510638298, "f1-score": 0.8045977011494252, "support": 47.0}, "11": {"precision": 0.8658536585365854, "recall": 0.9342105263157895, "f1-score": 0.8987341772151899, "support": 76.0}, "12": {"precision": 0.9154929577464789, "recall": 0.8552631578947368, "f1-score": 0.8843537414965986, "support": 76.0}, "13": {"precision": 0.9743589743589743, "recall": 0.926829268292683, "f1-score": 0.9500000000000001, "support": 82.0}, "14": {"precision": 1.0, "recall": 0.9375, "f1-score": 0.967741935483871, "support": 64.0}, "15": {"precision": 0.9506172839506173, "recall": 1.0, "f1-score": 0.9746835443037974, "support": 77.0}, "16": {"precision": 0.9833333333333333, "recall": 0.921875, "f1-score": 0.9516129032258064, "support": 64.0}, "17": {"precision": 0.9253731343283582, "recall": 0.96875, "f1-score": 0.9465648854961832, "support": 64.0}, "18": {"precision": 0.9555555555555556, "recall": 0.8113207547169812, "f1-score": 0.8775510204081634, "support": 53.0}, "19": {"precision": 0.7714285714285715, "recall": 0.7105263157894737, "f1-score": 0.7397260273972601, "support": 38.0}, "20": {"precision": 0.7272727272727273, "recall": 0.9411764705882353, "f1-score": 0.8205128205128205, "support": 34.0}, "21": {"precision": 0.875, "recall": 0.8536585365853658, "f1-score": 0.8641975308641976, "support": 41.0}, "22": {"precision": 0.7692307692307693, "recall": 0.7142857142857143, "f1-score": 0.7407407407407408, "support": 28.0}, "23": {"precision": 0.5714285714285714, "recall": 0.8571428571428571, "f1-score": 0.6857142857142857, "support": 14.0}, "24": {"precision": 0.75, "recall": 0.375, "f1-score": 0.5, "support": 8.0}, "25": {"precision": 0.5714285714285714, "recall": 1.0, "f1-score": 0.7272727272727273, "support": 4.0}, "26": {"precision": 0.0, "recall": 0.0, "f1-score": 0.0, "support": 4.0}, "27": {"precision": 0.6666666666666666, "recall": 1.0, "f1-score": 0.8, "support": 2.0}, "accuracy": 0.853, "macro avg": {"precision": 0.7312462763632018, "recall": 0.7442355397875475, "f1-score": 0.7243302812449128, "support": 1000.0}, "weighted avg": {"precision": 0.8607466451162092, "recall": 0.853, "f1-score": 0.8521252468041955, "support": 1000.0}}