{"0": {"precision": 0.0, "recall": 0.0, "f1-score": 0.0, "support": 3.0}, "1": {"precision": 0.4, "recall": 1.0, "f1-score": 0.5714285714285715, "support": 2.0}, "2": {"precision": 0.45454545454545453, "recall": 1.0, "f1-score": 0.625, "support": 5.0}, "3": {"precision": 0.47058823529411764, "recall": 0.5714285714285714, "f1-score": 0.5161290322580646, "support": 14.0}, "4": {"precision": 1.0, "recall": 0.47058823529411764, "f1-score": 0.6399999999999999, "support": 17.0}, "5": {"precision": 0.7857142857142857, "recall": 1.0, "f1-score": 0.88, "support": 11.0}, "6": {"precision": 0.9285714285714286, "recall": 0.896551724137931, "f1-score": 0.912280701754386, "support": 29.0}, "7": {"precision": 0.8928571428571429, "recall": 0.9259259259259259, "f1-score": 0.9090909090909091, "support": 27.0}, "8": {"precision": 0.9615384615384616, "recall": 0.9433962264150944, "f1-score": 0.9523809523809524, "support": 53.0}, "9": {"precision": 0.9824561403508771, "recall": 0.9655172413793104, "f1-score": 0.9739130434782608, "support": 58.0}, "10": {"precision": 1.0, "recall": 0.9836065573770492, "f1-score": 0.9917355371900827, "support": 61.0}, "11": {"precision": 0.9577464788732394, "recall": 1.0, "f1-score": 0.9784172661870503, "support": 68.0}, "12": {"precision": 0.9861111111111112, "recall": 0.9594594594594594, "f1-score": 0.9726027397260274, "support": 74.0}, "13": {"precision": 1.0, "recall": 0.9873417721518988, "f1-score": 0.9936305732484078, "support": 79.0}, "14": {"precision": 1.0, "recall": 1.0, "f1-score": 1.0, "support": 83.0}, "15": {"precision": 1.0, "recall": 1.0, "f1-score": 1.0, "support": 70.0}, "16": {"precision": 1.0, "recall": 1.0, "f1-score": 1.0, "support": 67.0}, "17": {"precision": 1.0, "recall": 1.0, "f1-score": 1.0, "support": 60.0}, "18": {"precision": 1.0, "recall": 0.9767441860465116, "f1-score": 0.988235294117647, "support": 43.0}, "19": {"precision": 0.975, "recall": 0.9285714285714286, "f1-score": 0.951219512195122, "support": 42.0}, "20": {"precision": 0.9347826086956522, "recall": 0.9347826086956522, "f1-score": 0.9347826086956522, "support": 46.0}, "21": {"precision": 0.9032258064516129, "recall": 1.0, "f1-score": 0.9491525423728813, "support": 28.0}, "22": {"precision": 1.0, "recall": 0.5555555555555556, "f1-score": 0.7142857142857143, "support": 18.0}, "23": {"precision": 0.68, "recall": 0.7391304347826086, "f1-score": 0.7083333333333334, "support": 23.0}, "24": {"precision": 0.4, "recall": 0.6666666666666666, "f1-score": 0.5, "support": 6.0}, "25": {"precision": 0.6, "recall": 1.0, "f1-score": 0.7499999999999999, "support": 3.0}, "26": {"precision": 1.0, "recall": 0.7777777777777778, "f1-score": 0.8750000000000001, "support": 9.0}, "27": {"precision": 0.3333333333333333, "recall": 1.0, "f1-score": 0.5, "support": 1.0}, "accuracy": 0.942, "macro avg": {"precision": 0.8088025174048826, "recall": 0.8672515847023415, "f1-score": 0.8138435118479664, "support": 1000.0}, "weighted avg": {"precision": 0.9517961672968867, "recall": 0.942, "f1-score": 0.9423114832539002, "support": 1000.0}}