{"0": {"precision": 0.0, "recall": 0.0, "f1-score": 0.0, "support": 1.0}, "1": {"precision": 0.6666666666666666, "recall": 1.0, "f1-score": 0.8, "support": 2.0}, "2": {"precision": 0.5714285714285714, "recall": 1.0, "f1-score": 0.7272727272727273, "support": 4.0}, "3": {"precision": 0.4, "recall": 0.4, "f1-score": 0.4000000000000001, "support": 5.0}, "4": {"precision": 0.9090909090909091, "recall": 0.7692307692307693, "f1-score": 0.8333333333333333, "support": 13.0}, "5": {"precision": 1.0, "recall": 0.9523809523809523, "f1-score": 0.975609756097561, "support": 21.0}, "6": {"precision": 0.9666666666666667, "recall": 1.0, "f1-score": 0.983050847457627, "support": 29.0}, "7": {"precision": 0.9722222222222222, "recall": 0.9722222222222222, "f1-score": 0.9722222222222222, "support": 36.0}, "8": {"precision": 1.0, "recall": 0.9807692307692307, "f1-score": 0.9902912621359222, "support": 52.0}, "9": {"precision": 0.98, "recall": 1.0, "f1-score": 0.98989898989899, "support": 49.0}, "10": {"precision": 1.0, "recall": 0.9824561403508771, "f1-score": 0.9911504424778761, "support": 57.0}, "11": {"precision": 1.0, "recall": 1.0, "f1-score": 1.0, "support": 73.0}, "12": {"precision": 1.0, "recall": 1.0, "f1-score": 1.0, "support": 83.0}, "13": {"precision": 1.0, "recall": 1.0, "f1-score": 1.0, "support": 56.0}, "14": {"precision": 1.0, "recall": 1.0, "f1-score": 1.0, "support": 80.0}, "15": {"precision": 1.0, "recall": 1.0, "f1-score": 1.0, "support": 69.0}, "16": {"precision": 1.0, "recall": 1.0, "f1-score": 1.0, "support": 63.0}, "17": {"precision": 1.0, "recall": 1.0, "f1-score": 1.0, "support": 64.0}, "18": {"precision": 1.0, "recall": 1.0, "f1-score": 1.0, "support": 56.0}, "19": {"precision": 1.0, "recall": 0.9607843137254902, "f1-score": 0.98, "support": 51.0}, "20": {"precision": 0.9411764705882353, "recall": 0.8648648648648649, "f1-score": 0.9014084507042254, "support": 37.0}, "21": {"precision": 0.8529411764705882, "recall": 0.7837837837837838, "f1-score": 0.8169014084507041, "support": 37.0}, "22": {"precision": 0.68, "recall": 0.68, "f1-score": 0.68, "support": 25.0}, "23": {"precision": 0.5294117647058824, "recall": 0.75, "f1-score": 0.6206896551724139, "support": 12.0}, "24": {"precision": 0.7692307692307693, "recall": 0.9090909090909091, "f1-score": 0.8333333333333333, "support": 11.0}, "25": {"precision": 0.9, "recall": 0.75, "f1-score": 0.8181818181818182, "support": 12.0}, "26": {"precision": 0.0, "recall": 0.0, "f1-score": 0.0, "support": 2.0}, "27": {"precision": 0.0, "recall": 0.0, "f1-score": 0.0, "support": 0.0}, "accuracy": 0.957, "macro avg": {"precision": 0.7906726863239468, "recall": 0.812699399514968, "f1-score": 0.7969051516692411, "support": 1000.0}, "weighted avg": {"precision": 0.9624873953497483, "recall": 0.957, "f1-score": 0.9588250641897514, "support": 1000.0}}