{"0": {"precision": 0.0, "recall": 0.0, "f1-score": 0.0, "support": 1.0}, "1": {"precision": 0.0, "recall": 0.0, "f1-score": 0.0, "support": 1.0}, "2": {"precision": 0.0, "recall": 0.0, "f1-score": 0.0, "support": 6.0}, "3": {"precision": 0.2857142857142857, "recall": 0.2222222222222222, "f1-score": 0.25, "support": 9.0}, "4": {"precision": 0.75, "recall": 0.17647058823529413, "f1-score": 0.2857142857142857, "support": 17.0}, "5": {"precision": 0.5, "recall": 0.25, "f1-score": 0.3333333333333333, "support": 24.0}, "6": {"precision": 0.3333333333333333, "recall": 0.32, "f1-score": 0.32653061224489793, "support": 25.0}, "7": {"precision": 0.3, "recall": 0.39473684210526316, "f1-score": 0.34090909090909094, "support": 38.0}, "8": {"precision": 0.25, "recall": 0.14285714285714285, "f1-score": 0.18181818181818182, "support": 35.0}, "9": {"precision": 0.34782608695652173, "recall": 0.3404255319148936, "f1-score": 0.3440860215053763, "support": 47.0}, "10": {"precision": 0.32727272727272727, "recall": 0.33962264150943394, "f1-score": 0.3333333333333333, "support": 53.0}, "11": {"precision": 0.5319148936170213, "recall": 0.352112676056338, "f1-score": 0.423728813559322, "support": 71.0}, "12": {"precision": 0.35714285714285715, "recall": 0.4225352112676056, "f1-score": 0.3870967741935484, "support": 71.0}, "13": {"precision": 0.6216216216216216, "recall": 0.34328358208955223, "f1-score": 0.4423076923076923, "support": 67.0}, "14": {"precision": 0.3698630136986301, "recall": 0.3333333333333333, "f1-score": 0.35064935064935066, "support": 81.0}, "15": {"precision": 0.22488038277511962, "recall": 0.5662650602409639, "f1-score": 0.3219178082191781, "support": 83.0}, "16": {"precision": 0.33783783783783783, "recall": 0.3125, "f1-score": 0.3246753246753247, "support": 80.0}, "17": {"precision": 0.3125, "recall": 0.3333333333333333, "f1-score": 0.3225806451612903, "support": 75.0}, "18": {"precision": 0.2826086956521739, "recall": 0.2708333333333333, "f1-score": 0.2765957446808511, "support": 48.0}, "19": {"precision": 0.34285714285714286, "recall": 0.2608695652173913, "f1-score": 0.29629629629629634, "support": 46.0}, "20": {"precision": 0.43243243243243246, "recall": 0.45714285714285713, "f1-score": 0.4444444444444445, "support": 35.0}, "21": {"precision": 0.45, "recall": 0.3103448275862069, "f1-score": 0.3673469387755102, "support": 29.0}, "22": {"precision": 0.45454545454545453, "recall": 0.2631578947368421, "f1-score": 0.3333333333333333, "support": 19.0}, "23": {"precision": 0.45454545454545453, "recall": 0.35714285714285715, "f1-score": 0.4, "support": 14.0}, "24": {"precision": 0.5, "recall": 0.25, "f1-score": 0.3333333333333333, "support": 16.0}, "25": {"precision": 0.5, "recall": 0.3333333333333333, "f1-score": 0.4, "support": 6.0}, "26": {"precision": 0.0, "recall": 0.0, "f1-score": 0.0, "support": 1.0}, "27": {"precision": 0.0, "recall": 0.0, "f1-score": 0.0, "support": 2.0}, "accuracy": 0.341, "macro avg": {"precision": 0.33096057928580763, "recall": 0.2625901012020785, "f1-score": 0.27928683423171335, "support": 1000.0}, "weighted avg": {"precision": 0.376880075494592, "recall": 0.341, "f1-score": 0.34170139044087006, "support": 1000.0}}