{"1": {"precision": 1.0, "recall": 0.8333333333333334, "f1-score": 0.9090909090909091, "support": 6.0}, "2": {"precision": 0.6, "recall": 1.0, "f1-score": 0.7499999999999999, "support": 3.0}, "3": {"precision": 0.6, "recall": 0.75, "f1-score": 0.6666666666666665, "support": 4.0}, "4": {"precision": 0.8333333333333334, "recall": 0.8823529411764706, "f1-score": 0.8571428571428571, "support": 17.0}, "5": {"precision": 0.8, "recall": 0.8, "f1-score": 0.8000000000000002, "support": 15.0}, "6": {"precision": 0.8823529411764706, "recall": 0.9090909090909091, "f1-score": 0.8955223880597014, "support": 33.0}, "7": {"precision": 0.7777777777777778, "recall": 0.8974358974358975, "f1-score": 0.8333333333333333, "support": 39.0}, "8": {"precision": 0.8793103448275862, "recall": 0.8360655737704918, "f1-score": 0.8571428571428572, "support": 61.0}, "9": {"precision": 0.9464285714285714, "recall": 0.8833333333333333, "f1-score": 0.9137931034482758, "support": 60.0}, "10": {"precision": 0.90625, "recall": 0.9508196721311475, "f1-score": 0.9279999999999999, "support": 61.0}, "11": {"precision": 0.9130434782608695, "recall": 0.9130434782608695, "f1-score": 0.9130434782608695, "support": 69.0}, "12": {"precision": 0.9743589743589743, "recall": 0.926829268292683, "f1-score": 0.9500000000000001, "support": 82.0}, "13": {"precision": 0.9672131147540983, "recall": 0.9672131147540983, "f1-score": 0.9672131147540983, "support": 61.0}, "14": {"precision": 1.0, "recall": 0.96, "f1-score": 0.9795918367346939, "support": 75.0}, "15": {"precision": 0.9692307692307692, "recall": 0.9692307692307692, "f1-score": 0.9692307692307692, "support": 65.0}, "16": {"precision": 0.9705882352941176, "recall": 0.9850746268656716, "f1-score": 0.9777777777777777, "support": 67.0}, "17": {"precision": 1.0, "recall": 0.95, "f1-score": 0.9743589743589743, "support": 60.0}, "18": {"precision": 0.94, "recall": 0.9038461538461539, "f1-score": 0.9215686274509804, "support": 52.0}, "19": {"precision": 0.8863636363636364, "recall": 0.8863636363636364, "f1-score": 0.8863636363636365, "support": 44.0}, "20": {"precision": 0.8611111111111112, "recall": 0.9117647058823529, "f1-score": 0.8857142857142858, "support": 34.0}, "21": {"precision": 0.8888888888888888, "recall": 0.9142857142857143, "f1-score": 0.9014084507042254, "support": 35.0}, "22": {"precision": 0.8333333333333334, "recall": 0.7142857142857143, "f1-score": 0.7692307692307692, "support": 21.0}, "23": {"precision": 0.5789473684210527, "recall": 0.7857142857142857, "f1-score": 0.6666666666666667, "support": 14.0}, "24": {"precision": 0.6363636363636364, "recall": 0.7777777777777778, "f1-score": 0.7000000000000001, "support": 9.0}, "25": {"precision": 0.625, "recall": 0.625, "f1-score": 0.625, "support": 8.0}, "26": {"precision": 0.0, "recall": 0.0, "f1-score": 0.0, "support": 3.0}, "27": {"precision": 0.6666666666666666, "recall": 1.0, "f1-score": 0.8, "support": 2.0}, "accuracy": 0.91, "macro avg": {"precision": 0.8124652659848479, "recall": 0.849365218734493, "f1-score": 0.825846685264161, "support": 1000.0}, "weighted avg": {"precision": 0.9123841481485521, "recall": 0.91, "f1-score": 0.9100305469225374, "support": 1000.0}}