{"0": {"precision": 0.08333333333333333, "recall": 0.043478260869565216, "f1-score": 0.057142857142857134, "support": 23}, "1": {"precision": 0.11428571428571428, "recall": 0.05333333333333334, "f1-score": 0.07272727272727274, "support": 75}, "2": {"precision": 0.11805555555555555, "recall": 0.11971830985915492, "f1-score": 0.11888111888111888, "support": 142}, "3": {"precision": 0.08071748878923767, "recall": 0.06844106463878327, "f1-score": 0.07407407407407408, "support": 263}, "4": {"precision": 0.09365558912386707, "recall": 0.08244680851063829, "f1-score": 0.0876944837340877, "support": 376}, "5": {"precision": 0.08955223880597014, "recall": 0.08971962616822429, "f1-score": 0.08963585434173668, "support": 535}, "6": {"precision": 0.08633093525179857, "recall": 0.08450704225352113, "f1-score": 0.08540925266903913, "support": 710}, "7": {"precision": 0.09866962305986696, "recall": 0.10171428571428572, "f1-score": 0.10016882386043893, "support": 875}, "8": {"precision": 0.10151380231522707, "recall": 0.10187667560321716, "f1-score": 0.1016949152542373, "support": 1119}, "9": {"precision": 0.09706703910614525, "recall": 0.0956641431520991, "f1-score": 0.09636048526863085, "support": 1453}, "10": {"precision": 0.09826946847960445, "recall": 0.09695121951219512, "f1-score": 0.09760589318600368, "support": 1640}, "11": {"precision": 0.0979858464888405, "recall": 0.09977827050997783, "f1-score": 0.09887393573194177, "support": 1804}, "12": {"precision": 0.1063034188034188, "recall": 0.10451680672268908, "f1-score": 0.10540254237288137, "support": 1904}, "13": {"precision": 0.09210526315789473, "recall": 0.09973614775725594, "f1-score": 0.09576893843425387, "support": 1895}, "14": {"precision": 0.11077080142930067, "recall": 0.11043256997455471, "f1-score": 0.11060142711518858, "support": 1965}, "15": {"precision": 0.0931738913801694, "recall": 0.10113574905354246, "f1-score": 0.09699170124481328, "support": 1849}, "16": {"precision": 0.0974914481185861, "recall": 0.0955841252096143, "f1-score": 0.09652836579170193, "support": 1789}, "17": {"precision": 0.1089588377723971, "recall": 0.11363636363636363, "f1-score": 0.11124845488257108, "support": 1584}, "18": {"precision": 0.10383275261324042, "recall": 0.10582386363636363, "f1-score": 0.10481885332395356, "support": 1408}, "19": {"precision": 0.09227871939736347, "recall": 0.08892921960072596, "f1-score": 0.09057301293900184, "support": 1102}, "20": {"precision": 0.11737089201877934, "recall": 0.10395010395010396, "f1-score": 0.11025358324145536, "support": 962}, "21": {"precision": 0.089058524173028, "recall": 0.10204081632653061, "f1-score": 0.09510869565217392, "support": 686}, "22": {"precision": 0.12115384615384615, "recall": 0.11454545454545455, "f1-score": 0.11775700934579439, "support": 550}, "23": {"precision": 0.09666666666666666, "recall": 0.07859078590785908, "f1-score": 0.0866965620328849, "support": 369}, "24": {"precision": 0.1187214611872146, "recall": 0.1, "f1-score": 0.10855949895615867, "support": 260}, "25": {"precision": 0.1270718232044199, "recall": 0.1419753086419753, "f1-score": 0.13411078717201166, "support": 162}, "26": {"precision": 0.10344827586206896, "recall": 0.038461538461538464, "f1-score": 0.05607476635514018, "support": 78}, "27": {"precision": 0.09375, "recall": 0.13636363636363635, "f1-score": 0.1111111111111111, "support": 22}, "accuracy": 0.1002734375, "macro avg": {"precision": 0.1011283305904841, "recall": 0.09547684035404298, "f1-score": 0.09685265274437624, "support": 25600}, "weighted avg": {"precision": 0.10044791032197951, "recall": 0.1002734375, "f1-score": 0.10017873069438289, "support": 25600}}