{"0": {"precision": 0.0, "recall": 0.0, "f1-score": 0.0, "support": 25}, "1": {"precision": 0.17307692307692307, "recall": 0.10227272727272728, "f1-score": 0.12857142857142856, "support": 88}, "2": {"precision": 0.08284023668639054, "recall": 0.08139534883720931, "f1-score": 0.08211143695014664, "support": 172}, "3": {"precision": 0.07929515418502203, "recall": 0.07725321888412018, "f1-score": 0.0782608695652174, "support": 233}, "4": {"precision": 0.09941520467836257, "recall": 0.08651399491094147, "f1-score": 0.09251700680272108, "support": 393}, "5": {"precision": 0.1200750469043152, "recall": 0.12475633528265107, "f1-score": 0.12237093690248566, "support": 513}, "6": {"precision": 0.09795918367346938, "recall": 0.11093990755007704, "f1-score": 0.10404624277456646, "support": 649}, "7": {"precision": 0.08762322015334063, "recall": 0.08908685968819599, "f1-score": 0.0883489784649365, "support": 898}, "8": {"precision": 0.09425493716337523, "recall": 0.09020618556701031, "f1-score": 0.09218612818261633, "support": 1164}, "9": {"precision": 0.11228813559322035, "recall": 0.11064718162839249, "f1-score": 0.1114616193480547, "support": 1437}, "10": {"precision": 0.09912718204488778, "recall": 0.10037878787878787, "f1-score": 0.09974905897114178, "support": 1584}, "11": {"precision": 0.10226612434631029, "recall": 0.10244470314318975, "f1-score": 0.10235533585344578, "support": 1718}, "12": {"precision": 0.09534246575342466, "recall": 0.09275053304904052, "f1-score": 0.09402864090786274, "support": 1876}, "13": {"precision": 0.11127450980392156, "recall": 0.11978891820580474, "f1-score": 0.11537484116899618, "support": 1895}, "14": {"precision": 0.09795240730492528, "recall": 0.09076923076923077, "f1-score": 0.09422411498536067, "support": 1950}, "15": {"precision": 0.1050251256281407, "recall": 0.10706967213114754, "f1-score": 0.10603754439370879, "support": 1952}, "16": {"precision": 0.09013605442176871, "recall": 0.09153713298791019, "f1-score": 0.0908311910882605, "support": 1737}, "17": {"precision": 0.09946396664681358, "recall": 0.10264290104486785, "f1-score": 0.10102843315184513, "support": 1627}, "18": {"precision": 0.10112359550561797, "recall": 0.10909090909090909, "f1-score": 0.10495626822157433, "support": 1320}, "19": {"precision": 0.10806174957118353, "recall": 0.1065989847715736, "f1-score": 0.10732538330494039, "support": 1182}, "20": {"precision": 0.09581497797356828, "recall": 0.08913934426229508, "f1-score": 0.09235668789808917, "support": 976}, "21": {"precision": 0.10506329113924051, "recall": 0.11140939597315436, "f1-score": 0.10814332247557004, "support": 745}, "22": {"precision": 0.09375, "recall": 0.09306569343065693, "f1-score": 0.0934065934065934, "support": 548}, "23": {"precision": 0.09120521172638436, "recall": 0.07526881720430108, "f1-score": 0.08247422680412371, "support": 372}, "24": {"precision": 0.11507936507936507, "recall": 0.10139860139860139, "f1-score": 0.10780669144981413, "support": 286}, "25": {"precision": 0.08080808080808081, "recall": 0.1038961038961039, "f1-score": 0.09090909090909093, "support": 154}, "26": {"precision": 0.11428571428571428, "recall": 0.05, "f1-score": 0.06956521739130435, "support": 80}, "27": {"precision": 0.06060606060606061, "recall": 0.07692307692307693, "f1-score": 0.06779661016949153, "support": 26}, "accuracy": 0.1005078125, "macro avg": {"precision": 0.09690049731285097, "recall": 0.09275873449221346, "f1-score": 0.09386585357547808, "support": 25600}, "weighted avg": {"precision": 0.10051497091120909, "recall": 0.1005078125, "f1-score": 0.10035285679039356, "support": 25600}}