{"0": {"precision": 0.3333333333333333, "recall": 0.038461538461538464, "f1-score": 0.06896551724137931, "support": 26}, "1": {"precision": 0.25806451612903225, "recall": 0.10526315789473684, "f1-score": 0.14953271028037382, "support": 76}, "2": {"precision": 0.4025974025974026, "recall": 0.389937106918239, "f1-score": 0.39616613418530355, "support": 159}, "3": {"precision": 0.45147679324894513, "recall": 0.35785953177257523, "f1-score": 0.3992537313432835, "support": 299}, "4": {"precision": 0.4281984334203655, "recall": 0.43733333333333335, "f1-score": 0.43271767810026385, "support": 375}, "5": {"precision": 0.47572815533980584, "recall": 0.34690265486725663, "f1-score": 0.40122824974411464, "support": 565}, "6": {"precision": 0.44677661169415295, "recall": 0.45987654320987653, "f1-score": 0.4532319391634981, "support": 648}, "7": {"precision": 0.4569327731092437, "recall": 0.5117647058823529, "f1-score": 0.4827968923418424, "support": 850}, "8": {"precision": 0.5378006872852233, "recall": 0.535958904109589, "f1-score": 0.5368782161234992, "support": 1168}, "9": {"precision": 0.5739528795811518, "recall": 0.6481892091648189, "f1-score": 0.6088163832002776, "support": 1353}, "10": {"precision": 0.6587202007528231, "recall": 0.6264916467780429, "f1-score": 0.6422018348623854, "support": 1676}, "11": {"precision": 0.6917336394948336, "recall": 0.653470715835141, "f1-score": 0.6720580033463469, "support": 1844}, "12": {"precision": 0.6711445459430414, "recall": 0.6892935982339956, "f1-score": 0.6800980125238225, "support": 1812}, "13": {"precision": 0.6540020263424519, "recall": 0.6759162303664922, "f1-score": 0.664778578784758, "support": 1910}, "14": {"precision": 0.6476476476476476, "recall": 0.6690796277145812, "f1-score": 0.6581892166836215, "support": 1934}, "15": {"precision": 0.6668369954011242, "recall": 0.6814621409921671, "f1-score": 0.6740702479338843, "support": 1915}, "16": {"precision": 0.6548812664907652, "recall": 0.6944599888080581, "f1-score": 0.6740901683867463, "support": 1787}, "17": {"precision": 0.6385756676557863, "recall": 0.6670799752014879, "f1-score": 0.6525166767738022, "support": 1613}, "18": {"precision": 0.6217725052337753, "recall": 0.6132140399174123, "f1-score": 0.6174636174636176, "support": 1453}, "19": {"precision": 0.6033568904593639, "recall": 0.6081923419412288, "f1-score": 0.6057649667405766, "support": 1123}, "20": {"precision": 0.5753880266075388, "recall": 0.5798882681564246, "f1-score": 0.5776293823038398, "support": 895}, "21": {"precision": 0.5474683544303798, "recall": 0.4964131994261119, "f1-score": 0.5206922498118887, "support": 697}, "22": {"precision": 0.4444444444444444, "recall": 0.5281553398058253, "f1-score": 0.4826974267968057, "support": 515}, "23": {"precision": 0.41509433962264153, "recall": 0.38403990024937656, "f1-score": 0.3989637305699482, "support": 401}, "24": {"precision": 0.38011695906432746, "recall": 0.2529182879377432, "f1-score": 0.3037383177570093, "support": 257}, "25": {"precision": 0.4430379746835443, "recall": 0.2348993288590604, "f1-score": 0.30701754385964913, "support": 149}, "26": {"precision": 0.2608695652173913, "recall": 0.08450704225352113, "f1-score": 0.1276595744680851, "support": 71}, "27": {"precision": 0.75, "recall": 0.20689655172413793, "f1-score": 0.32432432432432434, "support": 29}, "accuracy": 0.603984375, "macro avg": {"precision": 0.5246411655439477, "recall": 0.47064017535054026, "f1-score": 0.4826264758969624, "support": 25600}, "weighted avg": {"precision": 0.6012033623332749, "recall": 0.603984375, "f1-score": 0.6010203739660391, "support": 25600}}