{"0": {"precision": 0.0, "recall": 0.0, "f1-score": 0.0, "support": 2.0}, "1": {"precision": 0.3333333333333333, "recall": 0.5, "f1-score": 0.4, "support": 2.0}, "2": {"precision": 0.4166666666666667, "recall": 1.0, "f1-score": 0.5882352941176471, "support": 5.0}, "3": {"precision": 0.38461538461538464, "recall": 0.45454545454545453, "f1-score": 0.41666666666666663, "support": 11.0}, "4": {"precision": 0.8, "recall": 0.3333333333333333, "f1-score": 0.47058823529411764, "support": 12.0}, "5": {"precision": 0.7619047619047619, "recall": 0.9411764705882353, "f1-score": 0.8421052631578947, "support": 17.0}, "6": {"precision": 0.7941176470588235, "recall": 0.84375, "f1-score": 0.8181818181818182, "support": 32.0}, "7": {"precision": 0.7916666666666666, "recall": 0.7307692307692307, "f1-score": 0.76, "support": 26.0}, "8": {"precision": 0.7575757575757576, "recall": 0.8333333333333334, "f1-score": 0.7936507936507938, "support": 30.0}, "9": {"precision": 0.84375, "recall": 0.8709677419354839, "f1-score": 0.8571428571428571, "support": 62.0}, "10": {"precision": 0.8571428571428571, "recall": 0.84375, "f1-score": 0.8503937007874015, "support": 64.0}, "11": {"precision": 0.835820895522388, "recall": 0.8615384615384616, "f1-score": 0.8484848484848485, "support": 65.0}, "12": {"precision": 0.975609756097561, "recall": 0.8791208791208791, "f1-score": 0.9248554913294798, "support": 91.0}, "13": {"precision": 0.96875, "recall": 0.96875, "f1-score": 0.96875, "support": 64.0}, "14": {"precision": 1.0, "recall": 0.9710144927536232, "f1-score": 0.9852941176470589, "support": 69.0}, "15": {"precision": 1.0, "recall": 1.0, "f1-score": 1.0, "support": 74.0}, "16": {"precision": 1.0, "recall": 1.0, "f1-score": 1.0, "support": 74.0}, "17": {"precision": 1.0, "recall": 1.0, "f1-score": 1.0, "support": 66.0}, "18": {"precision": 1.0, "recall": 0.9607843137254902, "f1-score": 0.98, "support": 51.0}, "19": {"precision": 0.9523809523809523, "recall": 0.9090909090909091, "f1-score": 0.9302325581395349, "support": 44.0}, "20": {"precision": 0.9069767441860465, "recall": 0.9069767441860465, "f1-score": 0.9069767441860465, "support": 43.0}, "21": {"precision": 0.8823529411764706, "recall": 0.8823529411764706, "f1-score": 0.8823529411764706, "support": 34.0}, "22": {"precision": 0.8333333333333334, "recall": 0.7407407407407407, "f1-score": 0.7843137254901961, "support": 27.0}, "23": {"precision": 0.7083333333333334, "recall": 0.8095238095238095, "f1-score": 0.7555555555555556, "support": 21.0}, "24": {"precision": 0.42857142857142855, "recall": 0.3333333333333333, "f1-score": 0.375, "support": 9.0}, "25": {"precision": 0.25, "recall": 0.6666666666666666, "f1-score": 0.36363636363636365, "support": 3.0}, "26": {"precision": 0.0, "recall": 0.0, "f1-score": 0.0, "support": 1.0}, "27": {"precision": 0.5, "recall": 1.0, "f1-score": 0.6666666666666666, "support": 1.0}, "accuracy": 0.89, "macro avg": {"precision": 0.7136750878416345, "recall": 0.7586256734414822, "f1-score": 0.720324415761122, "support": 1000.0}, "weighted avg": {"precision": 0.8979209145825195, "recall": 0.89, "f1-score": 0.89099135863649, "support": 1000.0}}