{"1": {"precision": 1.0, "recall": 0.8, "f1-score": 0.888888888888889, "support": 5.0}, "2": {"precision": 0.75, "recall": 1.0, "f1-score": 0.8571428571428571, "support": 9.0}, "3": {"precision": 0.25, "recall": 0.5, "f1-score": 0.3333333333333333, "support": 4.0}, "4": {"precision": 0.625, "recall": 0.625, "f1-score": 0.625, "support": 16.0}, "5": {"precision": 0.8421052631578947, "recall": 0.7272727272727273, "f1-score": 0.7804878048780488, "support": 22.0}, "6": {"precision": 0.88, "recall": 0.88, "f1-score": 0.88, "support": 25.0}, "7": {"precision": 0.6410256410256411, "recall": 0.8928571428571429, "f1-score": 0.746268656716418, "support": 28.0}, "8": {"precision": 0.9056603773584906, "recall": 0.7741935483870968, "f1-score": 0.8347826086956522, "support": 62.0}, "9": {"precision": 0.8833333333333333, "recall": 0.9137931034482759, "f1-score": 0.8983050847457628, "support": 58.0}, "10": {"precision": 0.8873239436619719, "recall": 0.9, "f1-score": 0.8936170212765958, "support": 70.0}, "11": {"precision": 0.9178082191780822, "recall": 0.8933333333333333, "f1-score": 0.9054054054054055, "support": 75.0}, "12": {"precision": 0.9838709677419355, "recall": 0.9104477611940298, "f1-score": 0.9457364341085271, "support": 67.0}, "13": {"precision": 0.9873417721518988, "recall": 0.9873417721518988, "f1-score": 0.9873417721518988, "support": 79.0}, "14": {"precision": 1.0, "recall": 0.9850746268656716, "f1-score": 0.9924812030075187, "support": 67.0}, "15": {"precision": 1.0, "recall": 1.0, "f1-score": 1.0, "support": 66.0}, "16": {"precision": 1.0, "recall": 1.0, "f1-score": 1.0, "support": 61.0}, "17": {"precision": 1.0, "recall": 1.0, "f1-score": 1.0, "support": 57.0}, "18": {"precision": 1.0, "recall": 0.9791666666666666, "f1-score": 0.9894736842105264, "support": 48.0}, "19": {"precision": 0.9791666666666666, "recall": 0.9215686274509803, "f1-score": 0.9494949494949494, "support": 51.0}, "20": {"precision": 0.9024390243902439, "recall": 0.9487179487179487, "f1-score": 0.9249999999999999, "support": 39.0}, "21": {"precision": 0.9354838709677419, "recall": 1.0, "f1-score": 0.9666666666666666, "support": 29.0}, "22": {"precision": 1.0, "recall": 0.7692307692307693, "f1-score": 0.8695652173913044, "support": 26.0}, "23": {"precision": 0.6, "recall": 0.8181818181818182, "f1-score": 0.6923076923076923, "support": 11.0}, "24": {"precision": 0.8333333333333334, "recall": 0.8333333333333334, "f1-score": 0.8333333333333334, "support": 12.0}, "25": {"precision": 0.8, "recall": 0.7272727272727273, "f1-score": 0.761904761904762, "support": 11.0}, "26": {"precision": 0.25, "recall": 0.5, "f1-score": 0.3333333333333333, "support": 2.0}, "27": {"precision": 0.0, "recall": 0.0, "f1-score": 0.0, "support": 0.0}, "accuracy": 0.916, "macro avg": {"precision": 0.8094034227024901, "recall": 0.8254365150505342, "f1-score": 0.8107359521849434, "support": 1000.0}, "weighted avg": {"precision": 0.9266386120104393, "recall": 0.916, "f1-score": 0.9190347247382257, "support": 1000.0}}