{"1": {"precision": 0.0, "recall": 0.0, "f1-score": 0.0, "support": 3.0}, "2": {"precision": 0.4, "recall": 0.2857142857142857, "f1-score": 0.3333333333333333, "support": 7.0}, "3": {"precision": 0.4, "recall": 0.5, "f1-score": 0.4444444444444445, "support": 8.0}, "4": {"precision": 0.25, "recall": 0.3333333333333333, "f1-score": 0.28571428571428575, "support": 12.0}, "5": {"precision": 0.42857142857142855, "recall": 0.3103448275862069, "f1-score": 0.36000000000000004, "support": 29.0}, "6": {"precision": 0.35294117647058826, "recall": 0.5, "f1-score": 0.41379310344827586, "support": 24.0}, "7": {"precision": 0.6153846153846154, "recall": 0.631578947368421, "f1-score": 0.6233766233766234, "support": 38.0}, "8": {"precision": 0.7297297297297297, "recall": 0.8181818181818182, "f1-score": 0.7714285714285715, "support": 33.0}, "9": {"precision": 0.7301587301587301, "recall": 0.8363636363636363, "f1-score": 0.7796610169491525, "support": 55.0}, "10": {"precision": 0.7540983606557377, "recall": 0.7301587301587301, "f1-score": 0.7419354838709677, "support": 63.0}, "11": {"precision": 0.8870967741935484, "recall": 0.7857142857142857, "f1-score": 0.8333333333333333, "support": 70.0}, "12": {"precision": 0.9295774647887324, "recall": 0.88, "f1-score": 0.9041095890410958, "support": 75.0}, "13": {"precision": 0.922077922077922, "recall": 0.9594594594594594, "f1-score": 0.9403973509933775, "support": 74.0}, "14": {"precision": 0.974025974025974, "recall": 0.9375, "f1-score": 0.9554140127388535, "support": 80.0}, "15": {"precision": 0.9583333333333334, "recall": 0.9452054794520548, "f1-score": 0.9517241379310345, "support": 73.0}, "16": {"precision": 0.875, "recall": 0.875, "f1-score": 0.875, "support": 56.0}, "17": {"precision": 0.8823529411764706, "recall": 0.8, "f1-score": 0.8391608391608392, "support": 75.0}, "18": {"precision": 0.7384615384615385, "recall": 0.8275862068965517, "f1-score": 0.7804878048780489, "support": 58.0}, "19": {"precision": 0.7692307692307693, "recall": 0.6976744186046512, "f1-score": 0.7317073170731708, "support": 43.0}, "20": {"precision": 0.5777777777777777, "recall": 0.7878787878787878, "f1-score": 0.6666666666666666, "support": 33.0}, "21": {"precision": 0.7666666666666667, "recall": 0.6764705882352942, "f1-score": 0.71875, "support": 34.0}, "22": {"precision": 0.7222222222222222, "recall": 0.7222222222222222, "f1-score": 0.7222222222222222, "support": 18.0}, "23": {"precision": 0.6, "recall": 0.5625, "f1-score": 0.5806451612903225, "support": 16.0}, "24": {"precision": 0.36363636363636365, "recall": 0.4444444444444444, "f1-score": 0.39999999999999997, "support": 9.0}, "25": {"precision": 0.3333333333333333, "recall": 0.2857142857142857, "f1-score": 0.30769230769230765, "support": 7.0}, "26": {"precision": 0.0, "recall": 0.0, "f1-score": 0.0, "support": 4.0}, "27": {"precision": 1.0, "recall": 0.6666666666666666, "f1-score": 0.8, "support": 3.0}, "accuracy": 0.776, "macro avg": {"precision": 0.6281732267368697, "recall": 0.6222115712590791, "f1-score": 0.6207776890958121, "support": 1000.0}, "weighted avg": {"precision": 0.780384601386806, "recall": 0.776, "f1-score": 0.7756476193233744, "support": 1000.0}}