{"1": {"precision": 1.0, "recall": 1.0, "f1-score": 1.0, "support": 2.0}, "2": {"precision": 0.5714285714285714, "recall": 1.0, "f1-score": 0.7272727272727273, "support": 4.0}, "3": {"precision": 0.14285714285714285, "recall": 0.25, "f1-score": 0.18181818181818182, "support": 4.0}, "4": {"precision": 1.0, "recall": 0.5384615384615384, "f1-score": 0.7000000000000001, "support": 13.0}, "5": {"precision": 0.8571428571428571, "recall": 1.0, "f1-score": 0.923076923076923, "support": 18.0}, "6": {"precision": 1.0, "recall": 0.9, "f1-score": 0.9473684210526316, "support": 30.0}, "7": {"precision": 0.9714285714285714, "recall": 1.0, "f1-score": 0.9855072463768115, "support": 34.0}, "8": {"precision": 0.9777777777777777, "recall": 0.9777777777777777, "f1-score": 0.9777777777777777, "support": 45.0}, "9": {"precision": 1.0, "recall": 0.9818181818181818, "f1-score": 0.9908256880733944, "support": 55.0}, "10": {"precision": 1.0, "recall": 1.0, "f1-score": 1.0, "support": 65.0}, "11": {"precision": 1.0, "recall": 1.0, "f1-score": 1.0, "support": 68.0}, "12": {"precision": 1.0, "recall": 1.0, "f1-score": 1.0, "support": 63.0}, "13": {"precision": 1.0, "recall": 1.0, "f1-score": 1.0, "support": 75.0}, "14": {"precision": 1.0, "recall": 1.0, "f1-score": 1.0, "support": 73.0}, "15": {"precision": 1.0, "recall": 1.0, "f1-score": 1.0, "support": 73.0}, "16": {"precision": 1.0, "recall": 1.0, "f1-score": 1.0, "support": 80.0}, "17": {"precision": 1.0, "recall": 1.0, "f1-score": 1.0, "support": 64.0}, "18": {"precision": 1.0, "recall": 1.0, "f1-score": 1.0, "support": 57.0}, "19": {"precision": 1.0, "recall": 0.9787234042553191, "f1-score": 0.989247311827957, "support": 47.0}, "20": {"precision": 0.9761904761904762, "recall": 0.9534883720930233, "f1-score": 0.9647058823529412, "support": 43.0}, "21": {"precision": 0.9166666666666666, "recall": 0.9565217391304348, "f1-score": 0.9361702127659574, "support": 23.0}, "22": {"precision": 0.9565217391304348, "recall": 0.7586206896551724, "f1-score": 0.8461538461538461, "support": 29.0}, "23": {"precision": 0.5333333333333333, "recall": 0.5, "f1-score": 0.5161290322580646, "support": 16.0}, "24": {"precision": 0.42857142857142855, "recall": 0.5, "f1-score": 0.4615384615384615, "support": 12.0}, "25": {"precision": 0.14285714285714285, "recall": 0.5, "f1-score": 0.22222222222222224, "support": 2.0}, "26": {"precision": 0.5, "recall": 0.2, "f1-score": 0.28571428571428575, "support": 5.0}, "27": {"precision": 0.0, "recall": 0.0, "f1-score": 0.0, "support": 0.0}, "accuracy": 0.956, "macro avg": {"precision": 0.8138805817549779, "recall": 0.8146448778959795, "f1-score": 0.8020566007511919, "support": 1000.0}, "weighted avg": {"precision": 0.9675748447204969, "recall": 0.956, "f1-score": 0.959492355060951, "support": 1000.0}}