{"0": {"precision": 0.0, "recall": 0.0, "f1-score": 0.0, "support": 2.0}, "1": {"precision": 0.0, "recall": 0.0, "f1-score": 0.0, "support": 3.0}, "2": {"precision": 0.6666666666666666, "recall": 0.75, "f1-score": 0.7058823529411765, "support": 8.0}, "3": {"precision": 0.8, "recall": 0.5714285714285714, "f1-score": 0.6666666666666666, "support": 7.0}, "4": {"precision": 0.5263157894736842, "recall": 0.5555555555555556, "f1-score": 0.5405405405405405, "support": 18.0}, "5": {"precision": 0.5833333333333334, "recall": 0.3181818181818182, "f1-score": 0.4117647058823529, "support": 22.0}, "6": {"precision": 0.3333333333333333, "recall": 0.42105263157894735, "f1-score": 0.372093023255814, "support": 19.0}, "7": {"precision": 0.5581395348837209, "recall": 0.5333333333333333, "f1-score": 0.5454545454545454, "support": 45.0}, "8": {"precision": 0.5128205128205128, "recall": 0.5405405405405406, "f1-score": 0.5263157894736842, "support": 37.0}, "9": {"precision": 0.5384615384615384, "recall": 0.6481481481481481, "f1-score": 0.588235294117647, "support": 54.0}, "10": {"precision": 0.5625, "recall": 0.631578947368421, "f1-score": 0.5950413223140496, "support": 57.0}, "11": {"precision": 0.6901408450704225, "recall": 0.7, "f1-score": 0.6950354609929078, "support": 70.0}, "12": {"precision": 0.788235294117647, "recall": 0.7528089887640449, "f1-score": 0.7701149425287356, "support": 89.0}, "13": {"precision": 0.8271604938271605, "recall": 0.8170731707317073, "f1-score": 0.8220858895705522, "support": 82.0}, "14": {"precision": 0.9090909090909091, "recall": 0.8108108108108109, "f1-score": 0.8571428571428571, "support": 74.0}, "15": {"precision": 0.759493670886076, "recall": 0.8571428571428571, "f1-score": 0.8053691275167785, "support": 70.0}, "16": {"precision": 0.8253968253968254, "recall": 0.7878787878787878, "f1-score": 0.8062015503875969, "support": 66.0}, "17": {"precision": 0.8235294117647058, "recall": 0.6885245901639344, "f1-score": 0.7499999999999999, "support": 61.0}, "18": {"precision": 0.5176470588235295, "recall": 0.7333333333333333, "f1-score": 0.6068965517241379, "support": 60.0}, "19": {"precision": 0.3333333333333333, "recall": 0.3409090909090909, "f1-score": 0.33707865168539325, "support": 44.0}, "20": {"precision": 0.5, "recall": 0.42857142857142855, "f1-score": 0.4615384615384615, "support": 35.0}, "21": {"precision": 0.44, "recall": 0.6470588235294118, "f1-score": 0.5238095238095238, "support": 17.0}, "22": {"precision": 0.4, "recall": 0.2608695652173913, "f1-score": 0.31578947368421056, "support": 23.0}, "23": {"precision": 0.4666666666666667, "recall": 0.2916666666666667, "f1-score": 0.35897435897435903, "support": 24.0}, "24": {"precision": 0.25, "recall": 0.125, "f1-score": 0.16666666666666666, "support": 8.0}, "25": {"precision": 1.0, "recall": 0.3333333333333333, "f1-score": 0.5, "support": 3.0}, "26": {"precision": 0.0, "recall": 0.0, "f1-score": 0.0, "support": 2.0}, "accuracy": 0.647, "macro avg": {"precision": 0.5411950080722246, "recall": 0.5016592960440049, "f1-score": 0.5084702872914317, "support": 1000.0}, "weighted avg": {"precision": 0.6523479651814716, "recall": 0.647, "f1-score": 0.6442564516607748, "support": 1000.0}}