{"0": {"precision": 0.0, "recall": 0.0, "f1-score": 0.0, "support": 26.0}, "1": {"precision": 0.5375, "recall": 0.48863636363636365, "f1-score": 0.5119047619047619, "support": 88.0}, "2": {"precision": 0.45569620253164556, "recall": 0.4260355029585799, "f1-score": 0.44036697247706424, "support": 169.0}, "3": {"precision": 0.5333333333333333, "recall": 0.5132075471698113, "f1-score": 0.523076923076923, "support": 265.0}, "4": {"precision": 0.5427728613569321, "recall": 0.4742268041237113, "f1-score": 0.5061898211829435, "support": 388.0}, "5": {"precision": 0.523936170212766, "recall": 0.34440559440559443, "f1-score": 0.41561181434599154, "support": 572.0}, "6": {"precision": 0.4673024523160763, "recall": 0.5096582466567607, "f1-score": 0.4875621890547264, "support": 673.0}, "7": {"precision": 0.5431119920713577, "recall": 0.5469061876247505, "f1-score": 0.5450024863252113, "support": 1002.0}, "8": {"precision": 0.46748278500382556, "recall": 0.5308427454387489, "f1-score": 0.4971521562245728, "support": 1151.0}, "9": {"precision": 0.6049382716049383, "recall": 0.6313528990694345, "f1-score": 0.6178633975481611, "support": 1397.0}, "10": {"precision": 0.7200255102040817, "recall": 0.7163705583756346, "f1-score": 0.7181933842239187, "support": 1576.0}, "11": {"precision": 0.8014031300593631, "recall": 0.8333333333333334, "f1-score": 0.8170563961485559, "support": 1782.0}, "12": {"precision": 0.8395810363836824, "recall": 0.8345205479452055, "f1-score": 0.8370431437208025, "support": 1825.0}, "13": {"precision": 0.8370488322717622, "recall": 0.8348332451032292, "f1-score": 0.8359395706334481, "support": 1889.0}, "14": {"precision": 0.8492927094668118, "recall": 0.8038105046343975, "f1-score": 0.8259259259259258, "support": 1942.0}, "15": {"precision": 0.7831568330811901, "recall": 0.8340494092373791, "f1-score": 0.8078023407022107, "support": 1862.0}, "16": {"precision": 0.7678864008738394, "recall": 0.8354129530600118, "f1-score": 0.8002276607854296, "support": 1683.0}, "17": {"precision": 0.7854223433242506, "recall": 0.7148171109733416, "f1-score": 0.7484582927620902, "support": 1613.0}, "18": {"precision": 0.6073030108904548, "recall": 0.648870636550308, "f1-score": 0.6273990734612839, "support": 1461.0}, "19": {"precision": 0.4812332439678284, "recall": 0.6084745762711864, "f1-score": 0.5374251497005988, "support": 1180.0}, "20": {"precision": 0.5501138952164009, "recall": 0.5301866081229418, "f1-score": 0.5399664617104528, "support": 911.0}, "21": {"precision": 0.4670406732117812, "recall": 0.4567901234567901, "f1-score": 0.46185852981969494, "support": 729.0}, "22": {"precision": 0.421505376344086, "recall": 0.3705103969754253, "f1-score": 0.39436619718309857, "support": 529.0}, "23": {"precision": 0.4315068493150685, "recall": 0.3157894736842105, "f1-score": 0.3646888567293777, "support": 399.0}, "24": {"precision": 0.46218487394957986, "recall": 0.2301255230125523, "f1-score": 0.30726256983240224, "support": 239.0}, "25": {"precision": 0.4368932038834951, "recall": 0.28662420382165604, "f1-score": 0.3461538461538462, "support": 157.0}, "26": {"precision": 0.5, "recall": 0.06153846153846154, "f1-score": 0.10958904109589042, "support": 65.0}, "27": {"precision": 0.7857142857142857, "recall": 0.4074074074074074, "f1-score": 0.5365853658536585, "support": 27.0}, "accuracy": 0.676640625, "macro avg": {"precision": 0.5786923670210299, "recall": 0.5281691773066867, "f1-score": 0.5414525831636801, "support": 25600.0}, "weighted avg": {"precision": 0.6752167937529572, "recall": 0.676640625, "f1-score": 0.6734929190340476, "support": 25600.0}}