{"0": {"precision": 0.0, "recall": 0.0, "f1-score": 0.0, "support": 21.0}, "1": {"precision": 0.34615384615384615, "recall": 0.4675324675324675, "f1-score": 0.3977900552486187, "support": 77.0}, "2": {"precision": 0.4689265536723164, "recall": 0.5060975609756098, "f1-score": 0.4868035190615836, "support": 164.0}, "3": {"precision": 0.4959349593495935, "recall": 0.24897959183673468, "f1-score": 0.33152173913043476, "support": 245.0}, "4": {"precision": 0.5469613259668509, "recall": 0.5469613259668509, "f1-score": 0.5469613259668509, "support": 362.0}, "5": {"precision": 0.5709342560553633, "recall": 0.3254437869822485, "f1-score": 0.41457286432160806, "support": 507.0}, "6": {"precision": 0.5288888888888889, "recall": 0.358974358974359, "f1-score": 0.4276729559748428, "support": 663.0}, "7": {"precision": 0.4772012578616352, "recall": 0.6471215351812367, "f1-score": 0.5493212669683257, "support": 938.0}, "8": {"precision": 0.49827784156142363, "recall": 0.3522727272727273, "f1-score": 0.4127436994769377, "support": 1232.0}, "9": {"precision": 0.46342890579286133, "recall": 0.549618320610687, "f1-score": 0.5028571428571429, "support": 1441.0}, "10": {"precision": 0.4754566210045662, "recall": 0.5119852489244008, "f1-score": 0.493045279668541, "support": 1627.0}, "11": {"precision": 0.5995274660366214, "recall": 0.5981143193871538, "f1-score": 0.59882005899705, "support": 1697.0}, "12": {"precision": 0.5477477477477477, "recall": 0.6373165618448637, "f1-score": 0.5891472868217055, "support": 1908.0}, "13": {"precision": 0.6020573903627504, "recall": 0.5714285714285714, "f1-score": 0.5863432639071975, "support": 1946.0}, "14": {"precision": 0.6567728008634647, "recall": 0.6289405684754522, "f1-score": 0.6425554382259768, "support": 1935.0}, "15": {"precision": 0.5623946037099494, "recall": 0.7133689839572193, "f1-score": 0.628948609146629, "support": 1870.0}, "16": {"precision": 0.5977443609022557, "recall": 0.6323863636363637, "f1-score": 0.6145775814467146, "support": 1760.0}, "17": {"precision": 0.43601895734597157, "recall": 0.4640605296343001, "f1-score": 0.44960293219303604, "support": 1586.0}, "18": {"precision": 0.369969040247678, "recall": 0.34839650145772594, "f1-score": 0.3588588588588589, "support": 1372.0}, "19": {"precision": 0.37479806138933763, "recall": 0.39057239057239057, "f1-score": 0.382522671063479, "support": 1188.0}, "20": {"precision": 0.43617021276595747, "recall": 0.36123348017621143, "f1-score": 0.3951807228915663, "support": 908.0}, "21": {"precision": 0.3894297635605007, "recall": 0.4028776978417266, "f1-score": 0.396039603960396, "support": 695.0}, "22": {"precision": 0.2937062937062937, "recall": 0.2303473491773309, "f1-score": 0.2581967213114754, "support": 547.0}, "23": {"precision": 0.36538461538461536, "recall": 0.23573200992555832, "f1-score": 0.28657616892911014, "support": 403.0}, "24": {"precision": 0.384, "recall": 0.1951219512195122, "f1-score": 0.2587601078167116, "support": 246.0}, "25": {"precision": 0.375, "recall": 0.3037974683544304, "f1-score": 0.3356643356643356, "support": 158.0}, "26": {"precision": 0.8571428571428571, "recall": 0.07317073170731707, "f1-score": 0.1348314606741573, "support": 82.0}, "27": {"precision": 0.8333333333333334, "recall": 0.22727272727272727, "f1-score": 0.35714285714285715, "support": 22.0}, "accuracy": 0.51046875, "macro avg": {"precision": 0.48404864145738147, "recall": 0.41175446894022055, "f1-score": 0.4227520902759336, "support": 25600.0}, "weighted avg": {"precision": 0.509219886214946, "recall": 0.51046875, "f1-score": 0.5040117013630568, "support": 25600.0}}