{"0": {"precision": 0.0, "recall": 0.0, "f1-score": 0.0, "support": 23.0}, "1": {"precision": 0.3, "recall": 0.07058823529411765, "f1-score": 0.11428571428571428, "support": 85.0}, "2": {"precision": 0.40476190476190477, "recall": 0.3695652173913043, "f1-score": 0.38636363636363635, "support": 138.0}, "3": {"precision": 0.5957446808510638, "recall": 0.5147058823529411, "f1-score": 0.5522682445759368, "support": 272.0}, "4": {"precision": 0.556497175141243, "recall": 0.5051282051282051, "f1-score": 0.5295698924731183, "support": 390.0}, "5": {"precision": 0.5717703349282297, "recall": 0.4613899613899614, "f1-score": 0.5106837606837606, "support": 518.0}, "6": {"precision": 0.5893536121673004, "recall": 0.6224899598393574, "f1-score": 0.60546875, "support": 747.0}, "7": {"precision": 0.5303430079155673, "recall": 0.6677740863787376, "f1-score": 0.5911764705882354, "support": 903.0}, "8": {"precision": 0.62, "recall": 0.7259323503902863, "f1-score": 0.668797443068318, "support": 1153.0}, "9": {"precision": 0.7237687366167024, "recall": 0.7450404114621602, "f1-score": 0.7342505430847213, "support": 1361.0}, "10": {"precision": 0.7972465581977471, "recall": 0.7937694704049845, "f1-score": 0.7955042147986263, "support": 1605.0}, "11": {"precision": 0.8974668275030157, "recall": 0.8336134453781513, "f1-score": 0.8643624745861167, "support": 1785.0}, "12": {"precision": 0.9207650273224044, "recall": 0.9177559912854031, "f1-score": 0.9192580469176214, "support": 1836.0}, "13": {"precision": 0.9171011470281544, "recall": 0.9199790794979079, "f1-score": 0.918537859007833, "support": 1912.0}, "14": {"precision": 0.9612093553907587, "recall": 0.8627752176139273, "f1-score": 0.9093362115488397, "support": 1953.0}, "15": {"precision": 0.8972352634324465, "recall": 0.948180815876516, "f1-score": 0.9220048244438488, "support": 1814.0}, "16": {"precision": 0.94021101992966, "recall": 0.8996074032529445, "f1-score": 0.9194611636572083, "support": 1783.0}, "17": {"precision": 0.9046408137317228, "recall": 0.8430094786729858, "f1-score": 0.8727384237963814, "support": 1688.0}, "18": {"precision": 0.7884927066450568, "recall": 0.7066085693536674, "f1-score": 0.7453083109919572, "support": 1377.0}, "19": {"precision": 0.6669470142977292, "recall": 0.6836206896551724, "f1-score": 0.6751809280544913, "support": 1160.0}, "20": {"precision": 0.6477832512315271, "recall": 0.8502155172413793, "f1-score": 0.7353215284249767, "support": 928.0}, "21": {"precision": 0.7877551020408163, "recall": 0.7709720372836218, "f1-score": 0.7792732166890982, "support": 751.0}, "22": {"precision": 0.6435506241331485, "recall": 0.8083623693379791, "f1-score": 0.7166023166023167, "support": 574.0}, "23": {"precision": 0.5121212121212121, "recall": 0.4970588235294118, "f1-score": 0.5044776119402984, "support": 340.0}, "24": {"precision": 0.509090909090909, "recall": 0.4497991967871486, "f1-score": 0.4776119402985074, "support": 249.0}, "25": {"precision": 0.5172413793103449, "recall": 0.375, "f1-score": 0.4347826086956522, "support": 160.0}, "26": {"precision": 0.53125, "recall": 0.22972972972972974, "f1-score": 0.3207547169811321, "support": 74.0}, "27": {"precision": 0.6818181818181818, "recall": 0.7142857142857143, "f1-score": 0.6976744186046512, "support": 21.0}, "accuracy": 0.7875390625, "macro avg": {"precision": 0.6576487802002446, "recall": 0.6352484949576327, "f1-score": 0.6393234025415356, "support": 25600.0}, "weighted avg": {"precision": 0.7917318938209066, "recall": 0.7875390625, "f1-score": 0.7872038695591145, "support": 25600.0}}