{"0": {"precision": 0.0, "recall": 0.0, "f1-score": 0.0, "support": 27.0}, "1": {"precision": 0.6363636363636364, "recall": 0.6021505376344086, "f1-score": 0.6187845303867403, "support": 93.0}, "2": {"precision": 0.43870967741935485, "recall": 0.9645390070921985, "f1-score": 0.6031042128603105, "support": 141.0}, "3": {"precision": 0.3619791666666667, "recall": 0.5036231884057971, "f1-score": 0.4212121212121212, "support": 276.0}, "4": {"precision": 0.5355648535564853, "recall": 0.34316353887399464, "f1-score": 0.41830065359477125, "support": 373.0}, "5": {"precision": 0.800376647834275, "recall": 0.792910447761194, "f1-score": 0.7966260543580131, "support": 536.0}, "6": {"precision": 0.7466340269277846, "recall": 0.8519553072625698, "f1-score": 0.7958251793868233, "support": 716.0}, "7": {"precision": 0.749, "recall": 0.7834728033472803, "f1-score": 0.7658486707566462, "support": 956.0}, "8": {"precision": 0.8618357487922705, "recall": 0.7804024496937882, "f1-score": 0.8191000918273645, "support": 1143.0}, "9": {"precision": 0.9298866855524079, "recall": 0.9017857142857143, "f1-score": 0.9156206415620641, "support": 1456.0}, "10": {"precision": 0.933125, "recall": 0.9378140703517588, "f1-score": 0.9354636591478697, "support": 1592.0}, "11": {"precision": 0.9359316604378003, "recall": 0.9424731182795699, "f1-score": 0.9391909991963567, "support": 1860.0}, "12": {"precision": 0.9682080924855492, "recall": 0.9331476323119777, "f1-score": 0.950354609929078, "support": 1795.0}, "13": {"precision": 0.9791883454734651, "recall": 0.9711042311661506, "f1-score": 0.9751295336787564, "support": 1938.0}, "14": {"precision": 0.9956733369388859, "recall": 0.977176220806794, "f1-score": 0.986338065898741, "support": 1884.0}, "15": {"precision": 0.9967032967032967, "recall": 0.9890948745910578, "f1-score": 0.9928845101258894, "support": 1834.0}, "16": {"precision": 0.9922005571030641, "recall": 0.9828918322295805, "f1-score": 0.9875242583864707, "support": 1812.0}, "17": {"precision": 0.982989064398542, "recall": 0.9920294297976702, "f1-score": 0.9874885566066524, "support": 1631.0}, "18": {"precision": 0.9908386187455955, "recall": 0.9804741980474198, "f1-score": 0.9856291622853137, "support": 1434.0}, "19": {"precision": 0.9745916515426497, "recall": 0.9339130434782609, "f1-score": 0.9538188277087034, "support": 1150.0}, "20": {"precision": 0.9178532311062432, "recall": 0.9610091743119266, "f1-score": 0.9389355742296919, "support": 872.0}, "21": {"precision": 0.9512195121951219, "recall": 0.9567099567099567, "f1-score": 0.9539568345323741, "support": 693.0}, "22": {"precision": 0.9316628701594533, "recall": 0.7532228360957642, "f1-score": 0.8329938900203666, "support": 543.0}, "23": {"precision": 0.6715686274509803, "recall": 0.732620320855615, "f1-score": 0.7007672634271099, "support": 374.0}, "24": {"precision": 0.5774058577405857, "recall": 0.6216216216216216, "f1-score": 0.5986984815618221, "support": 222.0}, "25": {"precision": 0.6238938053097345, "recall": 0.8597560975609756, "f1-score": 0.7230769230769232, "support": 164.0}, "26": {"precision": 0.6226415094339622, "recall": 0.4714285714285714, "f1-score": 0.5365853658536586, "support": 70.0}, "27": {"precision": 0.2830188679245283, "recall": 1.0, "f1-score": 0.4411764705882353, "support": 15.0}, "accuracy": 0.91, "macro avg": {"precision": 0.7638951552950836, "recall": 0.804303222285772, "f1-score": 0.7705155407928167, "support": 25600.0}, "weighted avg": {"precision": 0.9157356623201396, "recall": 0.91, "f1-score": 0.9111108870542428, "support": 25600.0}}