{"0": {"precision": 0.0, "recall": 0.0, "f1-score": 0.0, "support": 24.0}, "1": {"precision": 0.7446808510638298, "recall": 1.0, "f1-score": 0.8536585365853657, "support": 70.0}, "2": {"precision": 0.65625, "recall": 1.0, "f1-score": 0.7924528301886793, "support": 189.0}, "3": {"precision": 0.5172413793103449, "recall": 0.6024096385542169, "f1-score": 0.5565862708719852, "support": 249.0}, "4": {"precision": 0.980544747081712, "recall": 0.6428571428571429, "f1-score": 0.7765793528505393, "support": 392.0}, "5": {"precision": 0.9554730983302412, "recall": 0.9903846153846154, "f1-score": 0.9726156751652503, "support": 520.0}, "6": {"precision": 0.9435261707988981, "recall": 0.9661495063469676, "f1-score": 0.9547038327526134, "support": 709.0}, "7": {"precision": 0.9688841201716738, "recall": 0.9565677966101694, "f1-score": 0.9626865671641791, "support": 944.0}, "8": {"precision": 0.9830667920978363, "recall": 0.972998137802607, "f1-score": 0.9780065512400561, "support": 1074.0}, "9": {"precision": 0.9778761061946902, "recall": 0.9866071428571429, "f1-score": 0.9822222222222223, "support": 1344.0}, "10": {"precision": 0.9876160990712074, "recall": 0.9815384615384616, "f1-score": 0.9845679012345678, "support": 1625.0}, "11": {"precision": 0.9911111111111112, "recall": 0.9889135254988913, "f1-score": 0.9900110987791343, "support": 1804.0}, "12": {"precision": 0.9994717379820391, "recall": 0.9916142557651991, "f1-score": 0.9955274927650618, "support": 1908.0}, "13": {"precision": 1.0, "recall": 0.9994612068965517, "f1-score": 0.9997305308542173, "support": 1856.0}, "14": {"precision": 1.0, "recall": 0.9979123173277662, "f1-score": 0.9989550679205852, "support": 1916.0}, "15": {"precision": 0.9979177511712649, "recall": 0.9979177511712649, "f1-score": 0.9979177511712649, "support": 1921.0}, "16": {"precision": 0.9976918638199653, "recall": 0.9948216340621404, "f1-score": 0.9962546816479401, "support": 1738.0}, "17": {"precision": 0.994478527607362, "recall": 0.9914373088685016, "f1-score": 0.9929555895865237, "support": 1635.0}, "18": {"precision": 0.9902439024390244, "recall": 0.9950980392156863, "f1-score": 0.9926650366748165, "support": 1428.0}, "19": {"precision": 0.9936708860759493, "recall": 0.9734278122232064, "f1-score": 0.9834451901565995, "support": 1129.0}, "20": {"precision": 0.9685863874345549, "recall": 0.9545923632610939, "f1-score": 0.9615384615384615, "support": 969.0}, "21": {"precision": 0.9320987654320988, "recall": 0.8988095238095238, "f1-score": 0.9151515151515153, "support": 672.0}, "22": {"precision": 0.8609406952965235, "recall": 0.7373029772329247, "f1-score": 0.7943396226415094, "support": 571.0}, "23": {"precision": 0.6153846153846154, "recall": 0.58679706601467, "f1-score": 0.6007509386733417, "support": 409.0}, "24": {"precision": 0.42905405405405406, "recall": 0.4980392156862745, "f1-score": 0.46098003629764067, "support": 255.0}, "25": {"precision": 0.4434782608695652, "recall": 0.6623376623376623, "f1-score": 0.53125, "support": 154.0}, "26": {"precision": 0.23076923076923078, "recall": 0.20270270270270271, "f1-score": 0.21582733812949642, "support": 74.0}, "27": {"precision": 0.25609756097560976, "recall": 1.0, "f1-score": 0.4077669902912621, "support": 21.0}, "accuracy": 0.9537109375, "macro avg": {"precision": 0.8005769540908358, "recall": 0.8418106358580495, "f1-score": 0.8088981100912438, "support": 25600.0}, "weighted avg": {"precision": 0.9583177007745546, "recall": 0.9537109375, "f1-score": 0.9546486545628639, "support": 25600.0}}