{"0": {"precision": 0.0, "recall": 0.0, "f1-score": 0.0, "support": 22.0}, "1": {"precision": 0.6222222222222222, "recall": 0.34146341463414637, "f1-score": 0.4409448818897638, "support": 82.0}, "2": {"precision": 0.5909090909090909, "recall": 0.9140625, "f1-score": 0.7177914110429449, "support": 128.0}, "3": {"precision": 0.7588652482269503, "recall": 0.9067796610169492, "f1-score": 0.8262548262548263, "support": 236.0}, "4": {"precision": 0.9501385041551247, "recall": 0.8575, "f1-score": 0.9014454664914587, "support": 400.0}, "5": {"precision": 0.944015444015444, "recall": 0.9588235294117647, "f1-score": 0.9513618677042802, "support": 510.0}, "6": {"precision": 0.8562577447335812, "recall": 0.9597222222222223, "f1-score": 0.9050425671250819, "support": 720.0}, "7": {"precision": 0.8173469387755102, "recall": 0.8763676148796499, "f1-score": 0.8458289334741288, "support": 914.0}, "8": {"precision": 0.9391124871001032, "recall": 0.8348623853211009, "f1-score": 0.8839242350655658, "support": 1090.0}, "9": {"precision": 0.9392928619079386, "recall": 0.9584751531654186, "f1-score": 0.9487870619946092, "support": 1469.0}, "10": {"precision": 0.9426180514046623, "recall": 0.9454436450839329, "f1-score": 0.9440287339120023, "support": 1668.0}, "11": {"precision": 0.9285315466219989, "recall": 0.9438138479001135, "f1-score": 0.9361103292991837, "support": 1762.0}, "12": {"precision": 0.9731543624161074, "recall": 0.9309791332263242, "f1-score": 0.9515996718621821, "support": 1869.0}, "13": {"precision": 0.9748589020010262, "recall": 0.9778692743180648, "f1-score": 0.9763617677286742, "support": 1943.0}, "14": {"precision": 0.9914757591901971, "recall": 0.9617571059431524, "f1-score": 0.9763903462749213, "support": 1935.0}, "15": {"precision": 0.9815789473684211, "recall": 0.9688311688311688, "f1-score": 0.9751633986928104, "support": 1925.0}, "16": {"precision": 0.9751693002257337, "recall": 0.9718785151856018, "f1-score": 0.9735211267605633, "support": 1778.0}, "17": {"precision": 0.972, "recall": 0.9233692210259657, "f1-score": 0.9470607340045469, "support": 1579.0}, "18": {"precision": 0.9119359534206696, "recall": 0.8905472636815921, "f1-score": 0.9011147069399498, "support": 1407.0}, "19": {"precision": 0.8625, "recall": 0.852603706972639, "f1-score": 0.8575233022636484, "support": 1133.0}, "20": {"precision": 0.8285714285714286, "recall": 0.9042316258351893, "f1-score": 0.8647497337593185, "support": 898.0}, "21": {"precision": 0.8800521512385919, "recall": 0.9698275862068966, "f1-score": 0.9227614490772386, "support": 696.0}, "22": {"precision": 0.9105367793240556, "recall": 0.8560747663551402, "f1-score": 0.882466281310212, "support": 535.0}, "23": {"precision": 0.7342857142857143, "recall": 0.6745406824146981, "f1-score": 0.7031463748290013, "support": 381.0}, "24": {"precision": 0.5929824561403508, "recall": 0.65, "f1-score": 0.6201834862385321, "support": 260.0}, "25": {"precision": 0.5511111111111111, "recall": 0.8378378378378378, "f1-score": 0.6648793565683646, "support": 148.0}, "26": {"precision": 0.72, "recall": 0.20930232558139536, "f1-score": 0.32432432432432434, "support": 86.0}, "27": {"precision": 0.41935483870967744, "recall": 1.0, "f1-score": 0.5909090909090909, "support": 26.0}, "accuracy": 0.9199609375, "macro avg": {"precision": 0.8060313515741325, "recall": 0.8241772923946772, "f1-score": 0.8012026952070436, "support": 25600.0}, "weighted avg": {"precision": 0.9228371665525341, "recall": 0.9199609375, "f1-score": 0.9197043769502875, "support": 25600.0}}