{"0": {"precision": 0.0, "recall": 0.0, "f1-score": 0.0, "support": 24.0}, "1": {"precision": 0.024390243902439025, "recall": 0.08571428571428572, "f1-score": 0.0379746835443038, "support": 70.0}, "2": {"precision": 0.04201680672268908, "recall": 0.07936507936507936, "f1-score": 0.054945054945054944, "support": 189.0}, "3": {"precision": 0.12141280353200883, "recall": 0.22088353413654618, "f1-score": 0.1566951566951567, "support": 249.0}, "4": {"precision": 0.09243697478991597, "recall": 0.08418367346938775, "f1-score": 0.08811748998664887, "support": 392.0}, "5": {"precision": 0.09225700164744646, "recall": 0.1076923076923077, "f1-score": 0.09937888198757765, "support": 520.0}, "6": {"precision": 0.14238952536824878, "recall": 0.1227080394922426, "f1-score": 0.1318181818181818, "support": 709.0}, "7": {"precision": 0.09749552772808587, "recall": 0.11546610169491525, "f1-score": 0.10572259941804073, "support": 944.0}, "8": {"precision": 0.10009267840593142, "recall": 0.1005586592178771, "f1-score": 0.10032512772875059, "support": 1074.0}, "9": {"precision": 0.09979838709677419, "recall": 0.07366071428571429, "f1-score": 0.08476027397260273, "support": 1344.0}, "10": {"precision": 0.10830618892508144, "recall": 0.08184615384615385, "f1-score": 0.09323519102698914, "support": 1625.0}, "11": {"precision": 0.11815068493150685, "recall": 0.07649667405764966, "f1-score": 0.09286675639300133, "support": 1804.0}, "12": {"precision": 0.1349206349206349, "recall": 0.08018867924528301, "f1-score": 0.10059171597633136, "support": 1908.0}, "13": {"precision": 0.10603829160530191, "recall": 0.11637931034482758, "f1-score": 0.11096840482918056, "support": 1856.0}, "14": {"precision": 0.10186688311688312, "recall": 0.13100208768267224, "f1-score": 0.11461187214611872, "support": 1916.0}, "15": {"precision": 0.09876543209876543, "recall": 0.1290994273815721, "f1-score": 0.11191335740072203, "support": 1921.0}, "16": {"precision": 0.1004739336492891, "recall": 0.12197928653624857, "f1-score": 0.1101871101871102, "support": 1738.0}, "17": {"precision": 0.10423770092547492, "recall": 0.1308868501529052, "f1-score": 0.11605206073752712, "support": 1635.0}, "18": {"precision": 0.11830799735624586, "recall": 0.1253501400560224, "f1-score": 0.12172730363821828, "support": 1428.0}, "19": {"precision": 0.10666666666666667, "recall": 0.10628875110717449, "f1-score": 0.1064773735581189, "support": 1129.0}, "20": {"precision": 0.15047021943573669, "recall": 0.09907120743034056, "f1-score": 0.11947728686994401, "support": 969.0}, "21": {"precision": 0.12238805970149254, "recall": 0.06101190476190476, "f1-score": 0.0814299900695134, "support": 672.0}, "22": {"precision": 0.08260105448154657, "recall": 0.08231173380035026, "f1-score": 0.0824561403508772, "support": 571.0}, "23": {"precision": 0.13372093023255813, "recall": 0.11246943765281174, "f1-score": 0.12217795484727756, "support": 409.0}, "24": {"precision": 0.078125, "recall": 0.09803921568627451, "f1-score": 0.08695652173913043, "support": 255.0}, "25": {"precision": 0.23529411764705882, "recall": 0.12987012987012986, "f1-score": 0.16736401673640167, "support": 154.0}, "26": {"precision": 0.09803921568627451, "recall": 0.06756756756756757, "f1-score": 0.07999999999999999, "support": 74.0}, "27": {"precision": 0.06976744186046512, "recall": 0.14285714285714285, "f1-score": 0.09374999999999999, "support": 21.0}, "accuracy": 0.1060546875, "macro avg": {"precision": 0.10287251437266152, "recall": 0.10296243196804954, "f1-score": 0.09899930380724213, "support": 25600.0}, "weighted avg": {"precision": 0.11000771901474932, "recall": 0.1060546875, "f1-score": 0.10560111612754232, "support": 25600.0}}