{"0": {"precision": 0.7346115035317861, "recall": 0.7258225324027916, "f1-score": 0.7301905717151453, "support": 1003.0}, "1": {"precision": 0.7398297067171239, "recall": 0.7483253588516746, "f1-score": 0.7440532825880114, "support": 1045.0}, "accuracy": 0.7373046875, "macro avg": {"precision": 0.737220605124455, "recall": 0.737073945627233, "f1-score": 0.7371219271515783, "support": 2048.0}, "weighted avg": {"precision": 0.7372741120907109, "recall": 0.7373046875, "f1-score": 0.7372640740892396, "support": 2048.0}}