{"0": {"precision": 0.7627118644067796, "recall": 0.7773512476007678, "f1-score": 0.7699619771863118, "support": 1042.0}, "1": {"precision": 0.7647058823529411, "recall": 0.7495029821073559, "f1-score": 0.7570281124497992, "support": 1006.0}, "accuracy": 0.763671875, "macro avg": {"precision": 0.7637088733798604, "recall": 0.7634271148540619, "f1-score": 0.7634950448180555, "support": 2048.0}, "weighted avg": {"precision": 0.7636913478315055, "recall": 0.763671875, "f1-score": 0.7636087213635913, "support": 2048.0}}