{"0": {"precision": 0.7663366336633664, "recall": 0.7678571428571429, "f1-score": 0.7670961347869177, "support": 1008.0}, "1": {"precision": 0.7745664739884393, "recall": 0.7730769230769231, "f1-score": 0.7738209817131858, "support": 1040.0}, "accuracy": 0.7705078125, "macro avg": {"precision": 0.7704515538259028, "recall": 0.770467032967033, "f1-score": 0.7704585582500518, "support": 2048.0}, "weighted avg": {"precision": 0.7705158494534424, "recall": 0.7705078125, "f1-score": 0.7705110961166632, "support": 2048.0}}