{"0": {"precision": 0.7714285714285715, "recall": 0.7598499061913696, "f1-score": 0.7655954631379962, "support": 1066.0}, "1": {"precision": 0.7434869739478958, "recall": 0.7556008146639511, "f1-score": 0.7494949494949497, "support": 982.0}, "accuracy": 0.7578125, "macro avg": {"precision": 0.7574577726882337, "recall": 0.7577253604276604, "f1-score": 0.7575452063164729, "support": 2048.0}, "weighted avg": {"precision": 0.7580307937303178, "recall": 0.7578125, "f1-score": 0.7578753926314182, "support": 2048.0}}