{"0": {"precision": 0.4868173258003766, "recall": 0.5264765784114053, "f1-score": 0.5058708414872798, "support": 982.0}, "1": {"precision": 0.5283975659229209, "recall": 0.48874296435272047, "f1-score": 0.5077972709551657, "support": 1066.0}, "accuracy": 0.5068359375, "macro avg": {"precision": 0.5076074458616487, "recall": 0.5076097713820629, "f1-score": 0.5068340562212228, "support": 2048.0}, "weighted avg": {"precision": 0.5084601656297868, "recall": 0.5068359375, "f1-score": 0.5068735630755447, "support": 2048.0}}