{"0": {"precision": 0.5069306930693069, "recall": 0.49230769230769234, "f1-score": 0.4995121951219512, "support": 1040.0}, "1": {"precision": 0.4913294797687861, "recall": 0.5059523809523809, "f1-score": 0.4985337243401759, "support": 1008.0}, "accuracy": 0.4990234375, "macro avg": {"precision": 0.49913008641904655, "recall": 0.49913003663003663, "f1-score": 0.4990229597310636, "support": 2048.0}, "weighted avg": {"precision": 0.4992519708979568, "recall": 0.4990234375, "f1-score": 0.4990306040340462, "support": 2048.0}}