{"0": {"precision": 0.5005045408678103, "recall": 0.4723809523809524, "f1-score": 0.48603625673689366, "support": 1050.0}, "1": {"precision": 0.47587511825922424, "recall": 0.5040080160320641, "f1-score": 0.4895377128953771, "support": 998.0}, "accuracy": 0.48779296875, "macro avg": {"precision": 0.48818982956351725, "recall": 0.48819448420650824, "f1-score": 0.48778698481613536, "support": 2048.0}, "weighted avg": {"precision": 0.48850250778022786, "recall": 0.48779296875, "f1-score": 0.4877425327359984, "support": 2048.0}}