{"0": {"precision": 0.7438095238095238, "recall": 0.7524084778420038, "f1-score": 0.7480842911877396, "support": 1038.0}, "1": {"precision": 0.7424849699398798, "recall": 0.7336633663366336, "f1-score": 0.7380478087649401, "support": 1010.0}, "accuracy": 0.7431640625, "macro avg": {"precision": 0.7431472468747018, "recall": 0.7430359220893188, "f1-score": 0.7430660499763398, "support": 2048.0}, "weighted avg": {"precision": 0.74315630144217, "recall": 0.7431640625, "f1-score": 0.743134658742902, "support": 2048.0}}