{"0": {"precision": 0.7571428571428571, "recall": 0.748587570621469, "f1-score": 0.7528409090909091, "support": 1062.0}, "1": {"precision": 0.7324649298597194, "recall": 0.7413793103448276, "f1-score": 0.7368951612903226, "support": 986.0}, "accuracy": 0.7451171875, "macro avg": {"precision": 0.7448038935012883, "recall": 0.7449834404831484, "f1-score": 0.7448680351906158, "support": 2048.0}, "weighted avg": {"precision": 0.7452617847301746, "recall": 0.7451171875, "f1-score": 0.7451639035580095, "support": 2048.0}}