{"0": {"precision": 0.7366336633663366, "recall": 0.7209302325581395, "f1-score": 0.7286973555337903, "support": 1032.0}, "1": {"precision": 0.7225433526011561, "recall": 0.7381889763779528, "f1-score": 0.7302823758519961, "support": 1016.0}, "accuracy": 0.7294921875, "macro avg": {"precision": 0.7295885079837463, "recall": 0.7295596044680461, "f1-score": 0.7294898656928932, "support": 2048.0}, "weighted avg": {"precision": 0.7296435482601729, "recall": 0.7294921875, "f1-score": 0.7294836742072752, "support": 2048.0}}