{"0": {"precision": 0.7598385469223007, "recall": 0.723342939481268, "f1-score": 0.7411417322834647, "support": 1041.0}, "1": {"precision": 0.727530747398297, "recall": 0.7636544190665343, "f1-score": 0.7451550387596899, "support": 1007.0}, "accuracy": 0.7431640625, "macro avg": {"precision": 0.7436846471602989, "recall": 0.7434986792739011, "f1-score": 0.7431483855215772, "support": 2048.0}, "weighted avg": {"precision": 0.7439528271368165, "recall": 0.7431640625, "f1-score": 0.7431150719424289, "support": 2048.0}}