{"0": {"precision": 0.7278719397363466, "recall": 0.7578431372549019, "f1-score": 0.7425552353506244, "support": 1020.0}, "1": {"precision": 0.7494929006085193, "recall": 0.7188715953307393, "f1-score": 0.733862959285005, "support": 1028.0}, "accuracy": 0.73828125, "macro avg": {"precision": 0.7386824201724329, "recall": 0.7383573662928207, "f1-score": 0.7382090973178147, "support": 2048.0}, "weighted avg": {"precision": 0.7387246486116363, "recall": 0.73828125, "f1-score": 0.738192120216124, "support": 2048.0}}