{"0": {"precision": 0.0, "recall": 0.0, "f1-score": 0.0, "support": 1.0}, "1": {"precision": 0.2857142857142857, "recall": 0.6666666666666666, "f1-score": 0.4, "support": 3.0}, "2": {"precision": 0.4444444444444444, "recall": 0.5, "f1-score": 0.47058823529411764, "support": 8.0}, "3": {"precision": 0.625, "recall": 0.5555555555555556, "f1-score": 0.5882352941176471, "support": 9.0}, "4": {"precision": 0.5555555555555556, "recall": 0.7692307692307693, "f1-score": 0.6451612903225806, "support": 13.0}, "5": {"precision": 0.8, "recall": 0.6153846153846154, "f1-score": 0.6956521739130435, "support": 26.0}, "6": {"precision": 0.7391304347826086, "recall": 0.7727272727272727, "f1-score": 0.7555555555555555, "support": 22.0}, "7": {"precision": 0.875, "recall": 0.8974358974358975, "f1-score": 0.8860759493670887, "support": 39.0}, "8": {"precision": 0.9375, "recall": 0.8333333333333334, "f1-score": 0.8823529411764706, "support": 36.0}, "9": {"precision": 0.9245283018867925, "recall": 0.9607843137254902, "f1-score": 0.9423076923076923, "support": 51.0}, "10": {"precision": 0.9636363636363636, "recall": 0.9464285714285714, "f1-score": 0.9549549549549549, "support": 56.0}, "11": {"precision": 0.9358974358974359, "recall": 0.9864864864864865, "f1-score": 0.9605263157894737, "support": 74.0}, "12": {"precision": 0.9863013698630136, "recall": 0.935064935064935, "f1-score": 0.9600000000000001, "support": 77.0}, "13": {"precision": 1.0, "recall": 0.9855072463768116, "f1-score": 0.9927007299270074, "support": 69.0}, "14": {"precision": 1.0, "recall": 1.0, "f1-score": 1.0, "support": 74.0}, "15": {"precision": 1.0, "recall": 1.0, "f1-score": 1.0, "support": 67.0}, "16": {"precision": 1.0, "recall": 0.9863013698630136, "f1-score": 0.993103448275862, "support": 73.0}, "17": {"precision": 0.9841269841269841, "recall": 0.8985507246376812, "f1-score": 0.9393939393939393, "support": 69.0}, "18": {"precision": 0.8653846153846154, "recall": 0.8653846153846154, "f1-score": 0.8653846153846154, "support": 52.0}, "19": {"precision": 0.8888888888888888, "recall": 0.8235294117647058, "f1-score": 0.8549618320610687, "support": 68.0}, "20": {"precision": 0.7692307692307693, "recall": 0.9090909090909091, "f1-score": 0.8333333333333333, "support": 44.0}, "21": {"precision": 0.8260869565217391, "recall": 0.8636363636363636, "f1-score": 0.8444444444444444, "support": 22.0}, "22": {"precision": 0.8636363636363636, "recall": 0.8260869565217391, "f1-score": 0.8444444444444444, "support": 23.0}, "23": {"precision": 0.75, "recall": 0.8, "f1-score": 0.7741935483870969, "support": 15.0}, "24": {"precision": 0.5, "recall": 0.5, "f1-score": 0.5, "support": 6.0}, "25": {"precision": 0.3333333333333333, "recall": 1.0, "f1-score": 0.5, "support": 2.0}, "26": {"precision": 0.0, "recall": 0.0, "f1-score": 0.0, "support": 1.0}, "accuracy": 0.905, "macro avg": {"precision": 0.7353109667741924, "recall": 0.773969852382053, "f1-score": 0.7438285458685348, "support": 1000.0}, "weighted avg": {"precision": 0.9116615619650046, "recall": 0.905, "f1-score": 0.9064389424887358, "support": 1000.0}}