{"1": {"precision": 0.5, "recall": 1.0, "f1-score": 0.6666666666666666, "support": 4.0}, "2": {"precision": 0.4, "recall": 0.5, "f1-score": 0.4444444444444445, "support": 4.0}, "3": {"precision": 0.5, "recall": 0.5, "f1-score": 0.5, "support": 12.0}, "4": {"precision": 0.7692307692307693, "recall": 0.47619047619047616, "f1-score": 0.588235294117647, "support": 21.0}, "5": {"precision": 0.4166666666666667, "recall": 0.47619047619047616, "f1-score": 0.4444444444444445, "support": 21.0}, "6": {"precision": 0.625, "recall": 0.5555555555555556, "f1-score": 0.5882352941176471, "support": 27.0}, "7": {"precision": 0.7045454545454546, "recall": 0.8157894736842105, "f1-score": 0.7560975609756098, "support": 38.0}, "8": {"precision": 0.7, "recall": 0.5384615384615384, "f1-score": 0.608695652173913, "support": 39.0}, "9": {"precision": 0.5454545454545454, "recall": 0.7142857142857143, "f1-score": 0.6185567010309277, "support": 42.0}, "10": {"precision": 0.6507936507936508, "recall": 0.6833333333333333, "f1-score": 0.6666666666666666, "support": 60.0}, "11": {"precision": 0.8035714285714286, "recall": 0.6081081081081081, "f1-score": 0.6923076923076923, "support": 74.0}, "12": {"precision": 0.6588235294117647, "recall": 0.7567567567567568, "f1-score": 0.7044025157232704, "support": 74.0}, "13": {"precision": 0.8108108108108109, "recall": 0.7692307692307693, "f1-score": 0.7894736842105263, "support": 78.0}, "14": {"precision": 0.8295454545454546, "recall": 0.8295454545454546, "f1-score": 0.8295454545454547, "support": 88.0}, "15": {"precision": 0.7352941176470589, "recall": 0.7692307692307693, "f1-score": 0.7518796992481205, "support": 65.0}, "16": {"precision": 0.6666666666666666, "recall": 0.7666666666666667, "f1-score": 0.7131782945736433, "support": 60.0}, "17": {"precision": 0.6481481481481481, "recall": 0.5555555555555556, "f1-score": 0.5982905982905983, "support": 63.0}, "18": {"precision": 0.5576923076923077, "recall": 0.453125, "f1-score": 0.5, "support": 64.0}, "19": {"precision": 0.26, "recall": 0.3611111111111111, "f1-score": 0.3023255813953488, "support": 36.0}, "20": {"precision": 0.5, "recall": 0.5384615384615384, "f1-score": 0.5185185185185186, "support": 39.0}, "21": {"precision": 0.6666666666666666, "recall": 0.5185185185185185, "f1-score": 0.5833333333333334, "support": 27.0}, "22": {"precision": 0.6428571428571429, "recall": 0.75, "f1-score": 0.6923076923076924, "support": 24.0}, "23": {"precision": 0.5833333333333334, "recall": 0.4666666666666667, "f1-score": 0.5185185185185186, "support": 15.0}, "24": {"precision": 0.4444444444444444, "recall": 0.4, "f1-score": 0.4210526315789474, "support": 10.0}, "25": {"precision": 0.4166666666666667, "recall": 0.5555555555555556, "f1-score": 0.4761904761904762, "support": 9.0}, "26": {"precision": 0.0, "recall": 0.0, "f1-score": 0.0, "support": 5.0}, "27": {"precision": 0.5, "recall": 1.0, "f1-score": 0.6666666666666666, "support": 1.0}, "accuracy": 0.647, "macro avg": {"precision": 0.5754152520056659, "recall": 0.6058644088188435, "f1-score": 0.5792605215572879, "support": 1000.0}, "weighted avg": {"precision": 0.6559215280629987, "recall": 0.647, "f1-score": 0.6461659924849336, "support": 1000.0}}