{"1": {"precision": 0.3333333333333333, "recall": 0.5, "f1-score": 0.4, "support": 2.0}, "2": {"precision": 0.4444444444444444, "recall": 0.6666666666666666, "f1-score": 0.5333333333333333, "support": 6.0}, "3": {"precision": 0.7, "recall": 0.7, "f1-score": 0.7, "support": 10.0}, "4": {"precision": 0.5238095238095238, "recall": 0.6470588235294118, "f1-score": 0.5789473684210527, "support": 17.0}, "5": {"precision": 0.47058823529411764, "recall": 0.3076923076923077, "f1-score": 0.372093023255814, "support": 26.0}, "6": {"precision": 0.5208333333333334, "recall": 0.6410256410256411, "f1-score": 0.5747126436781609, "support": 39.0}, "7": {"precision": 0.3953488372093023, "recall": 0.4722222222222222, "f1-score": 0.43037974683544306, "support": 36.0}, "8": {"precision": 0.45714285714285713, "recall": 0.3404255319148936, "f1-score": 0.39024390243902435, "support": 47.0}, "9": {"precision": 0.5555555555555556, "recall": 0.5172413793103449, "f1-score": 0.5357142857142857, "support": 58.0}, "10": {"precision": 0.5142857142857142, "recall": 0.5625, "f1-score": 0.5373134328358209, "support": 64.0}, "11": {"precision": 0.5, "recall": 0.5072463768115942, "f1-score": 0.5035971223021583, "support": 69.0}, "12": {"precision": 0.5692307692307692, "recall": 0.5211267605633803, "f1-score": 0.5441176470588235, "support": 71.0}, "13": {"precision": 0.6851851851851852, "recall": 0.5522388059701493, "f1-score": 0.6115702479338844, "support": 67.0}, "14": {"precision": 0.5454545454545454, "recall": 0.6268656716417911, "f1-score": 0.5833333333333334, "support": 67.0}, "15": {"precision": 0.5913978494623656, "recall": 0.6111111111111112, "f1-score": 0.6010928961748635, "support": 90.0}, "16": {"precision": 0.49206349206349204, "recall": 0.5849056603773585, "f1-score": 0.5344827586206896, "support": 53.0}, "17": {"precision": 0.5538461538461539, "recall": 0.5714285714285714, "f1-score": 0.5625, "support": 63.0}, "18": {"precision": 0.4888888888888889, "recall": 0.46808510638297873, "f1-score": 0.47826086956521735, "support": 47.0}, "19": {"precision": 0.3050847457627119, "recall": 0.43902439024390244, "f1-score": 0.36000000000000004, "support": 41.0}, "20": {"precision": 0.43478260869565216, "recall": 0.23255813953488372, "f1-score": 0.30303030303030304, "support": 43.0}, "21": {"precision": 0.3157894736842105, "recall": 0.2, "f1-score": 0.24489795918367346, "support": 30.0}, "22": {"precision": 0.19444444444444445, "recall": 0.4666666666666667, "f1-score": 0.27450980392156865, "support": 15.0}, "23": {"precision": 0.7142857142857143, "recall": 0.2631578947368421, "f1-score": 0.3846153846153846, "support": 19.0}, "24": {"precision": 0.5714285714285714, "recall": 0.36363636363636365, "f1-score": 0.4444444444444444, "support": 11.0}, "25": {"precision": 0.2, "recall": 0.25, "f1-score": 0.22222222222222224, "support": 4.0}, "26": {"precision": 1.0, "recall": 0.4, "f1-score": 0.5714285714285715, "support": 5.0}, "accuracy": 0.503, "macro avg": {"precision": 0.5029701644938803, "recall": 0.47741861890258, "f1-score": 0.47218620385954124, "support": 1000.0}, "weighted avg": {"precision": 0.5164357937713295, "recall": 0.503, "f1-score": 0.5012032434092667, "support": 1000.0}}