{"0": {"precision": 0.0, "recall": 0.0, "f1-score": 0.0, "support": 1.0}, "1": {"precision": 0.8571428571428571, "recall": 1.0, "f1-score": 0.923076923076923, "support": 6.0}, "2": {"precision": 0.6, "recall": 1.0, "f1-score": 0.7499999999999999, "support": 6.0}, "3": {"precision": 0.6666666666666666, "recall": 0.3333333333333333, "f1-score": 0.4444444444444444, "support": 6.0}, "4": {"precision": 1.0, "recall": 0.9375, "f1-score": 0.967741935483871, "support": 16.0}, "5": {"precision": 0.9565217391304348, "recall": 1.0, "f1-score": 0.9777777777777777, "support": 22.0}, "6": {"precision": 0.96875, "recall": 0.96875, "f1-score": 0.96875, "support": 32.0}, "7": {"precision": 1.0, "recall": 0.975, "f1-score": 0.9873417721518987, "support": 40.0}, "8": {"precision": 1.0, "recall": 1.0, "f1-score": 1.0, "support": 31.0}, "9": {"precision": 1.0, "recall": 1.0, "f1-score": 1.0, "support": 61.0}, "10": {"precision": 1.0, "recall": 1.0, "f1-score": 1.0, "support": 66.0}, "11": {"precision": 1.0, "recall": 1.0, "f1-score": 1.0, "support": 56.0}, "12": {"precision": 1.0, "recall": 1.0, "f1-score": 1.0, "support": 71.0}, "13": {"precision": 1.0, "recall": 1.0, "f1-score": 1.0, "support": 75.0}, "14": {"precision": 1.0, "recall": 1.0, "f1-score": 1.0, "support": 72.0}, "15": {"precision": 1.0, "recall": 1.0, "f1-score": 1.0, "support": 84.0}, "16": {"precision": 1.0, "recall": 1.0, "f1-score": 1.0, "support": 75.0}, "17": {"precision": 1.0, "recall": 1.0, "f1-score": 1.0, "support": 68.0}, "18": {"precision": 1.0, "recall": 1.0, "f1-score": 1.0, "support": 62.0}, "19": {"precision": 1.0, "recall": 1.0, "f1-score": 1.0, "support": 38.0}, "20": {"precision": 1.0, "recall": 1.0, "f1-score": 1.0, "support": 31.0}, "21": {"precision": 1.0, "recall": 1.0, "f1-score": 1.0, "support": 24.0}, "22": {"precision": 1.0, "recall": 0.6666666666666666, "f1-score": 0.8, "support": 21.0}, "23": {"precision": 0.6111111111111112, "recall": 0.7857142857142857, "f1-score": 0.6875000000000001, "support": 14.0}, "24": {"precision": 0.625, "recall": 0.5555555555555556, "f1-score": 0.5882352941176471, "support": 9.0}, "25": {"precision": 0.5, "recall": 0.4444444444444444, "f1-score": 0.47058823529411764, "support": 9.0}, "26": {"precision": 0.0, "recall": 0.0, "f1-score": 0.0, "support": 2.0}, "27": {"precision": 0.5, "recall": 1.0, "f1-score": 0.6666666666666666, "support": 2.0}, "accuracy": 0.971, "macro avg": {"precision": 0.8316140133589667, "recall": 0.8452487244897959, "f1-score": 0.8297186803219052, "support": 1000.0}, "weighted avg": {"precision": 0.9754668909592822, "recall": 0.971, "f1-score": 0.9714815262680965, "support": 1000.0}}