{"1": {"precision": 0.0, "recall": 0.0, "f1-score": 0.0, "support": 1.0}, "2": {"precision": 0.2, "recall": 0.6666666666666666, "f1-score": 0.30769230769230765, "support": 3.0}, "3": {"precision": 0.36363636363636365, "recall": 0.36363636363636365, "f1-score": 0.36363636363636365, "support": 11.0}, "4": {"precision": 0.5652173913043478, "recall": 0.5, "f1-score": 0.5306122448979592, "support": 26.0}, "5": {"precision": 0.4, "recall": 0.19047619047619047, "f1-score": 0.25806451612903225, "support": 21.0}, "6": {"precision": 0.4375, "recall": 0.7, "f1-score": 0.5384615384615384, "support": 20.0}, "7": {"precision": 0.3611111111111111, "recall": 0.41935483870967744, "f1-score": 0.3880597014925373, "support": 31.0}, "8": {"precision": 0.45, "recall": 0.2647058823529412, "f1-score": 0.33333333333333337, "support": 34.0}, "9": {"precision": 0.3870967741935484, "recall": 0.4444444444444444, "f1-score": 0.41379310344827586, "support": 54.0}, "10": {"precision": 0.3548387096774194, "recall": 0.2894736842105263, "f1-score": 0.31884057971014496, "support": 76.0}, "11": {"precision": 0.5166666666666667, "recall": 0.4025974025974026, "f1-score": 0.45255474452554745, "support": 77.0}, "12": {"precision": 0.43137254901960786, "recall": 0.5301204819277109, "f1-score": 0.4756756756756757, "support": 83.0}, "13": {"precision": 0.6, "recall": 0.38028169014084506, "f1-score": 0.4655172413793103, "support": 71.0}, "14": {"precision": 0.5689655172413793, "recall": 0.4647887323943662, "f1-score": 0.5116279069767443, "support": 71.0}, "15": {"precision": 0.4108527131782946, "recall": 0.654320987654321, "f1-score": 0.5047619047619047, "support": 81.0}, "16": {"precision": 0.417910447761194, "recall": 0.3888888888888889, "f1-score": 0.4028776978417266, "support": 72.0}, "17": {"precision": 0.49206349206349204, "recall": 0.5535714285714286, "f1-score": 0.5210084033613446, "support": 56.0}, "18": {"precision": 0.39705882352941174, "recall": 0.574468085106383, "f1-score": 0.46956521739130436, "support": 47.0}, "19": {"precision": 0.29508196721311475, "recall": 0.35294117647058826, "f1-score": 0.32142857142857145, "support": 51.0}, "20": {"precision": 0.20689655172413793, "recall": 0.16216216216216217, "f1-score": 0.18181818181818182, "support": 37.0}, "21": {"precision": 0.7222222222222222, "recall": 0.41935483870967744, "f1-score": 0.5306122448979592, "support": 31.0}, "22": {"precision": 0.4444444444444444, "recall": 0.26666666666666666, "f1-score": 0.33333333333333337, "support": 15.0}, "23": {"precision": 0.3333333333333333, "recall": 0.21428571428571427, "f1-score": 0.2608695652173913, "support": 14.0}, "24": {"precision": 0.2857142857142857, "recall": 0.25, "f1-score": 0.26666666666666666, "support": 8.0}, "25": {"precision": 0.2857142857142857, "recall": 0.5, "f1-score": 0.36363636363636365, "support": 4.0}, "26": {"precision": 1.0, "recall": 0.2, "f1-score": 0.33333333333333337, "support": 5.0}, "accuracy": 0.428, "macro avg": {"precision": 0.42029606345187165, "recall": 0.39050793561819097, "f1-score": 0.37876079773257126, "support": 1000.0}, "weighted avg": {"precision": 0.443835959646533, "recall": 0.428, "f1-score": 0.42316735173047304, "support": 1000.0}}