{"0": {"precision": 0.0, "recall": 0.0, "f1-score": 0.0, "support": 3.0}, "1": {"precision": 0.3333333333333333, "recall": 0.16666666666666666, "f1-score": 0.2222222222222222, "support": 6.0}, "2": {"precision": 0.625, "recall": 1.0, "f1-score": 0.7692307692307693, "support": 10.0}, "3": {"precision": 0.6923076923076923, "recall": 1.0, "f1-score": 0.8181818181818181, "support": 9.0}, "4": {"precision": 1.0, "recall": 0.7647058823529411, "f1-score": 0.8666666666666666, "support": 17.0}, "5": {"precision": 1.0, "recall": 1.0, "f1-score": 1.0, "support": 17.0}, "6": {"precision": 1.0, "recall": 1.0, "f1-score": 1.0, "support": 24.0}, "7": {"precision": 1.0, "recall": 1.0, "f1-score": 1.0, "support": 38.0}, "8": {"precision": 1.0, "recall": 1.0, "f1-score": 1.0, "support": 45.0}, "9": {"precision": 1.0, "recall": 1.0, "f1-score": 1.0, "support": 49.0}, "10": {"precision": 1.0, "recall": 1.0, "f1-score": 1.0, "support": 48.0}, "11": {"precision": 1.0, "recall": 1.0, "f1-score": 1.0, "support": 70.0}, "12": {"precision": 1.0, "recall": 1.0, "f1-score": 1.0, "support": 72.0}, "13": {"precision": 1.0, "recall": 1.0, "f1-score": 1.0, "support": 76.0}, "14": {"precision": 1.0, "recall": 1.0, "f1-score": 1.0, "support": 59.0}, "15": {"precision": 1.0, "recall": 1.0, "f1-score": 1.0, "support": 88.0}, "16": {"precision": 1.0, "recall": 1.0, "f1-score": 1.0, "support": 77.0}, "17": {"precision": 1.0, "recall": 1.0, "f1-score": 1.0, "support": 72.0}, "18": {"precision": 1.0, "recall": 1.0, "f1-score": 1.0, "support": 56.0}, "19": {"precision": 1.0, "recall": 0.8947368421052632, "f1-score": 0.9444444444444444, "support": 38.0}, "20": {"precision": 0.8888888888888888, "recall": 0.8648648648648649, "f1-score": 0.8767123287671232, "support": 37.0}, "21": {"precision": 0.8529411764705882, "recall": 0.7837837837837838, "f1-score": 0.8169014084507041, "support": 37.0}, "22": {"precision": 0.6, "recall": 0.8571428571428571, "f1-score": 0.7058823529411764, "support": 14.0}, "23": {"precision": 0.8181818181818182, "recall": 0.6, "f1-score": 0.6923076923076923, "support": 15.0}, "24": {"precision": 0.25, "recall": 0.2222222222222222, "f1-score": 0.23529411764705882, "support": 9.0}, "25": {"precision": 0.4166666666666667, "recall": 0.5555555555555556, "f1-score": 0.4761904761904762, "support": 9.0}, "26": {"precision": 0.0, "recall": 0.0, "f1-score": 0.0, "support": 4.0}, "27": {"precision": 0.2, "recall": 1.0, "f1-score": 0.33333333333333337, "support": 1.0}, "accuracy": 0.948, "macro avg": {"precision": 0.7741899848517495, "recall": 0.8110599526676484, "f1-score": 0.7770488439422671, "support": 1000.0}, "weighted avg": {"precision": 0.9518012089217973, "recall": 0.948, "f1-score": 0.9476788708922224, "support": 1000.0}}