{"1": {"precision": 1.0, "recall": 0.3333333333333333, "f1-score": 0.5, "support": 3.0}, "2": {"precision": 0.5, "recall": 1.0, "f1-score": 0.6666666666666666, "support": 5.0}, "3": {"precision": 0.6, "recall": 0.75, "f1-score": 0.6666666666666665, "support": 12.0}, "4": {"precision": 1.0, "recall": 0.625, "f1-score": 0.7692307692307693, "support": 16.0}, "5": {"precision": 0.7647058823529411, "recall": 1.0, "f1-score": 0.8666666666666666, "support": 13.0}, "6": {"precision": 0.8260869565217391, "recall": 0.8260869565217391, "f1-score": 0.8260869565217391, "support": 23.0}, "7": {"precision": 0.9318181818181818, "recall": 0.9111111111111111, "f1-score": 0.9213483146067416, "support": 45.0}, "8": {"precision": 0.926829268292683, "recall": 0.926829268292683, "f1-score": 0.926829268292683, "support": 41.0}, "9": {"precision": 0.9807692307692307, "recall": 0.9444444444444444, "f1-score": 0.9622641509433962, "support": 54.0}, "10": {"precision": 1.0, "recall": 0.9855072463768116, "f1-score": 0.9927007299270074, "support": 69.0}, "11": {"precision": 1.0, "recall": 1.0, "f1-score": 1.0, "support": 65.0}, "12": {"precision": 1.0, "recall": 1.0, "f1-score": 1.0, "support": 80.0}, "13": {"precision": 1.0, "recall": 1.0, "f1-score": 1.0, "support": 88.0}, "14": {"precision": 1.0, "recall": 1.0, "f1-score": 1.0, "support": 64.0}, "15": {"precision": 1.0, "recall": 1.0, "f1-score": 1.0, "support": 69.0}, "16": {"precision": 1.0, "recall": 1.0, "f1-score": 1.0, "support": 70.0}, "17": {"precision": 1.0, "recall": 1.0, "f1-score": 1.0, "support": 62.0}, "18": {"precision": 1.0, "recall": 1.0, "f1-score": 1.0, "support": 44.0}, "19": {"precision": 1.0, "recall": 0.975, "f1-score": 0.9873417721518987, "support": 40.0}, "20": {"precision": 0.9782608695652174, "recall": 0.9782608695652174, "f1-score": 0.9782608695652174, "support": 46.0}, "21": {"precision": 0.9666666666666667, "recall": 1.0, "f1-score": 0.983050847457627, "support": 29.0}, "22": {"precision": 1.0, "recall": 1.0, "f1-score": 1.0, "support": 23.0}, "23": {"precision": 1.0, "recall": 0.8, "f1-score": 0.888888888888889, "support": 15.0}, "24": {"precision": 0.75, "recall": 0.6, "f1-score": 0.6666666666666665, "support": 15.0}, "25": {"precision": 0.45454545454545453, "recall": 0.8333333333333334, "f1-score": 0.5882352941176471, "support": 6.0}, "26": {"precision": 0.5, "recall": 0.5, "f1-score": 0.5, "support": 2.0}, "27": {"precision": 0.5, "recall": 1.0, "f1-score": 0.6666666666666666, "support": 1.0}, "accuracy": 0.961, "macro avg": {"precision": 0.8770252781678559, "recall": 0.888478020851062, "f1-score": 0.8650952294458131, "support": 1000.0}, "weighted avg": {"precision": 0.9680451391745509, "recall": 0.961, "f1-score": 0.9618585382079555, "support": 1000.0}}