{"0": {"precision": 0.0, "recall": 0.0, "f1-score": 0.0, "support": 2.0}, "1": {"precision": 0.75, "recall": 1.0, "f1-score": 0.8571428571428571, "support": 6.0}, "2": {"precision": 0.6666666666666666, "recall": 1.0, "f1-score": 0.8, "support": 4.0}, "3": {"precision": 0.9090909090909091, "recall": 0.8333333333333334, "f1-score": 0.8695652173913043, "support": 12.0}, "4": {"precision": 1.0, "recall": 0.95, "f1-score": 0.9743589743589743, "support": 20.0}, "5": {"precision": 1.0, "recall": 1.0, "f1-score": 1.0, "support": 21.0}, "6": {"precision": 1.0, "recall": 1.0, "f1-score": 1.0, "support": 27.0}, "7": {"precision": 0.9354838709677419, "recall": 1.0, "f1-score": 0.9666666666666666, "support": 29.0}, "8": {"precision": 1.0, "recall": 0.9574468085106383, "f1-score": 0.9782608695652174, "support": 47.0}, "9": {"precision": 1.0, "recall": 1.0, "f1-score": 1.0, "support": 55.0}, "10": {"precision": 1.0, "recall": 1.0, "f1-score": 1.0, "support": 62.0}, "11": {"precision": 1.0, "recall": 1.0, "f1-score": 1.0, "support": 62.0}, "12": {"precision": 1.0, "recall": 1.0, "f1-score": 1.0, "support": 65.0}, "13": {"precision": 1.0, "recall": 1.0, "f1-score": 1.0, "support": 87.0}, "14": {"precision": 1.0, "recall": 1.0, "f1-score": 1.0, "support": 78.0}, "15": {"precision": 1.0, "recall": 1.0, "f1-score": 1.0, "support": 55.0}, "16": {"precision": 1.0, "recall": 1.0, "f1-score": 1.0, "support": 74.0}, "17": {"precision": 1.0, "recall": 1.0, "f1-score": 1.0, "support": 75.0}, "18": {"precision": 1.0, "recall": 1.0, "f1-score": 1.0, "support": 54.0}, "19": {"precision": 1.0, "recall": 1.0, "f1-score": 1.0, "support": 44.0}, "20": {"precision": 1.0, "recall": 0.96875, "f1-score": 0.9841269841269841, "support": 32.0}, "21": {"precision": 0.9642857142857143, "recall": 0.7941176470588235, "f1-score": 0.8709677419354839, "support": 34.0}, "22": {"precision": 0.631578947368421, "recall": 0.7058823529411765, "f1-score": 0.6666666666666667, "support": 17.0}, "23": {"precision": 0.5, "recall": 0.625, "f1-score": 0.5555555555555556, "support": 8.0}, "24": {"precision": 0.7272727272727273, "recall": 0.47058823529411764, "f1-score": 0.5714285714285714, "support": 17.0}, "25": {"precision": 0.35714285714285715, "recall": 1.0, "f1-score": 0.5263157894736842, "support": 5.0}, "26": {"precision": 1.0, "recall": 0.14285714285714285, "f1-score": 0.25, "support": 7.0}, "27": {"precision": 0.14285714285714285, "recall": 1.0, "f1-score": 0.25, "support": 1.0}, "accuracy": 0.962, "macro avg": {"precision": 0.842299244130435, "recall": 0.8731419828569724, "f1-score": 0.8257519962254275, "support": 1000.0}, "weighted avg": {"precision": 0.9720195540170073, "recall": 0.962, "f1-score": 0.9625050225989327, "support": 1000.0}}