{"1": {"precision": 1.0, "recall": 1.0, "f1-score": 1.0, "support": 2.0}, "2": {"precision": 0.75, "recall": 1.0, "f1-score": 0.8571428571428571, "support": 12.0}, "3": {"precision": 0.8, "recall": 0.5, "f1-score": 0.6153846153846154, "support": 8.0}, "4": {"precision": 1.0, "recall": 0.9444444444444444, "f1-score": 0.9714285714285714, "support": 18.0}, "5": {"precision": 1.0, "recall": 1.0, "f1-score": 1.0, "support": 19.0}, "6": {"precision": 1.0, "recall": 1.0, "f1-score": 1.0, "support": 23.0}, "7": {"precision": 1.0, "recall": 1.0, "f1-score": 1.0, "support": 36.0}, "8": {"precision": 1.0, "recall": 1.0, "f1-score": 1.0, "support": 42.0}, "9": {"precision": 1.0, "recall": 1.0, "f1-score": 1.0, "support": 48.0}, "10": {"precision": 1.0, "recall": 1.0, "f1-score": 1.0, "support": 55.0}, "11": {"precision": 1.0, "recall": 1.0, "f1-score": 1.0, "support": 67.0}, "12": {"precision": 1.0, "recall": 1.0, "f1-score": 1.0, "support": 64.0}, "13": {"precision": 1.0, "recall": 1.0, "f1-score": 1.0, "support": 82.0}, "14": {"precision": 1.0, "recall": 1.0, "f1-score": 1.0, "support": 81.0}, "15": {"precision": 1.0, "recall": 1.0, "f1-score": 1.0, "support": 91.0}, "16": {"precision": 1.0, "recall": 1.0, "f1-score": 1.0, "support": 61.0}, "17": {"precision": 1.0, "recall": 1.0, "f1-score": 1.0, "support": 53.0}, "18": {"precision": 1.0, "recall": 1.0, "f1-score": 1.0, "support": 61.0}, "19": {"precision": 1.0, "recall": 1.0, "f1-score": 1.0, "support": 51.0}, "20": {"precision": 1.0, "recall": 1.0, "f1-score": 1.0, "support": 40.0}, "21": {"precision": 1.0, "recall": 0.9310344827586207, "f1-score": 0.9642857142857143, "support": 29.0}, "22": {"precision": 0.8947368421052632, "recall": 0.8947368421052632, "f1-score": 0.8947368421052632, "support": 19.0}, "23": {"precision": 0.7142857142857143, "recall": 0.3125, "f1-score": 0.43478260869565216, "support": 16.0}, "24": {"precision": 0.26666666666666666, "recall": 0.3333333333333333, "f1-score": 0.2962962962962963, "support": 12.0}, "25": {"precision": 0.1111111111111111, "recall": 0.2, "f1-score": 0.14285714285714285, "support": 5.0}, "26": {"precision": 0.0, "recall": 0.0, "f1-score": 0.0, "support": 2.0}, "27": {"precision": 0.6, "recall": 1.0, "f1-score": 0.7499999999999999, "support": 3.0}, "accuracy": 0.966, "macro avg": {"precision": 0.8569185308951391, "recall": 0.856149966764506, "f1-score": 0.8491449869702264, "support": 1000.0}, "weighted avg": {"precision": 0.972384126984127, "recall": 0.966, "f1-score": 0.9671351542177629, "support": 1000.0}}