{"0": {"precision": 0.0, "recall": 0.0, "f1-score": 0.0, "support": 1.0}, "1": {"precision": 0.875, "recall": 1.0, "f1-score": 0.9333333333333333, "support": 7.0}, "2": {"precision": 0.6666666666666666, "recall": 1.0, "f1-score": 0.8, "support": 8.0}, "3": {"precision": 0.6666666666666666, "recall": 0.5, "f1-score": 0.5714285714285715, "support": 8.0}, "4": {"precision": 0.9375, "recall": 0.8823529411764706, "f1-score": 0.9090909090909091, "support": 17.0}, "5": {"precision": 1.0, "recall": 0.9545454545454546, "f1-score": 0.9767441860465117, "support": 22.0}, "6": {"precision": 1.0, "recall": 1.0, "f1-score": 1.0, "support": 26.0}, "7": {"precision": 1.0, "recall": 1.0, "f1-score": 1.0, "support": 38.0}, "8": {"precision": 1.0, "recall": 1.0, "f1-score": 1.0, "support": 43.0}, "9": {"precision": 1.0, "recall": 1.0, "f1-score": 1.0, "support": 53.0}, "10": {"precision": 1.0, "recall": 1.0, "f1-score": 1.0, "support": 53.0}, "11": {"precision": 1.0, "recall": 1.0, "f1-score": 1.0, "support": 68.0}, "12": {"precision": 1.0, "recall": 1.0, "f1-score": 1.0, "support": 81.0}, "13": {"precision": 1.0, "recall": 1.0, "f1-score": 1.0, "support": 61.0}, "14": {"precision": 1.0, "recall": 1.0, "f1-score": 1.0, "support": 68.0}, "15": {"precision": 1.0, "recall": 1.0, "f1-score": 1.0, "support": 74.0}, "16": {"precision": 1.0, "recall": 1.0, "f1-score": 1.0, "support": 84.0}, "17": {"precision": 1.0, "recall": 1.0, "f1-score": 1.0, "support": 69.0}, "18": {"precision": 1.0, "recall": 1.0, "f1-score": 1.0, "support": 66.0}, "19": {"precision": 1.0, "recall": 1.0, "f1-score": 1.0, "support": 40.0}, "20": {"precision": 1.0, "recall": 1.0, "f1-score": 1.0, "support": 34.0}, "21": {"precision": 1.0, "recall": 0.9642857142857143, "f1-score": 0.9818181818181818, "support": 28.0}, "22": {"precision": 0.9545454545454546, "recall": 0.875, "f1-score": 0.9130434782608695, "support": 24.0}, "23": {"precision": 0.7272727272727273, "recall": 0.7272727272727273, "f1-score": 0.7272727272727273, "support": 11.0}, "24": {"precision": 0.5714285714285714, "recall": 0.5, "f1-score": 0.5333333333333333, "support": 8.0}, "25": {"precision": 0.2, "recall": 0.25, "f1-score": 0.22222222222222224, "support": 4.0}, "26": {"precision": 0.25, "recall": 0.5, "f1-score": 0.3333333333333333, "support": 2.0}, "27": {"precision": 0.6666666666666666, "recall": 1.0, "f1-score": 0.8, "support": 2.0}, "accuracy": 0.977, "macro avg": {"precision": 0.8398480983302413, "recall": 0.8626234584742988, "f1-score": 0.8464864384335712, "support": 1000.0}, "weighted avg": {"precision": 0.9788430194805194, "recall": 0.977, "f1-score": 0.9772738542437228, "support": 1000.0}}