{"1": {"precision": 1.0, "recall": 0.6666666666666666, "f1-score": 0.8, "support": 6.0}, "2": {"precision": 0.5, "recall": 0.8333333333333334, "f1-score": 0.625, "support": 6.0}, "3": {"precision": 0.45454545454545453, "recall": 0.625, "f1-score": 0.5263157894736842, "support": 8.0}, "4": {"precision": 0.375, "recall": 0.5, "f1-score": 0.42857142857142855, "support": 12.0}, "5": {"precision": 0.5, "recall": 0.23809523809523808, "f1-score": 0.3225806451612903, "support": 21.0}, "6": {"precision": 0.3225806451612903, "recall": 0.45454545454545453, "f1-score": 0.3773584905660377, "support": 22.0}, "7": {"precision": 0.41935483870967744, "recall": 0.35135135135135137, "f1-score": 0.38235294117647056, "support": 37.0}, "8": {"precision": 0.3684210526315789, "recall": 0.19444444444444445, "f1-score": 0.2545454545454545, "support": 36.0}, "9": {"precision": 0.3333333333333333, "recall": 0.2545454545454545, "f1-score": 0.28865979381443296, "support": 55.0}, "10": {"precision": 0.3, "recall": 0.45, "f1-score": 0.36000000000000004, "support": 60.0}, "11": {"precision": 0.3076923076923077, "recall": 0.18461538461538463, "f1-score": 0.23076923076923078, "support": 65.0}, "12": {"precision": 0.3116883116883117, "recall": 0.375, "f1-score": 0.3404255319148936, "support": 64.0}, "13": {"precision": 0.5714285714285714, "recall": 0.3218390804597701, "f1-score": 0.4117647058823529, "support": 87.0}, "14": {"precision": 0.5, "recall": 0.5897435897435898, "f1-score": 0.5411764705882353, "support": 78.0}, "15": {"precision": 0.30718954248366015, "recall": 0.6266666666666667, "f1-score": 0.412280701754386, "support": 75.0}, "16": {"precision": 0.5094339622641509, "recall": 0.4090909090909091, "f1-score": 0.45378151260504207, "support": 66.0}, "17": {"precision": 0.34146341463414637, "recall": 0.5384615384615384, "f1-score": 0.41791044776119407, "support": 52.0}, "18": {"precision": 0.4634146341463415, "recall": 0.30158730158730157, "f1-score": 0.36538461538461536, "support": 63.0}, "19": {"precision": 0.375, "recall": 0.3, "f1-score": 0.33333333333333326, "support": 60.0}, "20": {"precision": 0.30303030303030304, "recall": 0.2564102564102564, "f1-score": 0.2777777777777778, "support": 39.0}, "21": {"precision": 0.2857142857142857, "recall": 0.15384615384615385, "f1-score": 0.2, "support": 26.0}, "22": {"precision": 0.4074074074074074, "recall": 0.5, "f1-score": 0.44897959183673464, "support": 22.0}, "23": {"precision": 0.6153846153846154, "recall": 0.42105263157894735, "f1-score": 0.5, "support": 19.0}, "24": {"precision": 0.6666666666666666, "recall": 0.42857142857142855, "f1-score": 0.5217391304347826, "support": 14.0}, "25": {"precision": 0.0, "recall": 0.0, "f1-score": 0.0, "support": 3.0}, "26": {"precision": 0.0, "recall": 0.0, "f1-score": 0.0, "support": 2.0}, "27": {"precision": 0.0, "recall": 0.0, "f1-score": 0.0, "support": 2.0}, "accuracy": 0.384, "macro avg": {"precision": 0.39032404988600383, "recall": 0.36943951422273663, "f1-score": 0.3637299108648659, "support": 1000.0}, "weighted avg": {"precision": 0.40385652969583874, "recall": 0.384, "f1-score": 0.3769254145027994, "support": 1000.0}}