{"0": {"precision": 0.0, "recall": 0.0, "f1-score": 0.0, "support": 1.0}, "1": {"precision": 0.42857142857142855, "recall": 1.0, "f1-score": 0.6, "support": 3.0}, "2": {"precision": 0.6666666666666666, "recall": 0.5714285714285714, "f1-score": 0.6153846153846153, "support": 7.0}, "3": {"precision": 0.8181818181818182, "recall": 0.8181818181818182, "f1-score": 0.8181818181818182, "support": 11.0}, "4": {"precision": 0.8125, "recall": 0.7647058823529411, "f1-score": 0.787878787878788, "support": 17.0}, "5": {"precision": 0.6666666666666666, "recall": 0.6666666666666666, "f1-score": 0.6666666666666666, "support": 15.0}, "6": {"precision": 0.6296296296296297, "recall": 0.8095238095238095, "f1-score": 0.7083333333333334, "support": 21.0}, "7": {"precision": 0.7058823529411765, "recall": 0.75, "f1-score": 0.7272727272727272, "support": 32.0}, "8": {"precision": 0.9454545454545454, "recall": 0.8524590163934426, "f1-score": 0.8965517241379309, "support": 61.0}, "9": {"precision": 0.8571428571428571, "recall": 0.9333333333333333, "f1-score": 0.8936170212765957, "support": 45.0}, "10": {"precision": 0.9322033898305084, "recall": 0.8870967741935484, "f1-score": 0.9090909090909092, "support": 62.0}, "11": {"precision": 1.0, "recall": 0.9322033898305084, "f1-score": 0.9649122807017544, "support": 59.0}, "12": {"precision": 0.9767441860465116, "recall": 1.0, "f1-score": 0.988235294117647, "support": 84.0}, "13": {"precision": 0.96875, "recall": 0.96875, "f1-score": 0.96875, "support": 64.0}, "14": {"precision": 0.9859154929577465, "recall": 0.958904109589041, "f1-score": 0.9722222222222222, "support": 73.0}, "15": {"precision": 0.9420289855072463, "recall": 0.9848484848484849, "f1-score": 0.962962962962963, "support": 66.0}, "16": {"precision": 0.9880952380952381, "recall": 0.9431818181818182, "f1-score": 0.9651162790697674, "support": 88.0}, "17": {"precision": 0.9655172413793104, "recall": 0.9824561403508771, "f1-score": 0.9739130434782608, "support": 57.0}, "18": {"precision": 0.984375, "recall": 0.9402985074626866, "f1-score": 0.9618320610687023, "support": 67.0}, "19": {"precision": 0.8974358974358975, "recall": 0.875, "f1-score": 0.8860759493670887, "support": 40.0}, "20": {"precision": 0.8888888888888888, "recall": 0.9090909090909091, "f1-score": 0.8988764044943819, "support": 44.0}, "21": {"precision": 0.8918918918918919, "recall": 0.868421052631579, "f1-score": 0.88, "support": 38.0}, "22": {"precision": 0.7647058823529411, "recall": 0.8125, "f1-score": 0.787878787878788, "support": 16.0}, "23": {"precision": 0.7692307692307693, "recall": 0.7692307692307693, "f1-score": 0.7692307692307693, "support": 13.0}, "24": {"precision": 0.5714285714285714, "recall": 0.8, "f1-score": 0.6666666666666666, "support": 5.0}, "25": {"precision": 0.5, "recall": 1.0, "f1-score": 0.6666666666666666, "support": 5.0}, "26": {"precision": 0.0, "recall": 0.0, "f1-score": 0.0, "support": 5.0}, "27": {"precision": 0.5, "recall": 1.0, "f1-score": 0.6666666666666666, "support": 1.0}, "accuracy": 0.908, "macro avg": {"precision": 0.7520681214392969, "recall": 0.8142243233318146, "f1-score": 0.7715351306362761, "support": 1000.0}, "weighted avg": {"precision": 0.9107412247258995, "recall": 0.908, "f1-score": 0.9076438013527532, "support": 1000.0}}