{"0": {"precision": 0.0, "recall": 0.0, "f1-score": 0.0, "support": 1.0}, "1": {"precision": 0.0, "recall": 0.0, "f1-score": 0.0, "support": 4.0}, "2": {"precision": 0.35714285714285715, "recall": 1.0, "f1-score": 0.5263157894736842, "support": 5.0}, "3": {"precision": 1.0, "recall": 0.5, "f1-score": 0.6666666666666666, "support": 10.0}, "4": {"precision": 1.0, "recall": 1.0, "f1-score": 1.0, "support": 16.0}, "5": {"precision": 1.0, "recall": 1.0, "f1-score": 1.0, "support": 29.0}, "6": {"precision": 1.0, "recall": 1.0, "f1-score": 1.0, "support": 32.0}, "7": {"precision": 0.9142857142857143, "recall": 1.0, "f1-score": 0.955223880597015, "support": 32.0}, "8": {"precision": 1.0, "recall": 0.9210526315789473, "f1-score": 0.958904109589041, "support": 38.0}, "9": {"precision": 0.9787234042553191, "recall": 1.0, "f1-score": 0.989247311827957, "support": 46.0}, "10": {"precision": 0.984375, "recall": 0.984375, "f1-score": 0.984375, "support": 64.0}, "11": {"precision": 1.0, "recall": 0.9838709677419355, "f1-score": 0.991869918699187, "support": 62.0}, "12": {"precision": 1.0, "recall": 1.0, "f1-score": 1.0, "support": 68.0}, "13": {"precision": 1.0, "recall": 1.0, "f1-score": 1.0, "support": 62.0}, "14": {"precision": 1.0, "recall": 1.0, "f1-score": 1.0, "support": 77.0}, "15": {"precision": 1.0, "recall": 1.0, "f1-score": 1.0, "support": 69.0}, "16": {"precision": 1.0, "recall": 0.9615384615384616, "f1-score": 0.9803921568627451, "support": 78.0}, "17": {"precision": 0.9558823529411765, "recall": 0.9701492537313433, "f1-score": 0.962962962962963, "support": 67.0}, "18": {"precision": 0.9696969696969697, "recall": 1.0, "f1-score": 0.9846153846153847, "support": 64.0}, "19": {"precision": 1.0, "recall": 0.9444444444444444, "f1-score": 0.9714285714285714, "support": 54.0}, "20": {"precision": 0.9090909090909091, "recall": 0.9375, "f1-score": 0.923076923076923, "support": 32.0}, "21": {"precision": 0.9333333333333333, "recall": 0.9333333333333333, "f1-score": 0.9333333333333333, "support": 30.0}, "22": {"precision": 0.875, "recall": 0.6363636363636364, "f1-score": 0.7368421052631579, "support": 22.0}, "23": {"precision": 0.5, "recall": 0.7272727272727273, "f1-score": 0.5925925925925926, "support": 11.0}, "24": {"precision": 0.5714285714285714, "recall": 0.5, "f1-score": 0.5333333333333333, "support": 8.0}, "25": {"precision": 0.6363636363636364, "recall": 0.5833333333333334, "f1-score": 0.6086956521739131, "support": 12.0}, "26": {"precision": 0.0, "recall": 0.0, "f1-score": 0.0, "support": 5.0}, "27": {"precision": 0.2857142857142857, "recall": 1.0, "f1-score": 0.4444444444444445, "support": 2.0}, "accuracy": 0.948, "macro avg": {"precision": 0.7811084655090276, "recall": 0.8065440639049344, "f1-score": 0.776582862033604, "support": 1000.0}, "weighted avg": {"precision": 0.9547889873163966, "recall": 0.948, "f1-score": 0.948494121241711, "support": 1000.0}}