{"0": {"precision": 0.0, "recall": 0.0, "f1-score": 0.0, "support": 2.0}, "1": {"precision": 0.6, "recall": 1.0, "f1-score": 0.7499999999999999, "support": 3.0}, "2": {"precision": 0.4, "recall": 1.0, "f1-score": 0.5714285714285715, "support": 6.0}, "3": {"precision": 0.5714285714285714, "recall": 0.3076923076923077, "f1-score": 0.4, "support": 13.0}, "4": {"precision": 1.0, "recall": 0.7272727272727273, "f1-score": 0.8421052631578948, "support": 11.0}, "5": {"precision": 0.8181818181818182, "recall": 1.0, "f1-score": 0.9, "support": 18.0}, "6": {"precision": 0.9615384615384616, "recall": 0.8620689655172413, "f1-score": 0.9090909090909091, "support": 29.0}, "7": {"precision": 0.8378378378378378, "recall": 0.96875, "f1-score": 0.8985507246376812, "support": 32.0}, "8": {"precision": 1.0, "recall": 0.8461538461538461, "f1-score": 0.9166666666666666, "support": 39.0}, "9": {"precision": 0.9833333333333333, "recall": 1.0, "f1-score": 0.9915966386554621, "support": 59.0}, "10": {"precision": 0.9365079365079365, "recall": 0.9833333333333333, "f1-score": 0.9593495934959351, "support": 60.0}, "11": {"precision": 0.9583333333333334, "recall": 0.9452054794520548, "f1-score": 0.9517241379310345, "support": 73.0}, "12": {"precision": 0.9846153846153847, "recall": 0.9552238805970149, "f1-score": 0.9696969696969696, "support": 67.0}, "13": {"precision": 1.0, "recall": 0.9886363636363636, "f1-score": 0.9942857142857142, "support": 88.0}, "14": {"precision": 1.0, "recall": 1.0, "f1-score": 1.0, "support": 79.0}, "15": {"precision": 1.0, "recall": 1.0, "f1-score": 1.0, "support": 67.0}, "16": {"precision": 1.0, "recall": 1.0, "f1-score": 1.0, "support": 67.0}, "17": {"precision": 1.0, "recall": 1.0, "f1-score": 1.0, "support": 63.0}, "18": {"precision": 1.0, "recall": 1.0, "f1-score": 1.0, "support": 58.0}, "19": {"precision": 1.0, "recall": 0.98, "f1-score": 0.98989898989899, "support": 50.0}, "20": {"precision": 0.9714285714285714, "recall": 1.0, "f1-score": 0.9855072463768115, "support": 34.0}, "21": {"precision": 1.0, "recall": 1.0, "f1-score": 1.0, "support": 25.0}, "22": {"precision": 1.0, "recall": 0.8695652173913043, "f1-score": 0.9302325581395349, "support": 23.0}, "23": {"precision": 0.6666666666666666, "recall": 0.6, "f1-score": 0.631578947368421, "support": 10.0}, "24": {"precision": 0.5555555555555556, "recall": 0.3125, "f1-score": 0.39999999999999997, "support": 16.0}, "25": {"precision": 0.21428571428571427, "recall": 1.0, "f1-score": 0.35294117647058826, "support": 3.0}, "26": {"precision": 1.0, "recall": 0.25, "f1-score": 0.4, "support": 4.0}, "27": {"precision": 0.25, "recall": 1.0, "f1-score": 0.4, "support": 1.0}, "accuracy": 0.944, "macro avg": {"precision": 0.8110611851683281, "recall": 0.8427286471802213, "f1-score": 0.790880503832185, "support": 1000.0}, "weighted avg": {"precision": 0.9546629614379615, "recall": 0.944, "f1-score": 0.9443890257736505, "support": 1000.0}}