{"0": {"precision": 0.0, "recall": 0.0, "f1-score": 0.0, "support": 2.0}, "1": {"precision": 0.2, "recall": 0.25, "f1-score": 0.22222222222222224, "support": 4.0}, "2": {"precision": 0.04, "recall": 0.5, "f1-score": 0.07407407407407407, "support": 2.0}, "3": {"precision": 0.06666666666666667, "recall": 0.08333333333333333, "f1-score": 0.07407407407407407, "support": 12.0}, "4": {"precision": 0.0, "recall": 0.0, "f1-score": 0.0, "support": 6.0}, "5": {"precision": 0.17647058823529413, "recall": 0.13636363636363635, "f1-score": 0.15384615384615383, "support": 22.0}, "6": {"precision": 0.14814814814814814, "recall": 0.16666666666666666, "f1-score": 0.15686274509803924, "support": 24.0}, "7": {"precision": 0.1111111111111111, "recall": 0.11764705882352941, "f1-score": 0.11428571428571428, "support": 34.0}, "8": {"precision": 0.15217391304347827, "recall": 0.16666666666666666, "f1-score": 0.15909090909090912, "support": 42.0}, "9": {"precision": 0.08823529411764706, "recall": 0.0625, "f1-score": 0.07317073170731707, "support": 48.0}, "10": {"precision": 0.15517241379310345, "recall": 0.11842105263157894, "f1-score": 0.1343283582089552, "support": 76.0}, "11": {"precision": 0.1282051282051282, "recall": 0.060240963855421686, "f1-score": 0.0819672131147541, "support": 83.0}, "12": {"precision": 0.18518518518518517, "recall": 0.1388888888888889, "f1-score": 0.15873015873015875, "support": 72.0}, "13": {"precision": 0.08163265306122448, "recall": 0.10810810810810811, "f1-score": 0.09302325581395349, "support": 74.0}, "14": {"precision": 0.1348314606741573, "recall": 0.1411764705882353, "f1-score": 0.13793103448275862, "support": 85.0}, "15": {"precision": 0.08695652173913043, "recall": 0.11428571428571428, "f1-score": 0.09876543209876543, "support": 70.0}, "16": {"precision": 0.060240963855421686, "recall": 0.09259259259259259, "f1-score": 0.072992700729927, "support": 54.0}, "17": {"precision": 0.140625, "recall": 0.12857142857142856, "f1-score": 0.13432835820895522, "support": 70.0}, "18": {"precision": 0.13114754098360656, "recall": 0.1509433962264151, "f1-score": 0.14035087719298248, "support": 53.0}, "19": {"precision": 0.05660377358490566, "recall": 0.07142857142857142, "f1-score": 0.06315789473684211, "support": 42.0}, "20": {"precision": 0.10526315789473684, "recall": 0.05263157894736842, "f1-score": 0.07017543859649122, "support": 38.0}, "21": {"precision": 0.0, "recall": 0.0, "f1-score": 0.0, "support": 23.0}, "22": {"precision": 0.07692307692307693, "recall": 0.047619047619047616, "f1-score": 0.058823529411764705, "support": 21.0}, "23": {"precision": 0.11764705882352941, "recall": 0.11764705882352941, "f1-score": 0.11764705882352941, "support": 17.0}, "24": {"precision": 0.0, "recall": 0.0, "f1-score": 0.0, "support": 13.0}, "25": {"precision": 0.0, "recall": 0.0, "f1-score": 0.0, "support": 8.0}, "26": {"precision": 0.0, "recall": 0.0, "f1-score": 0.0, "support": 5.0}, "accuracy": 0.106, "macro avg": {"precision": 0.09049035763131671, "recall": 0.10465674942299011, "f1-score": 0.08851288646475339, "support": 1000.0}, "weighted avg": {"precision": 0.11291851899446548, "recall": 0.106, "f1-score": 0.10645499900006726, "support": 1000.0}}