{"0": {"precision": 0.0, "recall": 0.0, "f1-score": 0.0, "support": 1.0}, "1": {"precision": 0.11764705882352941, "recall": 0.3333333333333333, "f1-score": 0.1739130434782609, "support": 6.0}, "2": {"precision": 0.0, "recall": 0.0, "f1-score": 0.0, "support": 6.0}, "3": {"precision": 0.17857142857142858, "recall": 0.5555555555555556, "f1-score": 0.2702702702702703, "support": 9.0}, "4": {"precision": 0.04, "recall": 0.058823529411764705, "f1-score": 0.04761904761904763, "support": 17.0}, "5": {"precision": 0.10526315789473684, "recall": 0.08695652173913043, "f1-score": 0.09523809523809525, "support": 23.0}, "6": {"precision": 0.28, "recall": 0.23333333333333334, "f1-score": 0.2545454545454545, "support": 30.0}, "7": {"precision": 0.16279069767441862, "recall": 0.2, "f1-score": 0.17948717948717952, "support": 35.0}, "8": {"precision": 0.058823529411764705, "recall": 0.041666666666666664, "f1-score": 0.048780487804878044, "support": 48.0}, "9": {"precision": 0.05714285714285714, "recall": 0.043478260869565216, "f1-score": 0.04938271604938271, "support": 46.0}, "10": {"precision": 0.16279069767441862, "recall": 0.10144927536231885, "f1-score": 0.125, "support": 69.0}, "11": {"precision": 0.06896551724137931, "recall": 0.034482758620689655, "f1-score": 0.04597701149425287, "support": 58.0}, "12": {"precision": 0.16, "recall": 0.1111111111111111, "f1-score": 0.13114754098360656, "support": 72.0}, "13": {"precision": 0.10294117647058823, "recall": 0.09090909090909091, "f1-score": 0.09655172413793103, "support": 77.0}, "14": {"precision": 0.13725490196078433, "recall": 0.19718309859154928, "f1-score": 0.16184971098265896, "support": 71.0}, "15": {"precision": 0.10989010989010989, "recall": 0.13333333333333333, "f1-score": 0.12048192771084337, "support": 75.0}, "16": {"precision": 0.13095238095238096, "recall": 0.15942028985507245, "f1-score": 0.1437908496732026, "support": 69.0}, "17": {"precision": 0.07575757575757576, "recall": 0.07575757575757576, "f1-score": 0.07575757575757576, "support": 66.0}, "18": {"precision": 0.11764705882352941, "recall": 0.13333333333333333, "f1-score": 0.125, "support": 60.0}, "19": {"precision": 0.0, "recall": 0.0, "f1-score": 0.0, "support": 50.0}, "20": {"precision": 0.11764705882352941, "recall": 0.1, "f1-score": 0.1081081081081081, "support": 40.0}, "21": {"precision": 0.16666666666666666, "recall": 0.125, "f1-score": 0.14285714285714288, "support": 24.0}, "22": {"precision": 0.15789473684210525, "recall": 0.13636363636363635, "f1-score": 0.14634146341463414, "support": 22.0}, "23": {"precision": 0.1, "recall": 0.15384615384615385, "f1-score": 0.12121212121212123, "support": 13.0}, "24": {"precision": 0.0, "recall": 0.0, "f1-score": 0.0, "support": 9.0}, "25": {"precision": 0.0, "recall": 0.0, "f1-score": 0.0, "support": 1.0}, "26": {"precision": 0.0, "recall": 0.0, "f1-score": 0.0, "support": 2.0}, "27": {"precision": 0.0, "recall": 0.0, "f1-score": 0.0, "support": 1.0}, "accuracy": 0.112, "macro avg": {"precision": 0.09316595037935012, "recall": 0.11090488778547195, "f1-score": 0.09511826681516593, "support": 1000.0}, "weighted avg": {"precision": 0.11220384248794142, "recall": 0.112, "f1-score": 0.10867337455003799, "support": 1000.0}}