{"0": {"precision": 0.0, "recall": 0.0, "f1-score": 0.0, "support": 1.0}, "1": {"precision": 0.5, "recall": 0.75, "f1-score": 0.6, "support": 4.0}, "2": {"precision": 0.6666666666666666, "recall": 0.6666666666666666, "f1-score": 0.6666666666666666, "support": 9.0}, "3": {"precision": 0.36363636363636365, "recall": 0.5714285714285714, "f1-score": 0.4444444444444444, "support": 7.0}, "4": {"precision": 0.5625, "recall": 0.45, "f1-score": 0.5, "support": 20.0}, "5": {"precision": 0.45, "recall": 0.42857142857142855, "f1-score": 0.4390243902439024, "support": 21.0}, "6": {"precision": 0.6111111111111112, "recall": 0.55, "f1-score": 0.5789473684210527, "support": 40.0}, "7": {"precision": 0.6382978723404256, "recall": 0.7692307692307693, "f1-score": 0.6976744186046512, "support": 39.0}, "8": {"precision": 0.7272727272727273, "recall": 0.4444444444444444, "f1-score": 0.5517241379310345, "support": 36.0}, "9": {"precision": 0.6571428571428571, "recall": 0.8363636363636363, "f1-score": 0.736, "support": 55.0}, "10": {"precision": 0.7407407407407407, "recall": 0.6666666666666666, "f1-score": 0.7017543859649122, "support": 60.0}, "11": {"precision": 0.6792452830188679, "recall": 0.5714285714285714, "f1-score": 0.6206896551724137, "support": 63.0}, "12": {"precision": 0.6956521739130435, "recall": 0.8, "f1-score": 0.7441860465116279, "support": 80.0}, "13": {"precision": 0.810126582278481, "recall": 0.810126582278481, "f1-score": 0.810126582278481, "support": 79.0}, "14": {"precision": 0.8717948717948718, "recall": 0.85, "f1-score": 0.8607594936708861, "support": 80.0}, "15": {"precision": 0.8461538461538461, "recall": 0.8461538461538461, "f1-score": 0.8461538461538461, "support": 65.0}, "16": {"precision": 0.7936507936507936, "recall": 0.8064516129032258, "f1-score": 0.7999999999999999, "support": 62.0}, "17": {"precision": 0.7457627118644068, "recall": 0.7586206896551724, "f1-score": 0.752136752136752, "support": 58.0}, "18": {"precision": 0.7547169811320755, "recall": 0.6349206349206349, "f1-score": 0.6896551724137931, "support": 63.0}, "19": {"precision": 0.38461538461538464, "recall": 0.8, "f1-score": 0.5194805194805195, "support": 25.0}, "20": {"precision": 0.65, "recall": 0.38235294117647056, "f1-score": 0.48148148148148157, "support": 34.0}, "21": {"precision": 0.6451612903225806, "recall": 0.5128205128205128, "f1-score": 0.5714285714285714, "support": 39.0}, "22": {"precision": 0.5882352941176471, "recall": 0.8695652173913043, "f1-score": 0.7017543859649124, "support": 23.0}, "23": {"precision": 0.45454545454545453, "recall": 0.38461538461538464, "f1-score": 0.41666666666666663, "support": 13.0}, "24": {"precision": 0.5, "recall": 0.4, "f1-score": 0.4444444444444445, "support": 10.0}, "25": {"precision": 1.0, "recall": 0.5555555555555556, "f1-score": 0.7142857142857143, "support": 9.0}, "26": {"precision": 0.75, "recall": 1.0, "f1-score": 0.8571428571428571, "support": 3.0}, "27": {"precision": 1.0, "recall": 1.0, "f1-score": 1.0, "support": 2.0}, "accuracy": 0.698, "macro avg": {"precision": 0.6459653216542266, "recall": 0.6469994190096908, "f1-score": 0.6338081429110582, "support": 1000.0}, "weighted avg": {"precision": 0.7091137861846848, "recall": 0.698, "f1-score": 0.6953610110999341, "support": 1000.0}}