{"1": {"precision": 1.0, "recall": 0.25, "f1-score": 0.4, "support": 4.0}, "2": {"precision": 0.75, "recall": 0.9, "f1-score": 0.8181818181818182, "support": 10.0}, "3": {"precision": 0.8181818181818182, "recall": 1.0, "f1-score": 0.9, "support": 9.0}, "4": {"precision": 1.0, "recall": 0.9, "f1-score": 0.9473684210526316, "support": 10.0}, "5": {"precision": 0.9473684210526315, "recall": 1.0, "f1-score": 0.972972972972973, "support": 18.0}, "6": {"precision": 0.8571428571428571, "recall": 0.967741935483871, "f1-score": 0.909090909090909, "support": 31.0}, "7": {"precision": 0.9411764705882353, "recall": 0.8648648648648649, "f1-score": 0.9014084507042254, "support": 37.0}, "8": {"precision": 1.0, "recall": 0.9523809523809523, "f1-score": 0.975609756097561, "support": 42.0}, "9": {"precision": 1.0, "recall": 1.0, "f1-score": 1.0, "support": 57.0}, "10": {"precision": 0.9873417721518988, "recall": 1.0, "f1-score": 0.9936305732484078, "support": 78.0}, "11": {"precision": 0.9857142857142858, "recall": 0.9857142857142858, "f1-score": 0.9857142857142858, "support": 70.0}, "12": {"precision": 0.9875, "recall": 0.9875, "f1-score": 0.9875, "support": 80.0}, "13": {"precision": 1.0, "recall": 0.9879518072289156, "f1-score": 0.993939393939394, "support": 83.0}, "14": {"precision": 1.0, "recall": 0.974025974025974, "f1-score": 0.9868421052631579, "support": 77.0}, "15": {"precision": 0.9206349206349206, "recall": 1.0, "f1-score": 0.9586776859504132, "support": 58.0}, "16": {"precision": 1.0, "recall": 0.9315068493150684, "f1-score": 0.9645390070921985, "support": 73.0}, "17": {"precision": 0.967741935483871, "recall": 0.9230769230769231, "f1-score": 0.9448818897637796, "support": 65.0}, "18": {"precision": 0.921875, "recall": 0.9076923076923077, "f1-score": 0.9147286821705427, "support": 65.0}, "19": {"precision": 0.85, "recall": 0.9714285714285714, "f1-score": 0.9066666666666667, "support": 35.0}, "20": {"precision": 0.9705882352941176, "recall": 0.9705882352941176, "f1-score": 0.9705882352941176, "support": 34.0}, "21": {"precision": 0.9642857142857143, "recall": 0.9, "f1-score": 0.9310344827586207, "support": 30.0}, "22": {"precision": 0.5714285714285714, "recall": 0.5714285714285714, "f1-score": 0.5714285714285714, "support": 7.0}, "23": {"precision": 0.8, "recall": 0.6666666666666666, "f1-score": 0.7272727272727272, "support": 18.0}, "24": {"precision": 0.14285714285714285, "recall": 0.25, "f1-score": 0.18181818181818182, "support": 4.0}, "25": {"precision": 0.3333333333333333, "recall": 1.0, "f1-score": 0.5, "support": 2.0}, "26": {"precision": 0.0, "recall": 0.0, "f1-score": 0.0, "support": 3.0}, "27": {"precision": 0.0, "recall": 0.0, "f1-score": 0.0, "support": 0.0}, "accuracy": 0.946, "macro avg": {"precision": 0.8043396473388665, "recall": 0.8097247386889292, "f1-score": 0.7905146228326364, "support": 1000.0}, "weighted avg": {"precision": 0.9518624770235686, "recall": 0.946, "f1-score": 0.9467374431482979, "support": 1000.0}}