{"0": {"precision": 0.0, "recall": 0.0, "f1-score": 0.0, "support": 1.0}, "1": {"precision": 0.3333333333333333, "recall": 0.5, "f1-score": 0.4, "support": 2.0}, "2": {"precision": 0.6, "recall": 0.75, "f1-score": 0.6666666666666665, "support": 4.0}, "3": {"precision": 0.7777777777777778, "recall": 0.875, "f1-score": 0.823529411764706, "support": 8.0}, "4": {"precision": 0.6666666666666666, "recall": 0.46153846153846156, "f1-score": 0.5454545454545455, "support": 13.0}, "5": {"precision": 0.6666666666666666, "recall": 0.6086956521739131, "f1-score": 0.6363636363636365, "support": 23.0}, "6": {"precision": 0.44, "recall": 0.6875, "f1-score": 0.5365853658536586, "support": 16.0}, "7": {"precision": 0.7894736842105263, "recall": 0.6976744186046512, "f1-score": 0.7407407407407408, "support": 43.0}, "8": {"precision": 0.7647058823529411, "recall": 0.8297872340425532, "f1-score": 0.7959183673469387, "support": 47.0}, "9": {"precision": 0.8225806451612904, "recall": 0.85, "f1-score": 0.8360655737704918, "support": 60.0}, "10": {"precision": 0.9333333333333333, "recall": 0.8484848484848485, "f1-score": 0.888888888888889, "support": 66.0}, "11": {"precision": 0.8709677419354839, "recall": 0.9310344827586207, "f1-score": 0.9, "support": 58.0}, "12": {"precision": 0.922077922077922, "recall": 0.8452380952380952, "f1-score": 0.8819875776397517, "support": 84.0}, "13": {"precision": 0.8974358974358975, "recall": 0.8974358974358975, "f1-score": 0.8974358974358975, "support": 78.0}, "14": {"precision": 0.9213483146067416, "recall": 0.9425287356321839, "f1-score": 0.9318181818181818, "support": 87.0}, "15": {"precision": 0.855072463768116, "recall": 0.9365079365079365, "f1-score": 0.8939393939393939, "support": 63.0}, "16": {"precision": 0.9552238805970149, "recall": 0.8888888888888888, "f1-score": 0.9208633093525178, "support": 72.0}, "17": {"precision": 0.9365079365079365, "recall": 0.9076923076923077, "f1-score": 0.9218749999999999, "support": 65.0}, "18": {"precision": 0.8813559322033898, "recall": 0.8666666666666667, "f1-score": 0.8739495798319329, "support": 60.0}, "19": {"precision": 0.78, "recall": 0.8297872340425532, "f1-score": 0.8041237113402062, "support": 47.0}, "20": {"precision": 0.7407407407407407, "recall": 0.7407407407407407, "f1-score": 0.7407407407407407, "support": 27.0}, "21": {"precision": 0.8, "recall": 0.5925925925925926, "f1-score": 0.6808510638297872, "support": 27.0}, "22": {"precision": 0.39285714285714285, "recall": 0.6111111111111112, "f1-score": 0.4782608695652174, "support": 18.0}, "23": {"precision": 0.5714285714285714, "recall": 0.42105263157894735, "f1-score": 0.48484848484848486, "support": 19.0}, "24": {"precision": 0.25, "recall": 0.5, "f1-score": 0.3333333333333333, "support": 4.0}, "25": {"precision": 0.5, "recall": 0.4, "f1-score": 0.4444444444444445, "support": 5.0}, "26": {"precision": 0.5, "recall": 0.3333333333333333, "f1-score": 0.4, "support": 3.0}, "accuracy": 0.828, "macro avg": {"precision": 0.6877612790244998, "recall": 0.6945663432986778, "f1-score": 0.6836549920359318, "support": 1000.0}, "weighted avg": {"precision": 0.8368888782019643, "recall": 0.828, "f1-score": 0.8295456505494144, "support": 1000.0}}