{"0": {"precision": 0.0, "recall": 0.0, "f1-score": 0.0, "support": 1.0}, "1": {"precision": 0.5, "recall": 1.0, "f1-score": 0.6666666666666666, "support": 1.0}, "2": {"precision": 0.8333333333333334, "recall": 0.8333333333333334, "f1-score": 0.8333333333333334, "support": 6.0}, "3": {"precision": 0.6, "recall": 0.8571428571428571, "f1-score": 0.7058823529411764, "support": 7.0}, "4": {"precision": 1.0, "recall": 0.7272727272727273, "f1-score": 0.8421052631578948, "support": 11.0}, "5": {"precision": 1.0, "recall": 1.0, "f1-score": 1.0, "support": 27.0}, "6": {"precision": 0.8857142857142857, "recall": 1.0, "f1-score": 0.9393939393939393, "support": 31.0}, "7": {"precision": 0.8888888888888888, "recall": 0.9090909090909091, "f1-score": 0.8988764044943819, "support": 44.0}, "8": {"precision": 0.972972972972973, "recall": 0.8780487804878049, "f1-score": 0.923076923076923, "support": 41.0}, "9": {"precision": 0.9642857142857143, "recall": 0.9818181818181818, "f1-score": 0.972972972972973, "support": 55.0}, "10": {"precision": 0.9705882352941176, "recall": 0.9705882352941176, "f1-score": 0.9705882352941176, "support": 68.0}, "11": {"precision": 0.9538461538461539, "recall": 0.96875, "f1-score": 0.9612403100775193, "support": 64.0}, "12": {"precision": 1.0, "recall": 0.9629629629629629, "f1-score": 0.9811320754716981, "support": 81.0}, "13": {"precision": 1.0, "recall": 1.0, "f1-score": 1.0, "support": 61.0}, "14": {"precision": 1.0, "recall": 1.0, "f1-score": 1.0, "support": 67.0}, "15": {"precision": 1.0, "recall": 0.9855072463768116, "f1-score": 0.9927007299270074, "support": 69.0}, "16": {"precision": 0.987012987012987, "recall": 0.987012987012987, "f1-score": 0.987012987012987, "support": 77.0}, "17": {"precision": 0.9836065573770492, "recall": 1.0, "f1-score": 0.9917355371900827, "support": 60.0}, "18": {"precision": 1.0, "recall": 0.9607843137254902, "f1-score": 0.98, "support": 51.0}, "19": {"precision": 0.9555555555555556, "recall": 1.0, "f1-score": 0.9772727272727273, "support": 43.0}, "20": {"precision": 1.0, "recall": 0.975609756097561, "f1-score": 0.9876543209876543, "support": 41.0}, "21": {"precision": 0.96875, "recall": 0.8857142857142857, "f1-score": 0.9253731343283582, "support": 35.0}, "22": {"precision": 0.8181818181818182, "recall": 0.8571428571428571, "f1-score": 0.8372093023255814, "support": 21.0}, "23": {"precision": 0.7, "recall": 0.4117647058823529, "f1-score": 0.5185185185185185, "support": 17.0}, "24": {"precision": 0.16666666666666666, "recall": 0.2857142857142857, "f1-score": 0.2105263157894737, "support": 7.0}, "25": {"precision": 0.5833333333333334, "recall": 0.7777777777777778, "f1-score": 0.6666666666666666, "support": 9.0}, "26": {"precision": 0.0, "recall": 0.0, "f1-score": 0.0, "support": 4.0}, "27": {"precision": 0.2, "recall": 1.0, "f1-score": 0.33333333333333337, "support": 1.0}, "accuracy": 0.944, "macro avg": {"precision": 0.7833120179451027, "recall": 0.8291441501016894, "f1-score": 0.7894025732226077, "support": 1000.0}, "weighted avg": {"precision": 0.9499520311720108, "recall": 0.944, "f1-score": 0.9449818447073867, "support": 1000.0}}