{"0": {"precision": 0.0, "recall": 0.0, "f1-score": 0.0, "support": 2.0}, "1": {"precision": 0.5, "recall": 0.6666666666666666, "f1-score": 0.5714285714285715, "support": 3.0}, "2": {"precision": 0.625, "recall": 0.7142857142857143, "f1-score": 0.6666666666666666, "support": 7.0}, "3": {"precision": 0.5, "recall": 0.75, "f1-score": 0.6, "support": 8.0}, "4": {"precision": 0.2727272727272727, "recall": 0.3, "f1-score": 0.28571428571428564, "support": 10.0}, "5": {"precision": 0.6923076923076923, "recall": 0.32142857142857145, "f1-score": 0.4390243902439025, "support": 28.0}, "6": {"precision": 0.3103448275862069, "recall": 0.391304347826087, "f1-score": 0.34615384615384615, "support": 23.0}, "7": {"precision": 0.26, "recall": 0.43333333333333335, "f1-score": 0.325, "support": 30.0}, "8": {"precision": 0.35, "recall": 0.1794871794871795, "f1-score": 0.23728813559322035, "support": 39.0}, "9": {"precision": 0.5373134328358209, "recall": 0.5806451612903226, "f1-score": 0.5581395348837209, "support": 62.0}, "10": {"precision": 0.33962264150943394, "recall": 0.29508196721311475, "f1-score": 0.3157894736842105, "support": 61.0}, "11": {"precision": 0.5694444444444444, "recall": 0.5394736842105263, "f1-score": 0.5540540540540541, "support": 76.0}, "12": {"precision": 0.4578313253012048, "recall": 0.4691358024691358, "f1-score": 0.46341463414634143, "support": 81.0}, "13": {"precision": 0.55, "recall": 0.515625, "f1-score": 0.5322580645161291, "support": 64.0}, "14": {"precision": 0.6197183098591549, "recall": 0.5569620253164557, "f1-score": 0.5866666666666667, "support": 79.0}, "15": {"precision": 0.43548387096774194, "recall": 0.6352941176470588, "f1-score": 0.5167464114832536, "support": 85.0}, "16": {"precision": 0.5932203389830508, "recall": 0.5, "f1-score": 0.5426356589147286, "support": 70.0}, "17": {"precision": 0.5616438356164384, "recall": 0.6612903225806451, "f1-score": 0.6074074074074075, "support": 62.0}, "18": {"precision": 0.3404255319148936, "recall": 0.3333333333333333, "f1-score": 0.3368421052631579, "support": 48.0}, "19": {"precision": 0.4186046511627907, "recall": 0.42857142857142855, "f1-score": 0.42352941176470593, "support": 42.0}, "20": {"precision": 0.56, "recall": 0.34146341463414637, "f1-score": 0.42424242424242425, "support": 41.0}, "21": {"precision": 0.3870967741935484, "recall": 0.4444444444444444, "f1-score": 0.41379310344827586, "support": 27.0}, "22": {"precision": 0.43478260869565216, "recall": 0.47619047619047616, "f1-score": 0.4545454545454545, "support": 21.0}, "23": {"precision": 0.23076923076923078, "recall": 0.3333333333333333, "f1-score": 0.27272727272727276, "support": 9.0}, "24": {"precision": 0.5, "recall": 0.16666666666666666, "f1-score": 0.25, "support": 12.0}, "25": {"precision": 0.5, "recall": 0.16666666666666666, "f1-score": 0.25, "support": 6.0}, "26": {"precision": 0.6666666666666666, "recall": 0.6666666666666666, "f1-score": 0.6666666666666666, "support": 3.0}, "27": {"precision": 0.0, "recall": 0.0, "f1-score": 0.0, "support": 1.0}, "accuracy": 0.472, "macro avg": {"precision": 0.4361786948407587, "recall": 0.42383394015221326, "f1-score": 0.4157405085791058, "support": 1000.0}, "weighted avg": {"precision": 0.4820293569331163, "recall": 0.472, "f1-score": 0.4678104491349457, "support": 1000.0}}