{"0": {"precision": 0.0, "recall": 0.0, "f1-score": 0.0, "support": 1.0}, "1": {"precision": 0.5, "recall": 0.8333333333333334, "f1-score": 0.625, "support": 6.0}, "2": {"precision": 0.42857142857142855, "recall": 0.42857142857142855, "f1-score": 0.42857142857142855, "support": 7.0}, "3": {"precision": 0.5384615384615384, "recall": 0.6363636363636364, "f1-score": 0.5833333333333334, "support": 11.0}, "4": {"precision": 0.6666666666666666, "recall": 0.5882352941176471, "f1-score": 0.625, "support": 17.0}, "5": {"precision": 0.6, "recall": 0.5714285714285714, "f1-score": 0.5853658536585366, "support": 21.0}, "6": {"precision": 0.5833333333333334, "recall": 0.56, "f1-score": 0.5714285714285714, "support": 25.0}, "7": {"precision": 0.5833333333333334, "recall": 0.65625, "f1-score": 0.6176470588235293, "support": 32.0}, "8": {"precision": 0.5333333333333333, "recall": 0.631578947368421, "f1-score": 0.5783132530120482, "support": 38.0}, "9": {"precision": 0.7702702702702703, "recall": 0.7702702702702703, "f1-score": 0.7702702702702703, "support": 74.0}, "10": {"precision": 0.7555555555555555, "recall": 0.6938775510204082, "f1-score": 0.723404255319149, "support": 49.0}, "11": {"precision": 0.746031746031746, "recall": 0.7966101694915254, "f1-score": 0.7704918032786885, "support": 59.0}, "12": {"precision": 0.9384615384615385, "recall": 0.8026315789473685, "f1-score": 0.8652482269503547, "support": 76.0}, "13": {"precision": 0.9473684210526315, "recall": 0.9473684210526315, "f1-score": 0.9473684210526315, "support": 76.0}, "14": {"precision": 0.9230769230769231, "recall": 0.96, "f1-score": 0.9411764705882353, "support": 75.0}, "15": {"precision": 1.0, "recall": 0.9534883720930233, "f1-score": 0.9761904761904763, "support": 86.0}, "16": {"precision": 0.9818181818181818, "recall": 0.9473684210526315, "f1-score": 0.9642857142857142, "support": 57.0}, "17": {"precision": 0.9245283018867925, "recall": 0.765625, "f1-score": 0.8376068376068376, "support": 64.0}, "18": {"precision": 0.7761194029850746, "recall": 0.7647058823529411, "f1-score": 0.7703703703703704, "support": 68.0}, "19": {"precision": 0.6122448979591837, "recall": 0.75, "f1-score": 0.6741573033707865, "support": 40.0}, "20": {"precision": 0.7428571428571429, "recall": 0.7878787878787878, "f1-score": 0.7647058823529412, "support": 33.0}, "21": {"precision": 0.9032258064516129, "recall": 0.875, "f1-score": 0.8888888888888888, "support": 32.0}, "22": {"precision": 0.6666666666666666, "recall": 0.9333333333333333, "f1-score": 0.7777777777777778, "support": 15.0}, "23": {"precision": 0.7, "recall": 0.6363636363636364, "f1-score": 0.6666666666666666, "support": 11.0}, "24": {"precision": 0.9285714285714286, "recall": 0.7647058823529411, "f1-score": 0.8387096774193549, "support": 17.0}, "25": {"precision": 0.5714285714285714, "recall": 1.0, "f1-score": 0.7272727272727273, "support": 4.0}, "26": {"precision": 1.0, "recall": 0.3333333333333333, "f1-score": 0.5, "support": 3.0}, "27": {"precision": 0.75, "recall": 1.0, "f1-score": 0.8571428571428571, "support": 3.0}, "accuracy": 0.802, "macro avg": {"precision": 0.7168544460276055, "recall": 0.7281543518116382, "f1-score": 0.7098712187725776, "support": 1000.0}, "weighted avg": {"precision": 0.8128033214129278, "recall": 0.802, "f1-score": 0.8041569029747074, "support": 1000.0}}