{"0": {"precision": 0.0, "recall": 0.0, "f1-score": 0.0, "support": 1.0}, "1": {"precision": 0.6666666666666666, "recall": 0.5, "f1-score": 0.5714285714285715, "support": 4.0}, "2": {"precision": 0.8333333333333334, "recall": 1.0, "f1-score": 0.9090909090909091, "support": 10.0}, "3": {"precision": 1.0, "recall": 1.0, "f1-score": 1.0, "support": 5.0}, "4": {"precision": 0.9375, "recall": 1.0, "f1-score": 0.967741935483871, "support": 15.0}, "5": {"precision": 0.9523809523809523, "recall": 0.9523809523809523, "f1-score": 0.9523809523809523, "support": 21.0}, "6": {"precision": 0.8, "recall": 0.96, "f1-score": 0.8727272727272728, "support": 25.0}, "7": {"precision": 0.8787878787878788, "recall": 0.8285714285714286, "f1-score": 0.8529411764705883, "support": 35.0}, "8": {"precision": 0.9069767441860465, "recall": 0.9069767441860465, "f1-score": 0.9069767441860465, "support": 43.0}, "9": {"precision": 1.0, "recall": 0.9245283018867925, "f1-score": 0.9607843137254902, "support": 53.0}, "10": {"precision": 0.984375, "recall": 1.0, "f1-score": 0.9921259842519685, "support": 63.0}, "11": {"precision": 0.9545454545454546, "recall": 0.984375, "f1-score": 0.9692307692307692, "support": 64.0}, "12": {"precision": 1.0, "recall": 0.9464285714285714, "f1-score": 0.9724770642201834, "support": 56.0}, "13": {"precision": 0.9880952380952381, "recall": 1.0, "f1-score": 0.9940119760479043, "support": 83.0}, "14": {"precision": 0.9871794871794872, "recall": 0.9746835443037974, "f1-score": 0.980891719745223, "support": 79.0}, "15": {"precision": 0.9879518072289156, "recall": 0.9879518072289156, "f1-score": 0.9879518072289156, "support": 83.0}, "16": {"precision": 0.9852941176470589, "recall": 1.0, "f1-score": 0.9925925925925926, "support": 67.0}, "17": {"precision": 1.0, "recall": 0.9733333333333334, "f1-score": 0.9864864864864865, "support": 75.0}, "18": {"precision": 0.96, "recall": 0.96, "f1-score": 0.96, "support": 50.0}, "19": {"precision": 0.9473684210526315, "recall": 0.8780487804878049, "f1-score": 0.9113924050632912, "support": 41.0}, "20": {"precision": 0.8771929824561403, "recall": 0.9615384615384616, "f1-score": 0.9174311926605504, "support": 52.0}, "21": {"precision": 0.92, "recall": 0.8518518518518519, "f1-score": 0.8846153846153846, "support": 27.0}, "22": {"precision": 0.9473684210526315, "recall": 0.8181818181818182, "f1-score": 0.8780487804878049, "support": 22.0}, "23": {"precision": 0.75, "recall": 0.8, "f1-score": 0.7741935483870969, "support": 15.0}, "24": {"precision": 0.25, "recall": 0.5, "f1-score": 0.3333333333333333, "support": 2.0}, "25": {"precision": 0.5714285714285714, "recall": 1.0, "f1-score": 0.7272727272727273, "support": 4.0}, "26": {"precision": 1.0, "recall": 0.25, "f1-score": 0.4, "support": 4.0}, "27": {"precision": 0.5, "recall": 1.0, "f1-score": 0.6666666666666666, "support": 1.0}, "accuracy": 0.948, "macro avg": {"precision": 0.8423730384300361, "recall": 0.8556732355492775, "f1-score": 0.8329569397780213, "support": 1000.0}, "weighted avg": {"precision": 0.9516143598796715, "recall": 0.948, "f1-score": 0.9476930225775185, "support": 1000.0}}