{"0": {"precision": 0.0, "recall": 0.0, "f1-score": 0.0, "support": 2.0}, "1": {"precision": 0.6, "recall": 1.0, "f1-score": 0.7499999999999999, "support": 3.0}, "2": {"precision": 0.7058823529411765, "recall": 1.0, "f1-score": 0.8275862068965517, "support": 12.0}, "3": {"precision": 0.4, "recall": 0.4444444444444444, "f1-score": 0.4210526315789474, "support": 9.0}, "4": {"precision": 1.0, "recall": 0.6470588235294118, "f1-score": 0.7857142857142858, "support": 17.0}, "5": {"precision": 1.0, "recall": 1.0, "f1-score": 1.0, "support": 19.0}, "6": {"precision": 1.0, "recall": 1.0, "f1-score": 1.0, "support": 27.0}, "7": {"precision": 1.0, "recall": 1.0, "f1-score": 1.0, "support": 42.0}, "8": {"precision": 1.0, "recall": 1.0, "f1-score": 1.0, "support": 49.0}, "9": {"precision": 1.0, "recall": 1.0, "f1-score": 1.0, "support": 48.0}, "10": {"precision": 0.9827586206896551, "recall": 1.0, "f1-score": 0.9913043478260869, "support": 57.0}, "11": {"precision": 1.0, "recall": 0.9864864864864865, "f1-score": 0.9931972789115647, "support": 74.0}, "12": {"precision": 1.0, "recall": 1.0, "f1-score": 1.0, "support": 63.0}, "13": {"precision": 1.0, "recall": 1.0, "f1-score": 1.0, "support": 74.0}, "14": {"precision": 1.0, "recall": 1.0, "f1-score": 1.0, "support": 74.0}, "15": {"precision": 1.0, "recall": 1.0, "f1-score": 1.0, "support": 83.0}, "16": {"precision": 1.0, "recall": 1.0, "f1-score": 1.0, "support": 81.0}, "17": {"precision": 1.0, "recall": 1.0, "f1-score": 1.0, "support": 51.0}, "18": {"precision": 1.0, "recall": 1.0, "f1-score": 1.0, "support": 49.0}, "19": {"precision": 1.0, "recall": 1.0, "f1-score": 1.0, "support": 35.0}, "20": {"precision": 1.0, "recall": 1.0, "f1-score": 1.0, "support": 39.0}, "21": {"precision": 1.0, "recall": 0.9666666666666667, "f1-score": 0.983050847457627, "support": 30.0}, "22": {"precision": 0.9473684210526315, "recall": 0.782608695652174, "f1-score": 0.8571428571428571, "support": 23.0}, "23": {"precision": 0.7058823529411765, "recall": 0.7058823529411765, "f1-score": 0.7058823529411765, "support": 17.0}, "24": {"precision": 0.6875, "recall": 0.7333333333333333, "f1-score": 0.7096774193548386, "support": 15.0}, "25": {"precision": 0.42857142857142855, "recall": 0.75, "f1-score": 0.5454545454545454, "support": 4.0}, "26": {"precision": 0.6666666666666666, "recall": 0.6666666666666666, "f1-score": 0.6666666666666666, "support": 3.0}, "27": {"precision": 0.0, "recall": 0.0, "f1-score": 0.0, "support": 0.0}, "accuracy": 0.969, "macro avg": {"precision": 0.8258796372450975, "recall": 0.8458266953471557, "f1-score": 0.8298831942837553, "support": 1000.0}, "weighted avg": {"precision": 0.9727040890131007, "recall": 0.969, "f1-score": 0.96936138809981, "support": 1000.0}}