{"0": {"precision": 0.0, "recall": 0.0, "f1-score": 0.0, "support": 26.0}, "1": {"precision": 0.5247524752475248, "recall": 0.6708860759493671, "f1-score": 0.5888888888888889, "support": 79.0}, "2": {"precision": 0.6, "recall": 0.832258064516129, "f1-score": 0.6972972972972973, "support": 155.0}, "3": {"precision": 0.9117647058823529, "recall": 0.7560975609756098, "f1-score": 0.8266666666666665, "support": 287.0}, "4": {"precision": 0.8, "recall": 0.8324324324324325, "f1-score": 0.8158940397350993, "support": 370.0}, "5": {"precision": 0.8120300751879699, "recall": 0.5816876122082585, "f1-score": 0.6778242677824267, "support": 557.0}, "6": {"precision": 0.6606145251396648, "recall": 0.7007407407407408, "f1-score": 0.6800862688713156, "support": 675.0}, "7": {"precision": 0.724172517552658, "recall": 0.8158192090395481, "f1-score": 0.7672688629117961, "support": 885.0}, "8": {"precision": 0.8174872665534805, "recall": 0.828030954428203, "f1-score": 0.8227253310551046, "support": 1163.0}, "9": {"precision": 0.828996282527881, "recall": 0.7913413768630234, "f1-score": 0.8097312999273784, "support": 1409.0}, "10": {"precision": 0.8456375838926175, "recall": 0.8619402985074627, "f1-score": 0.8537111179550353, "support": 1608.0}, "11": {"precision": 0.911731843575419, "recall": 0.9422632794457275, "f1-score": 0.9267461669505963, "support": 1732.0}, "12": {"precision": 0.9594950026301946, "recall": 0.9475324675324676, "f1-score": 0.9534762153685311, "support": 1925.0}, "13": {"precision": 0.9358430540827147, "recall": 0.9479054779806659, "f1-score": 0.9418356456776947, "support": 1862.0}, "14": {"precision": 0.952972972972973, "recall": 0.9283833596629805, "f1-score": 0.9405174713256869, "support": 1899.0}, "15": {"precision": 0.9562569213732004, "recall": 0.9279957012358947, "f1-score": 0.9419143714207799, "support": 1861.0}, "16": {"precision": 0.9441760601180891, "recall": 0.9497840172786177, "f1-score": 0.9469717362045761, "support": 1852.0}, "17": {"precision": 0.937034529451591, "recall": 0.8809675366008911, "f1-score": 0.9081364829396326, "support": 1571.0}, "18": {"precision": 0.8568421052631578, "recall": 0.8385989010989011, "f1-score": 0.8476223533495314, "support": 1456.0}, "19": {"precision": 0.7527333894028595, "recall": 0.7489539748953975, "f1-score": 0.7508389261744967, "support": 1195.0}, "20": {"precision": 0.6297322253000923, "recall": 0.7706214689265537, "f1-score": 0.693089430894309, "support": 885.0}, "21": {"precision": 0.7072463768115942, "recall": 0.6902404526166902, "f1-score": 0.6986399427344309, "support": 707.0}, "22": {"precision": 0.661641541038526, "recall": 0.7481060606060606, "f1-score": 0.7022222222222223, "support": 528.0}, "23": {"precision": 0.5933806146572104, "recall": 0.6275, "f1-score": 0.6099635479951397, "support": 400.0}, "24": {"precision": 0.676923076923077, "recall": 0.49624060150375937, "f1-score": 0.5726681127982647, "support": 266.0}, "25": {"precision": 0.6309523809523809, "recall": 0.7464788732394366, "f1-score": 0.6838709677419356, "support": 142.0}, "26": {"precision": 0.8181818181818182, "recall": 0.22784810126582278, "f1-score": 0.3564356435643564, "support": 79.0}, "27": {"precision": 0.7727272727272727, "recall": 0.6538461538461539, "f1-score": 0.7083333333333333, "support": 26.0}, "accuracy": 0.8495703125, "macro avg": {"precision": 0.7579759506230828, "recall": 0.7408750269070284, "f1-score": 0.7401205932780901, "support": 25600.0}, "weighted avg": {"precision": 0.8528901912502351, "recall": 0.8495703125, "f1-score": 0.8493380892157719, "support": 25600.0}}