{"0": {"precision": 0.0, "recall": 0.0, "f1-score": 0.0, "support": 27.0}, "1": {"precision": 0.7244897959183674, "recall": 1.0, "f1-score": 0.8402366863905326, "support": 71.0}, "2": {"precision": 0.4711864406779661, "recall": 1.0, "f1-score": 0.6405529953917052, "support": 139.0}, "3": {"precision": 0.5639810426540285, "recall": 0.43272727272727274, "f1-score": 0.48971193415637865, "support": 275.0}, "4": {"precision": 0.9338235294117647, "recall": 0.7341040462427746, "f1-score": 0.8220064724919094, "support": 346.0}, "5": {"precision": 0.9222222222222223, "recall": 0.9651162790697675, "f1-score": 0.9431818181818181, "support": 516.0}, "6": {"precision": 0.9098039215686274, "recall": 0.943089430894309, "f1-score": 0.9261477045908183, "support": 738.0}, "7": {"precision": 0.9522776572668112, "recall": 0.9271383315733897, "f1-score": 0.9395398608881755, "support": 947.0}, "8": {"precision": 0.9897172236503856, "recall": 0.963302752293578, "f1-score": 0.9763313609467454, "support": 1199.0}, "9": {"precision": 0.9949458483754513, "recall": 0.9913669064748202, "f1-score": 0.9931531531531532, "support": 1390.0}, "10": {"precision": 0.9988172678888232, "recall": 0.995872641509434, "f1-score": 0.9973427812223206, "support": 1696.0}, "11": {"precision": 0.9976971790443293, "recall": 0.9988472622478386, "f1-score": 0.9982718894009217, "support": 1735.0}, "12": {"precision": 1.0, "recall": 0.9977827050997783, "f1-score": 0.9988901220865705, "support": 1804.0}, "13": {"precision": 1.0, "recall": 1.0, "f1-score": 1.0, "support": 1907.0}, "14": {"precision": 1.0, "recall": 1.0, "f1-score": 1.0, "support": 1921.0}, "15": {"precision": 1.0, "recall": 1.0, "f1-score": 1.0, "support": 1879.0}, "16": {"precision": 1.0, "recall": 1.0, "f1-score": 1.0, "support": 1715.0}, "17": {"precision": 1.0, "recall": 1.0, "f1-score": 1.0, "support": 1599.0}, "18": {"precision": 1.0, "recall": 1.0, "f1-score": 1.0, "support": 1441.0}, "19": {"precision": 1.0, "recall": 0.9955869373345102, "f1-score": 0.9977885891198585, "support": 1133.0}, "20": {"precision": 0.9944196428571429, "recall": 0.9856194690265486, "f1-score": 0.99, "support": 904.0}, "21": {"precision": 0.9801829268292683, "recall": 0.914651493598862, "f1-score": 0.9462840323767475, "support": 703.0}, "22": {"precision": 0.8775510204081632, "recall": 0.7452339688041595, "f1-score": 0.8059981255857545, "support": 577.0}, "23": {"precision": 0.6048387096774194, "recall": 0.569620253164557, "f1-score": 0.5867014341590613, "support": 395.0}, "24": {"precision": 0.41379310344827586, "recall": 0.44609665427509293, "f1-score": 0.42933810375670833, "support": 269.0}, "25": {"precision": 0.384297520661157, "recall": 0.5568862275449101, "f1-score": 0.4547677261613692, "support": 167.0}, "26": {"precision": 0.11904761904761904, "recall": 0.12658227848101267, "f1-score": 0.12269938650306748, "support": 79.0}, "27": {"precision": 0.28865979381443296, "recall": 1.0, "f1-score": 0.448, "support": 28.0}, "accuracy": 0.9546875, "macro avg": {"precision": 0.7900625880507949, "recall": 0.8317723182272363, "f1-score": 0.7981051491629864, "support": 25600.0}, "weighted avg": {"precision": 0.959536802499152, "recall": 0.9546875, "f1-score": 0.9557607171003084, "support": 25600.0}}