{"0": {"precision": 0.0, "recall": 0.0, "f1-score": 0.0, "support": 33.0}, "1": {"precision": 0.6111111111111112, "recall": 0.7051282051282052, "f1-score": 0.6547619047619048, "support": 78.0}, "2": {"precision": 0.7738095238095238, "recall": 0.935251798561151, "f1-score": 0.8469055374592834, "support": 139.0}, "3": {"precision": 0.944, "recall": 0.8740740740740741, "f1-score": 0.9076923076923077, "support": 270.0}, "4": {"precision": 0.8937329700272479, "recall": 0.8677248677248677, "f1-score": 0.8805369127516778, "support": 378.0}, "5": {"precision": 0.8568872987477638, "recall": 0.863063063063063, "f1-score": 0.8599640933572711, "support": 555.0}, "6": {"precision": 0.7281213535589265, "recall": 0.9069767441860465, "f1-score": 0.8077669902912621, "support": 688.0}, "7": {"precision": 0.8248648648648649, "recall": 0.8143009605122732, "f1-score": 0.8195488721804511, "support": 937.0}, "8": {"precision": 0.824357912178956, "recall": 0.8758802816901409, "f1-score": 0.8493384549722578, "support": 1136.0}, "9": {"precision": 0.8693140794223827, "recall": 0.8520877565463553, "f1-score": 0.860614724803431, "support": 1413.0}, "10": {"precision": 0.9394773039889959, "recall": 0.8829993535875889, "f1-score": 0.9103632122625792, "support": 1547.0}, "11": {"precision": 0.9655561829474872, "recall": 0.9505280711506392, "f1-score": 0.9579831932773109, "support": 1799.0}, "12": {"precision": 0.9682203389830508, "recall": 0.9682203389830508, "f1-score": 0.9682203389830508, "support": 1888.0}, "13": {"precision": 0.9978260869565218, "recall": 0.9642857142857143, "f1-score": 0.9807692307692308, "support": 1904.0}, "14": {"precision": 0.9881364310430054, "recall": 0.9920595533498759, "f1-score": 0.9900941059930659, "support": 2015.0}, "15": {"precision": 0.9806555615260613, "recall": 0.9848893685914732, "f1-score": 0.9827679052234787, "support": 1853.0}, "16": {"precision": 0.9895287958115183, "recall": 0.974785100286533, "f1-score": 0.9821016166281755, "support": 1745.0}, "17": {"precision": 0.9847001223990208, "recall": 0.9583085169743896, "f1-score": 0.9713250830063387, "support": 1679.0}, "18": {"precision": 0.9452363090772693, "recall": 0.901932712956335, "f1-score": 0.9230769230769231, "support": 1397.0}, "19": {"precision": 0.8732142857142857, "recall": 0.8609154929577465, "f1-score": 0.8670212765957447, "support": 1136.0}, "20": {"precision": 0.8257425742574257, "recall": 0.9381327334083239, "f1-score": 0.8783570300157978, "support": 889.0}, "21": {"precision": 0.9203007518796993, "recall": 0.8856729377713459, "f1-score": 0.9026548672566372, "support": 691.0}, "22": {"precision": 0.8432835820895522, "recall": 0.8354898336414048, "f1-score": 0.8393686165273909, "support": 541.0}, "23": {"precision": 0.7220956719817767, "recall": 0.8276762402088773, "f1-score": 0.7712895377128953, "support": 383.0}, "24": {"precision": 0.7843137254901961, "recall": 0.6274509803921569, "f1-score": 0.6971677559912854, "support": 255.0}, "25": {"precision": 0.5891472868217055, "recall": 0.9325153374233128, "f1-score": 0.7220902612826604, "support": 163.0}, "26": {"precision": 1.0, "recall": 0.12857142857142856, "f1-score": 0.22784810126582278, "support": 70.0}, "27": {"precision": 0.5357142857142857, "recall": 0.8333333333333334, "f1-score": 0.6521739130434783, "support": 18.0}, "accuracy": 0.9170703125, "macro avg": {"precision": 0.8278338718000942, "recall": 0.8265090999771326, "f1-score": 0.8111358131136325, "support": 25600.0}, "weighted avg": {"precision": 0.9202990684314504, "recall": 0.9170703125, "f1-score": 0.9167244579540107, "support": 25600.0}}