{"0": {"precision": 0.0, "recall": 0.0, "f1-score": 0.0, "support": 27.0}, "1": {"precision": 0.2938388625592417, "recall": 0.8732394366197183, "f1-score": 0.4397163120567376, "support": 71.0}, "2": {"precision": 0.33098591549295775, "recall": 0.3381294964028777, "f1-score": 0.33451957295373663, "support": 139.0}, "3": {"precision": 0.43902439024390244, "recall": 0.5236363636363637, "f1-score": 0.4776119402985075, "support": 275.0}, "4": {"precision": 0.4223300970873786, "recall": 0.2514450867052023, "f1-score": 0.31521739130434784, "support": 346.0}, "5": {"precision": 0.595360824742268, "recall": 0.4476744186046512, "f1-score": 0.5110619469026549, "support": 516.0}, "6": {"precision": 0.42325056433408575, "recall": 0.508130081300813, "f1-score": 0.4618226600985222, "support": 738.0}, "7": {"precision": 0.35397489539748955, "recall": 0.44667370644139387, "f1-score": 0.3949579831932773, "support": 947.0}, "8": {"precision": 0.296987087517934, "recall": 0.17264386989157632, "f1-score": 0.21835443037974686, "support": 1199.0}, "9": {"precision": 0.3909973521624007, "recall": 0.318705035971223, "f1-score": 0.3511692429647245, "support": 1390.0}, "10": {"precision": 0.3952020202020202, "recall": 0.36910377358490565, "f1-score": 0.38170731707317074, "support": 1696.0}, "11": {"precision": 0.49337260677466865, "recall": 0.3861671469740634, "f1-score": 0.43323634012285805, "support": 1735.0}, "12": {"precision": 0.3448146761512542, "recall": 0.5105321507760532, "f1-score": 0.41162011173184354, "support": 1804.0}, "13": {"precision": 0.506578947368421, "recall": 0.28264289459884634, "f1-score": 0.3628407943453382, "support": 1907.0}, "14": {"precision": 0.44780987884436163, "recall": 0.5002602811035919, "f1-score": 0.47258421440865506, "support": 1921.0}, "15": {"precision": 0.3602166716822149, "recall": 0.6370409792442788, "f1-score": 0.46020761245674746, "support": 1879.0}, "16": {"precision": 0.46849757673667203, "recall": 0.33819241982507287, "f1-score": 0.3928208601422282, "support": 1715.0}, "17": {"precision": 0.5643693107932379, "recall": 0.5428392745465916, "f1-score": 0.5533949633407715, "support": 1599.0}, "18": {"precision": 0.47877204441541477, "recall": 0.508674531575295, "f1-score": 0.49327052489905787, "support": 1441.0}, "19": {"precision": 0.40096230954290296, "recall": 0.44130626654898497, "f1-score": 0.4201680672268907, "support": 1133.0}, "20": {"precision": 0.3739644970414201, "recall": 0.3495575221238938, "f1-score": 0.3613493424814179, "support": 904.0}, "21": {"precision": 0.4126712328767123, "recall": 0.34281650071123754, "f1-score": 0.3745143745143745, "support": 703.0}, "22": {"precision": 0.41597796143250687, "recall": 0.2616984402079723, "f1-score": 0.32127659574468087, "support": 577.0}, "23": {"precision": 0.4265402843601896, "recall": 0.45569620253164556, "f1-score": 0.4406364749082008, "support": 395.0}, "24": {"precision": 0.43722943722943725, "recall": 0.3754646840148699, "f1-score": 0.404, "support": 269.0}, "25": {"precision": 0.44370860927152317, "recall": 0.40119760479041916, "f1-score": 0.4213836477987421, "support": 167.0}, "26": {"precision": 0.45544554455445546, "recall": 0.5822784810126582, "f1-score": 0.5111111111111112, "support": 79.0}, "27": {"precision": 0.8823529411764706, "recall": 0.5357142857142857, "f1-score": 0.6666666666666667, "support": 28.0}, "accuracy": 0.4191796875, "macro avg": {"precision": 0.42340130499969797, "recall": 0.4179093191235173, "f1-score": 0.4066864463973217, "support": 25600.0}, "weighted avg": {"precision": 0.4288555358682107, "recall": 0.4191796875, "f1-score": 0.41350018356291374, "support": 25600.0}}