{"0": {"precision": 0.0, "recall": 0.0, "f1-score": 0.0, "support": 30.0}, "1": {"precision": 0.4866666666666667, "recall": 0.9240506329113924, "f1-score": 0.6375545851528384, "support": 79.0}, "2": {"precision": 0.7652173913043478, "recall": 0.6197183098591549, "f1-score": 0.6848249027237353, "support": 142.0}, "3": {"precision": 0.7894736842105263, "recall": 0.9090909090909091, "f1-score": 0.8450704225352113, "support": 231.0}, "4": {"precision": 0.9715099715099715, "recall": 0.8743589743589744, "f1-score": 0.9203778677462888, "support": 390.0}, "5": {"precision": 0.8195718654434251, "recall": 0.9816849816849816, "f1-score": 0.8933333333333333, "support": 546.0}, "6": {"precision": 0.7812080536912752, "recall": 0.8314285714285714, "f1-score": 0.8055363321799308, "support": 700.0}, "7": {"precision": 0.8911860718171926, "recall": 0.8357142857142857, "f1-score": 0.8625592417061612, "support": 980.0}, "8": {"precision": 0.9423580786026201, "recall": 0.9144067796610169, "f1-score": 0.9281720430107526, "support": 1180.0}, "9": {"precision": 0.96602658788774, "recall": 0.9512727272727273, "f1-score": 0.9585928911689263, "support": 1375.0}, "10": {"precision": 0.9937067337948395, "recall": 0.9716923076923077, "f1-score": 0.9825762289981333, "support": 1625.0}, "11": {"precision": 0.993858179787828, "recall": 0.994413407821229, "f1-score": 0.9941357162803686, "support": 1790.0}, "12": {"precision": 1.0, "recall": 0.9941551540913921, "f1-score": 0.9970690114575006, "support": 1882.0}, "13": {"precision": 1.0, "recall": 1.0, "f1-score": 1.0, "support": 1933.0}, "14": {"precision": 0.9989378651088688, "recall": 1.0, "f1-score": 0.9994686503719448, "support": 1881.0}, "15": {"precision": 0.9947201689545935, "recall": 0.9989395546129375, "f1-score": 0.9968253968253968, "support": 1886.0}, "16": {"precision": 0.9971214738054116, "recall": 0.9897142857142858, "f1-score": 0.9934040722684256, "support": 1750.0}, "17": {"precision": 0.9924050632911392, "recall": 0.9924050632911392, "f1-score": 0.9924050632911392, "support": 1580.0}, "18": {"precision": 0.9924069855732726, "recall": 0.9812312312312312, "f1-score": 0.9867874669686674, "support": 1332.0}, "19": {"precision": 0.9821580288870009, "recall": 0.9553719008264463, "f1-score": 0.9685798072894848, "support": 1210.0}, "20": {"precision": 0.9424083769633508, "recall": 0.9846827133479212, "f1-score": 0.9630818619582665, "support": 914.0}, "21": {"precision": 0.9799713876967096, "recall": 0.906084656084656, "f1-score": 0.9415807560137457, "support": 756.0}, "22": {"precision": 0.8657314629258517, "recall": 0.8135593220338984, "f1-score": 0.8388349514563106, "support": 531.0}, "23": {"precision": 0.6901840490797546, "recall": 0.6064690026954178, "f1-score": 0.6456241032998565, "support": 371.0}, "24": {"precision": 0.44106463878326996, "recall": 0.47346938775510206, "f1-score": 0.4566929133858268, "support": 245.0}, "25": {"precision": 0.42201834862385323, "recall": 0.6344827586206897, "f1-score": 0.5068870523415978, "support": 145.0}, "26": {"precision": 0.2, "recall": 0.12643678160919541, "f1-score": 0.15492957746478875, "support": 87.0}, "27": {"precision": 0.2543859649122807, "recall": 1.0, "f1-score": 0.40559440559440557, "support": 29.0}, "accuracy": 0.9459765625, "macro avg": {"precision": 0.7912248964043497, "recall": 0.8308869178360665, "f1-score": 0.7985892376722512, "support": 25600.0}, "weighted avg": {"precision": 0.9498212505671308, "recall": 0.9459765625, "f1-score": 0.9468053748095494, "support": 25600.0}}