{"0": {"precision": 0.0, "recall": 0.0, "f1-score": 0.0, "support": 19.0}, "1": {"precision": 0.8207547169811321, "recall": 0.9666666666666667, "f1-score": 0.8877551020408163, "support": 90.0}, "2": {"precision": 0.8214285714285714, "recall": 1.0, "f1-score": 0.9019607843137255, "support": 161.0}, "3": {"precision": 0.7906137184115524, "recall": 0.8725099601593626, "f1-score": 0.8295454545454546, "support": 251.0}, "4": {"precision": 0.9708454810495627, "recall": 0.8516624040920716, "f1-score": 0.9073569482288828, "support": 391.0}, "5": {"precision": 0.9961977186311787, "recall": 0.9812734082397003, "f1-score": 0.9886792452830188, "support": 534.0}, "6": {"precision": 0.9932523616734144, "recall": 0.997289972899729, "f1-score": 0.9952670723461797, "support": 738.0}, "7": {"precision": 0.9900110987791343, "recall": 0.9944258639910813, "f1-score": 0.9922135706340378, "support": 897.0}, "8": {"precision": 0.9991467576791809, "recall": 0.9923728813559322, "f1-score": 0.9957482993197279, "support": 1180.0}, "9": {"precision": 0.9985475671750181, "recall": 0.9992732558139535, "f1-score": 0.9989102796948783, "support": 1376.0}, "10": {"precision": 0.9974779319041615, "recall": 0.9987373737373737, "f1-score": 0.9981072555205048, "support": 1584.0}, "11": {"precision": 0.9933035714285714, "recall": 0.9977578475336323, "f1-score": 0.9955257270693512, "support": 1784.0}, "12": {"precision": 0.9994635193133047, "recall": 0.9936, "f1-score": 0.9965231345279487, "support": 1875.0}, "13": {"precision": 1.0, "recall": 0.999492385786802, "f1-score": 0.9997461284589997, "support": 1970.0}, "14": {"precision": 1.0, "recall": 1.0, "f1-score": 1.0, "support": 1917.0}, "15": {"precision": 1.0, "recall": 1.0, "f1-score": 1.0, "support": 1859.0}, "16": {"precision": 1.0, "recall": 1.0, "f1-score": 1.0, "support": 1804.0}, "17": {"precision": 1.0, "recall": 0.9987269255251432, "f1-score": 0.9993630573248408, "support": 1571.0}, "18": {"precision": 0.9985915492957746, "recall": 1.0, "f1-score": 0.9992952783650458, "support": 1418.0}, "19": {"precision": 1.0, "recall": 0.9947043248014121, "f1-score": 0.9973451327433629, "support": 1133.0}, "20": {"precision": 0.9936034115138592, "recall": 0.9936034115138592, "f1-score": 0.9936034115138592, "support": 938.0}, "21": {"precision": 0.9904458598726115, "recall": 0.9160530191458026, "f1-score": 0.9517980107115532, "support": 679.0}, "22": {"precision": 0.8841463414634146, "recall": 0.7578397212543554, "f1-score": 0.8161350844277673, "support": 574.0}, "23": {"precision": 0.6106442577030813, "recall": 0.5907859078590786, "f1-score": 0.6005509641873279, "support": 369.0}, "24": {"precision": 0.3105022831050228, "recall": 0.3119266055045872, "f1-score": 0.3112128146453089, "support": 218.0}, "25": {"precision": 0.4423791821561338, "recall": 0.7391304347826086, "f1-score": 0.5534883720930233, "support": 161.0}, "26": {"precision": 0.19230769230769232, "recall": 0.12345679012345678, "f1-score": 0.15037593984962408, "support": 81.0}, "27": {"precision": 0.2828282828282828, "recall": 1.0, "f1-score": 0.4409448818897638, "support": 28.0}, "accuracy": 0.969453125, "macro avg": {"precision": 0.8241604240964521, "recall": 0.8596888985995219, "f1-score": 0.8321947124905359, "support": 25600.0}, "weighted avg": {"precision": 0.9721090476510881, "recall": 0.969453125, "f1-score": 0.9699952466700422, "support": 25600.0}}