{"0": {"precision": 0.0, "recall": 0.0, "f1-score": 0.0, "support": 28.0}, "1": {"precision": 0.6153846153846154, "recall": 0.5783132530120482, "f1-score": 0.5962732919254657, "support": 83.0}, "2": {"precision": 0.41597796143250687, "recall": 0.94375, "f1-score": 0.5774378585086042, "support": 160.0}, "3": {"precision": 0.5542857142857143, "recall": 0.3277027027027027, "f1-score": 0.4118895966029724, "support": 296.0}, "4": {"precision": 0.6649214659685864, "recall": 0.6018957345971564, "f1-score": 0.6318407960199005, "support": 422.0}, "5": {"precision": 0.6357142857142857, "recall": 0.5287128712871287, "f1-score": 0.5772972972972973, "support": 505.0}, "6": {"precision": 0.5460122699386503, "recall": 0.6544117647058824, "f1-score": 0.5953177257525084, "support": 680.0}, "7": {"precision": 0.5614035087719298, "recall": 0.6659364731653888, "f1-score": 0.6092184368737474, "support": 913.0}, "8": {"precision": 0.6782608695652174, "recall": 0.5046210720887245, "f1-score": 0.5786963434022256, "support": 1082.0}, "9": {"precision": 0.6753705010585744, "recall": 0.6701680672268907, "f1-score": 0.6727592267135324, "support": 1428.0}, "10": {"precision": 0.6787211740041929, "recall": 0.7749850388988629, "f1-score": 0.7236658284436993, "support": 1671.0}, "11": {"precision": 0.7672469374597034, "recall": 0.693069306930693, "f1-score": 0.7282741738066094, "support": 1717.0}, "12": {"precision": 0.7120603015075377, "recall": 0.7867851193781232, "f1-score": 0.7475600105513057, "support": 1801.0}, "13": {"precision": 0.8598484848484849, "recall": 0.714210802307289, "f1-score": 0.7802921798911486, "support": 1907.0}, "14": {"precision": 0.8392355255761664, "recall": 0.7691911385883565, "f1-score": 0.8026881720430107, "support": 1941.0}, "15": {"precision": 0.7873799725651578, "recall": 0.8718987341772152, "f1-score": 0.8274867851994233, "support": 1975.0}, "16": {"precision": 0.8, "recall": 0.8202182653647329, "f1-score": 0.8099829835507658, "support": 1741.0}, "17": {"precision": 0.7845679012345679, "recall": 0.767512077294686, "f1-score": 0.7759462759462759, "support": 1656.0}, "18": {"precision": 0.6890530557421088, "recall": 0.7051546391752578, "f1-score": 0.6970108695652175, "support": 1455.0}, "19": {"precision": 0.5182778229082047, "recall": 0.5567190226876091, "f1-score": 0.5368111064366848, "support": 1146.0}, "20": {"precision": 0.4902186421173763, "recall": 0.4959254947613504, "f1-score": 0.4930555555555555, "support": 859.0}, "21": {"precision": 0.6066066066066066, "recall": 0.5564738292011019, "f1-score": 0.5804597701149425, "support": 726.0}, "22": {"precision": 0.5151098901098901, "recall": 0.6970260223048327, "f1-score": 0.5924170616113743, "support": 538.0}, "23": {"precision": 0.6090225563909775, "recall": 0.42408376963350786, "f1-score": 0.5, "support": 382.0}, "24": {"precision": 0.6081871345029239, "recall": 0.4297520661157025, "f1-score": 0.5036319612590799, "support": 242.0}, "25": {"precision": 0.55, "recall": 0.4647887323943662, "f1-score": 0.5038167938931297, "support": 142.0}, "26": {"precision": 0.5301204819277109, "recall": 0.6285714285714286, "f1-score": 0.5751633986928105, "support": 70.0}, "27": {"precision": 0.7714285714285715, "recall": 0.7941176470588235, "f1-score": 0.782608695652174, "support": 34.0}, "accuracy": 0.6962109375, "macro avg": {"precision": 0.6237291518232236, "recall": 0.6223569669153521, "f1-score": 0.6147000784039094, "support": 25600.0}, "weighted avg": {"precision": 0.7020168838819658, "recall": 0.6962109375, "f1-score": 0.6951432453263803, "support": 25600.0}}