{"0": {"precision": 0.0, "recall": 0.0, "f1-score": 0.0, "support": 22.0}, "1": {"precision": 0.5151515151515151, "recall": 0.7727272727272727, "f1-score": 0.6181818181818182, "support": 66.0}, "2": {"precision": 0.5336134453781513, "recall": 0.8141025641025641, "f1-score": 0.6446700507614213, "support": 156.0}, "3": {"precision": 0.782608695652174, "recall": 0.379746835443038, "f1-score": 0.5113636363636364, "support": 237.0}, "4": {"precision": 0.7088607594936709, "recall": 0.6345609065155807, "f1-score": 0.6696562032884904, "support": 353.0}, "5": {"precision": 0.6100478468899522, "recall": 0.4713493530499076, "f1-score": 0.5318039624608969, "support": 541.0}, "6": {"precision": 0.5060402684563758, "recall": 0.5447976878612717, "f1-score": 0.5247042449547669, "support": 692.0}, "7": {"precision": 0.5151515151515151, "recall": 0.5642398286937902, "f1-score": 0.5385794583546245, "support": 934.0}, "8": {"precision": 0.5112244897959184, "recall": 0.44024604569420034, "f1-score": 0.4730878186968839, "support": 1138.0}, "9": {"precision": 0.4752238805970149, "recall": 0.5913818722139673, "f1-score": 0.5269778219132738, "support": 1346.0}, "10": {"precision": 0.5237099023709902, "recall": 0.45904645476772615, "f1-score": 0.48925081433224754, "support": 1636.0}, "11": {"precision": 0.614921780986763, "recall": 0.5612300933552993, "f1-score": 0.5868504163077807, "support": 1821.0}, "12": {"precision": 0.5149948293691831, "recall": 0.5380875202593193, "f1-score": 0.5262879788639365, "support": 1851.0}, "13": {"precision": 0.656801007556675, "recall": 0.5640886965927528, "f1-score": 0.6069246435845215, "support": 1849.0}, "14": {"precision": 0.6226508407517309, "recall": 0.6547061882475299, "f1-score": 0.638276299112801, "support": 1923.0}, "15": {"precision": 0.5997386759581882, "recall": 0.7201882845188284, "f1-score": 0.654467680608365, "support": 1912.0}, "16": {"precision": 0.5963656387665198, "recall": 0.6170940170940171, "f1-score": 0.6065527863343602, "support": 1755.0}, "17": {"precision": 0.6015228426395939, "recall": 0.579108124618204, "f1-score": 0.5901027077497666, "support": 1637.0}, "18": {"precision": 0.4176904176904177, "recall": 0.48329779673063256, "f1-score": 0.44810543657331137, "support": 1407.0}, "19": {"precision": 0.35733819507748404, "recall": 0.3250414593698176, "f1-score": 0.3404255319148936, "support": 1206.0}, "20": {"precision": 0.3639344262295082, "recall": 0.4748663101604278, "f1-score": 0.4120649651972158, "support": 935.0}, "21": {"precision": 0.44801512287334594, "recall": 0.3305439330543933, "f1-score": 0.3804173354735152, "support": 717.0}, "22": {"precision": 0.4785276073619632, "recall": 0.4223826714801444, "f1-score": 0.44870565675934804, "support": 554.0}, "23": {"precision": 0.497907949790795, "recall": 0.3012658227848101, "f1-score": 0.3753943217665615, "support": 395.0}, "24": {"precision": 0.4479166666666667, "recall": 0.31851851851851853, "f1-score": 0.37229437229437234, "support": 270.0}, "25": {"precision": 0.4824561403508772, "recall": 0.7006369426751592, "f1-score": 0.5714285714285714, "support": 157.0}, "26": {"precision": 0.5925925925925926, "recall": 0.22857142857142856, "f1-score": 0.32989690721649484, "support": 70.0}, "27": {"precision": 0.7142857142857143, "recall": 0.5, "f1-score": 0.588235294117647, "support": 20.0}, "accuracy": 0.5373046875, "macro avg": {"precision": 0.5246175988530462, "recall": 0.49970809389645005, "f1-score": 0.5001680976646973, "support": 25600.0}, "weighted avg": {"precision": 0.5410051133774667, "recall": 0.5373046875, "f1-score": 0.5350070643128234, "support": 25600.0}}