{"0": {"precision": 0.027522935779816515, "recall": 0.125, "f1-score": 0.04511278195488722, "support": 24.0}, "1": {"precision": 0.006514657980456026, "recall": 0.02666666666666667, "f1-score": 0.010471204188481676, "support": 75.0}, "2": {"precision": 0.09448818897637795, "recall": 0.25, "f1-score": 0.13714285714285715, "support": 144.0}, "3": {"precision": 0.06097560975609756, "recall": 0.09433962264150944, "f1-score": 0.07407407407407407, "support": 265.0}, "4": {"precision": 0.13114754098360656, "recall": 0.16080402010050251, "f1-score": 0.14446952595936793, "support": 398.0}, "5": {"precision": 0.10645724258289703, "recall": 0.11233885819521179, "f1-score": 0.10931899641577061, "support": 543.0}, "6": {"precision": 0.14247669773635152, "recall": 0.1502808988764045, "f1-score": 0.1462747778537252, "support": 712.0}, "7": {"precision": 0.10256410256410256, "recall": 0.10964912280701754, "f1-score": 0.10598834128245893, "support": 912.0}, "8": {"precision": 0.11892797319932999, "recall": 0.12633451957295375, "f1-score": 0.12251941328731665, "support": 1124.0}, "9": {"precision": 0.12106537530266344, "recall": 0.07326007326007326, "f1-score": 0.09128251939753539, "support": 1365.0}, "10": {"precision": 0.1275221953188055, "recall": 0.10076530612244898, "f1-score": 0.11257570359814749, "support": 1568.0}, "11": {"precision": 0.14027149321266968, "recall": 0.08862206975414523, "f1-score": 0.10861948142957255, "support": 1749.0}, "12": {"precision": 0.13129644921552436, "recall": 0.08660130718954248, "f1-score": 0.1043649491302921, "support": 1836.0}, "13": {"precision": 0.12181030332209918, "recall": 0.13204592901878914, "f1-score": 0.12672176308539942, "support": 1916.0}, "14": {"precision": 0.12249346120313863, "recall": 0.14366053169734153, "f1-score": 0.13223529411764706, "support": 1956.0}, "15": {"precision": 0.09391374445787988, "recall": 0.12321523003701745, "f1-score": 0.10658737419945105, "support": 1891.0}, "16": {"precision": 0.11044937736870601, "recall": 0.11737629459148446, "f1-score": 0.11380753138075314, "support": 1738.0}, "17": {"precision": 0.11187698833510074, "recall": 0.13024691358024693, "f1-score": 0.12036508841985168, "support": 1620.0}, "18": {"precision": 0.11193029490616623, "recall": 0.11785462244177841, "f1-score": 0.11481608800275009, "support": 1417.0}, "19": {"precision": 0.12351778656126482, "recall": 0.10460251046025104, "f1-score": 0.11327594019030357, "support": 1195.0}, "20": {"precision": 0.09985315712187959, "recall": 0.07391304347826087, "f1-score": 0.084946908182386, "support": 920.0}, "21": {"precision": 0.15503875968992248, "recall": 0.10540184453227931, "f1-score": 0.1254901960784314, "support": 759.0}, "22": {"precision": 0.07266982622432859, "recall": 0.08041958041958042, "f1-score": 0.0763485477178423, "support": 572.0}, "23": {"precision": 0.10956175298804781, "recall": 0.14473684210526316, "f1-score": 0.12471655328798185, "support": 380.0}, "24": {"precision": 0.08620689655172414, "recall": 0.09803921568627451, "f1-score": 0.09174311926605505, "support": 255.0}, "25": {"precision": 0.1271186440677966, "recall": 0.09933774834437085, "f1-score": 0.11152416356877322, "support": 151.0}, "26": {"precision": 0.06040268456375839, "recall": 0.0989010989010989, "f1-score": 0.075, "support": 91.0}, "27": {"precision": 0.09433962264150944, "recall": 0.20833333333333334, "f1-score": 0.12987012987012989, "support": 24.0}, "accuracy": 0.1128515625, "macro avg": {"precision": 0.10401477723614362, "recall": 0.11724097156478024, "f1-score": 0.10570226153865152, "support": 25600.0}, "weighted avg": {"precision": 0.11690796197756301, "recall": 0.1128515625, "f1-score": 0.11280583449579738, "support": 25600.0}}