{"0": {"precision": 0.0, "recall": 0.0, "f1-score": 0.0, "support": 28.0}, "1": {"precision": 0.7142857142857143, "recall": 0.9210526315789473, "f1-score": 0.8045977011494253, "support": 76.0}, "2": {"precision": 0.825, "recall": 1.0, "f1-score": 0.9041095890410958, "support": 132.0}, "3": {"precision": 0.6472303206997084, "recall": 0.9098360655737705, "f1-score": 0.7563884156729132, "support": 244.0}, "4": {"precision": 0.9966101694915255, "recall": 0.708433734939759, "f1-score": 0.828169014084507, "support": 415.0}, "5": {"precision": 0.9891891891891892, "recall": 0.9981818181818182, "f1-score": 0.9936651583710407, "support": 550.0}, "6": {"precision": 0.9765625, "recall": 0.9920634920634921, "f1-score": 0.9842519685039369, "support": 756.0}, "7": {"precision": 0.9724454649827784, "recall": 0.9791907514450867, "f1-score": 0.9758064516129032, "support": 865.0}, "8": {"precision": 0.9856902356902357, "recall": 0.9799163179916318, "f1-score": 0.9827947964750314, "support": 1195.0}, "9": {"precision": 0.9914463452566097, "recall": 0.9868421052631579, "f1-score": 0.9891388673390226, "support": 1292.0}, "10": {"precision": 0.9994008388256441, "recall": 0.9934484812388327, "f1-score": 0.996415770609319, "support": 1679.0}, "11": {"precision": 0.9926553672316384, "recall": 0.9994311717861206, "f1-score": 0.9960317460317462, "support": 1758.0}, "12": {"precision": 1.0, "recall": 0.992984349703184, "f1-score": 0.9964798266991606, "support": 1853.0}, "13": {"precision": 0.9994747899159664, "recall": 1.0, "f1-score": 0.9997373259784608, "support": 1903.0}, "14": {"precision": 0.9989669421487604, "recall": 0.997421351211965, "f1-score": 0.9981935483870968, "support": 1939.0}, "15": {"precision": 0.9974463738508682, "recall": 0.9989769820971867, "f1-score": 0.998211091234347, "support": 1955.0}, "16": {"precision": 0.9994134897360704, "recall": 0.9994134897360704, "f1-score": 0.9994134897360704, "support": 1705.0}, "17": {"precision": 1.0, "recall": 0.9955780164245104, "f1-score": 0.9977841088952201, "support": 1583.0}, "18": {"precision": 0.9958362248438585, "recall": 0.9937673130193906, "f1-score": 0.9948006932409013, "support": 1444.0}, "19": {"precision": 0.9918256130790191, "recall": 0.9454545454545454, "f1-score": 0.9680851063829788, "support": 1155.0}, "20": {"precision": 0.9357142857142857, "recall": 0.9703703703703703, "f1-score": 0.9527272727272726, "support": 945.0}, "21": {"precision": 0.9544715447154472, "recall": 0.8409742120343839, "f1-score": 0.8941355674028941, "support": 698.0}, "22": {"precision": 0.7925233644859813, "recall": 0.7695099818511797, "f1-score": 0.7808471454880295, "support": 551.0}, "23": {"precision": 0.5822368421052632, "recall": 0.4889502762430939, "f1-score": 0.5315315315315315, "support": 362.0}, "24": {"precision": 0.3508771929824561, "recall": 0.37735849056603776, "f1-score": 0.36363636363636365, "support": 265.0}, "25": {"precision": 0.3702290076335878, "recall": 0.6598639455782312, "f1-score": 0.4743276283618582, "support": 147.0}, "26": {"precision": 0.21875, "recall": 0.175, "f1-score": 0.19444444444444442, "support": 80.0}, "27": {"precision": 0.27472527472527475, "recall": 1.0, "f1-score": 0.4310344827586208, "support": 25.0}, "accuracy": 0.9575390625, "macro avg": {"precision": 0.8054645389853529, "recall": 0.8455007105125988, "f1-score": 0.8138128252070068, "support": 25600.0}, "weighted avg": {"precision": 0.9618117616232066, "recall": 0.9575390625, "f1-score": 0.9583380105826003, "support": 25600.0}}