{"0": {"precision": 0.0, "recall": 0.0, "f1-score": 0.0, "support": 28.0}, "1": {"precision": 0.618421052631579, "recall": 0.7014925373134329, "f1-score": 0.6573426573426574, "support": 67.0}, "2": {"precision": 0.7817258883248731, "recall": 0.9871794871794872, "f1-score": 0.8725212464589236, "support": 156.0}, "3": {"precision": 0.8260869565217391, "recall": 0.9148148148148149, "f1-score": 0.8681898066783832, "support": 270.0}, "4": {"precision": 0.961439588688946, "recall": 0.88, "f1-score": 0.918918918918919, "support": 425.0}, "5": {"precision": 0.9510763209393346, "recall": 0.9700598802395209, "f1-score": 0.9604743083003952, "support": 501.0}, "6": {"precision": 0.9517241379310345, "recall": 0.965034965034965, "f1-score": 0.9583333333333333, "support": 715.0}, "7": {"precision": 0.9417808219178082, "recall": 0.9593023255813954, "f1-score": 0.9504608294930875, "support": 860.0}, "8": {"precision": 0.9780033840947546, "recall": 0.9577464788732394, "f1-score": 0.9677689409794893, "support": 1207.0}, "9": {"precision": 0.9814550641940085, "recall": 0.9814550641940085, "f1-score": 0.9814550641940085, "support": 1402.0}, "10": {"precision": 0.9924194567277321, "recall": 0.9837194740137758, "f1-score": 0.9880503144654087, "support": 1597.0}, "11": {"precision": 0.9836250705815923, "recall": 0.9931584948688712, "f1-score": 0.9883687943262413, "support": 1754.0}, "12": {"precision": 0.9940476190476191, "recall": 0.9844587352625938, "f1-score": 0.9892299407646743, "support": 1866.0}, "13": {"precision": 0.9974093264248705, "recall": 0.9943181818181818, "f1-score": 0.9958613554061045, "support": 1936.0}, "14": {"precision": 1.0, "recall": 0.9974066390041494, "f1-score": 0.9987016359387172, "support": 1928.0}, "15": {"precision": 1.0, "recall": 1.0, "f1-score": 1.0, "support": 1875.0}, "16": {"precision": 1.0, "recall": 1.0, "f1-score": 1.0, "support": 1731.0}, "17": {"precision": 1.0, "recall": 0.9969001859888407, "f1-score": 0.99844768705371, "support": 1613.0}, "18": {"precision": 0.9959128065395095, "recall": 0.9965916837082481, "f1-score": 0.996252129471891, "support": 1467.0}, "19": {"precision": 0.9956709956709957, "recall": 0.9871244635193133, "f1-score": 0.9913793103448276, "support": 1165.0}, "20": {"precision": 0.9847494553376906, "recall": 0.9912280701754386, "f1-score": 0.9879781420765027, "support": 912.0}, "21": {"precision": 0.9884892086330935, "recall": 0.9689703808180536, "f1-score": 0.9786324786324787, "support": 709.0}, "22": {"precision": 0.9545454545454546, "recall": 0.8700564971751412, "f1-score": 0.9103448275862069, "support": 531.0}, "23": {"precision": 0.8016997167138811, "recall": 0.7566844919786097, "f1-score": 0.7785419532324622, "support": 374.0}, "24": {"precision": 0.5863636363636363, "recall": 0.4942528735632184, "f1-score": 0.5363825363825363, "support": 261.0}, "25": {"precision": 0.49034749034749037, "recall": 0.8881118881118881, "f1-score": 0.6318407960199005, "support": 143.0}, "26": {"precision": 0.5833333333333334, "recall": 0.2916666666666667, "f1-score": 0.38888888888888895, "support": 72.0}, "27": {"precision": 0.4069767441860465, "recall": 1.0, "f1-score": 0.5785123966942148, "support": 35.0}, "accuracy": 0.9698046875, "macro avg": {"precision": 0.8481179832034649, "recall": 0.8754190814251376, "f1-score": 0.8526027961779986, "support": 25600.0}, "weighted avg": {"precision": 0.9713842642471914, "recall": 0.9698046875, "f1-score": 0.9697232523094078, "support": 25600.0}}