{"0": {"precision": 0.0, "recall": 0.0, "f1-score": 0.0, "support": 24.0}, "1": {"precision": 0.7575757575757576, "recall": 1.0, "f1-score": 0.8620689655172413, "support": 75.0}, "2": {"precision": 0.6515837104072398, "recall": 1.0, "f1-score": 0.789041095890411, "support": 144.0}, "3": {"precision": 0.752, "recall": 0.7094339622641509, "f1-score": 0.7300970873786407, "support": 265.0}, "4": {"precision": 0.9882352941176471, "recall": 0.8442211055276382, "f1-score": 0.9105691056910569, "support": 398.0}, "5": {"precision": 0.9573712255772646, "recall": 0.992633517495396, "f1-score": 0.9746835443037974, "support": 543.0}, "6": {"precision": 0.9772727272727273, "recall": 0.9662921348314607, "f1-score": 0.9717514124293786, "support": 712.0}, "7": {"precision": 0.9603429796355841, "recall": 0.9824561403508771, "f1-score": 0.9712737127371275, "support": 912.0}, "8": {"precision": 0.9636524822695035, "recall": 0.9670818505338078, "f1-score": 0.9653641207815276, "support": 1124.0}, "9": {"precision": 0.9910179640718563, "recall": 0.96996336996337, "f1-score": 0.9803776379118845, "support": 1365.0}, "10": {"precision": 0.9917144678138942, "recall": 0.9923469387755102, "f1-score": 0.9920306024864519, "support": 1568.0}, "11": {"precision": 0.9869243888573053, "recall": 0.9925671812464265, "f1-score": 0.9897377423033068, "support": 1749.0}, "12": {"precision": 0.9977985690698954, "recall": 0.9874727668845316, "f1-score": 0.9926088146728715, "support": 1836.0}, "13": {"precision": 1.0, "recall": 0.9979123173277662, "f1-score": 0.9989550679205852, "support": 1916.0}, "14": {"precision": 1.0, "recall": 1.0, "f1-score": 1.0, "support": 1956.0}, "15": {"precision": 1.0, "recall": 1.0, "f1-score": 1.0, "support": 1891.0}, "16": {"precision": 1.0, "recall": 1.0, "f1-score": 1.0, "support": 1738.0}, "17": {"precision": 1.0, "recall": 1.0, "f1-score": 1.0, "support": 1620.0}, "18": {"precision": 1.0, "recall": 0.9992942836979535, "f1-score": 0.9996470172961525, "support": 1417.0}, "19": {"precision": 0.9991610738255033, "recall": 0.9966527196652719, "f1-score": 0.9979053204859656, "support": 1195.0}, "20": {"precision": 0.9956616052060737, "recall": 0.9978260869565218, "f1-score": 0.996742671009772, "support": 920.0}, "21": {"precision": 0.9972826086956522, "recall": 0.9670619235836627, "f1-score": 0.9819397993311038, "support": 759.0}, "22": {"precision": 0.9514563106796117, "recall": 0.8566433566433567, "f1-score": 0.9015639374425023, "support": 572.0}, "23": {"precision": 0.7476923076923077, "recall": 0.6394736842105263, "f1-score": 0.6893617021276595, "support": 380.0}, "24": {"precision": 0.5071942446043165, "recall": 0.5529411764705883, "f1-score": 0.5290806754221389, "support": 255.0}, "25": {"precision": 0.4697674418604651, "recall": 0.6688741721854304, "f1-score": 0.551912568306011, "support": 151.0}, "26": {"precision": 0.29577464788732394, "recall": 0.23076923076923078, "f1-score": 0.25925925925925924, "support": 91.0}, "27": {"precision": 0.2553191489361702, "recall": 1.0, "f1-score": 0.4067796610169491, "support": 24.0}, "accuracy": 0.967890625, "macro avg": {"precision": 0.8283856770020036, "recall": 0.8682827828351242, "f1-score": 0.8372411257757785, "support": 25600.0}, "weighted avg": {"precision": 0.9707164796353518, "recall": 0.967890625, "f1-score": 0.9684735467217231, "support": 25600.0}}