{"0": {"precision": 0.7514851485148515, "recall": 0.7485207100591716, "f1-score": 0.75, "support": 1014.0}, "1": {"precision": 0.7543352601156069, "recall": 0.7572533849129593, "f1-score": 0.7557915057915058, "support": 1034.0}, "accuracy": 0.7529296875, "macro avg": {"precision": 0.7529102043152291, "recall": 0.7528870474860655, "f1-score": 0.752895752895753, "support": 2048.0}, "weighted avg": {"precision": 0.7529241208757798, "recall": 0.7529296875, "f1-score": 0.7529240317326255, "support": 2048.0}}