{"0": {"precision": 0.7391713747645952, "recall": 0.7584541062801933, "f1-score": 0.748688602765856, "support": 1035.0}, "1": {"precision": 0.7464503042596349, "recall": 0.7265547877591313, "f1-score": 0.7363681840920461, "support": 1013.0}, "accuracy": 0.74267578125, "macro avg": {"precision": 0.742810839512115, "recall": 0.7425044470196622, "f1-score": 0.742528393428951, "support": 2048.0}, "weighted avg": {"precision": 0.7427717436993975, "recall": 0.74267578125, "f1-score": 0.7425945675526873, "support": 2048.0}}