{"0": {"precision": 0.751765893037336, "recall": 0.731827111984283, "f1-score": 0.7416625186660029, "support": 1018.0}, "1": {"precision": 0.7417218543046358, "recall": 0.7611650485436893, "f1-score": 0.7513176808816483, "support": 1030.0}, "accuracy": 0.74658203125, "macro avg": {"precision": 0.7467438736709859, "recall": 0.7464960802639862, "f1-score": 0.7464900997738255, "support": 2048.0}, "weighted avg": {"precision": 0.7467144477762612, "recall": 0.74658203125, "f1-score": 0.7465183863818792, "support": 2048.0}}