{"0": {"precision": 0.0, "recall": 0.0, "f1-score": 0.0, "support": 2}, "1": {"precision": 0.0, "recall": 0.0, "f1-score": 0.0, "support": 3}, "2": {"precision": 0.2, "recall": 0.2222222222222222, "f1-score": 0.2105263157894737, "support": 18}, "3": {"precision": 0.1111111111111111, "recall": 0.21428571428571427, "f1-score": 0.14634146341463417, "support": 28}, "4": {"precision": 0.07142857142857142, "recall": 0.07317073170731707, "f1-score": 0.07228915662650603, "support": 41}, "5": {"precision": 0.14285714285714285, "recall": 0.1323529411764706, "f1-score": 0.13740458015267173, "support": 68}, "6": {"precision": 0.136986301369863, "recall": 0.12195121951219512, "f1-score": 0.12903225806451613, "support": 82}, "7": {"precision": 0.15730337078651685, "recall": 0.13592233009708737, "f1-score": 0.14583333333333331, "support": 103}, "8": {"precision": 0.13392857142857142, "recall": 0.13761467889908258, "f1-score": 0.13574660633484162, "support": 109}, "9": {"precision": 0.12222222222222222, "recall": 0.0873015873015873, "f1-score": 0.10185185185185185, "support": 126}, "10": {"precision": 0.10071942446043165, "recall": 0.07368421052631578, "f1-score": 0.0851063829787234, "support": 190}, "11": {"precision": 0.13043478260869565, "recall": 0.10650887573964497, "f1-score": 0.11726384364820847, "support": 169}, "12": {"precision": 0.10752688172043011, "recall": 0.05555555555555555, "f1-score": 0.07326007326007326, "support": 180}, "13": {"precision": 0.11055276381909548, "recall": 0.11891891891891893, "f1-score": 0.11458333333333334, "support": 185}, "14": {"precision": 0.10047846889952153, "recall": 0.10344827586206896, "f1-score": 0.10194174757281552, "support": 203}, "15": {"precision": 0.1152073732718894, "recall": 0.1282051282051282, "f1-score": 0.12135922330097088, "support": 195}, "16": {"precision": 0.14012738853503184, "recall": 0.1301775147928994, "f1-score": 0.13496932515337426, "support": 169}, "17": {"precision": 0.11224489795918367, "recall": 0.1437908496732026, "f1-score": 0.12607449856733524, "support": 153}, "18": {"precision": 0.08264462809917356, "recall": 0.08620689655172414, "f1-score": 0.08438818565400845, "support": 116}, "19": {"precision": 0.0875, "recall": 0.21212121212121213, "f1-score": 0.1238938053097345, "support": 99}, "20": {"precision": 0.09523809523809523, "recall": 0.0625, "f1-score": 0.07547169811320754, "support": 96}, "21": {"precision": 0.08823529411764706, "recall": 0.046875, "f1-score": 0.06122448979591836, "support": 64}, "22": {"precision": 0.044444444444444446, "recall": 0.031746031746031744, "f1-score": 0.03703703703703703, "support": 63}, "23": {"precision": 0.12244897959183673, "recall": 0.13043478260869565, "f1-score": 0.12631578947368421, "support": 46}, "24": {"precision": 0.05263157894736842, "recall": 0.08, "f1-score": 0.06349206349206349, "support": 25}, "25": {"precision": 0.125, "recall": 0.1111111111111111, "f1-score": 0.11764705882352941, "support": 18}, "26": {"precision": 0.0, "recall": 0.0, "f1-score": 0.0, "support": 7}, "27": {"precision": 0.0, "recall": 0.0, "f1-score": 0.0, "support": 2}, "accuracy": 0.10859375, "macro avg": {"precision": 0.096116867604173, "recall": 0.09807520673622093, "f1-score": 0.09439479003863735, "support": 2560}, "weighted avg": {"precision": 0.1119256936535861, "recall": 0.10859375, "f1-score": 0.10754825707093933, "support": 2560}}