{"0": {"precision": 0.0, "recall": 0.0, "f1-score": 0.0, "support": 3}, "1": {"precision": 0.42857142857142855, "recall": 0.42857142857142855, "f1-score": 0.42857142857142855, "support": 7}, "2": {"precision": 0.5555555555555556, "recall": 0.5555555555555556, "f1-score": 0.5555555555555556, "support": 18}, "3": {"precision": 0.6666666666666666, "recall": 0.7272727272727273, "f1-score": 0.6956521739130435, "support": 33}, "4": {"precision": 0.7428571428571429, "recall": 0.5909090909090909, "f1-score": 0.6582278481012659, "support": 44}, "5": {"precision": 0.7894736842105263, "recall": 0.9183673469387755, "f1-score": 0.8490566037735849, "support": 49}, "6": {"precision": 0.8448275862068966, "recall": 0.8305084745762712, "f1-score": 0.8376068376068375, "support": 59}, "7": {"precision": 0.8271604938271605, "recall": 0.8375, "f1-score": 0.8322981366459627, "support": 80}, "8": {"precision": 0.9239130434782609, "recall": 0.9139784946236559, "f1-score": 0.918918918918919, "support": 93}, "9": {"precision": 0.8970588235294118, "recall": 0.9384615384615385, "f1-score": 0.9172932330827067, "support": 130}, "10": {"precision": 0.8834355828220859, "recall": 0.9113924050632911, "f1-score": 0.897196261682243, "support": 158}, "11": {"precision": 0.912568306010929, "recall": 0.912568306010929, "f1-score": 0.912568306010929, "support": 183}, "12": {"precision": 0.9303482587064676, "recall": 0.9257425742574258, "f1-score": 0.9280397022332506, "support": 202}, "13": {"precision": 0.9025641025641026, "recall": 0.9072164948453608, "f1-score": 0.9048843187660668, "support": 194}, "14": {"precision": 0.9251336898395722, "recall": 0.8781725888324873, "f1-score": 0.9010416666666666, "support": 197}, "15": {"precision": 0.8762376237623762, "recall": 0.9267015706806283, "f1-score": 0.9007633587786259, "support": 191}, "16": {"precision": 0.9034090909090909, "recall": 0.8736263736263736, "f1-score": 0.8882681564245811, "support": 182}, "17": {"precision": 0.8719512195121951, "recall": 0.9050632911392406, "f1-score": 0.8881987577639753, "support": 158}, "18": {"precision": 0.9534883720930233, "recall": 0.8723404255319149, "f1-score": 0.9111111111111112, "support": 141}, "19": {"precision": 0.8846153846153846, "recall": 0.8679245283018868, "f1-score": 0.8761904761904762, "support": 106}, "20": {"precision": 0.8623853211009175, "recall": 0.8952380952380953, "f1-score": 0.8785046728971964, "support": 105}, "21": {"precision": 0.8589743589743589, "recall": 0.8701298701298701, "f1-score": 0.8645161290322582, "support": 77}, "22": {"precision": 0.7704918032786885, "recall": 0.8392857142857143, "f1-score": 0.8034188034188035, "support": 56}, "23": {"precision": 0.6666666666666666, "recall": 0.6829268292682927, "f1-score": 0.674698795180723, "support": 41}, "24": {"precision": 0.64, "recall": 0.5925925925925926, "f1-score": 0.6153846153846153, "support": 27}, "25": {"precision": 0.5714285714285714, "recall": 0.5, "f1-score": 0.5333333333333333, "support": 16}, "26": {"precision": 0.8333333333333334, "recall": 0.5555555555555556, "f1-score": 0.6666666666666667, "support": 9}, "27": {"precision": 1.0, "recall": 1.0, "f1-score": 1.0, "support": 1}, "accuracy": 0.87421875, "macro avg": {"precision": 0.7829684325186005, "recall": 0.7734857811524537, "f1-score": 0.7763559238468154, "support": 2560}, "weighted avg": {"precision": 0.8736904435800394, "recall": 0.87421875, "f1-score": 0.8732456137186999, "support": 2560}}