{"0": {"precision": 0.0, "recall": 0.0, "f1-score": 0.0, "support": 2}, "1": {"precision": 0.5, "recall": 0.5714285714285714, "f1-score": 0.5333333333333333, "support": 7}, "2": {"precision": 0.3333333333333333, "recall": 0.3, "f1-score": 0.3157894736842105, "support": 10}, "3": {"precision": 0.8275862068965517, "recall": 0.75, "f1-score": 0.7868852459016394, "support": 32}, "4": {"precision": 0.8571428571428571, "recall": 0.75, "f1-score": 0.7999999999999999, "support": 48}, "5": {"precision": 0.7333333333333333, "recall": 0.676923076923077, "f1-score": 0.7040000000000001, "support": 65}, "6": {"precision": 0.6951219512195121, "recall": 0.8769230769230769, "f1-score": 0.7755102040816327, "support": 65}, "7": {"precision": 0.8452380952380952, "recall": 0.8452380952380952, "f1-score": 0.8452380952380952, "support": 84}, "8": {"precision": 0.8541666666666666, "recall": 0.8282828282828283, "f1-score": 0.8410256410256411, "support": 99}, "9": {"precision": 0.8482758620689655, "recall": 0.8601398601398601, "f1-score": 0.8541666666666667, "support": 143}, "10": {"precision": 0.8809523809523809, "recall": 0.8457142857142858, "f1-score": 0.8629737609329446, "support": 175}, "11": {"precision": 0.8545454545454545, "recall": 0.8924050632911392, "f1-score": 0.8730650154798761, "support": 158}, "12": {"precision": 0.89937106918239, "recall": 0.8614457831325302, "f1-score": 0.8800000000000001, "support": 166}, "13": {"precision": 0.8153846153846154, "recall": 0.8641304347826086, "f1-score": 0.8390501319261213, "support": 184}, "14": {"precision": 0.8412698412698413, "recall": 0.8153846153846154, "f1-score": 0.8281250000000001, "support": 195}, "15": {"precision": 0.8541666666666666, "recall": 0.8817204301075269, "f1-score": 0.8677248677248677, "support": 186}, "16": {"precision": 0.8258426966292135, "recall": 0.8497109826589595, "f1-score": 0.8376068376068376, "support": 173}, "17": {"precision": 0.839572192513369, "recall": 0.8177083333333334, "f1-score": 0.8284960422163589, "support": 192}, "18": {"precision": 0.9047619047619048, "recall": 0.8260869565217391, "f1-score": 0.8636363636363636, "support": 161}, "19": {"precision": 0.8307692307692308, "recall": 0.9310344827586207, "f1-score": 0.8780487804878049, "support": 116}, "20": {"precision": 0.8977272727272727, "recall": 0.8586956521739131, "f1-score": 0.8777777777777778, "support": 92}, "21": {"precision": 0.8809523809523809, "recall": 0.9367088607594937, "f1-score": 0.9079754601226993, "support": 79}, "22": {"precision": 0.8461538461538461, "recall": 0.8301886792452831, "f1-score": 0.8380952380952382, "support": 53}, "23": {"precision": 0.7333333333333333, "recall": 0.7096774193548387, "f1-score": 0.7213114754098361, "support": 31}, "24": {"precision": 0.7, "recall": 0.7, "f1-score": 0.7, "support": 20}, "25": {"precision": 0.7142857142857143, "recall": 0.7142857142857143, "f1-score": 0.7142857142857143, "support": 14}, "26": {"precision": 0.6666666666666666, "recall": 0.3333333333333333, "f1-score": 0.4444444444444444, "support": 6}, "27": {"precision": 1.0, "recall": 1.0, "f1-score": 1.0, "support": 4}, "accuracy": 0.840625, "macro avg": {"precision": 0.7671411990247713, "recall": 0.7545416619919086, "f1-score": 0.757805913217075, "support": 2560}, "weighted avg": {"precision": 0.8412025407801341, "recall": 0.840625, "f1-score": 0.8399087966022479, "support": 2560}}