{"0": {"precision": 0.0, "recall": 0.0, "f1-score": 0.0, "support": 3}, "1": {"precision": 0.1, "recall": 0.4, "f1-score": 0.16000000000000003, "support": 5}, "2": {"precision": 0.43478260869565216, "recall": 0.4166666666666667, "f1-score": 0.425531914893617, "support": 24}, "3": {"precision": 0.1724137931034483, "recall": 0.2, "f1-score": 0.1851851851851852, "support": 25}, "4": {"precision": 0.32, "recall": 0.19047619047619047, "f1-score": 0.2388059701492537, "support": 42}, "5": {"precision": 0.34545454545454546, "recall": 0.34545454545454546, "f1-score": 0.34545454545454546, "support": 55}, "6": {"precision": 0.47368421052631576, "recall": 0.2967032967032967, "f1-score": 0.36486486486486486, "support": 91}, "7": {"precision": 0.32407407407407407, "recall": 0.35353535353535354, "f1-score": 0.33816425120772947, "support": 99}, "8": {"precision": 0.32051282051282054, "recall": 0.21008403361344538, "f1-score": 0.2538071065989848, "support": 119}, "9": {"precision": 0.26666666666666666, "recall": 0.21212121212121213, "f1-score": 0.23628691983122366, "support": 132}, "10": {"precision": 0.25, "recall": 0.2328767123287671, "f1-score": 0.24113475177304963, "support": 146}, "11": {"precision": 0.4154929577464789, "recall": 0.3259668508287293, "f1-score": 0.3653250773993808, "support": 181}, "12": {"precision": 0.2688679245283019, "recall": 0.37748344370860926, "f1-score": 0.3140495867768595, "support": 151}, "13": {"precision": 0.48, "recall": 0.4329896907216495, "f1-score": 0.4552845528455285, "support": 194}, "14": {"precision": 0.4277456647398844, "recall": 0.37755102040816324, "f1-score": 0.4010840108401084, "support": 196}, "15": {"precision": 0.23387096774193547, "recall": 0.4915254237288136, "f1-score": 0.31693989071038253, "support": 177}, "16": {"precision": 0.38461538461538464, "recall": 0.32967032967032966, "f1-score": 0.3550295857988166, "support": 182}, "17": {"precision": 0.32515337423312884, "recall": 0.33974358974358976, "f1-score": 0.3322884012539185, "support": 156}, "18": {"precision": 0.348993288590604, "recall": 0.37681159420289856, "f1-score": 0.36236933797909404, "support": 138}, "19": {"precision": 0.24731182795698925, "recall": 0.21296296296296297, "f1-score": 0.2288557213930348, "support": 108}, "20": {"precision": 0.26573426573426573, "recall": 0.3958333333333333, "f1-score": 0.3179916317991631, "support": 96}, "21": {"precision": 0.2222222222222222, "recall": 0.1038961038961039, "f1-score": 0.1415929203539823, "support": 77}, "22": {"precision": 0.32432432432432434, "recall": 0.19672131147540983, "f1-score": 0.24489795918367346, "support": 61}, "23": {"precision": 0.3333333333333333, "recall": 0.20454545454545456, "f1-score": 0.2535211267605634, "support": 44}, "24": {"precision": 0.25, "recall": 0.16129032258064516, "f1-score": 0.19607843137254902, "support": 31}, "25": {"precision": 0.3125, "recall": 0.3125, "f1-score": 0.3125, "support": 16}, "26": {"precision": 0.25, "recall": 0.25, "f1-score": 0.25, "support": 8}, "27": {"precision": 0.0, "recall": 0.0, "f1-score": 0.0, "support": 3}, "accuracy": 0.320703125, "macro avg": {"precision": 0.28920550910001336, "recall": 0.27669319438236323, "f1-score": 0.272751562300911, "support": 2560}, "weighted avg": {"precision": 0.3337062780472809, "recall": 0.320703125, "f1-score": 0.3188714488887723, "support": 2560}}