{"0": {"precision": 0.0, "recall": 0.0, "f1-score": 0.0, "support": 3}, "1": {"precision": 0.4, "recall": 0.4, "f1-score": 0.4000000000000001, "support": 10}, "2": {"precision": 0.3076923076923077, "recall": 0.4, "f1-score": 0.34782608695652173, "support": 10}, "3": {"precision": 0.5789473684210527, "recall": 0.44, "f1-score": 0.5, "support": 25}, "4": {"precision": 0.7916666666666666, "recall": 0.5277777777777778, "f1-score": 0.6333333333333333, "support": 36}, "5": {"precision": 0.7704918032786885, "recall": 0.734375, "f1-score": 0.7519999999999999, "support": 64}, "6": {"precision": 0.7857142857142857, "recall": 0.7236842105263158, "f1-score": 0.7534246575342466, "support": 76}, "7": {"precision": 0.7596153846153846, "recall": 0.8315789473684211, "f1-score": 0.7939698492462313, "support": 95}, "8": {"precision": 0.9052631578947369, "recall": 0.7350427350427351, "f1-score": 0.8113207547169812, "support": 117}, "9": {"precision": 0.8448275862068966, "recall": 0.7538461538461538, "f1-score": 0.7967479674796748, "support": 130}, "10": {"precision": 0.7647058823529411, "recall": 0.6882352941176471, "f1-score": 0.7244582043343653, "support": 170}, "11": {"precision": 0.8026315789473685, "recall": 0.7484662576687117, "f1-score": 0.7746031746031746, "support": 163}, "12": {"precision": 0.7425149700598802, "recall": 0.7251461988304093, "f1-score": 0.7337278106508875, "support": 171}, "13": {"precision": 0.6077586206896551, "recall": 0.8011363636363636, "f1-score": 0.6911764705882353, "support": 176}, "14": {"precision": 0.8630952380952381, "recall": 0.6904761904761905, "f1-score": 0.7671957671957672, "support": 210}, "15": {"precision": 0.48366013071895425, "recall": 0.751269035532995, "f1-score": 0.588469184890656, "support": 197}, "16": {"precision": 0.5765765765765766, "recall": 0.7191011235955056, "f1-score": 0.6400000000000001, "support": 178}, "17": {"precision": 0.6748466257668712, "recall": 0.6790123456790124, "f1-score": 0.676923076923077, "support": 162}, "18": {"precision": 0.803030303030303, "recall": 0.6973684210526315, "f1-score": 0.7464788732394365, "support": 152}, "19": {"precision": 0.8387096774193549, "recall": 0.6782608695652174, "f1-score": 0.75, "support": 115}, "20": {"precision": 0.8589743589743589, "recall": 0.7444444444444445, "f1-score": 0.7976190476190476, "support": 90}, "21": {"precision": 0.7808219178082192, "recall": 0.7215189873417721, "f1-score": 0.7500000000000001, "support": 79}, "22": {"precision": 0.9, "recall": 0.6585365853658537, "f1-score": 0.7605633802816902, "support": 41}, "23": {"precision": 0.8857142857142857, "recall": 0.7380952380952381, "f1-score": 0.8051948051948051, "support": 42}, "24": {"precision": 0.65, "recall": 0.6842105263157895, "f1-score": 0.6666666666666667, "support": 19}, "25": {"precision": 0.7777777777777778, "recall": 0.6666666666666666, "f1-score": 0.717948717948718, "support": 21}, "26": {"precision": 1.0, "recall": 0.8333333333333334, "f1-score": 0.9090909090909091, "support": 6}, "27": {"precision": 1.0, "recall": 0.5, "f1-score": 0.6666666666666666, "support": 2}, "accuracy": 0.717578125, "macro avg": {"precision": 0.7198227323007786, "recall": 0.6525565252242567, "f1-score": 0.6769787644700391, "support": 2560}, "weighted avg": {"precision": 0.7416104437456476, "recall": 0.717578125, "f1-score": 0.7224736297625829, "support": 2560}}