{"0": {"precision": 0.0, "recall": 0.0, "f1-score": 0.0, "support": 1}, "1": {"precision": 0.0, "recall": 0.0, "f1-score": 0.0, "support": 3}, "2": {"precision": 0.6, "recall": 0.6, "f1-score": 0.6, "support": 20}, "3": {"precision": 0.7037037037037037, "recall": 0.6551724137931034, "f1-score": 0.6785714285714286, "support": 29}, "4": {"precision": 0.7941176470588235, "recall": 0.7297297297297297, "f1-score": 0.7605633802816901, "support": 37}, "5": {"precision": 0.7959183673469388, "recall": 0.7647058823529411, "f1-score": 0.7799999999999999, "support": 51}, "6": {"precision": 0.7916666666666666, "recall": 0.8260869565217391, "f1-score": 0.8085106382978724, "support": 69}, "7": {"precision": 0.8, "recall": 0.8172043010752689, "f1-score": 0.8085106382978724, "support": 93}, "8": {"precision": 0.8053097345132744, "recall": 0.8272727272727273, "f1-score": 0.8161434977578476, "support": 110}, "9": {"precision": 0.9047619047619048, "recall": 0.8471337579617835, "f1-score": 0.8750000000000001, "support": 157}, "10": {"precision": 0.84, "recall": 0.8811188811188811, "f1-score": 0.8600682593856654, "support": 143}, "11": {"precision": 0.9058823529411765, "recall": 0.8953488372093024, "f1-score": 0.9005847953216374, "support": 172}, "12": {"precision": 0.8888888888888888, "recall": 0.897196261682243, "f1-score": 0.8930232558139535, "support": 214}, "13": {"precision": 0.8963730569948186, "recall": 0.9153439153439153, "f1-score": 0.9057591623036648, "support": 189}, "14": {"precision": 0.9141414141414141, "recall": 0.8786407766990292, "f1-score": 0.8960396039603961, "support": 206}, "15": {"precision": 0.9047619047619048, "recall": 0.890625, "f1-score": 0.8976377952755906, "support": 192}, "16": {"precision": 0.8364779874213837, "recall": 0.8525641025641025, "f1-score": 0.8444444444444444, "support": 156}, "17": {"precision": 0.8502994011976048, "recall": 0.8765432098765432, "f1-score": 0.8632218844984803, "support": 162}, "18": {"precision": 0.8978102189781022, "recall": 0.8978102189781022, "f1-score": 0.8978102189781021, "support": 137}, "19": {"precision": 0.8909090909090909, "recall": 0.8909090909090909, "f1-score": 0.8909090909090909, "support": 110}, "20": {"precision": 0.8617021276595744, "recall": 0.8901098901098901, "f1-score": 0.8756756756756756, "support": 91}, "21": {"precision": 0.782051282051282, "recall": 0.8840579710144928, "f1-score": 0.8299319727891156, "support": 69}, "22": {"precision": 0.813953488372093, "recall": 0.7142857142857143, "f1-score": 0.7608695652173914, "support": 49}, "23": {"precision": 0.7906976744186046, "recall": 0.7555555555555555, "f1-score": 0.7727272727272727, "support": 45}, "24": {"precision": 0.5517241379310345, "recall": 0.6666666666666666, "f1-score": 0.6037735849056604, "support": 24}, "25": {"precision": 0.7222222222222222, "recall": 0.6190476190476191, "f1-score": 0.6666666666666666, "support": 21}, "26": {"precision": 0.8, "recall": 0.4, "f1-score": 0.5333333333333333, "support": 10}, "27": {"precision": 0.0, "recall": 0.0, "f1-score": 0.0, "support": 0}, "accuracy": 0.855859375, "macro avg": {"precision": 0.7265490454621611, "recall": 0.7097546242774444, "f1-score": 0.714992005907602, "support": 2560}, "weighted avg": {"precision": 0.8566886179770655, "recall": 0.855859375, "f1-score": 0.8555670510323786, "support": 2560}}