{"0": {"precision": 0.0, "recall": 0.0, "f1-score": 0.0, "support": 3}, "1": {"precision": 0.5, "recall": 0.3333333333333333, "f1-score": 0.4, "support": 9}, "2": {"precision": 0.4782608695652174, "recall": 0.7333333333333333, "f1-score": 0.5789473684210527, "support": 15}, "3": {"precision": 0.7241379310344828, "recall": 0.7777777777777778, "f1-score": 0.75, "support": 27}, "4": {"precision": 0.875, "recall": 0.6666666666666666, "f1-score": 0.7567567567567567, "support": 42}, "5": {"precision": 0.8076923076923077, "recall": 0.84, "f1-score": 0.8235294117647058, "support": 50}, "6": {"precision": 0.8923076923076924, "recall": 0.9206349206349206, "f1-score": 0.90625, "support": 63}, "7": {"precision": 0.9361702127659575, "recall": 0.9361702127659575, "f1-score": 0.9361702127659575, "support": 94}, "8": {"precision": 0.9245283018867925, "recall": 0.875, "f1-score": 0.8990825688073395, "support": 112}, "9": {"precision": 0.889763779527559, "recall": 0.904, "f1-score": 0.8968253968253967, "support": 125}, "10": {"precision": 0.9132947976878613, "recall": 0.9239766081871345, "f1-score": 0.9186046511627907, "support": 171}, "11": {"precision": 0.926605504587156, "recall": 0.9140271493212669, "f1-score": 0.9202733485193623, "support": 221}, "12": {"precision": 0.8813559322033898, "recall": 0.9176470588235294, "f1-score": 0.8991354466858789, "support": 170}, "13": {"precision": 0.9414634146341463, "recall": 0.9146919431279621, "f1-score": 0.9278846153846153, "support": 211}, "14": {"precision": 0.9269662921348315, "recall": 0.9065934065934066, "f1-score": 0.9166666666666666, "support": 182}, "15": {"precision": 0.8888888888888888, "recall": 0.9361702127659575, "f1-score": 0.9119170984455959, "support": 188}, "16": {"precision": 0.9293478260869565, "recall": 0.9193548387096774, "f1-score": 0.9243243243243242, "support": 186}, "17": {"precision": 0.9044585987261147, "recall": 0.9281045751633987, "f1-score": 0.9161290322580646, "support": 153}, "18": {"precision": 0.937007874015748, "recall": 0.9153846153846154, "f1-score": 0.9260700389105059, "support": 130}, "19": {"precision": 0.9680851063829787, "recall": 0.9479166666666666, "f1-score": 0.9578947368421052, "support": 96}, "20": {"precision": 0.9404761904761905, "recall": 0.8876404494382022, "f1-score": 0.9132947976878611, "support": 89}, "21": {"precision": 0.8765432098765432, "recall": 0.922077922077922, "f1-score": 0.8987341772151898, "support": 77}, "22": {"precision": 0.7857142857142857, "recall": 0.88, "f1-score": 0.830188679245283, "support": 50}, "23": {"precision": 0.7105263157894737, "recall": 0.7297297297297297, "f1-score": 0.7200000000000001, "support": 37}, "24": {"precision": 0.8518518518518519, "recall": 0.7666666666666667, "f1-score": 0.8070175438596491, "support": 30}, "25": {"precision": 0.6086956521739131, "recall": 0.8235294117647058, "f1-score": 0.7, "support": 17}, "26": {"precision": 1.0, "recall": 0.4, "f1-score": 0.5714285714285715, "support": 10}, "27": {"precision": 1.0, "recall": 1.0, "f1-score": 1.0, "support": 2}, "accuracy": 0.898046875, "macro avg": {"precision": 0.8221122441432264, "recall": 0.8078724106761725, "f1-score": 0.8073973372849169, "support": 2560}, "weighted avg": {"precision": 0.899710001723237, "recall": 0.898046875, "f1-score": 0.8975234183166215, "support": 2560}}