{"0": {"precision": 0.0, "recall": 0.0, "f1-score": 0.0, "support": 1}, "1": {"precision": 0.8, "recall": 0.6153846153846154, "f1-score": 0.6956521739130435, "support": 13}, "2": {"precision": 0.3, "recall": 0.5454545454545454, "f1-score": 0.3870967741935483, "support": 11}, "3": {"precision": 0.5, "recall": 0.375, "f1-score": 0.42857142857142855, "support": 32}, "4": {"precision": 0.6, "recall": 0.6428571428571429, "f1-score": 0.6206896551724138, "support": 42}, "5": {"precision": 0.631578947368421, "recall": 0.5454545454545454, "f1-score": 0.5853658536585366, "support": 44}, "6": {"precision": 0.7213114754098361, "recall": 0.676923076923077, "f1-score": 0.6984126984126984, "support": 65}, "7": {"precision": 0.7311827956989247, "recall": 0.7906976744186046, "f1-score": 0.7597765363128492, "support": 86}, "8": {"precision": 0.7909090909090909, "recall": 0.8055555555555556, "f1-score": 0.7981651376146789, "support": 108}, "9": {"precision": 0.8188976377952756, "recall": 0.7272727272727273, "f1-score": 0.7703703703703703, "support": 143}, "10": {"precision": 0.7944444444444444, "recall": 0.7814207650273224, "f1-score": 0.7878787878787878, "support": 183}, "11": {"precision": 0.8064516129032258, "recall": 0.7894736842105263, "f1-score": 0.7978723404255319, "support": 190}, "12": {"precision": 0.7989690721649485, "recall": 0.9117647058823529, "f1-score": 0.8516483516483516, "support": 170}, "13": {"precision": 0.8928571428571429, "recall": 0.847457627118644, "f1-score": 0.8695652173913044, "support": 177}, "14": {"precision": 0.8031914893617021, "recall": 0.8435754189944135, "f1-score": 0.8228882833787466, "support": 179}, "15": {"precision": 0.7971014492753623, "recall": 0.8291457286432161, "f1-score": 0.8128078817733991, "support": 199}, "16": {"precision": 0.8275862068965517, "recall": 0.7539267015706806, "f1-score": 0.789041095890411, "support": 191}, "17": {"precision": 0.725, "recall": 0.7837837837837838, "f1-score": 0.7532467532467533, "support": 148}, "18": {"precision": 0.753731343283582, "recall": 0.7426470588235294, "f1-score": 0.7481481481481481, "support": 136}, "19": {"precision": 0.712, "recall": 0.7876106194690266, "f1-score": 0.7478991596638657, "support": 113}, "20": {"precision": 0.6555555555555556, "recall": 0.6629213483146067, "f1-score": 0.659217877094972, "support": 89}, "21": {"precision": 0.6704545454545454, "recall": 0.6555555555555556, "f1-score": 0.6629213483146068, "support": 90}, "22": {"precision": 0.6851851851851852, "recall": 0.5873015873015873, "f1-score": 0.6324786324786325, "support": 63}, "23": {"precision": 0.3939393939393939, "recall": 0.4482758620689655, "f1-score": 0.41935483870967744, "support": 29}, "24": {"precision": 0.5454545454545454, "recall": 0.42857142857142855, "f1-score": 0.4799999999999999, "support": 28}, "25": {"precision": 0.45, "recall": 0.5625, "f1-score": 0.5, "support": 16}, "26": {"precision": 0.0, "recall": 0.0, "f1-score": 0.0, "support": 9}, "27": {"precision": 0.5, "recall": 0.4, "f1-score": 0.4444444444444445, "support": 5}, "accuracy": 0.755859375, "macro avg": {"precision": 0.6323500690699191, "recall": 0.626447562809159, "f1-score": 0.6258397781681143, "support": 2560}, "weighted avg": {"precision": 0.7564150247976194, "recall": 0.755859375, "f1-score": 0.7546527324296518, "support": 2560}}