{"0": {"precision": 0.0, "recall": 0.0, "f1-score": 0.0, "support": 1}, "1": {"precision": 0.4, "recall": 0.2857142857142857, "f1-score": 0.3333333333333333, "support": 7}, "2": {"precision": 0.42857142857142855, "recall": 0.25, "f1-score": 0.3157894736842105, "support": 12}, "3": {"precision": 0.5, "recall": 0.35714285714285715, "f1-score": 0.41666666666666663, "support": 28}, "4": {"precision": 0.5116279069767442, "recall": 0.6285714285714286, "f1-score": 0.5641025641025641, "support": 35}, "5": {"precision": 0.6730769230769231, "recall": 0.5737704918032787, "f1-score": 0.6194690265486725, "support": 61}, "6": {"precision": 0.6428571428571429, "recall": 0.6617647058823529, "f1-score": 0.6521739130434783, "support": 68}, "7": {"precision": 0.6875, "recall": 0.6534653465346535, "f1-score": 0.6700507614213197, "support": 101}, "8": {"precision": 0.6888888888888889, "recall": 0.75, "f1-score": 0.718146718146718, "support": 124}, "9": {"precision": 0.6903225806451613, "recall": 0.7753623188405797, "f1-score": 0.7303754266211605, "support": 138}, "10": {"precision": 0.7567567567567568, "recall": 0.7225806451612903, "f1-score": 0.7392739273927393, "support": 155}, "11": {"precision": 0.798941798941799, "recall": 0.798941798941799, "f1-score": 0.7989417989417988, "support": 189}, "12": {"precision": 0.8265895953757225, "recall": 0.8125, "f1-score": 0.8194842406876791, "support": 176}, "13": {"precision": 0.8201058201058201, "recall": 0.8378378378378378, "f1-score": 0.8288770053475937, "support": 185}, "14": {"precision": 0.8260869565217391, "recall": 0.7037037037037037, "f1-score": 0.76, "support": 216}, "15": {"precision": 0.695852534562212, "recall": 0.7905759162303665, "f1-score": 0.7401960784313726, "support": 191}, "16": {"precision": 0.7647058823529411, "recall": 0.7738095238095238, "f1-score": 0.7692307692307693, "support": 168}, "17": {"precision": 0.8068181818181818, "recall": 0.8068181818181818, "f1-score": 0.8068181818181818, "support": 176}, "18": {"precision": 0.75, "recall": 0.823943661971831, "f1-score": 0.785234899328859, "support": 142}, "19": {"precision": 0.7526881720430108, "recall": 0.6422018348623854, "f1-score": 0.6930693069306931, "support": 109}, "20": {"precision": 0.6210526315789474, "recall": 0.7662337662337663, "f1-score": 0.686046511627907, "support": 77}, "21": {"precision": 0.6885245901639344, "recall": 0.65625, "f1-score": 0.672, "support": 64}, "22": {"precision": 0.5869565217391305, "recall": 0.6, "f1-score": 0.5934065934065934, "support": 45}, "23": {"precision": 0.5151515151515151, "recall": 0.38636363636363635, "f1-score": 0.44155844155844154, "support": 44}, "24": {"precision": 0.4, "recall": 0.4444444444444444, "f1-score": 0.4210526315789474, "support": 18}, "25": {"precision": 0.6428571428571429, "recall": 0.6, "f1-score": 0.6206896551724138, "support": 15}, "26": {"precision": 0.3333333333333333, "recall": 0.2222222222222222, "f1-score": 0.26666666666666666, "support": 9}, "27": {"precision": 0.6, "recall": 0.5, "f1-score": 0.5454545454545454, "support": 6}, "accuracy": 0.731640625, "macro avg": {"precision": 0.621759510868517, "recall": 0.6008649502889437, "f1-score": 0.6074324691836902, "support": 2560}, "weighted avg": {"precision": 0.7324250400199971, "recall": 0.731640625, "f1-score": 0.729956312275453, "support": 2560}}