{"0": {"precision": 0.0, "recall": 0.0, "f1-score": 0.0, "support": 7}, "1": {"precision": 0.0, "recall": 0.0, "f1-score": 0.0, "support": 12}, "2": {"precision": 0.05, "recall": 0.07142857142857142, "f1-score": 0.058823529411764705, "support": 14}, "3": {"precision": 0.05, "recall": 0.15, "f1-score": 0.075, "support": 20}, "4": {"precision": 0.07547169811320754, "recall": 0.10526315789473684, "f1-score": 0.08791208791208792, "support": 38}, "5": {"precision": 0.09230769230769231, "recall": 0.1016949152542373, "f1-score": 0.09677419354838711, "support": 59}, "6": {"precision": 0.07317073170731707, "recall": 0.04411764705882353, "f1-score": 0.05504587155963303, "support": 68}, "7": {"precision": 0.10144927536231885, "recall": 0.08333333333333333, "f1-score": 0.0915032679738562, "support": 84}, "8": {"precision": 0.08490566037735849, "recall": 0.07317073170731707, "f1-score": 0.07860262008733625, "support": 123}, "9": {"precision": 0.152317880794702, "recall": 0.16546762589928057, "f1-score": 0.15862068965517243, "support": 139}, "10": {"precision": 0.15458937198067632, "recall": 0.1693121693121693, "f1-score": 0.16161616161616157, "support": 189}, "11": {"precision": 0.09565217391304348, "recall": 0.06358381502890173, "f1-score": 0.0763888888888889, "support": 173}, "12": {"precision": 0.140625, "recall": 0.09944751381215469, "f1-score": 0.11650485436893203, "support": 181}, "13": {"precision": 0.12290502793296089, "recall": 0.12571428571428572, "f1-score": 0.12429378531073447, "support": 175}, "14": {"precision": 0.16336633663366337, "recall": 0.15566037735849056, "f1-score": 0.15942028985507245, "support": 212}, "15": {"precision": 0.07906976744186046, "recall": 0.09392265193370165, "f1-score": 0.08585858585858586, "support": 181}, "16": {"precision": 0.16049382716049382, "recall": 0.14054054054054055, "f1-score": 0.14985590778097982, "support": 185}, "17": {"precision": 0.09734513274336283, "recall": 0.13095238095238096, "f1-score": 0.1116751269035533, "support": 168}, "18": {"precision": 0.07971014492753623, "recall": 0.08661417322834646, "f1-score": 0.08301886792452831, "support": 127}, "19": {"precision": 0.13675213675213677, "recall": 0.13114754098360656, "f1-score": 0.13389121338912136, "support": 122}, "20": {"precision": 0.10526315789473684, "recall": 0.04597701149425287, "f1-score": 0.064, "support": 87}, "21": {"precision": 0.07246376811594203, "recall": 0.08620689655172414, "f1-score": 0.07874015748031497, "support": 58}, "22": {"precision": 0.09803921568627451, "recall": 0.10638297872340426, "f1-score": 0.1020408163265306, "support": 47}, "23": {"precision": 0.11538461538461539, "recall": 0.06976744186046512, "f1-score": 0.08695652173913045, "support": 43}, "24": {"precision": 0.05, "recall": 0.1111111111111111, "f1-score": 0.06896551724137932, "support": 18}, "25": {"precision": 0.044444444444444446, "recall": 0.14285714285714285, "f1-score": 0.06779661016949153, "support": 14}, "26": {"precision": 0.0, "recall": 0.0, "f1-score": 0.0, "support": 13}, "27": {"precision": 0.0, "recall": 0.0, "f1-score": 0.0, "support": 3}, "accuracy": 0.111328125, "macro avg": {"precision": 0.08556168070265512, "recall": 0.09120264335853497, "f1-score": 0.08476091303577295, "support": 2560}, "weighted avg": {"precision": 0.11488426132596448, "recall": 0.111328125, "f1-score": 0.11120315830913585, "support": 2560}}