{"0": {"precision": 0.0, "recall": 0.0, "f1-score": 0.0, "support": 1}, "1": {"precision": 0.25, "recall": 0.4, "f1-score": 0.3076923076923077, "support": 5}, "2": {"precision": 0.5625, "recall": 0.47368421052631576, "f1-score": 0.5142857142857142, "support": 19}, "3": {"precision": 0.5428571428571428, "recall": 0.6129032258064516, "f1-score": 0.5757575757575757, "support": 31}, "4": {"precision": 0.5714285714285714, "recall": 0.5517241379310345, "f1-score": 0.5614035087719299, "support": 29}, "5": {"precision": 0.5121951219512195, "recall": 0.42, "f1-score": 0.46153846153846156, "support": 50}, "6": {"precision": 0.5384615384615384, "recall": 0.4430379746835443, "f1-score": 0.48611111111111105, "support": 79}, "7": {"precision": 0.4661016949152542, "recall": 0.5392156862745098, "f1-score": 0.5, "support": 102}, "8": {"precision": 0.4807692307692308, "recall": 0.43478260869565216, "f1-score": 0.45662100456621, "support": 115}, "9": {"precision": 0.6470588235294118, "recall": 0.6423357664233577, "f1-score": 0.6446886446886447, "support": 137}, "10": {"precision": 0.6666666666666666, "recall": 0.6829268292682927, "f1-score": 0.674698795180723, "support": 164}, "11": {"precision": 0.7318435754189944, "recall": 0.7572254335260116, "f1-score": 0.7443181818181819, "support": 173}, "12": {"precision": 0.75, "recall": 0.823170731707317, "f1-score": 0.7848837209302324, "support": 164}, "13": {"precision": 0.7452830188679245, "recall": 0.7596153846153846, "f1-score": 0.7523809523809523, "support": 208}, "14": {"precision": 0.7487179487179487, "recall": 0.6822429906542056, "f1-score": 0.7139364303178484, "support": 214}, "15": {"precision": 0.7295918367346939, "recall": 0.7814207650273224, "f1-score": 0.7546174142480212, "support": 183}, "16": {"precision": 0.7597402597402597, "recall": 0.75, "f1-score": 0.7548387096774193, "support": 156}, "17": {"precision": 0.7245508982035929, "recall": 0.7469135802469136, "f1-score": 0.7355623100303952, "support": 162}, "18": {"precision": 0.6223776223776224, "recall": 0.644927536231884, "f1-score": 0.6334519572953737, "support": 138}, "19": {"precision": 0.5107913669064749, "recall": 0.6120689655172413, "f1-score": 0.5568627450980391, "support": 116}, "20": {"precision": 0.5333333333333333, "recall": 0.43478260869565216, "f1-score": 0.47904191616766467, "support": 92}, "21": {"precision": 0.5972222222222222, "recall": 0.5584415584415584, "f1-score": 0.5771812080536912, "support": 77}, "22": {"precision": 0.34375, "recall": 0.4888888888888889, "f1-score": 0.40366972477064217, "support": 45}, "23": {"precision": 0.39285714285714285, "recall": 0.22448979591836735, "f1-score": 0.2857142857142857, "support": 49}, "24": {"precision": 0.391304347826087, "recall": 0.3333333333333333, "f1-score": 0.36, "support": 27}, "25": {"precision": 0.36363636363636365, "recall": 0.23529411764705882, "f1-score": 0.2857142857142857, "support": 17}, "26": {"precision": 0.3333333333333333, "recall": 0.2, "f1-score": 0.25, "support": 5}, "27": {"precision": 0.0, "recall": 0.0, "f1-score": 0.0, "support": 2}, "accuracy": 0.64375, "macro avg": {"precision": 0.5184418593126797, "recall": 0.5083366475021535, "f1-score": 0.5091061059217753, "support": 2560}, "weighted avg": {"precision": 0.6413623298156639, "recall": 0.64375, "f1-score": 0.6405075030290721, "support": 2560}}