{"0": {"precision": 0.0, "recall": 0.0, "f1-score": 0.0, "support": 3}, "1": {"precision": 0.1875, "recall": 0.42857142857142855, "f1-score": 0.26086956521739124, "support": 7}, "2": {"precision": 0.35, "recall": 0.4375, "f1-score": 0.38888888888888884, "support": 16}, "3": {"precision": 0.2857142857142857, "recall": 0.3333333333333333, "f1-score": 0.30769230769230765, "support": 18}, "4": {"precision": 0.41935483870967744, "recall": 0.30952380952380953, "f1-score": 0.3561643835616438, "support": 42}, "5": {"precision": 0.43548387096774194, "recall": 0.40298507462686567, "f1-score": 0.41860465116279066, "support": 67}, "6": {"precision": 0.34782608695652173, "recall": 0.23529411764705882, "f1-score": 0.28070175438596484, "support": 68}, "7": {"precision": 0.32894736842105265, "recall": 0.38461538461538464, "f1-score": 0.35460992907801425, "support": 65}, "8": {"precision": 0.3116883116883117, "recall": 0.25, "f1-score": 0.2774566473988439, "support": 96}, "9": {"precision": 0.42483660130718953, "recall": 0.43333333333333335, "f1-score": 0.429042904290429, "support": 150}, "10": {"precision": 0.35294117647058826, "recall": 0.2625, "f1-score": 0.3010752688172043, "support": 160}, "11": {"precision": 0.3897058823529412, "recall": 0.3028571428571429, "f1-score": 0.3408360128617363, "support": 175}, "12": {"precision": 0.2975609756097561, "recall": 0.3652694610778443, "f1-score": 0.32795698924731187, "support": 167}, "13": {"precision": 0.38202247191011235, "recall": 0.35602094240837695, "f1-score": 0.3685636856368563, "support": 191}, "14": {"precision": 0.37662337662337664, "recall": 0.4223300970873786, "f1-score": 0.3981693363844393, "support": 206}, "15": {"precision": 0.2645161290322581, "recall": 0.42487046632124353, "f1-score": 0.32604373757455263, "support": 193}, "16": {"precision": 0.38181818181818183, "recall": 0.32642487046632124, "f1-score": 0.35195530726256985, "support": 193}, "17": {"precision": 0.365, "recall": 0.4010989010989011, "f1-score": 0.3821989528795811, "support": 182}, "18": {"precision": 0.2967741935483871, "recall": 0.35384615384615387, "f1-score": 0.3228070175438597, "support": 130}, "19": {"precision": 0.22549019607843138, "recall": 0.17164179104477612, "f1-score": 0.19491525423728812, "support": 134}, "20": {"precision": 0.2761904761904762, "recall": 0.3411764705882353, "f1-score": 0.30526315789473685, "support": 85}, "21": {"precision": 0.21428571428571427, "recall": 0.11538461538461539, "f1-score": 0.15, "support": 78}, "22": {"precision": 0.26666666666666666, "recall": 0.2962962962962963, "f1-score": 0.28070175438596495, "support": 54}, "23": {"precision": 0.25, "recall": 0.09302325581395349, "f1-score": 0.13559322033898305, "support": 43}, "24": {"precision": 0.047619047619047616, "recall": 0.0625, "f1-score": 0.05405405405405405, "support": 16}, "25": {"precision": 0.1, "recall": 0.08333333333333333, "f1-score": 0.0909090909090909, "support": 12}, "26": {"precision": 0.5, "recall": 0.14285714285714285, "f1-score": 0.22222222222222224, "support": 7}, "27": {"precision": 0.0, "recall": 0.0, "f1-score": 0.0, "support": 2}, "accuracy": 0.330078125, "macro avg": {"precision": 0.2885202089989542, "recall": 0.2763066936476046, "f1-score": 0.27240343192595445, "support": 2560}, "weighted avg": {"precision": 0.3332854466318444, "recall": 0.330078125, "f1-score": 0.32631727235332436, "support": 2560}}