{"0": {"precision": 0.0, "recall": 0.0, "f1-score": 0.0, "support": 3}, "1": {"precision": 0.3333333333333333, "recall": 0.2222222222222222, "f1-score": 0.26666666666666666, "support": 9}, "2": {"precision": 0.4117647058823529, "recall": 0.3888888888888889, "f1-score": 0.39999999999999997, "support": 18}, "3": {"precision": 0.47619047619047616, "recall": 0.43478260869565216, "f1-score": 0.4545454545454545, "support": 23}, "4": {"precision": 0.5185185185185185, "recall": 0.45161290322580644, "f1-score": 0.48275862068965514, "support": 31}, "5": {"precision": 0.6571428571428571, "recall": 0.46, "f1-score": 0.5411764705882354, "support": 50}, "6": {"precision": 0.5, "recall": 0.5, "f1-score": 0.5, "support": 60}, "7": {"precision": 0.5510204081632653, "recall": 0.6067415730337079, "f1-score": 0.5775401069518716, "support": 89}, "8": {"precision": 0.6106194690265486, "recall": 0.6448598130841121, "f1-score": 0.6272727272727272, "support": 107}, "9": {"precision": 0.6413793103448275, "recall": 0.6595744680851063, "f1-score": 0.6503496503496503, "support": 141}, "10": {"precision": 0.6815286624203821, "recall": 0.66875, "f1-score": 0.6750788643533123, "support": 160}, "11": {"precision": 0.7906976744186046, "recall": 0.7513812154696132, "f1-score": 0.7705382436260624, "support": 181}, "12": {"precision": 0.7473118279569892, "recall": 0.7808988764044944, "f1-score": 0.7637362637362638, "support": 178}, "13": {"precision": 0.7205882352941176, "recall": 0.8032786885245902, "f1-score": 0.7596899224806202, "support": 183}, "14": {"precision": 0.7757009345794392, "recall": 0.7217391304347827, "f1-score": 0.7477477477477478, "support": 230}, "15": {"precision": 0.7105263157894737, "recall": 0.7258064516129032, "f1-score": 0.7180851063829787, "support": 186}, "16": {"precision": 0.6627906976744186, "recall": 0.7307692307692307, "f1-score": 0.6951219512195121, "support": 156}, "17": {"precision": 0.7230769230769231, "recall": 0.7421052631578947, "f1-score": 0.7324675324675324, "support": 190}, "18": {"precision": 0.6953125, "recall": 0.644927536231884, "f1-score": 0.6691729323308271, "support": 138}, "19": {"precision": 0.6267605633802817, "recall": 0.689922480620155, "f1-score": 0.6568265682656826, "support": 129}, "20": {"precision": 0.625, "recall": 0.5660377358490566, "f1-score": 0.594059405940594, "support": 106}, "21": {"precision": 0.6056338028169014, "recall": 0.5657894736842105, "f1-score": 0.5850340136054422, "support": 76}, "22": {"precision": 0.425531914893617, "recall": 0.5, "f1-score": 0.4597701149425288, "support": 40}, "23": {"precision": 0.5384615384615384, "recall": 0.3783783783783784, "f1-score": 0.4444444444444445, "support": 37}, "24": {"precision": 0.5, "recall": 0.5, "f1-score": 0.5, "support": 20}, "25": {"precision": 0.35714285714285715, "recall": 0.45454545454545453, "f1-score": 0.4, "support": 11}, "26": {"precision": 0.0, "recall": 0.0, "f1-score": 0.0, "support": 8}, "accuracy": 0.670703125, "macro avg": {"precision": 0.5513345750558416, "recall": 0.5404819404784499, "f1-score": 0.5434104743928818, "support": 2560}, "weighted avg": {"precision": 0.6693212374617735, "recall": 0.670703125, "f1-score": 0.6686109686779187, "support": 2560}}