{"0": {"precision": 0.0, "recall": 0.0, "f1-score": 0.0, "support": 1}, "1": {"precision": 0.6666666666666666, "recall": 0.4, "f1-score": 0.5, "support": 5}, "2": {"precision": 0.42105263157894735, "recall": 0.5714285714285714, "f1-score": 0.48484848484848486, "support": 14}, "3": {"precision": 0.47619047619047616, "recall": 0.35714285714285715, "f1-score": 0.40816326530612246, "support": 28}, "4": {"precision": 0.6590909090909091, "recall": 0.6744186046511628, "f1-score": 0.6666666666666666, "support": 43}, "5": {"precision": 0.8235294117647058, "recall": 0.7241379310344828, "f1-score": 0.7706422018348623, "support": 58}, "6": {"precision": 0.7411764705882353, "recall": 0.863013698630137, "f1-score": 0.7974683544303799, "support": 73}, "7": {"precision": 0.8181818181818182, "recall": 0.7912087912087912, "f1-score": 0.8044692737430168, "support": 91}, "8": {"precision": 0.8053097345132744, "recall": 0.8125, "f1-score": 0.8088888888888888, "support": 112}, "9": {"precision": 0.7301587301587301, "recall": 0.696969696969697, "f1-score": 0.7131782945736433, "support": 132}, "10": {"precision": 0.73224043715847, "recall": 0.7745664739884393, "f1-score": 0.7528089887640449, "support": 173}, "11": {"precision": 0.8465909090909091, "recall": 0.7801047120418848, "f1-score": 0.8119891008174386, "support": 191}, "12": {"precision": 0.8043478260869565, "recall": 0.8604651162790697, "f1-score": 0.8314606741573034, "support": 172}, "13": {"precision": 0.8628571428571429, "recall": 0.7905759162303665, "f1-score": 0.825136612021858, "support": 191}, "14": {"precision": 0.8176795580110497, "recall": 0.8314606741573034, "f1-score": 0.8245125348189416, "support": 178}, "15": {"precision": 0.8341708542713567, "recall": 0.8736842105263158, "f1-score": 0.8534704370179949, "support": 190}, "16": {"precision": 0.8715083798882681, "recall": 0.8715083798882681, "f1-score": 0.8715083798882681, "support": 179}, "17": {"precision": 0.8881578947368421, "recall": 0.8385093167701864, "f1-score": 0.8626198083067094, "support": 161}, "18": {"precision": 0.7755102040816326, "recall": 0.8837209302325582, "f1-score": 0.826086956521739, "support": 129}, "19": {"precision": 0.8317757009345794, "recall": 0.7606837606837606, "f1-score": 0.7946428571428571, "support": 117}, "20": {"precision": 0.7653061224489796, "recall": 0.8620689655172413, "f1-score": 0.8108108108108109, "support": 87}, "21": {"precision": 0.8085106382978723, "recall": 0.8636363636363636, "f1-score": 0.8351648351648351, "support": 88}, "22": {"precision": 0.6896551724137931, "recall": 0.7407407407407407, "f1-score": 0.7142857142857143, "support": 54}, "23": {"precision": 0.7142857142857143, "recall": 0.5681818181818182, "f1-score": 0.6329113924050633, "support": 44}, "24": {"precision": 0.6, "recall": 0.5217391304347826, "f1-score": 0.5581395348837209, "support": 23}, "25": {"precision": 0.5833333333333334, "recall": 0.6363636363636364, "f1-score": 0.6086956521739131, "support": 11}, "26": {"precision": 1.0, "recall": 0.6153846153846154, "f1-score": 0.761904761904762, "support": 13}, "27": {"precision": 0.5, "recall": 0.5, "f1-score": 0.5, "support": 2}, "accuracy": 0.798046875, "macro avg": {"precision": 0.7166888120225237, "recall": 0.6951505325758233, "f1-score": 0.70108837433493, "support": 2560}, "weighted avg": {"precision": 0.7993522237610543, "recall": 0.798046875, "f1-score": 0.7970353848731548, "support": 2560}}