{"0": {"precision": 0.0, "recall": 0.0, "f1-score": 0.0, "support": 5}, "1": {"precision": 0.2857142857142857, "recall": 0.2857142857142857, "f1-score": 0.2857142857142857, "support": 7}, "2": {"precision": 0.5882352941176471, "recall": 0.5263157894736842, "f1-score": 0.5555555555555555, "support": 19}, "3": {"precision": 0.5185185185185185, "recall": 0.7, "f1-score": 0.5957446808510639, "support": 20}, "4": {"precision": 0.7804878048780488, "recall": 0.6808510638297872, "f1-score": 0.7272727272727273, "support": 47}, "5": {"precision": 0.8166666666666667, "recall": 0.7538461538461538, "f1-score": 0.784, "support": 65}, "6": {"precision": 0.7361111111111112, "recall": 0.8548387096774194, "f1-score": 0.791044776119403, "support": 62}, "7": {"precision": 0.896551724137931, "recall": 0.9203539823008849, "f1-score": 0.908296943231441, "support": 113}, "8": {"precision": 0.88, "recall": 0.88, "f1-score": 0.88, "support": 100}, "9": {"precision": 0.9225352112676056, "recall": 0.8733333333333333, "f1-score": 0.8972602739726027, "support": 150}, "10": {"precision": 0.9050632911392406, "recall": 0.8827160493827161, "f1-score": 0.89375, "support": 162}, "11": {"precision": 0.8579545454545454, "recall": 0.893491124260355, "f1-score": 0.8753623188405798, "support": 169}, "12": {"precision": 0.8596491228070176, "recall": 0.875, "f1-score": 0.8672566371681416, "support": 168}, "13": {"precision": 0.9135135135135135, "recall": 0.9037433155080213, "f1-score": 0.9086021505376343, "support": 187}, "14": {"precision": 0.9132947976878613, "recall": 0.9239766081871345, "f1-score": 0.9186046511627907, "support": 171}, "15": {"precision": 0.893048128342246, "recall": 0.9382022471910112, "f1-score": 0.915068493150685, "support": 178}, "16": {"precision": 0.9337016574585635, "recall": 0.8941798941798942, "f1-score": 0.9135135135135135, "support": 189}, "17": {"precision": 0.9195402298850575, "recall": 0.8938547486033519, "f1-score": 0.9065155807365438, "support": 179}, "18": {"precision": 0.8758169934640523, "recall": 0.950354609929078, "f1-score": 0.9115646258503401, "support": 141}, "19": {"precision": 0.967479674796748, "recall": 0.9224806201550387, "f1-score": 0.9444444444444443, "support": 129}, "20": {"precision": 0.9651162790697675, "recall": 0.9540229885057471, "f1-score": 0.9595375722543352, "support": 87}, "21": {"precision": 0.8767123287671232, "recall": 0.9411764705882353, "f1-score": 0.9078014184397163, "support": 68}, "22": {"precision": 0.8297872340425532, "recall": 0.7959183673469388, "f1-score": 0.8125, "support": 49}, "23": {"precision": 0.896551724137931, "recall": 0.7428571428571429, "f1-score": 0.8125, "support": 35}, "24": {"precision": 0.7096774193548387, "recall": 0.8461538461538461, "f1-score": 0.7719298245614036, "support": 26}, "25": {"precision": 0.6363636363636364, "recall": 0.7, "f1-score": 0.6666666666666666, "support": 20}, "26": {"precision": 0.8, "recall": 0.4444444444444444, "f1-score": 0.5714285714285714, "support": 9}, "27": {"precision": 1.0, "recall": 0.8, "f1-score": 0.888888888888889, "support": 5}, "accuracy": 0.88125, "macro avg": {"precision": 0.792074685453447, "recall": 0.7777794926953038, "f1-score": 0.7811008785843335, "support": 2560}, "weighted avg": {"precision": 0.8816417806239449, "recall": 0.88125, "f1-score": 0.8804351716979413, "support": 2560}}