{"0": {"precision": 0.0, "recall": 0.0, "f1-score": 0.0, "support": 2}, "1": {"precision": 0.75, "recall": 0.23076923076923078, "f1-score": 0.3529411764705882, "support": 13}, "2": {"precision": 0.5, "recall": 0.6190476190476191, "f1-score": 0.5531914893617021, "support": 21}, "3": {"precision": 0.5333333333333333, "recall": 0.38095238095238093, "f1-score": 0.4444444444444444, "support": 21}, "4": {"precision": 0.5882352941176471, "recall": 0.7142857142857143, "f1-score": 0.6451612903225806, "support": 28}, "5": {"precision": 0.6585365853658537, "recall": 0.5625, "f1-score": 0.6067415730337078, "support": 48}, "6": {"precision": 0.6712328767123288, "recall": 0.6363636363636364, "f1-score": 0.6533333333333333, "support": 77}, "7": {"precision": 0.6530612244897959, "recall": 0.7032967032967034, "f1-score": 0.6772486772486773, "support": 91}, "8": {"precision": 0.7542372881355932, "recall": 0.7295081967213115, "f1-score": 0.7416666666666667, "support": 122}, "9": {"precision": 0.6912751677852349, "recall": 0.824, "f1-score": 0.751824817518248, "support": 125}, "10": {"precision": 0.8, "recall": 0.7607361963190185, "f1-score": 0.779874213836478, "support": 163}, "11": {"precision": 0.7933333333333333, "recall": 0.7727272727272727, "f1-score": 0.7828947368421053, "support": 154}, "12": {"precision": 0.8277511961722488, "recall": 0.8160377358490566, "f1-score": 0.8218527315914489, "support": 212}, "13": {"precision": 0.8078602620087336, "recall": 0.8564814814814815, "f1-score": 0.8314606741573035, "support": 216}, "14": {"precision": 0.8115183246073299, "recall": 0.8288770053475936, "f1-score": 0.8201058201058201, "support": 187}, "15": {"precision": 0.8469387755102041, "recall": 0.8341708542713567, "f1-score": 0.8405063291139241, "support": 199}, "16": {"precision": 0.8418079096045198, "recall": 0.8514285714285714, "f1-score": 0.8465909090909091, "support": 175}, "17": {"precision": 0.7769784172661871, "recall": 0.7605633802816901, "f1-score": 0.7686832740213524, "support": 142}, "18": {"precision": 0.7611940298507462, "recall": 0.7555555555555555, "f1-score": 0.758364312267658, "support": 135}, "19": {"precision": 0.7946428571428571, "recall": 0.7606837606837606, "f1-score": 0.7772925764192139, "support": 117}, "20": {"precision": 0.6818181818181818, "recall": 0.7792207792207793, "f1-score": 0.7272727272727272, "support": 77}, "21": {"precision": 0.6875, "recall": 0.6470588235294118, "f1-score": 0.6666666666666667, "support": 68}, "22": {"precision": 0.7076923076923077, "recall": 0.7301587301587301, "f1-score": 0.7187500000000001, "support": 63}, "23": {"precision": 0.6938775510204082, "recall": 0.6666666666666666, "f1-score": 0.6799999999999999, "support": 51}, "24": {"precision": 0.5, "recall": 0.5, "f1-score": 0.5, "support": 22}, "25": {"precision": 0.7142857142857143, "recall": 0.5, "f1-score": 0.588235294117647, "support": 20}, "26": {"precision": 0.3333333333333333, "recall": 0.2222222222222222, "f1-score": 0.26666666666666666, "support": 9}, "27": {"precision": 0.0, "recall": 0.0, "f1-score": 0.0, "support": 2}, "accuracy": 0.762890625, "macro avg": {"precision": 0.6493015701280676, "recall": 0.6229754470421344, "f1-score": 0.6286346571632097, "support": 2560}, "weighted avg": {"precision": 0.7628160747884123, "recall": 0.762890625, "f1-score": 0.76107292541827, "support": 2560}}