{"1": {"precision": 0.45454545454545453, "recall": 0.8333333333333334, "f1-score": 0.5882352941176471, "support": 6}, "2": {"precision": 0.6666666666666666, "recall": 0.25, "f1-score": 0.36363636363636365, "support": 16}, "3": {"precision": 0.4482758620689655, "recall": 0.5652173913043478, "f1-score": 0.4999999999999999, "support": 23}, "4": {"precision": 0.5172413793103449, "recall": 0.40540540540540543, "f1-score": 0.4545454545454546, "support": 37}, "5": {"precision": 0.5111111111111111, "recall": 0.4423076923076923, "f1-score": 0.4742268041237113, "support": 52}, "6": {"precision": 0.4406779661016949, "recall": 0.3466666666666667, "f1-score": 0.3880597014925374, "support": 75}, "7": {"precision": 0.375, "recall": 0.3711340206185567, "f1-score": 0.37305699481865284, "support": 97}, "8": {"precision": 0.3669724770642202, "recall": 0.27972027972027974, "f1-score": 0.31746031746031744, "support": 143}, "9": {"precision": 0.3673469387755102, "recall": 0.34177215189873417, "f1-score": 0.35409836065573774, "support": 158}, "10": {"precision": 0.3315508021390374, "recall": 0.37349397590361444, "f1-score": 0.35127478753541075, "support": 166}, "11": {"precision": 0.422680412371134, "recall": 0.4685714285714286, "f1-score": 0.4444444444444444, "support": 175}, "12": {"precision": 0.413953488372093, "recall": 0.5114942528735632, "f1-score": 0.4575835475578406, "support": 174}, "13": {"precision": 0.5209580838323353, "recall": 0.4484536082474227, "f1-score": 0.481994459833795, "support": 194}, "14": {"precision": 0.536697247706422, "recall": 0.5763546798029556, "f1-score": 0.5558194774346793, "support": 203}, "15": {"precision": 0.3952380952380952, "recall": 0.4797687861271676, "f1-score": 0.43342036553524804, "support": 173}, "16": {"precision": 0.4581005586592179, "recall": 0.44086021505376344, "f1-score": 0.44931506849315067, "support": 186}, "17": {"precision": 0.4, "recall": 0.4539877300613497, "f1-score": 0.4252873563218391, "support": 163}, "18": {"precision": 0.39655172413793105, "recall": 0.3458646616541353, "f1-score": 0.36947791164658633, "support": 133}, "19": {"precision": 0.3963963963963964, "recall": 0.4074074074074074, "f1-score": 0.4018264840182648, "support": 108}, "20": {"precision": 0.36923076923076925, "recall": 0.32, "f1-score": 0.34285714285714286, "support": 75}, "21": {"precision": 0.40298507462686567, "recall": 0.4426229508196721, "f1-score": 0.421875, "support": 61}, "22": {"precision": 0.425531914893617, "recall": 0.3508771929824561, "f1-score": 0.38461538461538464, "support": 57}, "23": {"precision": 0.5172413793103449, "recall": 0.40540540540540543, "f1-score": 0.4545454545454546, "support": 37}, "24": {"precision": 0.4, "recall": 0.38461538461538464, "f1-score": 0.39215686274509803, "support": 26}, "25": {"precision": 0.8571428571428571, "recall": 0.375, "f1-score": 0.5217391304347825, "support": 16}, "26": {"precision": 0.7142857142857143, "recall": 1.0, "f1-score": 0.8333333333333333, "support": 5}, "27": {"precision": 0.0, "recall": 0.0, "f1-score": 0.0, "support": 1}, "accuracy": 0.425390625, "macro avg": {"precision": 0.44838453236988146, "recall": 0.4303827637326201, "f1-score": 0.4272179815630696, "support": 2560}, "weighted avg": {"precision": 0.4289460894939131, "recall": 0.425390625, "f1-score": 0.42356352688956755, "support": 2560}}