{"0": {"precision": 0.0, "recall": 0.0, "f1-score": 0.0, "support": 0}, "1": {"precision": 0.0, "recall": 0.0, "f1-score": 0.0, "support": 9}, "2": {"precision": 0.02127659574468085, "recall": 0.09090909090909091, "f1-score": 0.034482758620689655, "support": 11}, "3": {"precision": 0.020833333333333332, "recall": 0.05555555555555555, "f1-score": 0.030303030303030304, "support": 18}, "4": {"precision": 0.05263157894736842, "recall": 0.022727272727272728, "f1-score": 0.031746031746031744, "support": 44}, "5": {"precision": 0.047619047619047616, "recall": 0.09302325581395349, "f1-score": 0.06299212598425197, "support": 43}, "6": {"precision": 0.08, "recall": 0.06666666666666667, "f1-score": 0.07272727272727272, "support": 60}, "7": {"precision": 0.16, "recall": 0.12, "f1-score": 0.13714285714285712, "support": 100}, "8": {"precision": 0.08275862068965517, "recall": 0.096, "f1-score": 0.08888888888888889, "support": 125}, "9": {"precision": 0.12903225806451613, "recall": 0.07792207792207792, "f1-score": 0.09716599190283401, "support": 154}, "10": {"precision": 0.10071942446043165, "recall": 0.08433734939759036, "f1-score": 0.09180327868852459, "support": 166}, "11": {"precision": 0.12264150943396226, "recall": 0.0718232044198895, "f1-score": 0.09059233449477351, "support": 181}, "12": {"precision": 0.09375, "recall": 0.07017543859649122, "f1-score": 0.0802675585284281, "support": 171}, "13": {"precision": 0.1518324607329843, "recall": 0.1407766990291262, "f1-score": 0.14609571788413098, "support": 206}, "14": {"precision": 0.10218978102189781, "recall": 0.14213197969543148, "f1-score": 0.11889596602972399, "support": 197}, "15": {"precision": 0.11650485436893204, "recall": 0.1348314606741573, "f1-score": 0.125, "support": 178}, "16": {"precision": 0.0718954248366013, "recall": 0.0718954248366013, "f1-score": 0.0718954248366013, "support": 153}, "17": {"precision": 0.08677685950413223, "recall": 0.1390728476821192, "f1-score": 0.10687022900763359, "support": 151}, "18": {"precision": 0.07586206896551724, "recall": 0.07692307692307693, "f1-score": 0.07638888888888891, "support": 143}, "19": {"precision": 0.16, "recall": 0.1652892561983471, "f1-score": 0.16260162601626016, "support": 121}, "20": {"precision": 0.09090909090909091, "recall": 0.053763440860215055, "f1-score": 0.06756756756756756, "support": 93}, "21": {"precision": 0.13725490196078433, "recall": 0.08045977011494253, "f1-score": 0.10144927536231883, "support": 87}, "22": {"precision": 0.07692307692307693, "recall": 0.07407407407407407, "f1-score": 0.07547169811320754, "support": 54}, "23": {"precision": 0.14285714285714285, "recall": 0.21428571428571427, "f1-score": 0.17142857142857143, "support": 42}, "24": {"precision": 0.05, "recall": 0.045454545454545456, "f1-score": 0.04761904761904762, "support": 22}, "25": {"precision": 0.3333333333333333, "recall": 0.13636363636363635, "f1-score": 0.1935483870967742, "support": 22}, "26": {"precision": 0.14285714285714285, "recall": 0.2857142857142857, "f1-score": 0.19047619047619047, "support": 7}, "27": {"precision": 0.0, "recall": 0.0, "f1-score": 0.0, "support": 2}, "accuracy": 0.101953125, "macro avg": {"precision": 0.09465923237727256, "recall": 0.09322057585410218, "f1-score": 0.08833645426266067, "support": 2560}, "weighted avg": {"precision": 0.1083508808516018, "recall": 0.101953125, "f1-score": 0.10198185622165165, "support": 2560}}