{"0": {"precision": 0.0, "recall": 0.0, "f1-score": 0.0, "support": 4}, "1": {"precision": 0.25, "recall": 0.2, "f1-score": 0.22222222222222224, "support": 5}, "2": {"precision": 0.3333333333333333, "recall": 0.5, "f1-score": 0.4, "support": 6}, "3": {"precision": 0.7857142857142857, "recall": 0.8148148148148148, "f1-score": 0.7999999999999999, "support": 27}, "4": {"precision": 0.8484848484848485, "recall": 0.6511627906976745, "f1-score": 0.736842105263158, "support": 43}, "5": {"precision": 0.7592592592592593, "recall": 0.6612903225806451, "f1-score": 0.7068965517241378, "support": 62}, "6": {"precision": 0.7564102564102564, "recall": 0.8676470588235294, "f1-score": 0.8082191780821918, "support": 68}, "7": {"precision": 0.8351648351648352, "recall": 0.926829268292683, "f1-score": 0.8786127167630058, "support": 82}, "8": {"precision": 0.9357798165137615, "recall": 0.8571428571428571, "f1-score": 0.894736842105263, "support": 119}, "9": {"precision": 0.8674698795180723, "recall": 0.9056603773584906, "f1-score": 0.8861538461538463, "support": 159}, "10": {"precision": 0.8571428571428571, "recall": 0.8679245283018868, "f1-score": 0.8625, "support": 159}, "11": {"precision": 0.8461538461538461, "recall": 0.8614457831325302, "f1-score": 0.8537313432835821, "support": 166}, "12": {"precision": 0.8970588235294118, "recall": 0.8840579710144928, "f1-score": 0.8905109489051095, "support": 207}, "13": {"precision": 0.8840579710144928, "recall": 0.8798076923076923, "f1-score": 0.8819277108433735, "support": 208}, "14": {"precision": 0.8548387096774194, "recall": 0.8688524590163934, "f1-score": 0.8617886178861789, "support": 183}, "15": {"precision": 0.8994082840236687, "recall": 0.8539325842696629, "f1-score": 0.8760806916426512, "support": 178}, "16": {"precision": 0.8895348837209303, "recall": 0.9107142857142857, "f1-score": 0.8999999999999999, "support": 168}, "17": {"precision": 0.927710843373494, "recall": 0.9166666666666666, "f1-score": 0.9221556886227544, "support": 168}, "18": {"precision": 0.8805970149253731, "recall": 0.8872180451127819, "f1-score": 0.8838951310861424, "support": 133}, "19": {"precision": 0.85, "recall": 0.8869565217391304, "f1-score": 0.8680851063829788, "support": 115}, "20": {"precision": 0.8977272727272727, "recall": 0.8876404494382022, "f1-score": 0.8926553672316383, "support": 89}, "21": {"precision": 0.8823529411764706, "recall": 0.8490566037735849, "f1-score": 0.8653846153846154, "support": 53}, "22": {"precision": 0.7543859649122807, "recall": 0.8775510204081632, "f1-score": 0.8113207547169812, "support": 49}, "23": {"precision": 0.625, "recall": 0.7317073170731707, "f1-score": 0.6741573033707865, "support": 41}, "24": {"precision": 0.6774193548387096, "recall": 0.6176470588235294, "f1-score": 0.6461538461538462, "support": 34}, "25": {"precision": 0.6666666666666666, "recall": 0.5454545454545454, "f1-score": 0.6, "support": 22}, "26": {"precision": 1.0, "recall": 0.4444444444444444, "f1-score": 0.6153846153846153, "support": 9}, "27": {"precision": 1.0, "recall": 0.6666666666666666, "f1-score": 0.8, "support": 3}, "accuracy": 0.858203125, "macro avg": {"precision": 0.7736311410100551, "recall": 0.7436532904667331, "f1-score": 0.7514076858288959, "support": 2560}, "weighted avg": {"precision": 0.8590620047347939, "recall": 0.858203125, "f1-score": 0.8572687813711065, "support": 2560}}