{"0": {"precision": 0.0, "recall": 0.0, "f1-score": 0.0, "support": 3}, "1": {"precision": 0.13793103448275862, "recall": 0.8, "f1-score": 0.2352941176470588, "support": 5}, "2": {"precision": 0.4, "recall": 0.3076923076923077, "f1-score": 0.34782608695652173, "support": 13}, "3": {"precision": 0.28, "recall": 0.3181818181818182, "f1-score": 0.29787234042553196, "support": 22}, "4": {"precision": 0.5217391304347826, "recall": 0.3, "f1-score": 0.38095238095238093, "support": 40}, "5": {"precision": 0.4, "recall": 0.34615384615384615, "f1-score": 0.3711340206185567, "support": 52}, "6": {"precision": 0.46, "recall": 0.39655172413793105, "f1-score": 0.425925925925926, "support": 58}, "7": {"precision": 0.2857142857142857, "recall": 0.3333333333333333, "f1-score": 0.30769230769230765, "support": 78}, "8": {"precision": 0.1686746987951807, "recall": 0.16279069767441862, "f1-score": 0.16568047337278108, "support": 86}, "9": {"precision": 0.3591549295774648, "recall": 0.32903225806451614, "f1-score": 0.3434343434343434, "support": 155}, "10": {"precision": 0.2663316582914573, "recall": 0.3192771084337349, "f1-score": 0.2904109589041096, "support": 166}, "11": {"precision": 0.41911764705882354, "recall": 0.2923076923076923, "f1-score": 0.34441087613293053, "support": 195}, "12": {"precision": 0.30414746543778803, "recall": 0.375, "f1-score": 0.33587786259541985, "support": 176}, "13": {"precision": 0.441340782122905, "recall": 0.4114583333333333, "f1-score": 0.42587601078167114, "support": 192}, "14": {"precision": 0.40522875816993464, "recall": 0.3502824858757062, "f1-score": 0.37575757575757573, "support": 177}, "15": {"precision": 0.30612244897959184, "recall": 0.45, "f1-score": 0.3643724696356275, "support": 200}, "16": {"precision": 0.3717277486910995, "recall": 0.35678391959798994, "f1-score": 0.3641025641025641, "support": 199}, "17": {"precision": 0.3684210526315789, "recall": 0.36, "f1-score": 0.36416184971098264, "support": 175}, "18": {"precision": 0.25, "recall": 0.38016528925619836, "f1-score": 0.30163934426229505, "support": 121}, "19": {"precision": 0.25217391304347825, "recall": 0.23015873015873015, "f1-score": 0.24066390041493774, "support": 126}, "20": {"precision": 0.24271844660194175, "recall": 0.2604166666666667, "f1-score": 0.2512562814070352, "support": 96}, "21": {"precision": 0.40540540540540543, "recall": 0.1724137931034483, "f1-score": 0.2419354838709678, "support": 87}, "22": {"precision": 0.26666666666666666, "recall": 0.16666666666666666, "f1-score": 0.2051282051282051, "support": 48}, "23": {"precision": 0.2631578947368421, "recall": 0.11363636363636363, "f1-score": 0.15873015873015872, "support": 44}, "24": {"precision": 0.3333333333333333, "recall": 0.2, "f1-score": 0.25, "support": 25}, "25": {"precision": 0.16666666666666666, "recall": 0.18181818181818182, "f1-score": 0.17391304347826086, "support": 11}, "26": {"precision": 0.0, "recall": 0.0, "f1-score": 0.0, "support": 6}, "27": {"precision": 0.0, "recall": 0.0, "f1-score": 0.0, "support": 4}, "accuracy": 0.326171875, "macro avg": {"precision": 0.2884204988157852, "recall": 0.28264718628903157, "f1-score": 0.27014459221207676, "support": 2560}, "weighted avg": {"precision": 0.3373455499252295, "recall": 0.326171875, "f1-score": 0.3249127720295767, "support": 2560}}