{"0": {"precision": 0.0, "recall": 0.0, "f1-score": 0.0, "support": 6}, "1": {"precision": 0.13333333333333333, "recall": 0.5, "f1-score": 0.2105263157894737, "support": 4}, "2": {"precision": 0.5789473684210527, "recall": 0.6111111111111112, "f1-score": 0.5945945945945946, "support": 18}, "3": {"precision": 0.4117647058823529, "recall": 0.3333333333333333, "f1-score": 0.36842105263157887, "support": 21}, "4": {"precision": 0.5714285714285714, "recall": 0.6222222222222222, "f1-score": 0.5957446808510639, "support": 45}, "5": {"precision": 0.5806451612903226, "recall": 0.35294117647058826, "f1-score": 0.4390243902439025, "support": 51}, "6": {"precision": 0.47368421052631576, "recall": 0.421875, "f1-score": 0.4462809917355372, "support": 64}, "7": {"precision": 0.42857142857142855, "recall": 0.4838709677419355, "f1-score": 0.4545454545454545, "support": 93}, "8": {"precision": 0.47058823529411764, "recall": 0.4752475247524752, "f1-score": 0.4729064039408867, "support": 101}, "9": {"precision": 0.5306122448979592, "recall": 0.5693430656934306, "f1-score": 0.5492957746478873, "support": 137}, "10": {"precision": 0.6506849315068494, "recall": 0.5459770114942529, "f1-score": 0.59375, "support": 174}, "11": {"precision": 0.5679012345679012, "recall": 0.519774011299435, "f1-score": 0.542772861356932, "support": 177}, "12": {"precision": 0.5721153846153846, "recall": 0.7041420118343196, "f1-score": 0.6312997347480106, "support": 169}, "13": {"precision": 0.5989010989010989, "recall": 0.6264367816091954, "f1-score": 0.6123595505617978, "support": 174}, "14": {"precision": 0.6282722513089005, "recall": 0.5825242718446602, "f1-score": 0.6045340050377834, "support": 206}, "15": {"precision": 0.5989583333333334, "recall": 0.5927835051546392, "f1-score": 0.5958549222797928, "support": 194}, "16": {"precision": 0.5492227979274611, "recall": 0.6625, "f1-score": 0.6005665722379604, "support": 160}, "17": {"precision": 0.6, "recall": 0.6, "f1-score": 0.6, "support": 165}, "18": {"precision": 0.5071428571428571, "recall": 0.5338345864661654, "f1-score": 0.5201465201465201, "support": 133}, "19": {"precision": 0.39520958083832336, "recall": 0.528, "f1-score": 0.4520547945205479, "support": 125}, "20": {"precision": 0.5, "recall": 0.3611111111111111, "f1-score": 0.4193548387096774, "support": 108}, "21": {"precision": 0.4044943820224719, "recall": 0.45569620253164556, "f1-score": 0.42857142857142855, "support": 79}, "22": {"precision": 0.38461538461538464, "recall": 0.2631578947368421, "f1-score": 0.3125, "support": 57}, "23": {"precision": 0.38235294117647056, "recall": 0.29545454545454547, "f1-score": 0.33333333333333337, "support": 44}, "24": {"precision": 0.3, "recall": 0.10344827586206896, "f1-score": 0.15384615384615385, "support": 29}, "25": {"precision": 0.29411764705882354, "recall": 0.3125, "f1-score": 0.30303030303030304, "support": 16}, "26": {"precision": 0.25, "recall": 0.125, "f1-score": 0.16666666666666666, "support": 8}, "27": {"precision": 0.0, "recall": 0.0, "f1-score": 0.0, "support": 2}, "accuracy": 0.534375, "macro avg": {"precision": 0.4415558601664541, "recall": 0.43508159324014206, "f1-score": 0.42864219085811733, "support": 2560}, "weighted avg": {"precision": 0.5349278256881372, "recall": 0.534375, "f1-score": 0.5305205208872266, "support": 2560}}