{"0": {"precision": 0.5, "recall": 0.3333333333333333, "f1-score": 0.4, "support": 3}, "1": {"precision": 0.6666666666666666, "recall": 0.3333333333333333, "f1-score": 0.4444444444444444, "support": 6}, "2": {"precision": 0.6, "recall": 0.6923076923076923, "f1-score": 0.6428571428571429, "support": 13}, "3": {"precision": 0.7142857142857143, "recall": 0.7692307692307693, "f1-score": 0.7407407407407408, "support": 26}, "4": {"precision": 0.7647058823529411, "recall": 0.7878787878787878, "f1-score": 0.7761194029850745, "support": 33}, "5": {"precision": 0.864406779661017, "recall": 0.796875, "f1-score": 0.8292682926829269, "support": 64}, "6": {"precision": 0.8, "recall": 0.8823529411764706, "f1-score": 0.8391608391608392, "support": 68}, "7": {"precision": 0.92, "recall": 0.9019607843137255, "f1-score": 0.9108910891089109, "support": 102}, "8": {"precision": 0.918918918918919, "recall": 0.864406779661017, "f1-score": 0.8908296943231442, "support": 118}, "9": {"precision": 0.8473282442748091, "recall": 0.8740157480314961, "f1-score": 0.8604651162790697, "support": 127}, "10": {"precision": 0.8987341772151899, "recall": 0.8658536585365854, "f1-score": 0.8819875776397516, "support": 164}, "11": {"precision": 0.9152542372881356, "recall": 0.8852459016393442, "f1-score": 0.9, "support": 183}, "12": {"precision": 0.8888888888888888, "recall": 0.8994082840236687, "f1-score": 0.8941176470588235, "support": 169}, "13": {"precision": 0.8970588235294118, "recall": 0.9432989690721649, "f1-score": 0.9195979899497486, "support": 194}, "14": {"precision": 0.9214659685863874, "recall": 0.8888888888888888, "f1-score": 0.9048843187660668, "support": 198}, "15": {"precision": 0.8815165876777251, "recall": 0.9207920792079208, "f1-score": 0.900726392251816, "support": 202}, "16": {"precision": 0.9055555555555556, "recall": 0.8858695652173914, "f1-score": 0.8956043956043955, "support": 184}, "17": {"precision": 0.8789808917197452, "recall": 0.9261744966442953, "f1-score": 0.9019607843137255, "support": 149}, "18": {"precision": 0.8970588235294118, "recall": 0.8531468531468531, "f1-score": 0.8745519713261648, "support": 143}, "19": {"precision": 0.890625, "recall": 0.9047619047619048, "f1-score": 0.8976377952755906, "support": 126}, "20": {"precision": 0.8765432098765432, "recall": 0.8765432098765432, "f1-score": 0.8765432098765432, "support": 81}, "21": {"precision": 0.8481012658227848, "recall": 0.8701298701298701, "f1-score": 0.8589743589743589, "support": 77}, "22": {"precision": 0.8695652173913043, "recall": 0.7692307692307693, "f1-score": 0.8163265306122449, "support": 52}, "23": {"precision": 0.7222222222222222, "recall": 0.8125, "f1-score": 0.7647058823529411, "support": 32}, "24": {"precision": 0.6923076923076923, "recall": 0.6666666666666666, "f1-score": 0.6792452830188679, "support": 27}, "25": {"precision": 0.5294117647058824, "recall": 0.6428571428571429, "f1-score": 0.5806451612903226, "support": 14}, "26": {"precision": 0.6666666666666666, "recall": 0.5, "f1-score": 0.5714285714285715, "support": 4}, "27": {"precision": 1.0, "recall": 1.0, "f1-score": 1.0, "support": 1}, "accuracy": 0.87734375, "macro avg": {"precision": 0.8134381856837006, "recall": 0.7981094081845227, "f1-score": 0.8019183797257938, "support": 2560}, "weighted avg": {"precision": 0.8784592300037136, "recall": 0.87734375, "f1-score": 0.8772141740473932, "support": 2560}}