{"0": {"precision": 0.0, "recall": 0.0, "f1-score": 0.0, "support": 3}, "1": {"precision": 0.0, "recall": 0.0, "f1-score": 0.0, "support": 2}, "2": {"precision": 0.625, "recall": 0.35714285714285715, "f1-score": 0.45454545454545453, "support": 14}, "3": {"precision": 0.5625, "recall": 0.36, "f1-score": 0.43902439024390244, "support": 25}, "4": {"precision": 0.4358974358974359, "recall": 0.4594594594594595, "f1-score": 0.4473684210526316, "support": 37}, "5": {"precision": 0.39655172413793105, "recall": 0.4339622641509434, "f1-score": 0.41441441441441446, "support": 53}, "6": {"precision": 0.423728813559322, "recall": 0.3333333333333333, "f1-score": 0.3731343283582089, "support": 75}, "7": {"precision": 0.39814814814814814, "recall": 0.42574257425742573, "f1-score": 0.4114832535885168, "support": 101}, "8": {"precision": 0.4132231404958678, "recall": 0.43859649122807015, "f1-score": 0.42553191489361697, "support": 114}, "9": {"precision": 0.5636363636363636, "recall": 0.5849056603773585, "f1-score": 0.5740740740740741, "support": 159}, "10": {"precision": 0.6049382716049383, "recall": 0.5903614457831325, "f1-score": 0.5975609756097562, "support": 166}, "11": {"precision": 0.5668789808917197, "recall": 0.5705128205128205, "f1-score": 0.5686900958466453, "support": 156}, "12": {"precision": 0.5808080808080808, "recall": 0.5665024630541872, "f1-score": 0.5735660847880298, "support": 203}, "13": {"precision": 0.5530973451327433, "recall": 0.6476683937823834, "f1-score": 0.5966587112171837, "support": 193}, "14": {"precision": 0.6335078534031413, "recall": 0.6173469387755102, "f1-score": 0.6253229974160206, "support": 196}, "15": {"precision": 0.5935828877005348, "recall": 0.6235955056179775, "f1-score": 0.6082191780821918, "support": 178}, "16": {"precision": 0.6210526315789474, "recall": 0.644808743169399, "f1-score": 0.6327077747989277, "support": 183}, "17": {"precision": 0.5625, "recall": 0.553072625698324, "f1-score": 0.5577464788732394, "support": 179}, "18": {"precision": 0.527027027027027, "recall": 0.5098039215686274, "f1-score": 0.5182724252491694, "support": 153}, "19": {"precision": 0.37168141592920356, "recall": 0.44680851063829785, "f1-score": 0.4057971014492754, "support": 94}, "20": {"precision": 0.4918032786885246, "recall": 0.35714285714285715, "f1-score": 0.4137931034482759, "support": 84}, "21": {"precision": 0.36, "recall": 0.33962264150943394, "f1-score": 0.3495145631067961, "support": 53}, "22": {"precision": 0.2833333333333333, "recall": 0.4146341463414634, "f1-score": 0.3366336633663366, "support": 41}, "23": {"precision": 0.3, "recall": 0.20454545454545456, "f1-score": 0.24324324324324326, "support": 44}, "24": {"precision": 0.375, "recall": 0.3, "f1-score": 0.33333333333333326, "support": 20}, "25": {"precision": 0.3333333333333333, "recall": 0.22727272727272727, "f1-score": 0.27027027027027023, "support": 22}, "26": {"precision": 0.0, "recall": 0.0, "f1-score": 0.0, "support": 10}, "27": {"precision": 1.0, "recall": 0.5, "f1-score": 0.6666666666666666, "support": 2}, "accuracy": 0.526171875, "macro avg": {"precision": 0.4491867880466642, "recall": 0.41095863697721585, "f1-score": 0.4227704613548636, "support": 2560}, "weighted avg": {"precision": 0.5249847581801956, "recall": 0.526171875, "f1-score": 0.5235592023581275, "support": 2560}}