{"0": {"precision": 0.0, "recall": 0.0, "f1-score": 0.0, "support": 3}, "1": {"precision": 0.25, "recall": 0.25, "f1-score": 0.25, "support": 4}, "2": {"precision": 0.5789473684210527, "recall": 0.7333333333333333, "f1-score": 0.6470588235294117, "support": 15}, "3": {"precision": 0.75, "recall": 0.6666666666666666, "f1-score": 0.7058823529411765, "support": 27}, "4": {"precision": 0.7333333333333333, "recall": 0.6875, "f1-score": 0.7096774193548386, "support": 32}, "5": {"precision": 0.8775510204081632, "recall": 0.7818181818181819, "f1-score": 0.8269230769230769, "support": 55}, "6": {"precision": 0.7702702702702703, "recall": 0.7808219178082192, "f1-score": 0.7755102040816327, "support": 73}, "7": {"precision": 0.723404255319149, "recall": 0.7555555555555555, "f1-score": 0.7391304347826088, "support": 90}, "8": {"precision": 0.853448275862069, "recall": 0.7734375, "f1-score": 0.8114754098360656, "support": 128}, "9": {"precision": 0.7159090909090909, "recall": 0.8289473684210527, "f1-score": 0.7682926829268293, "support": 152}, "10": {"precision": 0.8870967741935484, "recall": 0.7432432432432432, "f1-score": 0.8088235294117647, "support": 148}, "11": {"precision": 0.7374301675977654, "recall": 0.825, "f1-score": 0.7787610619469025, "support": 160}, "12": {"precision": 0.8074534161490683, "recall": 0.7262569832402235, "f1-score": 0.7647058823529411, "support": 179}, "13": {"precision": 0.7135922330097088, "recall": 0.786096256684492, "f1-score": 0.7480916030534351, "support": 187}, "14": {"precision": 0.6651162790697674, "recall": 0.7333333333333333, "f1-score": 0.6975609756097562, "support": 195}, "15": {"precision": 0.714975845410628, "recall": 0.7474747474747475, "f1-score": 0.7308641975308642, "support": 198}, "16": {"precision": 0.697560975609756, "recall": 0.7526315789473684, "f1-score": 0.7240506329113923, "support": 190}, "17": {"precision": 0.8166666666666667, "recall": 0.6758620689655173, "f1-score": 0.7396226415094339, "support": 145}, "18": {"precision": 0.7794117647058824, "recall": 0.7571428571428571, "f1-score": 0.7681159420289856, "support": 140}, "19": {"precision": 0.7744360902255639, "recall": 0.7357142857142858, "f1-score": 0.7545787545787546, "support": 140}, "20": {"precision": 0.7804878048780488, "recall": 0.7619047619047619, "f1-score": 0.7710843373493976, "support": 84}, "21": {"precision": 0.7105263157894737, "recall": 0.7941176470588235, "f1-score": 0.7499999999999999, "support": 68}, "22": {"precision": 0.7058823529411765, "recall": 0.6545454545454545, "f1-score": 0.679245283018868, "support": 55}, "23": {"precision": 0.75, "recall": 0.6486486486486487, "f1-score": 0.6956521739130435, "support": 37}, "24": {"precision": 0.8, "recall": 0.7407407407407407, "f1-score": 0.7692307692307692, "support": 27}, "25": {"precision": 0.7222222222222222, "recall": 0.5909090909090909, "f1-score": 0.65, "support": 22}, "26": {"precision": 1.0, "recall": 0.4, "f1-score": 0.5714285714285715, "support": 5}, "27": {"precision": 0.5, "recall": 1.0, "f1-score": 0.6666666666666666, "support": 1}, "accuracy": 0.749609375, "macro avg": {"precision": 0.7077043758211573, "recall": 0.6904179365055926, "f1-score": 0.6893726223898995, "support": 2560}, "weighted avg": {"precision": 0.7544964619254387, "recall": 0.749609375, "f1-score": 0.7496136795252811, "support": 2560}}