{"0": {"precision": 0.0, "recall": 0.0, "f1-score": 0.0, "support": 3}, "1": {"precision": 0.5, "recall": 0.5, "f1-score": 0.5, "support": 6}, "2": {"precision": 0.5454545454545454, "recall": 0.9230769230769231, "f1-score": 0.6857142857142856, "support": 13}, "3": {"precision": 0.896551724137931, "recall": 0.7647058823529411, "f1-score": 0.8253968253968255, "support": 34}, "4": {"precision": 0.875, "recall": 0.7368421052631579, "f1-score": 0.7999999999999999, "support": 38}, "5": {"precision": 0.8225806451612904, "recall": 0.9272727272727272, "f1-score": 0.8717948717948718, "support": 55}, "6": {"precision": 0.8928571428571429, "recall": 0.8928571428571429, "f1-score": 0.8928571428571429, "support": 84}, "7": {"precision": 0.8317757009345794, "recall": 0.89, "f1-score": 0.8599033816425121, "support": 100}, "8": {"precision": 0.941747572815534, "recall": 0.8584070796460177, "f1-score": 0.8981481481481481, "support": 113}, "9": {"precision": 0.8405797101449275, "recall": 0.9133858267716536, "f1-score": 0.8754716981132076, "support": 127}, "10": {"precision": 0.8757062146892656, "recall": 0.856353591160221, "f1-score": 0.8659217877094972, "support": 181}, "11": {"precision": 0.89, "recall": 0.9035532994923858, "f1-score": 0.8967254408060454, "support": 197}, "12": {"precision": 0.9375, "recall": 0.8638743455497382, "f1-score": 0.8991825613079019, "support": 191}, "13": {"precision": 0.8638743455497382, "recall": 0.9269662921348315, "f1-score": 0.8943089430894309, "support": 178}, "14": {"precision": 0.917098445595855, "recall": 0.8894472361809045, "f1-score": 0.903061224489796, "support": 199}, "15": {"precision": 0.9146341463414634, "recall": 0.8982035928143712, "f1-score": 0.9063444108761329, "support": 167}, "16": {"precision": 0.9135802469135802, "recall": 0.8705882352941177, "f1-score": 0.8915662650602408, "support": 170}, "17": {"precision": 0.8432432432432433, "recall": 0.9285714285714286, "f1-score": 0.8838526912181304, "support": 168}, "18": {"precision": 0.8888888888888888, "recall": 0.8823529411764706, "f1-score": 0.8856088560885608, "support": 136}, "19": {"precision": 0.956989247311828, "recall": 0.8811881188118812, "f1-score": 0.9175257731958764, "support": 101}, "20": {"precision": 0.9479166666666666, "recall": 0.9479166666666666, "f1-score": 0.9479166666666666, "support": 96}, "21": {"precision": 0.9012345679012346, "recall": 0.9125, "f1-score": 0.9068322981366459, "support": 80}, "22": {"precision": 0.8360655737704918, "recall": 0.8793103448275862, "f1-score": 0.8571428571428572, "support": 58}, "23": {"precision": 0.8846153846153846, "recall": 0.7931034482758621, "f1-score": 0.8363636363636363, "support": 29}, "24": {"precision": 0.8181818181818182, "recall": 0.9, "f1-score": 0.8571428571428572, "support": 20}, "25": {"precision": 0.7777777777777778, "recall": 0.5384615384615384, "f1-score": 0.6363636363636364, "support": 13}, "26": {"precision": 0.4, "recall": 0.6666666666666666, "f1-score": 0.5, "support": 3}, "27": {"precision": 0.0, "recall": 0.0, "f1-score": 0.0, "support": 0}, "accuracy": 0.884765625, "macro avg": {"precision": 0.7754947717483279, "recall": 0.7837716226187584, "f1-score": 0.7748266521187467, "support": 2560}, "weighted avg": {"precision": 0.8874074983326705, "recall": 0.884765625, "f1-score": 0.8847563364127534, "support": 2560}}