{"0": {"precision": 0.0, "recall": 0.0, "f1-score": 0.0, "support": 4}, "1": {"precision": 0.5, "recall": 0.4, "f1-score": 0.4444444444444445, "support": 10}, "2": {"precision": 0.4, "recall": 0.3076923076923077, "f1-score": 0.34782608695652173, "support": 13}, "3": {"precision": 0.5185185185185185, "recall": 0.7368421052631579, "f1-score": 0.6086956521739131, "support": 19}, "4": {"precision": 0.8648648648648649, "recall": 0.8, "f1-score": 0.8311688311688312, "support": 40}, "5": {"precision": 0.8064516129032258, "recall": 0.7936507936507936, "f1-score": 0.7999999999999999, "support": 63}, "6": {"precision": 0.684931506849315, "recall": 0.78125, "f1-score": 0.7299270072992701, "support": 64}, "7": {"precision": 0.7816091954022989, "recall": 0.7472527472527473, "f1-score": 0.7640449438202248, "support": 91}, "8": {"precision": 0.8110236220472441, "recall": 0.8110236220472441, "f1-score": 0.8110236220472442, "support": 127}, "9": {"precision": 0.8098591549295775, "recall": 0.8712121212121212, "f1-score": 0.8394160583941607, "support": 132}, "10": {"precision": 0.85, "recall": 0.8263888888888888, "f1-score": 0.8380281690140844, "support": 144}, "11": {"precision": 0.8604651162790697, "recall": 0.8222222222222222, "f1-score": 0.8409090909090908, "support": 180}, "12": {"precision": 0.8578680203045685, "recall": 0.8407960199004975, "f1-score": 0.849246231155779, "support": 201}, "13": {"precision": 0.845, "recall": 0.8666666666666667, "f1-score": 0.8556962025316455, "support": 195}, "14": {"precision": 0.8876404494382022, "recall": 0.8494623655913979, "f1-score": 0.8681318681318682, "support": 186}, "15": {"precision": 0.8472906403940886, "recall": 0.900523560209424, "f1-score": 0.8730964467005076, "support": 191}, "16": {"precision": 0.8154761904761905, "recall": 0.85625, "f1-score": 0.8353658536585366, "support": 160}, "17": {"precision": 0.8918918918918919, "recall": 0.825, "f1-score": 0.8571428571428571, "support": 160}, "18": {"precision": 0.8721804511278195, "recall": 0.8467153284671532, "f1-score": 0.8592592592592592, "support": 137}, "19": {"precision": 0.8174603174603174, "recall": 0.8110236220472441, "f1-score": 0.8142292490118577, "support": 127}, "20": {"precision": 0.77, "recall": 0.77, "f1-score": 0.7699999999999999, "support": 100}, "21": {"precision": 0.647887323943662, "recall": 0.7666666666666667, "f1-score": 0.7022900763358779, "support": 60}, "22": {"precision": 0.7868852459016393, "recall": 0.7058823529411765, "f1-score": 0.7441860465116278, "support": 68}, "23": {"precision": 0.6744186046511628, "recall": 0.725, "f1-score": 0.6987951807228916, "support": 40}, "24": {"precision": 0.5263157894736842, "recall": 0.5263157894736842, "f1-score": 0.5263157894736842, "support": 19}, "25": {"precision": 0.5263157894736842, "recall": 0.625, "f1-score": 0.5714285714285714, "support": 16}, "26": {"precision": 0.8333333333333334, "recall": 0.4166666666666667, "f1-score": 0.5555555555555556, "support": 12}, "27": {"precision": 0.3333333333333333, "recall": 1.0, "f1-score": 0.5, "support": 1}, "accuracy": 0.816015625, "macro avg": {"precision": 0.7078936061784891, "recall": 0.7224822802450023, "f1-score": 0.7048651104945823, "support": 2560}, "weighted avg": {"precision": 0.8177100899460943, "recall": 0.816015625, "f1-score": 0.8156202341321723, "support": 2560}}