{"0": {"precision": 1.0, "recall": 0.25, "f1-score": 0.4, "support": 4}, "1": {"precision": 0.2, "recall": 0.125, "f1-score": 0.15384615384615385, "support": 8}, "2": {"precision": 0.4444444444444444, "recall": 0.6666666666666666, "f1-score": 0.5333333333333333, "support": 12}, "3": {"precision": 0.7619047619047619, "recall": 0.6666666666666666, "f1-score": 0.7111111111111111, "support": 24}, "4": {"precision": 0.7872340425531915, "recall": 0.74, "f1-score": 0.7628865979381443, "support": 50}, "5": {"precision": 0.7307692307692307, "recall": 0.7450980392156863, "f1-score": 0.7378640776699028, "support": 51}, "6": {"precision": 0.7638888888888888, "recall": 0.8333333333333334, "f1-score": 0.7971014492753623, "support": 66}, "7": {"precision": 0.8315789473684211, "recall": 0.8061224489795918, "f1-score": 0.8186528497409326, "support": 98}, "8": {"precision": 0.824, "recall": 0.7923076923076923, "f1-score": 0.8078431372549019, "support": 130}, "9": {"precision": 0.7961783439490446, "recall": 0.8445945945945946, "f1-score": 0.819672131147541, "support": 148}, "10": {"precision": 0.8452380952380952, "recall": 0.8606060606060606, "f1-score": 0.852852852852853, "support": 165}, "11": {"precision": 0.9257142857142857, "recall": 0.8481675392670157, "f1-score": 0.8852459016393444, "support": 191}, "12": {"precision": 0.8838383838383839, "recall": 0.875, "f1-score": 0.8793969849246231, "support": 200}, "13": {"precision": 0.8197674418604651, "recall": 0.8597560975609756, "f1-score": 0.8392857142857143, "support": 164}, "14": {"precision": 0.8811881188118812, "recall": 0.8476190476190476, "f1-score": 0.8640776699029127, "support": 210}, "15": {"precision": 0.8315217391304348, "recall": 0.864406779661017, "f1-score": 0.8476454293628808, "support": 177}, "16": {"precision": 0.8571428571428571, "recall": 0.8674698795180723, "f1-score": 0.8622754491017964, "support": 166}, "17": {"precision": 0.8938547486033519, "recall": 0.8648648648648649, "f1-score": 0.8791208791208792, "support": 185}, "18": {"precision": 0.8309859154929577, "recall": 0.8805970149253731, "f1-score": 0.8550724637681161, "support": 134}, "19": {"precision": 0.8727272727272727, "recall": 0.8727272727272727, "f1-score": 0.8727272727272727, "support": 110}, "20": {"precision": 0.8765432098765432, "recall": 0.8875, "f1-score": 0.8819875776397514, "support": 80}, "21": {"precision": 0.8769230769230769, "recall": 0.95, "f1-score": 0.912, "support": 60}, "22": {"precision": 0.8947368421052632, "recall": 0.8095238095238095, "f1-score": 0.8500000000000001, "support": 42}, "23": {"precision": 0.7222222222222222, "recall": 0.7647058823529411, "f1-score": 0.7428571428571428, "support": 34}, "24": {"precision": 0.625, "recall": 0.6521739130434783, "f1-score": 0.6382978723404256, "support": 23}, "25": {"precision": 0.7272727272727273, "recall": 0.5333333333333333, "f1-score": 0.6153846153846153, "support": 15}, "26": {"precision": 0.5714285714285714, "recall": 0.5714285714285714, "f1-score": 0.5714285714285714, "support": 7}, "27": {"precision": 0.8571428571428571, "recall": 1.0, "f1-score": 0.923076923076923, "support": 6}, "accuracy": 0.841015625, "macro avg": {"precision": 0.7833302509074725, "recall": 0.7599881967212881, "f1-score": 0.7612515772046862, "support": 2560}, "weighted avg": {"precision": 0.8424730980699537, "recall": 0.841015625, "f1-score": 0.8406625444954287, "support": 2560}}