{"0": {"precision": 0.0, "recall": 0.0, "f1-score": 0.0, "support": 5}, "1": {"precision": 0.09090909090909091, "recall": 0.2, "f1-score": 0.12500000000000003, "support": 5}, "2": {"precision": 0.5, "recall": 0.5217391304347826, "f1-score": 0.5106382978723404, "support": 23}, "3": {"precision": 0.4782608695652174, "recall": 0.4074074074074074, "f1-score": 0.44000000000000006, "support": 27}, "4": {"precision": 0.5, "recall": 0.26666666666666666, "f1-score": 0.3478260869565218, "support": 45}, "5": {"precision": 0.2777777777777778, "recall": 0.2127659574468085, "f1-score": 0.24096385542168677, "support": 47}, "6": {"precision": 0.3, "recall": 0.2608695652173913, "f1-score": 0.27906976744186046, "support": 69}, "7": {"precision": 0.32456140350877194, "recall": 0.3894736842105263, "f1-score": 0.35406698564593303, "support": 95}, "8": {"precision": 0.3625, "recall": 0.27102803738317754, "f1-score": 0.3101604278074866, "support": 107}, "9": {"precision": 0.3522012578616352, "recall": 0.4827586206896552, "f1-score": 0.4072727272727273, "support": 116}, "10": {"precision": 0.41843971631205673, "recall": 0.3352272727272727, "f1-score": 0.37223974763406936, "support": 176}, "11": {"precision": 0.43373493975903615, "recall": 0.4067796610169492, "f1-score": 0.41982507288629733, "support": 177}, "12": {"precision": 0.4217391304347826, "recall": 0.49489795918367346, "f1-score": 0.4553990610328638, "support": 196}, "13": {"precision": 0.44, "recall": 0.4656084656084656, "f1-score": 0.45244215938303345, "support": 189}, "14": {"precision": 0.43023255813953487, "recall": 0.38341968911917096, "f1-score": 0.4054794520547945, "support": 193}, "15": {"precision": 0.45714285714285713, "recall": 0.5045045045045045, "f1-score": 0.4796573875802998, "support": 222}, "16": {"precision": 0.4658385093167702, "recall": 0.4658385093167702, "f1-score": 0.4658385093167702, "support": 161}, "17": {"precision": 0.472636815920398, "recall": 0.5757575757575758, "f1-score": 0.5191256830601093, "support": 165}, "18": {"precision": 0.3945578231292517, "recall": 0.4715447154471545, "f1-score": 0.42962962962962964, "support": 123}, "19": {"precision": 0.34507042253521125, "recall": 0.37404580152671757, "f1-score": 0.358974358974359, "support": 131}, "20": {"precision": 0.3484848484848485, "recall": 0.24731182795698925, "f1-score": 0.2893081761006289, "support": 93}, "21": {"precision": 0.2608695652173913, "recall": 0.2727272727272727, "f1-score": 0.2666666666666666, "support": 66}, "22": {"precision": 0.275, "recall": 0.20754716981132076, "f1-score": 0.23655913978494625, "support": 53}, "23": {"precision": 0.4090909090909091, "recall": 0.24324324324324326, "f1-score": 0.3050847457627119, "support": 37}, "24": {"precision": 0.3333333333333333, "recall": 0.17391304347826086, "f1-score": 0.22857142857142854, "support": 23}, "25": {"precision": 0.2, "recall": 0.25, "f1-score": 0.22222222222222224, "support": 8}, "26": {"precision": 0.25, "recall": 0.14285714285714285, "f1-score": 0.18181818181818182, "support": 7}, "27": {"precision": 0.0, "recall": 0.0, "f1-score": 0.0, "support": 1}, "accuracy": 0.403515625, "macro avg": {"precision": 0.3407993510156741, "recall": 0.32242617584781785, "f1-score": 0.3251371346749131, "support": 2560}, "weighted avg": {"precision": 0.40212175408364204, "recall": 0.403515625, "f1-score": 0.3988474722731859, "support": 2560}}