{"0": {"precision": 0.0, "recall": 0.0, "f1-score": 0.0, "support": 3}, "1": {"precision": 0.4, "recall": 0.18181818181818182, "f1-score": 0.25000000000000006, "support": 11}, "2": {"precision": 0.46153846153846156, "recall": 0.6666666666666666, "f1-score": 0.5454545454545455, "support": 18}, "3": {"precision": 0.7692307692307693, "recall": 0.7407407407407407, "f1-score": 0.7547169811320754, "support": 27}, "4": {"precision": 0.9, "recall": 0.7941176470588235, "f1-score": 0.84375, "support": 34}, "5": {"precision": 0.9047619047619048, "recall": 0.9193548387096774, "f1-score": 0.912, "support": 62}, "6": {"precision": 0.819672131147541, "recall": 0.847457627118644, "f1-score": 0.8333333333333333, "support": 59}, "7": {"precision": 0.7938144329896907, "recall": 0.875, "f1-score": 0.8324324324324325, "support": 88}, "8": {"precision": 0.9183673469387755, "recall": 0.8181818181818182, "f1-score": 0.8653846153846154, "support": 110}, "9": {"precision": 0.8924050632911392, "recall": 0.9155844155844156, "f1-score": 0.9038461538461539, "support": 154}, "10": {"precision": 0.851063829787234, "recall": 0.8391608391608392, "f1-score": 0.8450704225352114, "support": 143}, "11": {"precision": 0.8764044943820225, "recall": 0.8914285714285715, "f1-score": 0.8838526912181304, "support": 175}, "12": {"precision": 0.9308510638297872, "recall": 0.8974358974358975, "f1-score": 0.9138381201044387, "support": 195}, "13": {"precision": 0.8736263736263736, "recall": 0.9137931034482759, "f1-score": 0.8932584269662922, "support": 174}, "14": {"precision": 0.9130434782608695, "recall": 0.875, "f1-score": 0.8936170212765957, "support": 192}, "15": {"precision": 0.8857142857142857, "recall": 0.9253731343283582, "f1-score": 0.9051094890510949, "support": 201}, "16": {"precision": 0.9006211180124224, "recall": 0.8529411764705882, "f1-score": 0.8761329305135952, "support": 170}, "17": {"precision": 0.7956989247311828, "recall": 0.9079754601226994, "f1-score": 0.848137535816619, "support": 163}, "18": {"precision": 0.8888888888888888, "recall": 0.8292682926829268, "f1-score": 0.8580441640378549, "support": 164}, "19": {"precision": 0.9029850746268657, "recall": 0.8962962962962963, "f1-score": 0.899628252788104, "support": 135}, "20": {"precision": 0.8918918918918919, "recall": 0.8461538461538461, "f1-score": 0.868421052631579, "support": 78}, "21": {"precision": 0.8225806451612904, "recall": 0.8793103448275862, "f1-score": 0.8500000000000001, "support": 58}, "22": {"precision": 0.782608695652174, "recall": 0.7346938775510204, "f1-score": 0.7578947368421053, "support": 49}, "23": {"precision": 0.75, "recall": 0.6923076923076923, "f1-score": 0.7199999999999999, "support": 39}, "24": {"precision": 0.7096774193548387, "recall": 0.7857142857142857, "f1-score": 0.7457627118644068, "support": 28}, "25": {"precision": 0.7142857142857143, "recall": 0.8333333333333334, "f1-score": 0.7692307692307692, "support": 18}, "26": {"precision": 0.8, "recall": 0.4444444444444444, "f1-score": 0.5714285714285714, "support": 9}, "27": {"precision": 0.75, "recall": 1.0, "f1-score": 0.8571428571428571, "support": 3}, "accuracy": 0.86484375, "macro avg": {"precision": 0.7821332860037188, "recall": 0.7786983046994866, "f1-score": 0.7749102791082638, "support": 2560}, "weighted avg": {"precision": 0.8657462945822656, "recall": 0.86484375, "f1-score": 0.8639383188101017, "support": 2560}}