{"0": {"precision": 0.0, "recall": 0.0, "f1-score": 0.0, "support": 3}, "1": {"precision": 0.3076923076923077, "recall": 0.36363636363636365, "f1-score": 0.33333333333333337, "support": 11}, "2": {"precision": 0.2631578947368421, "recall": 0.2777777777777778, "f1-score": 0.27027027027027023, "support": 18}, "3": {"precision": 0.23529411764705882, "recall": 0.16666666666666666, "f1-score": 0.19512195121951217, "support": 24}, "4": {"precision": 0.46153846153846156, "recall": 0.45, "f1-score": 0.45569620253164556, "support": 40}, "5": {"precision": 0.40476190476190477, "recall": 0.29310344827586204, "f1-score": 0.34, "support": 58}, "6": {"precision": 0.4393939393939394, "recall": 0.3372093023255814, "f1-score": 0.3815789473684211, "support": 86}, "7": {"precision": 0.33636363636363636, "recall": 0.3978494623655914, "f1-score": 0.36453201970443355, "support": 93}, "8": {"precision": 0.2809917355371901, "recall": 0.3148148148148148, "f1-score": 0.29694323144104806, "support": 108}, "9": {"precision": 0.4, "recall": 0.40298507462686567, "f1-score": 0.40148698884758366, "support": 134}, "10": {"precision": 0.3969465648854962, "recall": 0.36363636363636365, "f1-score": 0.3795620437956205, "support": 143}, "11": {"precision": 0.538961038961039, "recall": 0.44148936170212766, "f1-score": 0.4853801169590643, "support": 188}, "12": {"precision": 0.37117903930131, "recall": 0.4722222222222222, "f1-score": 0.41564792176039117, "support": 180}, "13": {"precision": 0.4, "recall": 0.39800995024875624, "f1-score": 0.39900249376558605, "support": 201}, "14": {"precision": 0.4666666666666667, "recall": 0.4074074074074074, "f1-score": 0.43502824858757067, "support": 189}, "15": {"precision": 0.3771186440677966, "recall": 0.5266272189349113, "f1-score": 0.43950617283950616, "support": 169}, "16": {"precision": 0.5317919075144508, "recall": 0.5027322404371585, "f1-score": 0.5168539325842696, "support": 183}, "17": {"precision": 0.48717948717948717, "recall": 0.5, "f1-score": 0.49350649350649345, "support": 190}, "18": {"precision": 0.30718954248366015, "recall": 0.3219178082191781, "f1-score": 0.31438127090301005, "support": 146}, "19": {"precision": 0.22875816993464052, "recall": 0.35353535353535354, "f1-score": 0.27777777777777773, "support": 99}, "20": {"precision": 0.30357142857142855, "recall": 0.18478260869565216, "f1-score": 0.22972972972972971, "support": 92}, "21": {"precision": 0.18181818181818182, "recall": 0.16393442622950818, "f1-score": 0.17241379310344826, "support": 61}, "22": {"precision": 0.38095238095238093, "recall": 0.26229508196721313, "f1-score": 0.3106796116504854, "support": 61}, "23": {"precision": 0.16, "recall": 0.125, "f1-score": 0.14035087719298245, "support": 32}, "24": {"precision": 0.35714285714285715, "recall": 0.22727272727272727, "f1-score": 0.2777777777777778, "support": 22}, "25": {"precision": 0.18181818181818182, "recall": 0.125, "f1-score": 0.14814814814814814, "support": 16}, "26": {"precision": 0.8333333333333334, "recall": 0.45454545454545453, "f1-score": 0.5882352941176471, "support": 11}, "27": {"precision": 0.0, "recall": 0.0, "f1-score": 0.0, "support": 2}, "accuracy": 0.3890625, "macro avg": {"precision": 0.3440579079393662, "recall": 0.3155161119836985, "f1-score": 0.32367659460413417, "support": 2560}, "weighted avg": {"precision": 0.3947834341952, "recall": 0.3890625, "f1-score": 0.3877296259649612, "support": 2560}}