{"0": {"precision": 0.0, "recall": 0.0, "f1-score": 0.0, "support": 0}, "1": {"precision": 0.8, "recall": 0.4, "f1-score": 0.5333333333333333, "support": 10}, "2": {"precision": 0.5, "recall": 0.8181818181818182, "f1-score": 0.6206896551724137, "support": 11}, "3": {"precision": 0.8181818181818182, "recall": 0.6666666666666666, "f1-score": 0.7346938775510203, "support": 27}, "4": {"precision": 0.717948717948718, "recall": 0.8484848484848485, "f1-score": 0.7777777777777778, "support": 33}, "5": {"precision": 0.9019607843137255, "recall": 0.8518518518518519, "f1-score": 0.8761904761904761, "support": 54}, "6": {"precision": 0.9, "recall": 0.9, "f1-score": 0.9, "support": 60}, "7": {"precision": 0.8823529411764706, "recall": 0.9146341463414634, "f1-score": 0.8982035928143712, "support": 82}, "8": {"precision": 0.9035087719298246, "recall": 0.8803418803418803, "f1-score": 0.8917748917748918, "support": 117}, "9": {"precision": 0.8439716312056738, "recall": 0.8561151079136691, "f1-score": 0.85, "support": 139}, "10": {"precision": 0.8421052631578947, "recall": 0.8205128205128205, "f1-score": 0.8311688311688312, "support": 156}, "11": {"precision": 0.8806818181818182, "recall": 0.8611111111111112, "f1-score": 0.8707865168539326, "support": 180}, "12": {"precision": 0.8538011695906432, "recall": 0.9125, "f1-score": 0.8821752265861027, "support": 160}, "13": {"precision": 0.9016393442622951, "recall": 0.8776595744680851, "f1-score": 0.8894878706199462, "support": 188}, "14": {"precision": 0.9120370370370371, "recall": 0.8954545454545455, "f1-score": 0.9036697247706421, "support": 220}, "15": {"precision": 0.8961748633879781, "recall": 0.9060773480662984, "f1-score": 0.9010989010989011, "support": 181}, "16": {"precision": 0.8833333333333333, "recall": 0.8833333333333333, "f1-score": 0.8833333333333333, "support": 180}, "17": {"precision": 0.867816091954023, "recall": 0.848314606741573, "f1-score": 0.8579545454545454, "support": 178}, "18": {"precision": 0.8068965517241379, "recall": 0.8731343283582089, "f1-score": 0.8387096774193548, "support": 134}, "19": {"precision": 0.8857142857142857, "recall": 0.7815126050420168, "f1-score": 0.8303571428571429, "support": 119}, "20": {"precision": 0.8152173913043478, "recall": 0.872093023255814, "f1-score": 0.8426966292134831, "support": 86}, "21": {"precision": 0.8658536585365854, "recall": 0.922077922077922, "f1-score": 0.8930817610062892, "support": 77}, "22": {"precision": 0.8596491228070176, "recall": 0.8305084745762712, "f1-score": 0.8448275862068966, "support": 59}, "23": {"precision": 0.825, "recall": 0.6875, "f1-score": 0.75, "support": 48}, "24": {"precision": 0.6585365853658537, "recall": 0.8181818181818182, "f1-score": 0.7297297297297297, "support": 33}, "25": {"precision": 0.6428571428571429, "recall": 0.5625, "f1-score": 0.6000000000000001, "support": 16}, "26": {"precision": 0.7777777777777778, "recall": 0.7777777777777778, "f1-score": 0.7777777777777778, "support": 9}, "27": {"precision": 0.75, "recall": 1.0, "f1-score": 0.8571428571428571, "support": 3}, "accuracy": 0.861328125, "macro avg": {"precision": 0.792607717919586, "recall": 0.7952330574549926, "f1-score": 0.7880950612805019, "support": 2560}, "weighted avg": {"precision": 0.863902149795037, "recall": 0.861328125, "f1-score": 0.8613487966999912, "support": 2560}}