{"0": {"precision": 0.6666666666666666, "recall": 0.5, "f1-score": 0.5714285714285715, "support": 4}, "1": {"precision": 0.0, "recall": 0.0, "f1-score": 0.0, "support": 2}, "2": {"precision": 0.7142857142857143, "recall": 0.6666666666666666, "f1-score": 0.689655172413793, "support": 15}, "3": {"precision": 0.6923076923076923, "recall": 0.8181818181818182, "f1-score": 0.7500000000000001, "support": 22}, "4": {"precision": 0.875, "recall": 0.6666666666666666, "f1-score": 0.7567567567567567, "support": 42}, "5": {"precision": 0.6363636363636364, "recall": 0.6086956521739131, "f1-score": 0.6222222222222223, "support": 46}, "6": {"precision": 0.7916666666666666, "recall": 0.7307692307692307, "f1-score": 0.76, "support": 78}, "7": {"precision": 0.7564102564102564, "recall": 0.7195121951219512, "f1-score": 0.7375, "support": 82}, "8": {"precision": 0.7788461538461539, "recall": 0.7363636363636363, "f1-score": 0.7570093457943925, "support": 110}, "9": {"precision": 0.8309859154929577, "recall": 0.7763157894736842, "f1-score": 0.802721088435374, "support": 152}, "10": {"precision": 0.7533333333333333, "recall": 0.773972602739726, "f1-score": 0.7635135135135136, "support": 146}, "11": {"precision": 0.7875, "recall": 0.7682926829268293, "f1-score": 0.7777777777777778, "support": 164}, "12": {"precision": 0.7184466019417476, "recall": 0.8043478260869565, "f1-score": 0.7589743589743588, "support": 184}, "13": {"precision": 0.7795698924731183, "recall": 0.7671957671957672, "f1-score": 0.7733333333333334, "support": 189}, "14": {"precision": 0.8121827411167513, "recall": 0.7804878048780488, "f1-score": 0.7960199004975124, "support": 205}, "15": {"precision": 0.7771739130434783, "recall": 0.7944444444444444, "f1-score": 0.7857142857142856, "support": 180}, "16": {"precision": 0.808641975308642, "recall": 0.7616279069767442, "f1-score": 0.784431137724551, "support": 172}, "17": {"precision": 0.7090909090909091, "recall": 0.8125, "f1-score": 0.7572815533980584, "support": 192}, "18": {"precision": 0.5898876404494382, "recall": 0.7720588235294118, "f1-score": 0.6687898089171974, "support": 136}, "19": {"precision": 0.8547008547008547, "recall": 0.7692307692307693, "f1-score": 0.8097165991902834, "support": 130}, "20": {"precision": 0.7954545454545454, "recall": 0.7692307692307693, "f1-score": 0.782122905027933, "support": 91}, "21": {"precision": 0.7605633802816901, "recall": 0.7297297297297297, "f1-score": 0.7448275862068966, "support": 74}, "22": {"precision": 0.6744186046511628, "recall": 0.6041666666666666, "f1-score": 0.6373626373626373, "support": 48}, "23": {"precision": 0.6666666666666666, "recall": 0.5405405405405406, "f1-score": 0.5970149253731343, "support": 37}, "24": {"precision": 0.59375, "recall": 0.6551724137931034, "f1-score": 0.6229508196721311, "support": 29}, "25": {"precision": 0.8571428571428571, "recall": 0.6, "f1-score": 0.7058823529411764, "support": 20}, "26": {"precision": 1.0, "recall": 0.5714285714285714, "f1-score": 0.7272727272727273, "support": 7}, "27": {"precision": 1.0, "recall": 0.6666666666666666, "f1-score": 0.8, "support": 3}, "accuracy": 0.75703125, "macro avg": {"precision": 0.7386091649176764, "recall": 0.6844380586243685, "f1-score": 0.705009977855308, "support": 2560}, "weighted avg": {"precision": 0.7625341673777297, "recall": 0.75703125, "f1-score": 0.757505837228779, "support": 2560}}