{"0": {"precision": 0.0, "recall": 0.0, "f1-score": 0.0, "support": 3}, "1": {"precision": 0.6666666666666666, "recall": 0.5, "f1-score": 0.5714285714285715, "support": 8}, "2": {"precision": 0.5, "recall": 0.625, "f1-score": 0.5555555555555556, "support": 8}, "3": {"precision": 0.64, "recall": 0.7619047619047619, "f1-score": 0.6956521739130435, "support": 21}, "4": {"precision": 0.8333333333333334, "recall": 0.7291666666666666, "f1-score": 0.7777777777777777, "support": 48}, "5": {"precision": 0.890625, "recall": 0.8636363636363636, "f1-score": 0.8769230769230768, "support": 66}, "6": {"precision": 0.8513513513513513, "recall": 0.9692307692307692, "f1-score": 0.9064748201438849, "support": 65}, "7": {"precision": 0.9166666666666666, "recall": 0.9, "f1-score": 0.908256880733945, "support": 110}, "8": {"precision": 0.9158878504672897, "recall": 0.8909090909090909, "f1-score": 0.9032258064516129, "support": 110}, "9": {"precision": 0.9, "recall": 0.9375, "f1-score": 0.9183673469387755, "support": 144}, "10": {"precision": 0.935251798561151, "recall": 0.8843537414965986, "f1-score": 0.909090909090909, "support": 147}, "11": {"precision": 0.9315789473684211, "recall": 0.9267015706806283, "f1-score": 0.9291338582677166, "support": 191}, "12": {"precision": 0.9226519337016574, "recall": 0.9329608938547486, "f1-score": 0.9277777777777778, "support": 179}, "13": {"precision": 0.9354838709677419, "recall": 0.93048128342246, "f1-score": 0.932975871313673, "support": 187}, "14": {"precision": 0.9195979899497487, "recall": 0.9384615384615385, "f1-score": 0.9289340101522843, "support": 195}, "15": {"precision": 0.9166666666666666, "recall": 0.9361702127659575, "f1-score": 0.9263157894736843, "support": 188}, "16": {"precision": 0.9254658385093167, "recall": 0.8922155688622755, "f1-score": 0.9085365853658537, "support": 167}, "17": {"precision": 0.925, "recall": 0.896969696969697, "f1-score": 0.9107692307692308, "support": 165}, "18": {"precision": 0.875968992248062, "recall": 0.9186991869918699, "f1-score": 0.8968253968253969, "support": 123}, "19": {"precision": 0.8984375, "recall": 0.92, "f1-score": 0.9090909090909092, "support": 125}, "20": {"precision": 0.9294117647058824, "recall": 0.8681318681318682, "f1-score": 0.8977272727272727, "support": 91}, "21": {"precision": 0.9191919191919192, "recall": 0.9891304347826086, "f1-score": 0.9528795811518325, "support": 92}, "22": {"precision": 0.9, "recall": 0.8490566037735849, "f1-score": 0.8737864077669903, "support": 53}, "23": {"precision": 0.6538461538461539, "recall": 0.6071428571428571, "f1-score": 0.6296296296296297, "support": 28}, "24": {"precision": 0.6956521739130435, "recall": 0.6956521739130435, "f1-score": 0.6956521739130435, "support": 23}, "25": {"precision": 0.5, "recall": 1.0, "f1-score": 0.6666666666666666, "support": 7}, "26": {"precision": 0.6666666666666666, "recall": 0.46153846153846156, "f1-score": 0.5454545454545455, "support": 13}, "27": {"precision": 0.0, "recall": 0.0, "f1-score": 0.0, "support": 3}, "accuracy": 0.900390625, "macro avg": {"precision": 0.7701929673136336, "recall": 0.7794647766119948, "f1-score": 0.7698181651894165, "support": 2560}, "weighted avg": {"precision": 0.9006934716697972, "recall": 0.900390625, "f1-score": 0.8996864186028475, "support": 2560}}