{"0": {"precision": 0.0, "recall": 0.0, "f1-score": 0.0, "support": 1}, "1": {"precision": 1.0, "recall": 0.18181818181818182, "f1-score": 0.3076923076923077, "support": 11}, "2": {"precision": 0.4117647058823529, "recall": 0.3684210526315789, "f1-score": 0.3888888888888889, "support": 19}, "3": {"precision": 0.5, "recall": 0.4583333333333333, "f1-score": 0.4782608695652174, "support": 24}, "4": {"precision": 0.5428571428571428, "recall": 0.5, "f1-score": 0.5205479452054795, "support": 38}, "5": {"precision": 0.4838709677419355, "recall": 0.35714285714285715, "f1-score": 0.410958904109589, "support": 42}, "6": {"precision": 0.4714285714285714, "recall": 0.4647887323943662, "f1-score": 0.46808510638297873, "support": 71}, "7": {"precision": 0.4, "recall": 0.5316455696202531, "f1-score": 0.4565217391304348, "support": 79}, "8": {"precision": 0.584070796460177, "recall": 0.5238095238095238, "f1-score": 0.5523012552301255, "support": 126}, "9": {"precision": 0.6375838926174496, "recall": 0.7196969696969697, "f1-score": 0.6761565836298933, "support": 132}, "10": {"precision": 0.676056338028169, "recall": 0.6075949367088608, "f1-score": 0.6399999999999999, "support": 158}, "11": {"precision": 0.712707182320442, "recall": 0.6898395721925134, "f1-score": 0.7010869565217391, "support": 187}, "12": {"precision": 0.6994818652849741, "recall": 0.7068062827225131, "f1-score": 0.7031250000000001, "support": 191}, "13": {"precision": 0.7431192660550459, "recall": 0.7641509433962265, "f1-score": 0.7534883720930232, "support": 212}, "14": {"precision": 0.725, "recall": 0.7552083333333334, "f1-score": 0.7397959183673469, "support": 192}, "15": {"precision": 0.751269035532995, "recall": 0.7914438502673797, "f1-score": 0.7708333333333334, "support": 187}, "16": {"precision": 0.7547169811320755, "recall": 0.7100591715976331, "f1-score": 0.7317073170731707, "support": 169}, "17": {"precision": 0.7439024390243902, "recall": 0.7484662576687117, "f1-score": 0.746177370030581, "support": 163}, "18": {"precision": 0.7285714285714285, "recall": 0.7132867132867133, "f1-score": 0.7208480565371024, "support": 143}, "19": {"precision": 0.543859649122807, "recall": 0.6595744680851063, "f1-score": 0.5961538461538461, "support": 94}, "20": {"precision": 0.6428571428571429, "recall": 0.6702127659574468, "f1-score": 0.65625, "support": 94}, "21": {"precision": 0.6329113924050633, "recall": 0.5952380952380952, "f1-score": 0.6134969325153375, "support": 84}, "22": {"precision": 0.36923076923076925, "recall": 0.5, "f1-score": 0.4247787610619469, "support": 48}, "23": {"precision": 0.5789473684210527, "recall": 0.43137254901960786, "f1-score": 0.4943820224719101, "support": 51}, "24": {"precision": 0.3076923076923077, "recall": 0.18181818181818182, "f1-score": 0.2285714285714286, "support": 22}, "25": {"precision": 0.2727272727272727, "recall": 0.21428571428571427, "f1-score": 0.23999999999999996, "support": 14}, "26": {"precision": 0.0, "recall": 0.0, "f1-score": 0.0, "support": 6}, "27": {"precision": 1.0, "recall": 0.5, "f1-score": 0.6666666666666666, "support": 2}, "accuracy": 0.65546875, "macro avg": {"precision": 0.568379518406913, "recall": 0.512321930572325, "f1-score": 0.5245276993297266, "support": 2560}, "weighted avg": {"precision": 0.6574471099307301, "recall": 0.65546875, "f1-score": 0.6534501019074687, "support": 2560}}