{"0": {"precision": 0.0, "recall": 0.0, "f1-score": 0.0, "support": 4}, "1": {"precision": 0.5, "recall": 0.18181818181818182, "f1-score": 0.26666666666666666, "support": 11}, "2": {"precision": 0.5, "recall": 0.5714285714285714, "f1-score": 0.5333333333333333, "support": 21}, "3": {"precision": 0.5666666666666667, "recall": 0.68, "f1-score": 0.6181818181818183, "support": 25}, "4": {"precision": 0.7, "recall": 0.7567567567567568, "f1-score": 0.7272727272727273, "support": 37}, "5": {"precision": 0.8780487804878049, "recall": 0.6792452830188679, "f1-score": 0.7659574468085106, "support": 53}, "6": {"precision": 0.7283950617283951, "recall": 0.8194444444444444, "f1-score": 0.7712418300653595, "support": 72}, "7": {"precision": 0.8415841584158416, "recall": 0.8095238095238095, "f1-score": 0.8252427184466018, "support": 105}, "8": {"precision": 0.8316831683168316, "recall": 0.8235294117647058, "f1-score": 0.8275862068965516, "support": 102}, "9": {"precision": 0.8767123287671232, "recall": 0.8951048951048951, "f1-score": 0.8858131487889274, "support": 143}, "10": {"precision": 0.9084967320261438, "recall": 0.879746835443038, "f1-score": 0.8938906752411575, "support": 158}, "11": {"precision": 0.8771929824561403, "recall": 0.8426966292134831, "f1-score": 0.8595988538681948, "support": 178}, "12": {"precision": 0.865, "recall": 0.9010416666666666, "f1-score": 0.8826530612244896, "support": 192}, "13": {"precision": 0.89, "recall": 0.898989898989899, "f1-score": 0.8944723618090452, "support": 198}, "14": {"precision": 0.8924731182795699, "recall": 0.8645833333333334, "f1-score": 0.8783068783068784, "support": 192}, "15": {"precision": 0.8762886597938144, "recall": 0.8947368421052632, "f1-score": 0.8854166666666666, "support": 190}, "16": {"precision": 0.8633540372670807, "recall": 0.8853503184713376, "f1-score": 0.8742138364779874, "support": 157}, "17": {"precision": 0.8819444444444444, "recall": 0.8758620689655172, "f1-score": 0.8788927335640138, "support": 145}, "18": {"precision": 0.9, "recall": 0.8709677419354839, "f1-score": 0.8852459016393444, "support": 155}, "19": {"precision": 0.8558558558558559, "recall": 0.9047619047619048, "f1-score": 0.8796296296296297, "support": 105}, "20": {"precision": 0.8125, "recall": 0.8666666666666667, "f1-score": 0.8387096774193549, "support": 75}, "21": {"precision": 0.8072289156626506, "recall": 0.8701298701298701, "f1-score": 0.8375, "support": 77}, "22": {"precision": 0.8387096774193549, "recall": 0.7428571428571429, "f1-score": 0.787878787878788, "support": 70}, "23": {"precision": 0.7555555555555555, "recall": 0.7727272727272727, "f1-score": 0.7640449438202247, "support": 44}, "24": {"precision": 0.6666666666666666, "recall": 0.6666666666666666, "f1-score": 0.6666666666666666, "support": 21}, "25": {"precision": 0.7619047619047619, "recall": 0.8421052631578947, "f1-score": 0.8, "support": 19}, "26": {"precision": 1.0, "recall": 0.625, "f1-score": 0.7692307692307693, "support": 8}, "27": {"precision": 1.0, "recall": 1.0, "f1-score": 1.0, "support": 3}, "accuracy": 0.851171875, "macro avg": {"precision": 0.781295056132668, "recall": 0.7650621955697027, "f1-score": 0.7677731192822754, "support": 2560}, "weighted avg": {"precision": 0.851861691369814, "recall": 0.851171875, "f1-score": 0.8503200466914629, "support": 2560}}