{"0": {"precision": 0.0, "recall": 0.0, "f1-score": 0.0, "support": 3}, "1": {"precision": 0.42857142857142855, "recall": 0.42857142857142855, "f1-score": 0.42857142857142855, "support": 7}, "2": {"precision": 0.5, "recall": 0.9, "f1-score": 0.6428571428571429, "support": 10}, "3": {"precision": 0.75, "recall": 0.2903225806451613, "f1-score": 0.4186046511627908, "support": 31}, "4": {"precision": 0.5510204081632653, "recall": 0.6, "f1-score": 0.5744680851063829, "support": 45}, "5": {"precision": 0.5555555555555556, "recall": 0.43103448275862066, "f1-score": 0.4854368932038835, "support": 58}, "6": {"precision": 0.44871794871794873, "recall": 0.5072463768115942, "f1-score": 0.4761904761904762, "support": 69}, "7": {"precision": 0.46875, "recall": 0.46875, "f1-score": 0.46875, "support": 96}, "8": {"precision": 0.46017699115044247, "recall": 0.4297520661157025, "f1-score": 0.4444444444444445, "support": 121}, "9": {"precision": 0.5071428571428571, "recall": 0.48299319727891155, "f1-score": 0.49477351916376305, "support": 147}, "10": {"precision": 0.48333333333333334, "recall": 0.6, "f1-score": 0.5353846153846153, "support": 145}, "11": {"precision": 0.6666666666666666, "recall": 0.5317919075144508, "f1-score": 0.5916398713826366, "support": 173}, "12": {"precision": 0.5343915343915344, "recall": 0.5401069518716578, "f1-score": 0.5372340425531915, "support": 187}, "13": {"precision": 0.5226130653266332, "recall": 0.5842696629213483, "f1-score": 0.5517241379310345, "support": 178}, "14": {"precision": 0.6395939086294417, "recall": 0.6494845360824743, "f1-score": 0.6445012787723785, "support": 194}, "15": {"precision": 0.6029411764705882, "recall": 0.6307692307692307, "f1-score": 0.6165413533834586, "support": 195}, "16": {"precision": 0.5628415300546448, "recall": 0.5722222222222222, "f1-score": 0.5674931129476584, "support": 180}, "17": {"precision": 0.5164835164835165, "recall": 0.5875, "f1-score": 0.5497076023391813, "support": 160}, "18": {"precision": 0.4726027397260274, "recall": 0.5149253731343284, "f1-score": 0.4928571428571429, "support": 134}, "19": {"precision": 0.5272727272727272, "recall": 0.453125, "f1-score": 0.48739495798319327, "support": 128}, "20": {"precision": 0.5633802816901409, "recall": 0.47619047619047616, "f1-score": 0.5161290322580645, "support": 84}, "21": {"precision": 0.40963855421686746, "recall": 0.5230769230769231, "f1-score": 0.45945945945945943, "support": 65}, "22": {"precision": 0.43902439024390244, "recall": 0.33962264150943394, "f1-score": 0.3829787234042553, "support": 53}, "23": {"precision": 0.5151515151515151, "recall": 0.4594594594594595, "f1-score": 0.48571428571428577, "support": 37}, "24": {"precision": 0.4, "recall": 0.38461538461538464, "f1-score": 0.39215686274509803, "support": 26}, "25": {"precision": 0.3333333333333333, "recall": 0.14285714285714285, "f1-score": 0.2, "support": 21}, "26": {"precision": 0.45454545454545453, "recall": 0.625, "f1-score": 0.5263157894736842, "support": 8}, "27": {"precision": 0.0, "recall": 0.0, "f1-score": 0.0, "support": 5}, "accuracy": 0.53125, "macro avg": {"precision": 0.47549103274420806, "recall": 0.46977453730021257, "f1-score": 0.4632617467603447, "support": 2560}, "weighted avg": {"precision": 0.5338176086795203, "recall": 0.53125, "f1-score": 0.5286399556195657, "support": 2560}}