{"0": {"precision": 0.0, "recall": 0.0, "f1-score": 0.0, "support": 20.0}, "1": {"precision": 0.4789915966386555, "recall": 0.76, "f1-score": 0.5876288659793815, "support": 75.0}, "2": {"precision": 0.6622516556291391, "recall": 0.6172839506172839, "f1-score": 0.6389776357827477, "support": 162.0}, "3": {"precision": 0.8412698412698413, "recall": 0.6115384615384616, "f1-score": 0.7082405345211581, "support": 260.0}, "4": {"precision": 0.7268722466960352, "recall": 0.8418367346938775, "f1-score": 0.7801418439716311, "support": 392.0}, "5": {"precision": 0.7661691542288557, "recall": 0.55, "f1-score": 0.6403326403326403, "support": 560.0}, "6": {"precision": 0.5147808358817533, "recall": 0.6955922865013774, "f1-score": 0.5916813122437024, "support": 726.0}, "7": {"precision": 0.5089928057553957, "recall": 0.6240352811466373, "f1-score": 0.5606736007924715, "support": 907.0}, "8": {"precision": 0.6268292682926829, "recall": 0.45933869526362825, "f1-score": 0.5301701908200103, "support": 1119.0}, "9": {"precision": 0.6454293628808865, "recall": 0.6802919708029197, "f1-score": 0.6624022743425729, "support": 1370.0}, "10": {"precision": 0.7365308804204993, "recall": 0.7190506735086594, "f1-score": 0.7276858162934113, "support": 1559.0}, "11": {"precision": 0.7931238885595732, "recall": 0.7412742382271468, "f1-score": 0.7663230240549828, "support": 1805.0}, "12": {"precision": 0.7533960292580982, "recall": 0.7537898588604286, "f1-score": 0.7535928926051736, "support": 1913.0}, "13": {"precision": 0.7814854682454252, "recall": 0.7719298245614035, "f1-score": 0.77667825621824, "support": 1881.0}, "14": {"precision": 0.8238238238238238, "recall": 0.8389398572884812, "f1-score": 0.8313131313131313, "support": 1962.0}, "15": {"precision": 0.8327645051194539, "recall": 0.7947882736156352, "f1-score": 0.8133333333333334, "support": 1842.0}, "16": {"precision": 0.7665505226480837, "recall": 0.8565072302558399, "f1-score": 0.809035986340951, "support": 1798.0}, "17": {"precision": 0.8090322580645162, "recall": 0.7567893783946892, "f1-score": 0.7820392890551918, "support": 1657.0}, "18": {"precision": 0.7263464337700145, "recall": 0.7205776173285199, "f1-score": 0.7234505255527365, "support": 1385.0}, "19": {"precision": 0.5635103926096998, "recall": 0.6256410256410256, "f1-score": 0.5929526123936817, "support": 1170.0}, "20": {"precision": 0.5875139353400223, "recall": 0.573449401523395, "f1-score": 0.580396475770925, "support": 919.0}, "21": {"precision": 0.5933075933075933, "recall": 0.6720116618075802, "f1-score": 0.6302118933697881, "support": 686.0}, "22": {"precision": 0.6455399061032864, "recall": 0.5, "f1-score": 0.5635245901639344, "support": 550.0}, "23": {"precision": 0.5398009950248757, "recall": 0.5880758807588076, "f1-score": 0.562905317769131, "support": 369.0}, "24": {"precision": 0.6585365853658537, "recall": 0.5212355212355212, "f1-score": 0.581896551724138, "support": 259.0}, "25": {"precision": 0.75, "recall": 0.514792899408284, "f1-score": 0.6105263157894737, "support": 169.0}, "26": {"precision": 0.5, "recall": 0.9402985074626866, "f1-score": 0.6528497409326425, "support": 67.0}, "27": {"precision": 1.0, "recall": 0.5555555555555556, "f1-score": 0.7142857142857143, "support": 18.0}, "accuracy": 0.7122265625, "macro avg": {"precision": 0.6654589280333595, "recall": 0.6530223137856374, "f1-score": 0.6490446559197464, "support": 25600.0}, "weighted avg": {"precision": 0.7176730915591472, "recall": 0.7122265625, "f1-score": 0.7118933046866849, "support": 25600.0}}