{"0": {"precision": 0.0, "recall": 0.0, "f1-score": 0.0, "support": 24.0}, "1": {"precision": 0.7551020408163265, "recall": 0.9367088607594937, "f1-score": 0.8361581920903955, "support": 79.0}, "2": {"precision": 0.6335877862595419, "recall": 1.0, "f1-score": 0.7757009345794392, "support": 166.0}, "3": {"precision": 0.5228758169934641, "recall": 0.6374501992031872, "f1-score": 0.5745062836624776, "support": 251.0}, "4": {"precision": 0.9395017793594306, "recall": 0.6439024390243903, "f1-score": 0.76410998552822, "support": 410.0}, "5": {"precision": 0.92573402417962, "recall": 0.969258589511754, "f1-score": 0.9469964664310955, "support": 553.0}, "6": {"precision": 0.9346314325452016, "recall": 0.9398601398601398, "f1-score": 0.9372384937238494, "support": 715.0}, "7": {"precision": 0.9581958195819582, "recall": 0.94880174291939, "f1-score": 0.9534756431308156, "support": 918.0}, "8": {"precision": 0.9904264577893821, "recall": 0.967687074829932, "f1-score": 0.9789247311827958, "support": 1176.0}, "9": {"precision": 0.9984996249062266, "recall": 0.9918032786885246, "f1-score": 0.9951401869158878, "support": 1342.0}, "10": {"precision": 0.9981331673926571, "recall": 0.9987546699875467, "f1-score": 0.9984438219732337, "support": 1606.0}, "11": {"precision": 0.9994262765347103, "recall": 0.9982808022922636, "f1-score": 0.9988532110091742, "support": 1745.0}, "12": {"precision": 0.9989626556016598, "recall": 0.9994810586403736, "f1-score": 0.9992217898832685, "support": 1927.0}, "13": {"precision": 1.0, "recall": 0.9989339019189766, "f1-score": 0.9994666666666667, "support": 1876.0}, "14": {"precision": 1.0, "recall": 0.9994916115912558, "f1-score": 0.9997457411645055, "support": 1967.0}, "15": {"precision": 0.9994591671173607, "recall": 0.9973016729627631, "f1-score": 0.9983792544570502, "support": 1853.0}, "16": {"precision": 0.9972466960352423, "recall": 0.9988968560397132, "f1-score": 0.9980710939652797, "support": 1813.0}, "17": {"precision": 0.9987616099071207, "recall": 0.9932266009852216, "f1-score": 0.9959864155603582, "support": 1624.0}, "18": {"precision": 0.9921540656205421, "recall": 1.0, "f1-score": 0.9960615825277479, "support": 1391.0}, "19": {"precision": 1.0, "recall": 0.9939393939393939, "f1-score": 0.9969604863221885, "support": 1155.0}, "20": {"precision": 0.9924892703862661, "recall": 0.9967672413793104, "f1-score": 0.9946236559139786, "support": 928.0}, "21": {"precision": 0.9955882352941177, "recall": 0.9897660818713451, "f1-score": 0.9926686217008797, "support": 684.0}, "22": {"precision": 0.9845814977973568, "recall": 0.883399209486166, "f1-score": 0.93125, "support": 506.0}, "23": {"precision": 0.835195530726257, "recall": 0.8282548476454293, "f1-score": 0.8317107093184978, "support": 361.0}, "24": {"precision": 0.7677902621722846, "recall": 0.7536764705882353, "f1-score": 0.7606679035250462, "support": 272.0}, "25": {"precision": 0.6912442396313364, "recall": 0.9493670886075949, "f1-score": 0.7999999999999999, "support": 158.0}, "26": {"precision": 0.8333333333333334, "recall": 0.49382716049382713, "f1-score": 0.6201550387596899, "support": 81.0}, "27": {"precision": 0.31666666666666665, "recall": 1.0, "f1-score": 0.4810126582278481, "support": 19.0}, "accuracy": 0.9725390625, "macro avg": {"precision": 0.8592709805945736, "recall": 0.8896013211866508, "f1-score": 0.8626974845792997, "support": 25600.0}, "weighted avg": {"precision": 0.975436788968847, "recall": 0.9725390625, "f1-score": 0.9727238064732454, "support": 25600.0}}