{"0": {"precision": 0.0, "recall": 0.0, "f1-score": 0.0, "support": 30.0}, "1": {"precision": 0.5106382978723404, "recall": 0.3157894736842105, "f1-score": 0.39024390243902435, "support": 76.0}, "2": {"precision": 0.5318352059925093, "recall": 0.9659863945578231, "f1-score": 0.6859903381642511, "support": 147.0}, "3": {"precision": 0.8697916666666666, "recall": 0.6398467432950191, "f1-score": 0.7373068432671082, "support": 261.0}, "4": {"precision": 0.7757575757575758, "recall": 0.7150837988826816, "f1-score": 0.7441860465116279, "support": 358.0}, "5": {"precision": 0.767590618336887, "recall": 0.6666666666666666, "f1-score": 0.7135777998017839, "support": 540.0}, "6": {"precision": 0.7083854818523154, "recall": 0.8179190751445087, "f1-score": 0.7592219986586184, "support": 692.0}, "7": {"precision": 0.7603864734299517, "recall": 0.811340206185567, "f1-score": 0.7850374064837906, "support": 970.0}, "8": {"precision": 0.8067510548523207, "recall": 0.816396242527754, "f1-score": 0.8115449915110357, "support": 1171.0}, "9": {"precision": 0.8040540540540541, "recall": 0.833917309039944, "f1-score": 0.8187134502923976, "support": 1427.0}, "10": {"precision": 0.8186215235792019, "recall": 0.8430884184308842, "f1-score": 0.830674846625767, "support": 1606.0}, "11": {"precision": 0.9090357792601577, "recall": 0.859025787965616, "f1-score": 0.8833235120801413, "support": 1745.0}, "12": {"precision": 0.9482182628062361, "recall": 0.9280653950953679, "f1-score": 0.9380335995593501, "support": 1835.0}, "13": {"precision": 0.9590373783922171, "recall": 0.9590373783922171, "f1-score": 0.9590373783922171, "support": 1953.0}, "14": {"precision": 0.9743169398907103, "recall": 0.9339968569931901, "f1-score": 0.9537309441027013, "support": 1909.0}, "15": {"precision": 0.9365671641791045, "recall": 0.959061135371179, "f1-score": 0.9476806903991369, "support": 1832.0}, "16": {"precision": 0.9479227618490346, "recall": 0.9183673469387755, "f1-score": 0.9329110279297438, "support": 1764.0}, "17": {"precision": 0.9008480104370515, "recall": 0.8818646232439336, "f1-score": 0.8912552436269765, "support": 1566.0}, "18": {"precision": 0.8584070796460177, "recall": 0.7994505494505495, "f1-score": 0.8278805120910384, "support": 1456.0}, "19": {"precision": 0.7425057647963106, "recall": 0.7759036144578313, "f1-score": 0.7588373919874312, "support": 1245.0}, "20": {"precision": 0.6638013371537727, "recall": 0.7570806100217865, "f1-score": 0.707379134860051, "support": 918.0}, "21": {"precision": 0.7415254237288136, "recall": 0.7056451612903226, "f1-score": 0.7231404958677687, "support": 744.0}, "22": {"precision": 0.6673773987206824, "recall": 0.6480331262939959, "f1-score": 0.657563025210084, "support": 483.0}, "23": {"precision": 0.5070422535211268, "recall": 0.5013927576601671, "f1-score": 0.5042016806722689, "support": 359.0}, "24": {"precision": 0.4749034749034749, "recall": 0.5020408163265306, "f1-score": 0.48809523809523814, "support": 245.0}, "25": {"precision": 0.5555555555555556, "recall": 0.7861635220125787, "f1-score": 0.6510416666666667, "support": 159.0}, "26": {"precision": 0.5, "recall": 0.19230769230769232, "f1-score": 0.2777777777777778, "support": 78.0}, "27": {"precision": 0.6304347826086957, "recall": 0.9354838709677419, "f1-score": 0.7532467532467533, "support": 31.0}, "accuracy": 0.8419140625, "macro avg": {"precision": 0.7239754042800994, "recall": 0.731034091900162, "f1-score": 0.7189869177257411, "support": 25600.0}, "weighted avg": {"precision": 0.8449842494772555, "recall": 0.8419140625, "f1-score": 0.841889919004219, "support": 25600.0}}