{"0": {"precision": 0.0, "recall": 0.0, "f1-score": 0.0, "support": 21.0}, "1": {"precision": 0.8, "recall": 1.0, "f1-score": 0.888888888888889, "support": 84.0}, "2": {"precision": 0.673992673992674, "recall": 1.0, "f1-score": 0.8052516411378556, "support": 184.0}, "3": {"precision": 0.7480916030534351, "recall": 0.6877192982456141, "f1-score": 0.716636197440585, "support": 285.0}, "4": {"precision": 1.0, "recall": 0.8267716535433071, "f1-score": 0.9051724137931035, "support": 381.0}, "5": {"precision": 0.946917808219178, "recall": 1.0, "f1-score": 0.9727352682497801, "support": 553.0}, "6": {"precision": 0.9390088945362135, "recall": 0.9597402597402598, "f1-score": 0.9492614001284522, "support": 770.0}, "7": {"precision": 0.9800420168067226, "recall": 0.9510703363914373, "f1-score": 0.9653388515261252, "support": 981.0}, "8": {"precision": 0.9885260370697264, "recall": 0.9833187006145742, "f1-score": 0.9859154929577464, "support": 1139.0}, "9": {"precision": 0.9963503649635036, "recall": 0.9905660377358491, "f1-score": 0.9934497816593887, "support": 1378.0}, "10": {"precision": 1.0, "recall": 0.9967886962106616, "f1-score": 0.9983917658411064, "support": 1557.0}, "11": {"precision": 1.0, "recall": 1.0, "f1-score": 1.0, "support": 1726.0}, "12": {"precision": 1.0, "recall": 1.0, "f1-score": 1.0, "support": 1883.0}, "13": {"precision": 1.0, "recall": 1.0, "f1-score": 1.0, "support": 1913.0}, "14": {"precision": 1.0, "recall": 1.0, "f1-score": 1.0, "support": 1943.0}, "15": {"precision": 1.0, "recall": 1.0, "f1-score": 1.0, "support": 1887.0}, "16": {"precision": 1.0, "recall": 1.0, "f1-score": 1.0, "support": 1768.0}, "17": {"precision": 1.0, "recall": 1.0, "f1-score": 1.0, "support": 1549.0}, "18": {"precision": 1.0, "recall": 1.0, "f1-score": 1.0, "support": 1404.0}, "19": {"precision": 1.0, "recall": 0.9912280701754386, "f1-score": 0.9955947136563876, "support": 1140.0}, "20": {"precision": 0.9893842887473461, "recall": 0.9946638207043756, "f1-score": 0.9920170303352848, "support": 937.0}, "21": {"precision": 0.9927641099855282, "recall": 0.9689265536723164, "f1-score": 0.9807005003573981, "support": 708.0}, "22": {"precision": 0.9471153846153846, "recall": 0.7476280834914611, "f1-score": 0.8356309650053023, "support": 527.0}, "23": {"precision": 0.6376021798365122, "recall": 0.5954198473282443, "f1-score": 0.6157894736842106, "support": 393.0}, "24": {"precision": 0.40892193308550184, "recall": 0.44176706827309237, "f1-score": 0.42471042471042475, "support": 249.0}, "25": {"precision": 0.38495575221238937, "recall": 0.5612903225806452, "f1-score": 0.45669291338582674, "support": 155.0}, "26": {"precision": 0.18072289156626506, "recall": 0.2542372881355932, "f1-score": 0.21126760563380279, "support": 59.0}, "27": {"precision": 0.37142857142857144, "recall": 1.0, "f1-score": 0.5416666666666666, "support": 26.0}, "accuracy": 0.9659375, "macro avg": {"precision": 0.8209223039328197, "recall": 0.8553977156015309, "f1-score": 0.8298254283949408, "support": 25600.0}, "weighted avg": {"precision": 0.9696825532202082, "recall": 0.9659375, "f1-score": 0.9668565969033065, "support": 25600.0}}