{"0": {"precision": 0.020833333333333332, "recall": 0.043478260869565216, "f1-score": 0.028169014084507043, "support": 23.0}, "1": {"precision": 0.041935483870967745, "recall": 0.17333333333333334, "f1-score": 0.06753246753246754, "support": 75.0}, "2": {"precision": 0.056451612903225805, "recall": 0.1390728476821192, "f1-score": 0.08030592734225621, "support": 151.0}, "3": {"precision": 0.09391304347826086, "recall": 0.21774193548387097, "f1-score": 0.13122721749696234, "support": 248.0}, "4": {"precision": 0.12779552715654952, "recall": 0.10178117048346055, "f1-score": 0.11331444759206798, "support": 393.0}, "5": {"precision": 0.08426073131955485, "recall": 0.10311284046692606, "f1-score": 0.09273840769903761, "support": 514.0}, "6": {"precision": 0.12262773722627737, "recall": 0.12244897959183673, "f1-score": 0.12253829321663019, "support": 686.0}, "7": {"precision": 0.12832699619771862, "recall": 0.14195583596214512, "f1-score": 0.13479780329505742, "support": 951.0}, "8": {"precision": 0.11666666666666667, "recall": 0.11645101663585952, "f1-score": 0.11655874190564293, "support": 1082.0}, "9": {"precision": 0.13513513513513514, "recall": 0.09957325746799431, "f1-score": 0.11466011466011466, "support": 1406.0}, "10": {"precision": 0.1264559068219634, "recall": 0.09831824062095731, "f1-score": 0.11062590975254731, "support": 1546.0}, "11": {"precision": 0.13402061855670103, "recall": 0.08289855072463768, "f1-score": 0.1024355300859599, "support": 1725.0}, "12": {"precision": 0.12015209125475285, "recall": 0.0861974904528096, "f1-score": 0.10038119440914865, "support": 1833.0}, "13": {"precision": 0.1251303441084463, "recall": 0.12526096033402923, "f1-score": 0.12519561815336464, "support": 1916.0}, "14": {"precision": 0.1288527397260274, "recall": 0.15563598759048605, "f1-score": 0.14098360655737707, "support": 1934.0}, "15": {"precision": 0.09991460290350128, "recall": 0.12168486739469579, "f1-score": 0.10973036342321218, "support": 1923.0}, "16": {"precision": 0.12227295788939624, "recall": 0.1343366778149387, "f1-score": 0.12802124833997341, "support": 1794.0}, "17": {"precision": 0.11691670977754785, "recall": 0.13805742211362249, "f1-score": 0.12661064425770308, "support": 1637.0}, "18": {"precision": 0.10006715916722633, "recall": 0.10275862068965518, "f1-score": 0.10139503232391972, "support": 1450.0}, "19": {"precision": 0.12020905923344948, "recall": 0.12244897959183673, "f1-score": 0.12131868131868132, "support": 1127.0}, "20": {"precision": 0.109717868338558, "recall": 0.07838745800671892, "f1-score": 0.09144350097975179, "support": 893.0}, "21": {"precision": 0.09453781512605042, "recall": 0.059602649006622516, "f1-score": 0.07311129163281885, "support": 755.0}, "22": {"precision": 0.12032085561497326, "recall": 0.07588532883642496, "f1-score": 0.09307135470527404, "support": 593.0}, "23": {"precision": 0.1392931392931393, "recall": 0.1642156862745098, "f1-score": 0.15073115860517436, "support": 408.0}, "24": {"precision": 0.09417040358744394, "recall": 0.07749077490774908, "f1-score": 0.08502024291497977, "support": 271.0}, "25": {"precision": 0.1437908496732026, "recall": 0.14473684210526316, "f1-score": 0.1442622950819672, "support": 152.0}, "26": {"precision": 0.09736842105263158, "recall": 0.42528735632183906, "f1-score": 0.158458244111349, "support": 87.0}, "27": {"precision": 0.05555555555555555, "recall": 0.1111111111111111, "f1-score": 0.07407407407407407, "support": 27.0}, "accuracy": 0.1155859375, "macro avg": {"precision": 0.10631047732029489, "recall": 0.12725944578125067, "f1-score": 0.108525443769715, "support": 25600.0}, "weighted avg": {"precision": 0.11818696083928171, "recall": 0.1155859375, "f1-score": 0.11454785253214528, "support": 25600.0}}