{"0": {"precision": 0.0, "recall": 0.0, "f1-score": 0.0, "support": 13.0}, "1": {"precision": 0.8555555555555555, "recall": 1.0, "f1-score": 0.9221556886227544, "support": 77.0}, "2": {"precision": 0.5412186379928315, "recall": 1.0, "f1-score": 0.7023255813953488, "support": 151.0}, "3": {"precision": 0.5813953488372093, "recall": 0.43859649122807015, "f1-score": 0.5, "support": 228.0}, "4": {"precision": 0.9562289562289562, "recall": 0.797752808988764, "f1-score": 0.8698315467075038, "support": 356.0}, "5": {"precision": 0.9825242718446602, "recall": 0.9749518304431599, "f1-score": 0.9787234042553191, "support": 519.0}, "6": {"precision": 0.9549295774647887, "recall": 0.9868995633187773, "f1-score": 0.9706513958482462, "support": 687.0}, "7": {"precision": 0.9808306709265175, "recall": 0.9664218258132214, "f1-score": 0.9735729386892178, "support": 953.0}, "8": {"precision": 0.9923664122137404, "recall": 0.9848484848484849, "f1-score": 0.9885931558935361, "support": 1188.0}, "9": {"precision": 0.9985845718329794, "recall": 0.9936619718309859, "f1-score": 0.9961171902576773, "support": 1420.0}, "10": {"precision": 0.9981203007518797, "recall": 0.9987460815047022, "f1-score": 0.9984330930742714, "support": 1595.0}, "11": {"precision": 0.9977259806708357, "recall": 0.9982935153583617, "f1-score": 0.9980096673301109, "support": 1758.0}, "12": {"precision": 1.0, "recall": 0.9979068550497122, "f1-score": 0.9989523310633839, "support": 1911.0}, "13": {"precision": 1.0, "recall": 1.0, "f1-score": 1.0, "support": 1940.0}, "14": {"precision": 1.0, "recall": 1.0, "f1-score": 1.0, "support": 1994.0}, "15": {"precision": 1.0, "recall": 1.0, "f1-score": 1.0, "support": 1835.0}, "16": {"precision": 1.0, "recall": 1.0, "f1-score": 1.0, "support": 1822.0}, "17": {"precision": 1.0, "recall": 1.0, "f1-score": 1.0, "support": 1551.0}, "18": {"precision": 1.0, "recall": 1.0, "f1-score": 1.0, "support": 1407.0}, "19": {"precision": 1.0, "recall": 0.9964381121994658, "f1-score": 0.9982158786797503, "support": 1123.0}, "20": {"precision": 0.9956043956043956, "recall": 0.985854189336235, "f1-score": 0.9907053034445052, "support": 919.0}, "21": {"precision": 0.9805970149253731, "recall": 0.9201680672268907, "f1-score": 0.949421965317919, "support": 714.0}, "22": {"precision": 0.8855421686746988, "recall": 0.786096256684492, "f1-score": 0.8328611898016998, "support": 561.0}, "23": {"precision": 0.6396396396396397, "recall": 0.6191860465116279, "f1-score": 0.6292466765140324, "support": 344.0}, "24": {"precision": 0.4449152542372881, "recall": 0.430327868852459, "f1-score": 0.43750000000000006, "support": 244.0}, "25": {"precision": 0.45703125, "recall": 0.6842105263157895, "f1-score": 0.5480093676814989, "support": 171.0}, "26": {"precision": 0.25, "recall": 0.1978021978021978, "f1-score": 0.22085889570552147, "support": 91.0}, "27": {"precision": 0.27722772277227725, "recall": 1.0, "f1-score": 0.434108527131783, "support": 28.0}, "accuracy": 0.965078125, "macro avg": {"precision": 0.8132156332204866, "recall": 0.8485058104754785, "f1-score": 0.8192247784790743, "support": 25600.0}, "weighted avg": {"precision": 0.9686077059608712, "recall": 0.965078125, "f1-score": 0.9657426790476878, "support": 25600.0}}