{"0": {"precision": 0.0, "recall": 0.0, "f1-score": 0.0, "support": 24.0}, "1": {"precision": 0.6625, "recall": 0.6883116883116883, "f1-score": 0.6751592356687898, "support": 77.0}, "2": {"precision": 0.6912442396313364, "recall": 0.9803921568627451, "f1-score": 0.8108108108108109, "support": 153.0}, "3": {"precision": 0.7828947368421053, "recall": 0.8469750889679716, "f1-score": 0.8136752136752137, "support": 281.0}, "4": {"precision": 0.9902597402597403, "recall": 0.8221024258760108, "f1-score": 0.8983799705449189, "support": 371.0}, "5": {"precision": 0.9871323529411765, "recall": 0.9944444444444445, "f1-score": 0.9907749077490774, "support": 540.0}, "6": {"precision": 0.9750367107195301, "recall": 0.9895678092399404, "f1-score": 0.9822485207100592, "support": 671.0}, "7": {"precision": 0.9717391304347827, "recall": 0.9813391877058177, "f1-score": 0.9765155652648826, "support": 911.0}, "8": {"precision": 0.9940828402366864, "recall": 0.978369384359401, "f1-score": 0.9861635220125786, "support": 1202.0}, "9": {"precision": 0.9978308026030369, "recall": 0.9949531362653208, "f1-score": 0.9963898916967509, "support": 1387.0}, "10": {"precision": 0.9975108898568762, "recall": 0.99813200498132, "f1-score": 0.9978213507625273, "support": 1606.0}, "11": {"precision": 0.9972329828444937, "recall": 0.9977851605758582, "f1-score": 0.9975089952947689, "support": 1806.0}, "12": {"precision": 1.0, "recall": 0.9973725696269049, "f1-score": 0.9986845566956064, "support": 1903.0}, "13": {"precision": 1.0, "recall": 1.0, "f1-score": 1.0, "support": 1918.0}, "14": {"precision": 1.0, "recall": 1.0, "f1-score": 1.0, "support": 1840.0}, "15": {"precision": 1.0, "recall": 1.0, "f1-score": 1.0, "support": 1789.0}, "16": {"precision": 1.0, "recall": 0.9994444444444445, "f1-score": 0.999722145040289, "support": 1800.0}, "17": {"precision": 0.999383096853794, "recall": 0.995085995085995, "f1-score": 0.997229916897507, "support": 1628.0}, "18": {"precision": 0.9941002949852508, "recall": 0.9992587101556709, "f1-score": 0.9966728280961183, "support": 1349.0}, "19": {"precision": 0.9991850040749797, "recall": 0.9959382615759546, "f1-score": 0.997558991049634, "support": 1231.0}, "20": {"precision": 0.9944444444444445, "recall": 0.9944444444444445, "f1-score": 0.9944444444444445, "support": 900.0}, "21": {"precision": 0.9933422103861518, "recall": 0.9688311688311688, "f1-score": 0.9809335963182116, "support": 770.0}, "22": {"precision": 0.941031941031941, "recall": 0.746588693957115, "f1-score": 0.832608695652174, "support": 513.0}, "23": {"precision": 0.6514745308310992, "recall": 0.6136363636363636, "f1-score": 0.6319895968790638, "support": 396.0}, "24": {"precision": 0.49169435215946844, "recall": 0.5, "f1-score": 0.49581239530988275, "support": 296.0}, "25": {"precision": 0.43609022556390975, "recall": 0.7945205479452054, "f1-score": 0.5631067961165048, "support": 146.0}, "26": {"precision": 0.42, "recall": 0.2876712328767123, "f1-score": 0.34146341463414637, "support": 73.0}, "27": {"precision": 0.2714285714285714, "recall": 1.0, "f1-score": 0.42696629213483145, "support": 19.0}, "accuracy": 0.9691796875, "macro avg": {"precision": 0.8299871106474777, "recall": 0.8630416042918034, "f1-score": 0.8350943447663853, "support": 25600.0}, "weighted avg": {"precision": 0.9723539306084303, "recall": 0.9691796875, "f1-score": 0.9697570888922519, "support": 25600.0}}