{"0": {"precision": 0.0, "recall": 0.0, "f1-score": 0.0, "support": 29.0}, "1": {"precision": 0.5673076923076923, "recall": 0.8939393939393939, "f1-score": 0.6941176470588236, "support": 66.0}, "2": {"precision": 0.875, "recall": 0.8344370860927153, "f1-score": 0.8542372881355932, "support": 151.0}, "3": {"precision": 0.7430555555555556, "recall": 0.9469026548672567, "f1-score": 0.8326848249027237, "support": 226.0}, "4": {"precision": 0.9838709677419355, "recall": 0.8433179723502304, "f1-score": 0.9081885856079405, "support": 434.0}, "5": {"precision": 0.9545454545454546, "recall": 0.9909255898366606, "f1-score": 0.9723953695458591, "support": 551.0}, "6": {"precision": 0.9476584022038568, "recall": 0.9676511954992968, "f1-score": 0.9575504523312457, "support": 711.0}, "7": {"precision": 0.9540229885057471, "recall": 0.956221198156682, "f1-score": 0.9551208285385501, "support": 868.0}, "8": {"precision": 0.981203007518797, "recall": 0.9630996309963099, "f1-score": 0.9720670391061451, "support": 1084.0}, "9": {"precision": 0.9835698282300224, "recall": 0.984304932735426, "f1-score": 0.9839372431826672, "support": 1338.0}, "10": {"precision": 0.9863013698630136, "recall": 0.9863013698630136, "f1-score": 0.9863013698630136, "support": 1606.0}, "11": {"precision": 0.975883342680875, "recall": 0.9880749574105622, "f1-score": 0.981941309255079, "support": 1761.0}, "12": {"precision": 0.9953512396694215, "recall": 0.9781725888324873, "f1-score": 0.9866871479774706, "support": 1970.0}, "13": {"precision": 0.9941551540913921, "recall": 0.9952127659574468, "f1-score": 0.9946836788942052, "support": 1880.0}, "14": {"precision": 0.9978791092258749, "recall": 0.99418911780243, "f1-score": 0.99603069595131, "support": 1893.0}, "15": {"precision": 0.9979705733130391, "recall": 0.9979705733130391, "f1-score": 0.9979705733130391, "support": 1971.0}, "16": {"precision": 0.9994256174612292, "recall": 0.9959931310818546, "f1-score": 0.9977064220183486, "support": 1747.0}, "17": {"precision": 0.9975232198142415, "recall": 0.9975232198142415, "f1-score": 0.9975232198142415, "support": 1615.0}, "18": {"precision": 0.9979852249832102, "recall": 0.9893475366178429, "f1-score": 0.9936476094951521, "support": 1502.0}, "19": {"precision": 0.9871134020618557, "recall": 0.9679865206402696, "f1-score": 0.9774564015312633, "support": 1187.0}, "20": {"precision": 0.9571428571428572, "recall": 0.9720982142857143, "f1-score": 0.964562569213732, "support": 896.0}, "21": {"precision": 0.9613259668508287, "recall": 0.9495225102319236, "f1-score": 0.9553877831159918, "support": 733.0}, "22": {"precision": 0.9194630872483222, "recall": 0.8253012048192772, "f1-score": 0.8698412698412697, "support": 498.0}, "23": {"precision": 0.7754010695187166, "recall": 0.8192090395480226, "f1-score": 0.7967032967032968, "support": 354.0}, "24": {"precision": 0.7617328519855595, "recall": 0.82421875, "f1-score": 0.7917448405253283, "support": 256.0}, "25": {"precision": 0.7441860465116279, "recall": 0.9467455621301775, "f1-score": 0.8333333333333333, "support": 169.0}, "26": {"precision": 0.8292682926829268, "recall": 0.44155844155844154, "f1-score": 0.576271186440678, "support": 77.0}, "27": {"precision": 0.45, "recall": 1.0, "f1-score": 0.6206896551724138, "support": 27.0}, "accuracy": 0.9705859375, "macro avg": {"precision": 0.868512225775502, "recall": 0.894650898513597, "f1-score": 0.8731707728881684, "support": 25600.0}, "weighted avg": {"precision": 0.9718525210634351, "recall": 0.9705859375, "f1-score": 0.9704528547729458, "support": 25600.0}}