{"0": {"precision": 0.0, "recall": 0.0, "f1-score": 0.0, "support": 22.0}, "1": {"precision": 0.6, "recall": 0.639344262295082, "f1-score": 0.619047619047619, "support": 61.0}, "2": {"precision": 0.6467889908256881, "recall": 0.9463087248322147, "f1-score": 0.768392370572207, "support": 149.0}, "3": {"precision": 0.8008298755186722, "recall": 0.7174721189591078, "f1-score": 0.7568627450980392, "support": 269.0}, "4": {"precision": 0.7630853994490359, "recall": 0.8123167155425219, "f1-score": 0.7869318181818181, "support": 341.0}, "5": {"precision": 0.7888307155322862, "recall": 0.7847222222222222, "f1-score": 0.7867711053089642, "support": 576.0}, "6": {"precision": 0.7128834355828221, "recall": 0.7991746905089409, "f1-score": 0.7535667963683528, "support": 727.0}, "7": {"precision": 0.7621681415929203, "recall": 0.7865296803652968, "f1-score": 0.7741573033707865, "support": 876.0}, "8": {"precision": 0.7813953488372093, "recall": 0.8520710059171598, "f1-score": 0.81520420541852, "support": 1183.0}, "9": {"precision": 0.8381901840490797, "recall": 0.7966472303206997, "f1-score": 0.8168908819133035, "support": 1372.0}, "10": {"precision": 0.8780645161290322, "recall": 0.8663271801400382, "f1-score": 0.8721563601409804, "support": 1571.0}, "11": {"precision": 0.9329017068864037, "recall": 0.8970005659309565, "f1-score": 0.914598961338719, "support": 1767.0}, "12": {"precision": 0.9809471965160588, "recall": 0.9414838035527691, "f1-score": 0.9608104505465209, "support": 1914.0}, "13": {"precision": 0.9889563776918829, "recall": 0.9760217983651226, "f1-score": 0.9824465167306637, "support": 1835.0}, "14": {"precision": 0.9898167006109979, "recall": 0.9888097660223805, "f1-score": 0.9893129770992366, "support": 1966.0}, "15": {"precision": 0.9929078014184397, "recall": 0.9859154929577465, "f1-score": 0.9893992932862191, "support": 1846.0}, "16": {"precision": 0.9876612450925406, "recall": 0.981058495821727, "f1-score": 0.9843487982112912, "support": 1795.0}, "17": {"precision": 0.9776609724047306, "recall": 0.9393939393939394, "f1-score": 0.9581455247907276, "support": 1584.0}, "18": {"precision": 0.9285165257494236, "recall": 0.8567375886524823, "f1-score": 0.8911840649206936, "support": 1410.0}, "19": {"precision": 0.8336177474402731, "recall": 0.7969004893964111, "f1-score": 0.8148457047539617, "support": 1226.0}, "20": {"precision": 0.7756756756756756, "recall": 0.9358695652173913, "f1-score": 0.8482758620689654, "support": 920.0}, "21": {"precision": 0.9219380888290714, "recall": 0.8989501312335958, "f1-score": 0.9102990033222591, "support": 762.0}, "22": {"precision": 0.8248175182481752, "recall": 0.8401486988847584, "f1-score": 0.8324125230202578, "support": 538.0}, "23": {"precision": 0.7035294117647058, "recall": 0.7973333333333333, "f1-score": 0.7474999999999999, "support": 375.0}, "24": {"precision": 0.7442922374429224, "recall": 0.659919028340081, "f1-score": 0.6995708154506438, "support": 247.0}, "25": {"precision": 0.6244131455399061, "recall": 0.8109756097560976, "f1-score": 0.7055702917771884, "support": 164.0}, "26": {"precision": 0.45652173913043476, "recall": 0.27631578947368424, "f1-score": 0.3442622950819672, "support": 76.0}, "27": {"precision": 0.5098039215686274, "recall": 0.9285714285714286, "f1-score": 0.6582278481012658, "support": 28.0}, "accuracy": 0.892578125, "macro avg": {"precision": 0.7766505221259649, "recall": 0.8040114055716854, "f1-score": 0.7850425762828991, "support": 25600.0}, "weighted avg": {"precision": 0.8958569162990322, "recall": 0.892578125, "f1-score": 0.8931049189943978, "support": 25600.0}}