{"0": {"precision": 0.0, "recall": 0.0, "f1-score": 0.0, "support": 31.0}, "1": {"precision": 0.35714285714285715, "recall": 0.6493506493506493, "f1-score": 0.46082949308755755, "support": 77.0}, "2": {"precision": 0.4496124031007752, "recall": 0.7073170731707317, "f1-score": 0.5497630331753555, "support": 164.0}, "3": {"precision": 0.5955555555555555, "recall": 0.536, "f1-score": 0.5642105263157895, "support": 250.0}, "4": {"precision": 0.6076923076923076, "recall": 0.4514285714285714, "f1-score": 0.5180327868852459, "support": 350.0}, "5": {"precision": 0.5422138836772983, "recall": 0.5711462450592886, "f1-score": 0.5563041385948028, "support": 506.0}, "6": {"precision": 0.4314789687924016, "recall": 0.4380165289256198, "f1-score": 0.43472317156527684, "support": 726.0}, "7": {"precision": 0.35138121546961326, "recall": 0.33938100320170755, "f1-score": 0.34527687296416937, "support": 937.0}, "8": {"precision": 0.3838509316770186, "recall": 0.26208651399491095, "f1-score": 0.311491935483871, "support": 1179.0}, "9": {"precision": 0.4331296673455533, "recall": 0.4603174603174603, "f1-score": 0.4463098985659322, "support": 1386.0}, "10": {"precision": 0.4112490869247626, "recall": 0.3556538218572331, "f1-score": 0.3814363143631436, "support": 1583.0}, "11": {"precision": 0.5178416013925152, "recall": 0.3376844494892168, "f1-score": 0.40879422878735827, "support": 1762.0}, "12": {"precision": 0.3880952380952381, "recall": 0.5280777537796977, "f1-score": 0.44739249771271733, "support": 1852.0}, "13": {"precision": 0.6027178257394085, "recall": 0.3955928646379853, "f1-score": 0.477668672790624, "support": 1906.0}, "14": {"precision": 0.49407114624505927, "recall": 0.5841121495327103, "f1-score": 0.5353319057815846, "support": 1926.0}, "15": {"precision": 0.36048468529114774, "recall": 0.57829373650108, "f1-score": 0.444121915820029, "support": 1852.0}, "16": {"precision": 0.5844240837696335, "recall": 0.5152914021927294, "f1-score": 0.5476847592762956, "support": 1733.0}, "17": {"precision": 0.5415456130156886, "recall": 0.5434402332361516, "f1-score": 0.5424912689173458, "support": 1715.0}, "18": {"precision": 0.437625083388926, "recall": 0.49212303075768943, "f1-score": 0.4632768361581921, "support": 1333.0}, "19": {"precision": 0.36054421768707484, "recall": 0.3141405588484335, "f1-score": 0.3357466063348416, "support": 1181.0}, "20": {"precision": 0.296998420221169, "recall": 0.3991507430997877, "f1-score": 0.34057971014492755, "support": 942.0}, "21": {"precision": 0.3958333333333333, "recall": 0.20540540540540542, "f1-score": 0.27046263345195726, "support": 740.0}, "22": {"precision": 0.3883677298311445, "recall": 0.370304114490161, "f1-score": 0.37912087912087916, "support": 559.0}, "23": {"precision": 0.319634703196347, "recall": 0.17766497461928935, "f1-score": 0.22838499184339317, "support": 394.0}, "24": {"precision": 0.3391304347826087, "recall": 0.4642857142857143, "f1-score": 0.3919597989949749, "support": 252.0}, "25": {"precision": 0.41353383458646614, "recall": 0.3254437869822485, "f1-score": 0.3642384105960264, "support": 169.0}, "26": {"precision": 0.3235294117647059, "recall": 0.3055555555555556, "f1-score": 0.31428571428571433, "support": 72.0}, "27": {"precision": 0.0, "recall": 0.0, "f1-score": 0.0, "support": 23.0}, "accuracy": 0.4401171875, "macro avg": {"precision": 0.4045601514185218, "recall": 0.4038308693114296, "f1-score": 0.3949971071792145, "support": 25600.0}, "weighted avg": {"precision": 0.45030503202731276, "recall": 0.4401171875, "f1-score": 0.4363500363158706, "support": 25600.0}}