{"0": {"precision": 0.0, "recall": 0.0, "f1-score": 0.0, "support": 23.0}, "1": {"precision": 0.7745098039215687, "recall": 1.0, "f1-score": 0.8729281767955802, "support": 79.0}, "2": {"precision": 0.4308176100628931, "recall": 1.0, "f1-score": 0.6021978021978022, "support": 137.0}, "3": {"precision": 0.3274336283185841, "recall": 0.2901960784313726, "f1-score": 0.3076923076923077, "support": 255.0}, "4": {"precision": 0.9632352941176471, "recall": 0.6328502415458938, "f1-score": 0.7638483965014577, "support": 414.0}, "5": {"precision": 0.9228130360205832, "recall": 0.9817518248175182, "f1-score": 0.9513704686118478, "support": 548.0}, "6": {"precision": 0.9526462395543176, "recall": 0.9382716049382716, "f1-score": 0.9454042847270214, "support": 729.0}, "7": {"precision": 0.9576271186440678, "recall": 0.9637526652452025, "f1-score": 0.9606801275239107, "support": 938.0}, "8": {"precision": 0.9891500904159132, "recall": 0.9647266313932981, "f1-score": 0.9767857142857144, "support": 1134.0}, "9": {"precision": 0.9951489951489951, "recall": 0.9917127071823204, "f1-score": 0.9934278796264269, "support": 1448.0}, "10": {"precision": 0.9987341772151899, "recall": 0.9955835962145111, "f1-score": 0.9971563981042655, "support": 1585.0}, "11": {"precision": 0.9982486865148862, "recall": 0.9988317757009346, "f1-score": 0.9985401459854015, "support": 1712.0}, "12": {"precision": 0.9984366857738406, "recall": 0.9984366857738406, "f1-score": 0.9984366857738406, "support": 1919.0}, "13": {"precision": 1.0, "recall": 0.9984059511158342, "f1-score": 0.9992023398032439, "support": 1882.0}, "14": {"precision": 1.0, "recall": 1.0, "f1-score": 1.0, "support": 1941.0}, "15": {"precision": 1.0, "recall": 1.0, "f1-score": 1.0, "support": 1904.0}, "16": {"precision": 1.0, "recall": 1.0, "f1-score": 1.0, "support": 1804.0}, "17": {"precision": 1.0, "recall": 0.9926244622003688, "f1-score": 0.9962985811227637, "support": 1627.0}, "18": {"precision": 0.9911699779249448, "recall": 0.9911699779249448, "f1-score": 0.9911699779249448, "support": 1359.0}, "19": {"precision": 0.9888268156424581, "recall": 0.9770009199632015, "f1-score": 0.9828782970846831, "support": 1087.0}, "20": {"precision": 0.9719730941704036, "recall": 0.9633333333333334, "f1-score": 0.9676339285714285, "support": 900.0}, "21": {"precision": 0.9548563611491108, "recall": 0.9680998613037448, "f1-score": 0.9614325068870524, "support": 721.0}, "22": {"precision": 0.9495614035087719, "recall": 0.8123827392120075, "f1-score": 0.8756319514661275, "support": 533.0}, "23": {"precision": 0.7409326424870466, "recall": 0.7333333333333333, "f1-score": 0.7371134020618555, "support": 390.0}, "24": {"precision": 0.6104868913857678, "recall": 0.5905797101449275, "f1-score": 0.6003683241252302, "support": 276.0}, "25": {"precision": 0.5170940170940171, "recall": 0.7515527950310559, "f1-score": 0.6126582278481013, "support": 161.0}, "26": {"precision": 0.3968253968253968, "recall": 0.36231884057971014, "f1-score": 0.3787878787878788, "support": 69.0}, "27": {"precision": 0.352112676056338, "recall": 1.0, "f1-score": 0.5208333333333333, "support": 25.0}, "accuracy": 0.960234375, "macro avg": {"precision": 0.813665737212598, "recall": 0.8534612762637722, "f1-score": 0.8211598977443649, "support": 25600.0}, "weighted avg": {"precision": 0.9647530371049275, "recall": 0.960234375, "f1-score": 0.9608433458296821, "support": 25600.0}}