{"0": {"precision": 0.0, "recall": 0.0, "f1-score": 0.0, "support": 33.0}, "1": {"precision": 0.3459715639810427, "recall": 0.948051948051948, "f1-score": 0.5069444444444444, "support": 77.0}, "2": {"precision": 0.55, "recall": 0.21428571428571427, "f1-score": 0.308411214953271, "support": 154.0}, "3": {"precision": 0.6376811594202898, "recall": 0.859375, "f1-score": 0.7321131447587353, "support": 256.0}, "4": {"precision": 0.705685618729097, "recall": 0.5567282321899736, "f1-score": 0.6224188790560471, "support": 379.0}, "5": {"precision": 0.7197802197802198, "recall": 0.51171875, "f1-score": 0.5981735159817351, "support": 512.0}, "6": {"precision": 0.5619524405506884, "recall": 0.6359773371104815, "f1-score": 0.5966777408637874, "support": 706.0}, "7": {"precision": 0.515640766902119, "recall": 0.5665188470066519, "f1-score": 0.5398837823560486, "support": 902.0}, "8": {"precision": 0.529039070749736, "recall": 0.43041237113402064, "f1-score": 0.47465656087162483, "support": 1164.0}, "9": {"precision": 0.5337118523775728, "recall": 0.5489051094890511, "f1-score": 0.5412018711766823, "support": 1370.0}, "10": {"precision": 0.5401606425702812, "recall": 0.4993811881188119, "f1-score": 0.5189710610932475, "support": 1616.0}, "11": {"precision": 0.6043206367254121, "recall": 0.579291553133515, "f1-score": 0.5915414579855315, "support": 1835.0}, "12": {"precision": 0.5112186537615486, "recall": 0.6267529665587918, "f1-score": 0.563120911073419, "support": 1854.0}, "13": {"precision": 0.7144959529065489, "recall": 0.5089098532494759, "f1-score": 0.5944291398836854, "support": 1908.0}, "14": {"precision": 0.6296468401486989, "recall": 0.6888662938485003, "f1-score": 0.657926681233309, "support": 1967.0}, "15": {"precision": 0.5830931796349664, "recall": 0.6870401810979061, "f1-score": 0.6308131982333075, "support": 1767.0}, "16": {"precision": 0.6148312119535141, "recall": 0.6276836158192091, "f1-score": 0.6211909421302768, "support": 1770.0}, "17": {"precision": 0.5937334041423261, "recall": 0.65, "f1-score": 0.6205939494865391, "support": 1720.0}, "18": {"precision": 0.5503568596352102, "recall": 0.4802768166089965, "f1-score": 0.5129342202512933, "support": 1445.0}, "19": {"precision": 0.4475476839237057, "recall": 0.5819309123117803, "f1-score": 0.5059684251058914, "support": 1129.0}, "20": {"precision": 0.5278745644599303, "recall": 0.3362930077691454, "f1-score": 0.41084745762711866, "support": 901.0}, "21": {"precision": 0.4774193548387097, "recall": 0.5218617771509168, "f1-score": 0.49865229110512127, "support": 709.0}, "22": {"precision": 0.5277207392197125, "recall": 0.4564831261101243, "f1-score": 0.4895238095238095, "support": 563.0}, "23": {"precision": 0.5141242937853108, "recall": 0.47643979057591623, "f1-score": 0.4945652173913044, "support": 382.0}, "24": {"precision": 0.5739644970414202, "recall": 0.4511627906976744, "f1-score": 0.5052083333333333, "support": 215.0}, "25": {"precision": 0.671875, "recall": 0.5308641975308642, "f1-score": 0.593103448275862, "support": 162.0}, "26": {"precision": 0.41739130434782606, "recall": 0.64, "f1-score": 0.5052631578947369, "support": 75.0}, "27": {"precision": 0.5714285714285714, "recall": 0.6896551724137931, "f1-score": 0.625, "support": 29.0}, "accuracy": 0.5674609375, "macro avg": {"precision": 0.541809502964802, "recall": 0.5466023768665451, "f1-score": 0.5307191020032201, "support": 25600.0}, "weighted avg": {"precision": 0.5733936478348672, "recall": 0.5674609375, "f1-score": 0.564755255773351, "support": 25600.0}}