{"0": {"precision": 0.7504761904761905, "recall": 0.7569644572526417, "f1-score": 0.7537063605930177, "support": 1041.0}, "1": {"precision": 0.7464929859719439, "recall": 0.7398212512413108, "f1-score": 0.743142144638404, "support": 1007.0}, "accuracy": 0.74853515625, "macro avg": {"precision": 0.7484845882240672, "recall": 0.7483928542469762, "f1-score": 0.7484242526157108, "support": 2048.0}, "weighted avg": {"precision": 0.748517651933331, "recall": 0.74853515625, "f1-score": 0.7485119438614278, "support": 2048.0}}