{"0": {"precision": 0.7657142857142857, "recall": 0.753514526710403, "f1-score": 0.7595654227680679, "support": 1067.0}, "1": {"precision": 0.7364729458917836, "recall": 0.7492354740061162, "f1-score": 0.7427993936331482, "support": 981.0}, "accuracy": 0.75146484375, "macro avg": {"precision": 0.7510936158030346, "recall": 0.7513750003582595, "f1-score": 0.751182408200608, "support": 2048.0}, "weighted avg": {"precision": 0.7517075697153235, "recall": 0.75146484375, "f1-score": 0.75153442932014, "support": 2048.0}}